ISO-10303-21;
HEADER;
/* Generated by software containing ST-Developer
 * from STEP Tools, Inc. (www.steptools.com) 
 */

FILE_DESCRIPTION(
/* description */ (''),
/* implementation_level */ '2;1');

FILE_NAME(
/* name */ 'snow60 case v4.step',
/* time_stamp */ '2026-08-24T18:25:38-04:00',
/* author */ (''),
/* organization */ (''),
/* preprocessor_version */ 'ST-DEVELOPER v20.1',
/* originating_system */ 'Autodesk Translation Framework v15.8.0.0',
/* authorisation */ '');

FILE_SCHEMA (('AUTOMOTIVE_DESIGN { 1 0 10303 214 3 1 1 }'));
ENDSEC;

DATA;
#10=MECHANICAL_DESIGN_GEOMETRIC_PRESENTATION_REPRESENTATION('',(#13),#4582);
#11=SHAPE_REPRESENTATION_RELATIONSHIP('SRR','None',#4589,#12);
#12=ADVANCED_BREP_SHAPE_REPRESENTATION('',(#14),#4581);
#13=STYLED_ITEM('',(#4598),#14);
#14=MANIFOLD_SOLID_BREP('Body3',#2667);
#15=CONICAL_SURFACE('',#2745,0.724999999999988,1.02974425867665);
#16=CONICAL_SURFACE('',#2749,0.725000000000012,1.02974425867665);
#17=CONICAL_SURFACE('',#2753,0.725000000000012,1.02974425867665);
#18=CONICAL_SURFACE('',#2757,0.725000000000012,1.02974425867665);
#19=CONICAL_SURFACE('',#2761,0.724999999999998,1.02974425867665);
#20=CONICAL_SURFACE('',#2765,0.724999999999991,1.02974425867665);
#21=CONICAL_SURFACE('',#2769,0.724999999999994,1.02974425867665);
#22=CONICAL_SURFACE('',#2773,0.724999999999996,1.02974425867665);
#23=CONICAL_SURFACE('',#2777,0.724999999999999,1.02974425867665);
#24=CONICAL_SURFACE('',#2781,0.725000000000008,1.02974425867665);
#25=CONICAL_SURFACE('',#2785,0.725000000000001,1.02974425867665);
#26=CONICAL_SURFACE('',#2789,0.725000000000014,1.02974425867665);
#27=CONICAL_SURFACE('',#2793,0.725000000000005,1.02974425867665);
#28=CONICAL_SURFACE('',#2797,0.724999999999996,1.02974425867665);
#29=CONICAL_SURFACE('',#2801,0.724999999999999,1.02974425867665);
#30=CONICAL_SURFACE('',#2805,0.724999999999998,1.02974425867665);
#31=CONICAL_SURFACE('',#2809,0.725000000000001,1.02974425867665);
#32=CONICAL_SURFACE('',#2813,0.725,1.02974425867665);
#33=CONICAL_SURFACE('',#2817,0.724999999999999,1.02974425867665);
#34=CONICAL_SURFACE('',#2821,0.725,1.02974425867665);
#35=CONICAL_SURFACE('',#2825,3.25,0.185347949995695);
#36=CONICAL_SURFACE('',#2828,3.25,0.185347949995695);
#37=CONICAL_SURFACE('',#2947,3.24999999999999,0.185347949995693);
#38=CONICAL_SURFACE('',#2948,3.24999999999999,0.185347949995693);
#39=CONICAL_SURFACE('',#2949,3.25,0.185347949995695);
#40=CONICAL_SURFACE('',#2950,3.25,0.185347949995695);
#41=CONICAL_SURFACE('',#2951,3.25,0.185347949995695);
#42=CONICAL_SURFACE('',#2952,3.24999999999999,0.185347949995693);
#43=CONICAL_SURFACE('',#2953,3.24999999999999,0.185347949995693);
#44=CONICAL_SURFACE('',#2954,3.24999999999999,0.185347949995693);
#45=CONICAL_SURFACE('',#2955,3.25,0.185347949995695);
#46=CONICAL_SURFACE('',#2956,3.25,0.185347949995695);
#47=CONICAL_SURFACE('',#2957,3.25,0.185347949995695);
#48=CONICAL_SURFACE('',#2958,3.25,0.185347949995695);
#49=CONICAL_SURFACE('',#2959,3.25,0.185347949995695);
#50=CONICAL_SURFACE('',#2960,3.25,0.185347949995695);
#51=CONICAL_SURFACE('',#2961,3.25000000000003,0.185347949995693);
#52=CONICAL_SURFACE('',#2962,3.24999999999999,0.185347949995693);
#53=CONICAL_SURFACE('',#2963,3.25000000000003,0.185347949995693);
#54=CONICAL_SURFACE('',#2966,3.25,0.185347949995695);
#55=FACE_BOUND('',#366,.T.);
#56=FACE_BOUND('',#367,.T.);
#57=FACE_BOUND('',#368,.T.);
#58=FACE_BOUND('',#369,.T.);
#59=FACE_BOUND('',#370,.T.);
#60=FACE_BOUND('',#371,.T.);
#61=FACE_BOUND('',#372,.T.);
#62=FACE_BOUND('',#373,.T.);
#63=FACE_BOUND('',#374,.T.);
#64=FACE_BOUND('',#375,.T.);
#65=FACE_BOUND('',#376,.T.);
#66=FACE_BOUND('',#377,.T.);
#67=FACE_BOUND('',#378,.T.);
#68=FACE_BOUND('',#379,.T.);
#69=FACE_BOUND('',#380,.T.);
#70=FACE_BOUND('',#381,.T.);
#71=FACE_BOUND('',#382,.T.);
#72=FACE_BOUND('',#383,.T.);
#73=FACE_BOUND('',#384,.T.);
#74=FACE_BOUND('',#385,.T.);
#75=FACE_BOUND('',#386,.T.);
#76=FACE_BOUND('',#387,.T.);
#77=FACE_BOUND('',#388,.T.);
#78=FACE_BOUND('',#389,.T.);
#79=FACE_BOUND('',#390,.T.);
#80=FACE_BOUND('',#391,.T.);
#81=FACE_BOUND('',#392,.T.);
#82=FACE_BOUND('',#393,.T.);
#83=FACE_BOUND('',#394,.T.);
#84=FACE_BOUND('',#395,.T.);
#85=FACE_BOUND('',#396,.T.);
#86=FACE_BOUND('',#397,.T.);
#87=FACE_BOUND('',#398,.T.);
#88=FACE_BOUND('',#402,.T.);
#89=FACE_BOUND('',#450,.T.);
#90=FACE_BOUND('',#453,.T.);
#91=FACE_BOUND('',#486,.T.);
#92=FACE_BOUND('',#488,.T.);
#93=FACE_BOUND('',#490,.T.);
#94=FACE_BOUND('',#492,.T.);
#95=FACE_BOUND('',#494,.T.);
#96=FACE_BOUND('',#496,.T.);
#97=FACE_BOUND('',#498,.T.);
#98=FACE_BOUND('',#500,.T.);
#99=FACE_BOUND('',#502,.T.);
#100=FACE_BOUND('',#504,.T.);
#101=FACE_BOUND('',#506,.T.);
#102=FACE_BOUND('',#508,.T.);
#103=FACE_BOUND('',#510,.T.);
#104=FACE_BOUND('',#512,.T.);
#105=FACE_BOUND('',#514,.T.);
#106=FACE_BOUND('',#516,.T.);
#107=FACE_BOUND('',#518,.T.);
#108=FACE_BOUND('',#520,.T.);
#109=FACE_BOUND('',#536,.T.);
#110=FACE_BOUND('',#563,.T.);
#111=FACE_BOUND('',#566,.T.);
#112=FACE_BOUND('',#581,.T.);
#113=FACE_BOUND('',#584,.T.);
#114=PLANE('',#2684);
#115=PLANE('',#2688);
#116=PLANE('',#2694);
#117=PLANE('',#2731);
#118=PLANE('',#2734);
#119=PLANE('',#2739);
#120=PLANE('',#2740);
#121=PLANE('',#2743);
#122=PLANE('',#2744);
#123=PLANE('',#2827);
#124=PLANE('',#2830);
#125=PLANE('',#2833);
#126=PLANE('',#2836);
#127=PLANE('',#2839);
#128=PLANE('',#2842);
#129=PLANE('',#2845);
#130=PLANE('',#2848);
#131=PLANE('',#2851);
#132=PLANE('',#2854);
#133=PLANE('',#2857);
#134=PLANE('',#2860);
#135=PLANE('',#2863);
#136=PLANE('',#2866);
#137=PLANE('',#2869);
#138=PLANE('',#2872);
#139=PLANE('',#2873);
#140=PLANE('',#2874);
#141=PLANE('',#2879);
#142=PLANE('',#2880);
#143=PLANE('',#2882);
#144=PLANE('',#2884);
#145=PLANE('',#2886);
#146=PLANE('',#2888);
#147=PLANE('',#2890);
#148=PLANE('',#2892);
#149=PLANE('',#2894);
#150=PLANE('',#2896);
#151=PLANE('',#2898);
#152=PLANE('',#2900);
#153=PLANE('',#2902);
#154=PLANE('',#2904);
#155=PLANE('',#2906);
#156=PLANE('',#2908);
#157=PLANE('',#2910);
#158=PLANE('',#2912);
#159=PLANE('',#2914);
#160=PLANE('',#2917);
#161=PLANE('',#2919);
#162=PLANE('',#2921);
#163=PLANE('',#2923);
#164=PLANE('',#2925);
#165=PLANE('',#2926);
#166=PLANE('',#2927);
#167=PLANE('',#2928);
#168=PLANE('',#2929);
#169=PLANE('',#2930);
#170=PLANE('',#2931);
#171=PLANE('',#2938);
#172=PLANE('',#2942);
#173=PLANE('',#2943);
#174=PLANE('',#2964);
#175=PLANE('',#2967);
#176=PLANE('',#2968);
#177=PLANE('',#2969);
#178=PLANE('',#2970);
#179=PLANE('',#2971);
#180=PLANE('',#2973);
#181=PLANE('',#2974);
#182=PLANE('',#2975);
#183=PLANE('',#2976);
#184=PLANE('',#2977);
#185=PLANE('',#2980);
#186=PLANE('',#2981);
#187=PLANE('',#2982);
#188=PLANE('',#2983);
#189=PLANE('',#2984);
#190=PLANE('',#2985);
#191=PLANE('',#2986);
#192=PLANE('',#2987);
#193=FACE_OUTER_BOUND('',#360,.T.);
#194=FACE_OUTER_BOUND('',#361,.T.);
#195=FACE_OUTER_BOUND('',#362,.T.);
#196=FACE_OUTER_BOUND('',#363,.T.);
#197=FACE_OUTER_BOUND('',#364,.T.);
#198=FACE_OUTER_BOUND('',#365,.T.);
#199=FACE_OUTER_BOUND('',#399,.T.);
#200=FACE_OUTER_BOUND('',#400,.T.);
#201=FACE_OUTER_BOUND('',#401,.T.);
#202=FACE_OUTER_BOUND('',#403,.T.);
#203=FACE_OUTER_BOUND('',#404,.T.);
#204=FACE_OUTER_BOUND('',#405,.T.);
#205=FACE_OUTER_BOUND('',#406,.T.);
#206=FACE_OUTER_BOUND('',#407,.T.);
#207=FACE_OUTER_BOUND('',#408,.T.);
#208=FACE_OUTER_BOUND('',#409,.T.);
#209=FACE_OUTER_BOUND('',#410,.T.);
#210=FACE_OUTER_BOUND('',#411,.T.);
#211=FACE_OUTER_BOUND('',#412,.T.);
#212=FACE_OUTER_BOUND('',#413,.T.);
#213=FACE_OUTER_BOUND('',#414,.T.);
#214=FACE_OUTER_BOUND('',#415,.T.);
#215=FACE_OUTER_BOUND('',#416,.T.);
#216=FACE_OUTER_BOUND('',#417,.T.);
#217=FACE_OUTER_BOUND('',#418,.T.);
#218=FACE_OUTER_BOUND('',#419,.T.);
#219=FACE_OUTER_BOUND('',#420,.T.);
#220=FACE_OUTER_BOUND('',#421,.T.);
#221=FACE_OUTER_BOUND('',#422,.T.);
#222=FACE_OUTER_BOUND('',#423,.T.);
#223=FACE_OUTER_BOUND('',#424,.T.);
#224=FACE_OUTER_BOUND('',#425,.T.);
#225=FACE_OUTER_BOUND('',#426,.T.);
#226=FACE_OUTER_BOUND('',#427,.T.);
#227=FACE_OUTER_BOUND('',#428,.T.);
#228=FACE_OUTER_BOUND('',#429,.T.);
#229=FACE_OUTER_BOUND('',#430,.T.);
#230=FACE_OUTER_BOUND('',#431,.T.);
#231=FACE_OUTER_BOUND('',#432,.T.);
#232=FACE_OUTER_BOUND('',#433,.T.);
#233=FACE_OUTER_BOUND('',#434,.T.);
#234=FACE_OUTER_BOUND('',#435,.T.);
#235=FACE_OUTER_BOUND('',#436,.T.);
#236=FACE_OUTER_BOUND('',#437,.T.);
#237=FACE_OUTER_BOUND('',#438,.T.);
#238=FACE_OUTER_BOUND('',#439,.T.);
#239=FACE_OUTER_BOUND('',#440,.T.);
#240=FACE_OUTER_BOUND('',#441,.T.);
#241=FACE_OUTER_BOUND('',#442,.T.);
#242=FACE_OUTER_BOUND('',#443,.T.);
#243=FACE_OUTER_BOUND('',#444,.T.);
#244=FACE_OUTER_BOUND('',#445,.T.);
#245=FACE_OUTER_BOUND('',#446,.T.);
#246=FACE_OUTER_BOUND('',#447,.T.);
#247=FACE_OUTER_BOUND('',#448,.T.);
#248=FACE_OUTER_BOUND('',#449,.T.);
#249=FACE_OUTER_BOUND('',#451,.T.);
#250=FACE_OUTER_BOUND('',#452,.T.);
#251=FACE_OUTER_BOUND('',#454,.T.);
#252=FACE_OUTER_BOUND('',#455,.T.);
#253=FACE_OUTER_BOUND('',#456,.T.);
#254=FACE_OUTER_BOUND('',#457,.T.);
#255=FACE_OUTER_BOUND('',#458,.T.);
#256=FACE_OUTER_BOUND('',#459,.T.);
#257=FACE_OUTER_BOUND('',#460,.T.);
#258=FACE_OUTER_BOUND('',#461,.T.);
#259=FACE_OUTER_BOUND('',#462,.T.);
#260=FACE_OUTER_BOUND('',#463,.T.);
#261=FACE_OUTER_BOUND('',#464,.T.);
#262=FACE_OUTER_BOUND('',#465,.T.);
#263=FACE_OUTER_BOUND('',#466,.T.);
#264=FACE_OUTER_BOUND('',#467,.T.);
#265=FACE_OUTER_BOUND('',#468,.T.);
#266=FACE_OUTER_BOUND('',#469,.T.);
#267=FACE_OUTER_BOUND('',#470,.T.);
#268=FACE_OUTER_BOUND('',#471,.T.);
#269=FACE_OUTER_BOUND('',#472,.T.);
#270=FACE_OUTER_BOUND('',#473,.T.);
#271=FACE_OUTER_BOUND('',#474,.T.);
#272=FACE_OUTER_BOUND('',#475,.T.);
#273=FACE_OUTER_BOUND('',#476,.T.);
#274=FACE_OUTER_BOUND('',#477,.T.);
#275=FACE_OUTER_BOUND('',#478,.T.);
#276=FACE_OUTER_BOUND('',#479,.T.);
#277=FACE_OUTER_BOUND('',#480,.T.);
#278=FACE_OUTER_BOUND('',#481,.T.);
#279=FACE_OUTER_BOUND('',#482,.T.);
#280=FACE_OUTER_BOUND('',#483,.T.);
#281=FACE_OUTER_BOUND('',#484,.T.);
#282=FACE_OUTER_BOUND('',#485,.T.);
#283=FACE_OUTER_BOUND('',#487,.T.);
#284=FACE_OUTER_BOUND('',#489,.T.);
#285=FACE_OUTER_BOUND('',#491,.T.);
#286=FACE_OUTER_BOUND('',#493,.T.);
#287=FACE_OUTER_BOUND('',#495,.T.);
#288=FACE_OUTER_BOUND('',#497,.T.);
#289=FACE_OUTER_BOUND('',#499,.T.);
#290=FACE_OUTER_BOUND('',#501,.T.);
#291=FACE_OUTER_BOUND('',#503,.T.);
#292=FACE_OUTER_BOUND('',#505,.T.);
#293=FACE_OUTER_BOUND('',#507,.T.);
#294=FACE_OUTER_BOUND('',#509,.T.);
#295=FACE_OUTER_BOUND('',#511,.T.);
#296=FACE_OUTER_BOUND('',#513,.T.);
#297=FACE_OUTER_BOUND('',#515,.T.);
#298=FACE_OUTER_BOUND('',#517,.T.);
#299=FACE_OUTER_BOUND('',#519,.T.);
#300=FACE_OUTER_BOUND('',#521,.T.);
#301=FACE_OUTER_BOUND('',#522,.T.);
#302=FACE_OUTER_BOUND('',#523,.T.);
#303=FACE_OUTER_BOUND('',#524,.T.);
#304=FACE_OUTER_BOUND('',#525,.T.);
#305=FACE_OUTER_BOUND('',#526,.T.);
#306=FACE_OUTER_BOUND('',#527,.T.);
#307=FACE_OUTER_BOUND('',#528,.T.);
#308=FACE_OUTER_BOUND('',#529,.T.);
#309=FACE_OUTER_BOUND('',#530,.T.);
#310=FACE_OUTER_BOUND('',#531,.T.);
#311=FACE_OUTER_BOUND('',#532,.T.);
#312=FACE_OUTER_BOUND('',#533,.T.);
#313=FACE_OUTER_BOUND('',#534,.T.);
#314=FACE_OUTER_BOUND('',#535,.T.);
#315=FACE_OUTER_BOUND('',#537,.T.);
#316=FACE_OUTER_BOUND('',#538,.T.);
#317=FACE_OUTER_BOUND('',#539,.T.);
#318=FACE_OUTER_BOUND('',#540,.T.);
#319=FACE_OUTER_BOUND('',#541,.T.);
#320=FACE_OUTER_BOUND('',#542,.T.);
#321=FACE_OUTER_BOUND('',#543,.T.);
#322=FACE_OUTER_BOUND('',#544,.T.);
#323=FACE_OUTER_BOUND('',#545,.T.);
#324=FACE_OUTER_BOUND('',#546,.T.);
#325=FACE_OUTER_BOUND('',#547,.T.);
#326=FACE_OUTER_BOUND('',#548,.T.);
#327=FACE_OUTER_BOUND('',#549,.T.);
#328=FACE_OUTER_BOUND('',#550,.T.);
#329=FACE_OUTER_BOUND('',#551,.T.);
#330=FACE_OUTER_BOUND('',#552,.T.);
#331=FACE_OUTER_BOUND('',#553,.T.);
#332=FACE_OUTER_BOUND('',#554,.T.);
#333=FACE_OUTER_BOUND('',#555,.T.);
#334=FACE_OUTER_BOUND('',#556,.T.);
#335=FACE_OUTER_BOUND('',#557,.T.);
#336=FACE_OUTER_BOUND('',#558,.T.);
#337=FACE_OUTER_BOUND('',#559,.T.);
#338=FACE_OUTER_BOUND('',#560,.T.);
#339=FACE_OUTER_BOUND('',#561,.T.);
#340=FACE_OUTER_BOUND('',#562,.T.);
#341=FACE_OUTER_BOUND('',#564,.T.);
#342=FACE_OUTER_BOUND('',#565,.T.);
#343=FACE_OUTER_BOUND('',#567,.T.);
#344=FACE_OUTER_BOUND('',#568,.T.);
#345=FACE_OUTER_BOUND('',#569,.T.);
#346=FACE_OUTER_BOUND('',#570,.T.);
#347=FACE_OUTER_BOUND('',#571,.T.);
#348=FACE_OUTER_BOUND('',#572,.T.);
#349=FACE_OUTER_BOUND('',#573,.T.);
#350=FACE_OUTER_BOUND('',#574,.T.);
#351=FACE_OUTER_BOUND('',#575,.T.);
#352=FACE_OUTER_BOUND('',#576,.T.);
#353=FACE_OUTER_BOUND('',#577,.T.);
#354=FACE_OUTER_BOUND('',#578,.T.);
#355=FACE_OUTER_BOUND('',#579,.T.);
#356=FACE_OUTER_BOUND('',#580,.T.);
#357=FACE_OUTER_BOUND('',#582,.T.);
#358=FACE_OUTER_BOUND('',#583,.T.);
#359=FACE_OUTER_BOUND('',#585,.T.);
#360=EDGE_LOOP('',(#1746,#1747,#1748,#1749));
#361=EDGE_LOOP('',(#1750,#1751,#1752,#1753));
#362=EDGE_LOOP('',(#1754,#1755,#1756,#1757));
#363=EDGE_LOOP('',(#1758,#1759,#1760,#1761,#1762,#1763,#1764,#1765,#1766,
#1767,#1768,#1769,#1770,#1771,#1772,#1773,#1774,#1775));
#364=EDGE_LOOP('',(#1776,#1777,#1778,#1779));
#365=EDGE_LOOP('',(#1780,#1781,#1782,#1783,#1784,#1785,#1786,#1787,#1788,
#1789,#1790,#1791,#1792,#1793,#1794));
#366=EDGE_LOOP('',(#1795));
#367=EDGE_LOOP('',(#1796));
#368=EDGE_LOOP('',(#1797));
#369=EDGE_LOOP('',(#1798));
#370=EDGE_LOOP('',(#1799));
#371=EDGE_LOOP('',(#1800));
#372=EDGE_LOOP('',(#1801));
#373=EDGE_LOOP('',(#1802));
#374=EDGE_LOOP('',(#1803));
#375=EDGE_LOOP('',(#1804));
#376=EDGE_LOOP('',(#1805));
#377=EDGE_LOOP('',(#1806));
#378=EDGE_LOOP('',(#1807));
#379=EDGE_LOOP('',(#1808));
#380=EDGE_LOOP('',(#1809));
#381=EDGE_LOOP('',(#1810));
#382=EDGE_LOOP('',(#1811));
#383=EDGE_LOOP('',(#1812));
#384=EDGE_LOOP('',(#1813));
#385=EDGE_LOOP('',(#1814));
#386=EDGE_LOOP('',(#1815));
#387=EDGE_LOOP('',(#1816));
#388=EDGE_LOOP('',(#1817));
#389=EDGE_LOOP('',(#1818));
#390=EDGE_LOOP('',(#1819));
#391=EDGE_LOOP('',(#1820));
#392=EDGE_LOOP('',(#1821));
#393=EDGE_LOOP('',(#1822));
#394=EDGE_LOOP('',(#1823));
#395=EDGE_LOOP('',(#1824));
#396=EDGE_LOOP('',(#1825));
#397=EDGE_LOOP('',(#1826));
#398=EDGE_LOOP('',(#1827));
#399=EDGE_LOOP('',(#1828,#1829,#1830,#1831));
#400=EDGE_LOOP('',(#1832,#1833,#1834,#1835));
#401=EDGE_LOOP('',(#1836,#1837,#1838,#1839,#1840,#1841,#1842,#1843));
#402=EDGE_LOOP('',(#1844,#1845,#1846,#1847,#1848,#1849,#1850,#1851));
#403=EDGE_LOOP('',(#1852,#1853,#1854,#1855));
#404=EDGE_LOOP('',(#1856,#1857,#1858,#1859));
#405=EDGE_LOOP('',(#1860,#1861,#1862,#1863));
#406=EDGE_LOOP('',(#1864,#1865,#1866,#1867,#1868,#1869));
#407=EDGE_LOOP('',(#1870,#1871,#1872,#1873));
#408=EDGE_LOOP('',(#1874,#1875,#1876));
#409=EDGE_LOOP('',(#1877,#1878,#1879,#1880));
#410=EDGE_LOOP('',(#1881,#1882,#1883));
#411=EDGE_LOOP('',(#1884,#1885,#1886,#1887));
#412=EDGE_LOOP('',(#1888,#1889,#1890));
#413=EDGE_LOOP('',(#1891,#1892,#1893,#1894));
#414=EDGE_LOOP('',(#1895,#1896,#1897));
#415=EDGE_LOOP('',(#1898,#1899,#1900,#1901));
#416=EDGE_LOOP('',(#1902,#1903,#1904));
#417=EDGE_LOOP('',(#1905,#1906,#1907,#1908));
#418=EDGE_LOOP('',(#1909,#1910,#1911));
#419=EDGE_LOOP('',(#1912,#1913,#1914,#1915));
#420=EDGE_LOOP('',(#1916,#1917,#1918));
#421=EDGE_LOOP('',(#1919,#1920,#1921,#1922));
#422=EDGE_LOOP('',(#1923,#1924,#1925));
#423=EDGE_LOOP('',(#1926,#1927,#1928,#1929));
#424=EDGE_LOOP('',(#1930,#1931,#1932));
#425=EDGE_LOOP('',(#1933,#1934,#1935,#1936));
#426=EDGE_LOOP('',(#1937,#1938,#1939));
#427=EDGE_LOOP('',(#1940,#1941,#1942,#1943));
#428=EDGE_LOOP('',(#1944,#1945,#1946));
#429=EDGE_LOOP('',(#1947,#1948,#1949,#1950));
#430=EDGE_LOOP('',(#1951,#1952,#1953));
#431=EDGE_LOOP('',(#1954,#1955,#1956,#1957));
#432=EDGE_LOOP('',(#1958,#1959,#1960));
#433=EDGE_LOOP('',(#1961,#1962,#1963,#1964));
#434=EDGE_LOOP('',(#1965,#1966,#1967));
#435=EDGE_LOOP('',(#1968,#1969,#1970,#1971));
#436=EDGE_LOOP('',(#1972,#1973,#1974));
#437=EDGE_LOOP('',(#1975,#1976,#1977,#1978));
#438=EDGE_LOOP('',(#1979,#1980,#1981));
#439=EDGE_LOOP('',(#1982,#1983,#1984,#1985));
#440=EDGE_LOOP('',(#1986,#1987,#1988));
#441=EDGE_LOOP('',(#1989,#1990,#1991,#1992));
#442=EDGE_LOOP('',(#1993,#1994,#1995));
#443=EDGE_LOOP('',(#1996,#1997,#1998,#1999));
#444=EDGE_LOOP('',(#2000,#2001,#2002));
#445=EDGE_LOOP('',(#2003,#2004,#2005,#2006));
#446=EDGE_LOOP('',(#2007,#2008,#2009));
#447=EDGE_LOOP('',(#2010,#2011,#2012,#2013));
#448=EDGE_LOOP('',(#2014,#2015,#2016,#2017));
#449=EDGE_LOOP('',(#2018));
#450=EDGE_LOOP('',(#2019));
#451=EDGE_LOOP('',(#2020,#2021,#2022,#2023));
#452=EDGE_LOOP('',(#2024));
#453=EDGE_LOOP('',(#2025));
#454=EDGE_LOOP('',(#2026,#2027,#2028,#2029));
#455=EDGE_LOOP('',(#2030));
#456=EDGE_LOOP('',(#2031,#2032,#2033,#2034));
#457=EDGE_LOOP('',(#2035));
#458=EDGE_LOOP('',(#2036,#2037,#2038,#2039));
#459=EDGE_LOOP('',(#2040));
#460=EDGE_LOOP('',(#2041,#2042,#2043,#2044));
#461=EDGE_LOOP('',(#2045));
#462=EDGE_LOOP('',(#2046,#2047,#2048,#2049));
#463=EDGE_LOOP('',(#2050));
#464=EDGE_LOOP('',(#2051,#2052,#2053,#2054));
#465=EDGE_LOOP('',(#2055));
#466=EDGE_LOOP('',(#2056,#2057,#2058,#2059));
#467=EDGE_LOOP('',(#2060));
#468=EDGE_LOOP('',(#2061,#2062,#2063,#2064));
#469=EDGE_LOOP('',(#2065));
#470=EDGE_LOOP('',(#2066,#2067,#2068,#2069));
#471=EDGE_LOOP('',(#2070));
#472=EDGE_LOOP('',(#2071,#2072,#2073,#2074));
#473=EDGE_LOOP('',(#2075));
#474=EDGE_LOOP('',(#2076,#2077,#2078,#2079));
#475=EDGE_LOOP('',(#2080));
#476=EDGE_LOOP('',(#2081,#2082,#2083,#2084));
#477=EDGE_LOOP('',(#2085));
#478=EDGE_LOOP('',(#2086,#2087,#2088,#2089));
#479=EDGE_LOOP('',(#2090));
#480=EDGE_LOOP('',(#2091,#2092,#2093,#2094));
#481=EDGE_LOOP('',(#2095));
#482=EDGE_LOOP('',(#2096,#2097,#2098,#2099));
#483=EDGE_LOOP('',(#2100,#2101,#2102,#2103,#2104,#2105,#2106,#2107));
#484=EDGE_LOOP('',(#2108,#2109,#2110,#2111));
#485=EDGE_LOOP('',(#2112));
#486=EDGE_LOOP('',(#2113));
#487=EDGE_LOOP('',(#2114));
#488=EDGE_LOOP('',(#2115));
#489=EDGE_LOOP('',(#2116));
#490=EDGE_LOOP('',(#2117));
#491=EDGE_LOOP('',(#2118));
#492=EDGE_LOOP('',(#2119));
#493=EDGE_LOOP('',(#2120));
#494=EDGE_LOOP('',(#2121));
#495=EDGE_LOOP('',(#2122));
#496=EDGE_LOOP('',(#2123));
#497=EDGE_LOOP('',(#2124));
#498=EDGE_LOOP('',(#2125));
#499=EDGE_LOOP('',(#2126));
#500=EDGE_LOOP('',(#2127));
#501=EDGE_LOOP('',(#2128));
#502=EDGE_LOOP('',(#2129));
#503=EDGE_LOOP('',(#2130));
#504=EDGE_LOOP('',(#2131));
#505=EDGE_LOOP('',(#2132));
#506=EDGE_LOOP('',(#2133));
#507=EDGE_LOOP('',(#2134));
#508=EDGE_LOOP('',(#2135));
#509=EDGE_LOOP('',(#2136));
#510=EDGE_LOOP('',(#2137));
#511=EDGE_LOOP('',(#2138));
#512=EDGE_LOOP('',(#2139));
#513=EDGE_LOOP('',(#2140));
#514=EDGE_LOOP('',(#2141));
#515=EDGE_LOOP('',(#2142));
#516=EDGE_LOOP('',(#2143));
#517=EDGE_LOOP('',(#2144));
#518=EDGE_LOOP('',(#2145));
#519=EDGE_LOOP('',(#2146));
#520=EDGE_LOOP('',(#2147));
#521=EDGE_LOOP('',(#2148,#2149,#2150,#2151));
#522=EDGE_LOOP('',(#2152,#2153,#2154,#2155));
#523=EDGE_LOOP('',(#2156,#2157,#2158,#2159));
#524=EDGE_LOOP('',(#2160,#2161,#2162,#2163));
#525=EDGE_LOOP('',(#2164,#2165,#2166,#2167));
#526=EDGE_LOOP('',(#2168,#2169,#2170,#2171));
#527=EDGE_LOOP('',(#2172,#2173,#2174,#2175));
#528=EDGE_LOOP('',(#2176,#2177,#2178));
#529=EDGE_LOOP('',(#2179,#2180,#2181,#2182));
#530=EDGE_LOOP('',(#2183,#2184,#2185,#2186));
#531=EDGE_LOOP('',(#2187,#2188,#2189,#2190));
#532=EDGE_LOOP('',(#2191,#2192,#2193,#2194));
#533=EDGE_LOOP('',(#2195,#2196,#2197,#2198));
#534=EDGE_LOOP('',(#2199,#2200,#2201,#2202));
#535=EDGE_LOOP('',(#2203,#2204,#2205,#2206));
#536=EDGE_LOOP('',(#2207,#2208,#2209,#2210,#2211,#2212,#2213,#2214));
#537=EDGE_LOOP('',(#2215,#2216,#2217,#2218,#2219,#2220));
#538=EDGE_LOOP('',(#2221,#2222,#2223,#2224));
#539=EDGE_LOOP('',(#2225,#2226,#2227,#2228,#2229,#2230));
#540=EDGE_LOOP('',(#2231,#2232,#2233,#2234,#2235));
#541=EDGE_LOOP('',(#2236,#2237,#2238,#2239,#2240));
#542=EDGE_LOOP('',(#2241,#2242,#2243,#2244,#2245));
#543=EDGE_LOOP('',(#2246,#2247,#2248,#2249));
#544=EDGE_LOOP('',(#2250,#2251,#2252,#2253));
#545=EDGE_LOOP('',(#2254,#2255,#2256,#2257));
#546=EDGE_LOOP('',(#2258,#2259,#2260,#2261));
#547=EDGE_LOOP('',(#2262,#2263,#2264,#2265));
#548=EDGE_LOOP('',(#2266,#2267,#2268,#2269));
#549=EDGE_LOOP('',(#2270,#2271,#2272,#2273));
#550=EDGE_LOOP('',(#2274,#2275,#2276,#2277));
#551=EDGE_LOOP('',(#2278,#2279,#2280,#2281));
#552=EDGE_LOOP('',(#2282,#2283,#2284,#2285));
#553=EDGE_LOOP('',(#2286,#2287,#2288,#2289));
#554=EDGE_LOOP('',(#2290,#2291,#2292,#2293));
#555=EDGE_LOOP('',(#2294,#2295,#2296,#2297));
#556=EDGE_LOOP('',(#2298,#2299,#2300,#2301));
#557=EDGE_LOOP('',(#2302,#2303,#2304,#2305));
#558=EDGE_LOOP('',(#2306,#2307,#2308,#2309));
#559=EDGE_LOOP('',(#2310,#2311,#2312,#2313));
#560=EDGE_LOOP('',(#2314,#2315,#2316,#2317));
#561=EDGE_LOOP('',(#2318,#2319,#2320,#2321,#2322,#2323));
#562=EDGE_LOOP('',(#2324,#2325,#2326,#2327,#2328,#2329,#2330,#2331));
#563=EDGE_LOOP('',(#2332,#2333,#2334,#2335));
#564=EDGE_LOOP('',(#2336,#2337,#2338,#2339));
#565=EDGE_LOOP('',(#2340,#2341,#2342,#2343,#2344,#2345,#2346,#2347,#2348,
#2349));
#566=EDGE_LOOP('',(#2350,#2351,#2352,#2353));
#567=EDGE_LOOP('',(#2354,#2355,#2356,#2357));
#568=EDGE_LOOP('',(#2358,#2359,#2360,#2361,#2362,#2363));
#569=EDGE_LOOP('',(#2364,#2365,#2366,#2367));
#570=EDGE_LOOP('',(#2368,#2369,#2370,#2371,#2372));
#571=EDGE_LOOP('',(#2373,#2374,#2375,#2376,#2377,#2378,#2379,#2380));
#572=EDGE_LOOP('',(#2381,#2382,#2383,#2384));
#573=EDGE_LOOP('',(#2385,#2386,#2387,#2388));
#574=EDGE_LOOP('',(#2389,#2390,#2391,#2392,#2393,#2394,#2395,#2396,#2397));
#575=EDGE_LOOP('',(#2398,#2399,#2400,#2401));
#576=EDGE_LOOP('',(#2402,#2403,#2404,#2405));
#577=EDGE_LOOP('',(#2406,#2407,#2408,#2409));
#578=EDGE_LOOP('',(#2410,#2411,#2412,#2413));
#579=EDGE_LOOP('',(#2414,#2415,#2416,#2417));
#580=EDGE_LOOP('',(#2418,#2419,#2420,#2421,#2422,#2423,#2424,#2425,#2426,
#2427));
#581=EDGE_LOOP('',(#2428,#2429,#2430,#2431));
#582=EDGE_LOOP('',(#2432,#2433,#2434,#2435));
#583=EDGE_LOOP('',(#2436,#2437,#2438,#2439,#2440,#2441,#2442,#2443));
#584=EDGE_LOOP('',(#2444,#2445,#2446,#2447));
#585=EDGE_LOOP('',(#2448,#2449,#2450,#2451));
#586=LINE('',#3823,#799);
#587=LINE('',#3826,#800);
#588=LINE('',#3829,#801);
#589=LINE('',#3831,#802);
#590=LINE('',#3832,#803);
#591=LINE('',#3837,#804);
#592=LINE('',#3841,#805);
#593=LINE('',#3843,#806);
#594=LINE('',#3845,#807);
#595=LINE('',#3847,#808);
#596=LINE('',#3849,#809);
#597=LINE('',#3851,#810);
#598=LINE('',#3855,#811);
#599=LINE('',#3859,#812);
#600=LINE('',#3861,#813);
#601=LINE('',#3863,#814);
#602=LINE('',#3865,#815);
#603=LINE('',#3867,#816);
#604=LINE('',#3869,#817);
#605=LINE('',#3871,#818);
#606=LINE('',#3872,#819);
#607=LINE('',#3878,#820);
#608=LINE('',#3881,#821);
#609=LINE('',#3883,#822);
#610=LINE('',#3885,#823);
#611=LINE('',#3888,#824);
#612=LINE('',#3894,#825);
#613=LINE('',#3896,#826);
#614=LINE('',#3897,#827);
#615=LINE('',#3966,#828);
#616=LINE('',#3967,#829);
#617=LINE('',#3975,#830);
#618=LINE('',#3979,#831);
#619=LINE('',#3983,#832);
#620=LINE('',#3986,#833);
#621=LINE('',#3987,#834);
#622=LINE('',#3991,#835);
#623=LINE('',#3993,#836);
#624=LINE('',#3994,#837);
#625=LINE('',#3997,#838);
#626=LINE('',#4001,#839);
#627=LINE('',#4003,#840);
#628=LINE('',#4005,#841);
#629=LINE('',#4006,#842);
#630=LINE('',#4009,#843);
#631=LINE('',#4010,#844);
#632=LINE('',#4015,#845);
#633=LINE('',#4019,#846);
#634=LINE('',#4024,#847);
#635=LINE('',#4028,#848);
#636=LINE('',#4033,#849);
#637=LINE('',#4037,#850);
#638=LINE('',#4042,#851);
#639=LINE('',#4046,#852);
#640=LINE('',#4051,#853);
#641=LINE('',#4055,#854);
#642=LINE('',#4060,#855);
#643=LINE('',#4064,#856);
#644=LINE('',#4069,#857);
#645=LINE('',#4073,#858);
#646=LINE('',#4078,#859);
#647=LINE('',#4082,#860);
#648=LINE('',#4087,#861);
#649=LINE('',#4091,#862);
#650=LINE('',#4096,#863);
#651=LINE('',#4100,#864);
#652=LINE('',#4105,#865);
#653=LINE('',#4109,#866);
#654=LINE('',#4114,#867);
#655=LINE('',#4118,#868);
#656=LINE('',#4123,#869);
#657=LINE('',#4127,#870);
#658=LINE('',#4132,#871);
#659=LINE('',#4136,#872);
#660=LINE('',#4141,#873);
#661=LINE('',#4145,#874);
#662=LINE('',#4150,#875);
#663=LINE('',#4154,#876);
#664=LINE('',#4159,#877);
#665=LINE('',#4163,#878);
#666=LINE('',#4168,#879);
#667=LINE('',#4172,#880);
#668=LINE('',#4177,#881);
#669=LINE('',#4181,#882);
#670=LINE('',#4186,#883);
#671=LINE('',#4190,#884);
#672=LINE('',#4194,#885);
#673=LINE('',#4199,#886);
#674=LINE('',#4204,#887);
#675=LINE('',#4209,#888);
#676=LINE('',#4214,#889);
#677=LINE('',#4219,#890);
#678=LINE('',#4224,#891);
#679=LINE('',#4229,#892);
#680=LINE('',#4234,#893);
#681=LINE('',#4239,#894);
#682=LINE('',#4244,#895);
#683=LINE('',#4249,#896);
#684=LINE('',#4254,#897);
#685=LINE('',#4259,#898);
#686=LINE('',#4264,#899);
#687=LINE('',#4269,#900);
#688=LINE('',#4274,#901);
#689=LINE('',#4276,#902);
#690=LINE('',#4278,#903);
#691=LINE('',#4279,#904);
#692=LINE('',#4285,#905);
#693=LINE('',#4289,#906);
#694=LINE('',#4293,#907);
#695=LINE('',#4296,#908);
#696=LINE('',#4300,#909);
#697=LINE('',#4302,#910);
#698=LINE('',#4304,#911);
#699=LINE('',#4305,#912);
#700=LINE('',#4361,#913);
#701=LINE('',#4362,#914);
#702=LINE('',#4364,#915);
#703=LINE('',#4366,#916);
#704=LINE('',#4368,#917);
#705=LINE('',#4370,#918);
#706=LINE('',#4372,#919);
#707=LINE('',#4374,#920);
#708=LINE('',#4380,#921);
#709=LINE('',#4381,#922);
#710=LINE('',#4385,#923);
#711=LINE('',#4387,#924);
#712=LINE('',#4389,#925);
#713=LINE('',#4390,#926);
#714=LINE('',#4394,#927);
#715=LINE('',#4395,#928);
#716=LINE('',#4396,#929);
#717=LINE('',#4400,#930);
#718=LINE('',#4402,#931);
#719=LINE('',#4404,#932);
#720=LINE('',#4405,#933);
#721=LINE('',#4408,#934);
#722=LINE('',#4410,#935);
#723=LINE('',#4411,#936);
#724=LINE('',#4414,#937);
#725=LINE('',#4416,#938);
#726=LINE('',#4417,#939);
#727=LINE('',#4419,#940);
#728=LINE('',#4420,#941);
#729=LINE('',#4424,#942);
#730=LINE('',#4432,#943);
#731=LINE('',#4436,#944);
#732=LINE('',#4440,#945);
#733=LINE('',#4443,#946);
#734=LINE('',#4447,#947);
#735=LINE('',#4449,#948);
#736=LINE('',#4450,#949);
#737=LINE('',#4451,#950);
#738=LINE('',#4454,#951);
#739=LINE('',#4455,#952);
#740=LINE('',#4456,#953);
#741=LINE('',#4459,#954);
#742=LINE('',#4462,#955);
#743=LINE('',#4464,#956);
#744=LINE('',#4466,#957);
#745=LINE('',#4468,#958);
#746=LINE('',#4470,#959);
#747=LINE('',#4472,#960);
#748=LINE('',#4474,#961);
#749=LINE('',#4476,#962);
#750=LINE('',#4478,#963);
#751=LINE('',#4480,#964);
#752=LINE('',#4482,#965);
#753=LINE('',#4484,#966);
#754=LINE('',#4486,#967);
#755=LINE('',#4488,#968);
#756=LINE('',#4490,#969);
#757=LINE('',#4492,#970);
#758=LINE('',#4494,#971);
#759=LINE('',#4496,#972);
#760=LINE('',#4500,#973);
#761=LINE('',#4502,#974);
#762=LINE('',#4504,#975);
#763=LINE('',#4506,#976);
#764=LINE('',#4508,#977);
#765=LINE('',#4510,#978);
#766=LINE('',#4512,#979);
#767=LINE('',#4513,#980);
#768=LINE('',#4515,#981);
#769=LINE('',#4517,#982);
#770=LINE('',#4521,#983);
#771=LINE('',#4522,#984);
#772=LINE('',#4525,#985);
#773=LINE('',#4526,#986);
#774=LINE('',#4529,#987);
#775=LINE('',#4530,#988);
#776=LINE('',#4534,#989);
#777=LINE('',#4536,#990);
#778=LINE('',#4538,#991);
#779=LINE('',#4539,#992);
#780=LINE('',#4542,#993);
#781=LINE('',#4543,#994);
#782=LINE('',#4544,#995);
#783=LINE('',#4550,#996);
#784=LINE('',#4552,#997);
#785=LINE('',#4554,#998);
#786=LINE('',#4555,#999);
#787=LINE('',#4558,#1000);
#788=LINE('',#4560,#1001);
#789=LINE('',#4561,#1002);
#790=LINE('',#4564,#1003);
#791=LINE('',#4566,#1004);
#792=LINE('',#4567,#1005);
#793=LINE('',#4569,#1006);
#794=LINE('',#4570,#1007);
#795=LINE('',#4572,#1008);
#796=LINE('',#4573,#1009);
#797=LINE('',#4575,#1010);
#798=LINE('',#4577,#1011);
#799=VECTOR('',#2994,10.);
#800=VECTOR('',#2997,10.);
#801=VECTOR('',#3000,10.);
#802=VECTOR('',#3001,10.);
#803=VECTOR('',#3002,10.);
#804=VECTOR('',#3007,10.);
#805=VECTOR('',#3012,10.);
#806=VECTOR('',#3013,10.);
#807=VECTOR('',#3014,10.);
#808=VECTOR('',#3015,10.);
#809=VECTOR('',#3016,10.);
#810=VECTOR('',#3017,10.);
#811=VECTOR('',#3020,10.);
#812=VECTOR('',#3023,10.);
#813=VECTOR('',#3024,10.);
#814=VECTOR('',#3025,10.);
#815=VECTOR('',#3026,10.);
#816=VECTOR('',#3027,10.);
#817=VECTOR('',#3028,10.);
#818=VECTOR('',#3029,10.);
#819=VECTOR('',#3030,10.);
#820=VECTOR('',#3035,10.);
#821=VECTOR('',#3038,10.);
#822=VECTOR('',#3041,10.);
#823=VECTOR('',#3042,10.);
#824=VECTOR('',#3045,10.);
#825=VECTOR('',#3050,10.);
#826=VECTOR('',#3051,10.);
#827=VECTOR('',#3052,10.);
#828=VECTOR('',#3121,10.);
#829=VECTOR('',#3122,10.);
#830=VECTOR('',#3131,10.);
#831=VECTOR('',#3134,10.);
#832=VECTOR('',#3137,10.);
#833=VECTOR('',#3140,10.);
#834=VECTOR('',#3141,10.);
#835=VECTOR('',#3146,10.);
#836=VECTOR('',#3147,10.);
#837=VECTOR('',#3148,10.);
#838=VECTOR('',#3151,10.);
#839=VECTOR('',#3156,10.);
#840=VECTOR('',#3157,10.);
#841=VECTOR('',#3158,10.);
#842=VECTOR('',#3159,10.);
#843=VECTOR('',#3162,10.);
#844=VECTOR('',#3163,10.);
#845=VECTOR('',#3168,0.724999999999988);
#846=VECTOR('',#3173,1.44999999999998);
#847=VECTOR('',#3178,0.725000000000012);
#848=VECTOR('',#3183,1.45000000000002);
#849=VECTOR('',#3188,0.725000000000012);
#850=VECTOR('',#3193,1.45000000000002);
#851=VECTOR('',#3198,0.725000000000012);
#852=VECTOR('',#3203,1.45000000000002);
#853=VECTOR('',#3208,0.724999999999998);
#854=VECTOR('',#3213,1.45);
#855=VECTOR('',#3218,0.724999999999991);
#856=VECTOR('',#3223,1.44999999999998);
#857=VECTOR('',#3228,0.724999999999994);
#858=VECTOR('',#3233,1.44999999999999);
#859=VECTOR('',#3238,0.724999999999996);
#860=VECTOR('',#3243,1.44999999999999);
#861=VECTOR('',#3248,0.724999999999999);
#862=VECTOR('',#3253,1.45);
#863=VECTOR('',#3258,0.725000000000008);
#864=VECTOR('',#3263,1.45000000000002);
#865=VECTOR('',#3268,0.725);
#866=VECTOR('',#3273,1.45);
#867=VECTOR('',#3278,0.725000000000014);
#868=VECTOR('',#3283,1.45000000000003);
#869=VECTOR('',#3288,0.725000000000005);
#870=VECTOR('',#3293,1.45000000000001);
#871=VECTOR('',#3298,0.724999999999996);
#872=VECTOR('',#3303,1.44999999999999);
#873=VECTOR('',#3308,0.724999999999999);
#874=VECTOR('',#3313,1.45);
#875=VECTOR('',#3318,0.724999999999998);
#876=VECTOR('',#3323,1.45);
#877=VECTOR('',#3328,0.725000000000001);
#878=VECTOR('',#3333,1.45);
#879=VECTOR('',#3338,0.725);
#880=VECTOR('',#3343,1.45);
#881=VECTOR('',#3348,0.724999999999999);
#882=VECTOR('',#3353,1.45);
#883=VECTOR('',#3358,0.725);
#884=VECTOR('',#3363,1.45);
#885=VECTOR('',#3368,3.25);
#886=VECTOR('',#3375,3.25);
#887=VECTOR('',#3382,2.5);
#888=VECTOR('',#3389,2.5);
#889=VECTOR('',#3396,2.5);
#890=VECTOR('',#3403,2.5);
#891=VECTOR('',#3410,2.5);
#892=VECTOR('',#3417,2.5);
#893=VECTOR('',#3424,2.5);
#894=VECTOR('',#3431,2.5);
#895=VECTOR('',#3438,2.5);
#896=VECTOR('',#3445,2.5);
#897=VECTOR('',#3452,2.5);
#898=VECTOR('',#3459,2.5);
#899=VECTOR('',#3466,2.5);
#900=VECTOR('',#3473,2.5);
#901=VECTOR('',#3478,10.);
#902=VECTOR('',#3479,10.);
#903=VECTOR('',#3480,10.);
#904=VECTOR('',#3481,10.);
#905=VECTOR('',#3486,10.);
#906=VECTOR('',#3489,10.);
#907=VECTOR('',#3492,10.);
#908=VECTOR('',#3495,10.);
#909=VECTOR('',#3498,10.);
#910=VECTOR('',#3499,10.);
#911=VECTOR('',#3500,10.);
#912=VECTOR('',#3501,10.);
#913=VECTOR('',#3576,10.);
#914=VECTOR('',#3577,10.);
#915=VECTOR('',#3580,10.);
#916=VECTOR('',#3583,10.);
#917=VECTOR('',#3586,10.);
#918=VECTOR('',#3589,10.);
#919=VECTOR('',#3592,10.);
#920=VECTOR('',#3595,10.);
#921=VECTOR('',#3600,10.);
#922=VECTOR('',#3601,10.);
#923=VECTOR('',#3604,10.);
#924=VECTOR('',#3605,10.);
#925=VECTOR('',#3606,10.);
#926=VECTOR('',#3607,10.);
#927=VECTOR('',#3610,10.);
#928=VECTOR('',#3611,10.);
#929=VECTOR('',#3612,10.);
#930=VECTOR('',#3615,10.);
#931=VECTOR('',#3616,10.);
#932=VECTOR('',#3617,10.);
#933=VECTOR('',#3618,10.);
#934=VECTOR('',#3621,10.);
#935=VECTOR('',#3622,10.);
#936=VECTOR('',#3623,10.);
#937=VECTOR('',#3626,10.);
#938=VECTOR('',#3627,10.);
#939=VECTOR('',#3628,10.);
#940=VECTOR('',#3631,10.);
#941=VECTOR('',#3632,10.);
#942=VECTOR('',#3635,10.);
#943=VECTOR('',#3646,10.);
#944=VECTOR('',#3651,10.);
#945=VECTOR('',#3656,10.);
#946=VECTOR('',#3659,10.);
#947=VECTOR('',#3662,10.);
#948=VECTOR('',#3663,10.);
#949=VECTOR('',#3664,10.);
#950=VECTOR('',#3665,10.);
#951=VECTOR('',#3668,10.);
#952=VECTOR('',#3669,10.);
#953=VECTOR('',#3670,10.);
#954=VECTOR('',#3675,10.);
#955=VECTOR('',#3678,10.);
#956=VECTOR('',#3681,3.24999999999999);
#957=VECTOR('',#3684,3.24999999999999);
#958=VECTOR('',#3687,3.25);
#959=VECTOR('',#3690,3.25);
#960=VECTOR('',#3693,3.25);
#961=VECTOR('',#3696,3.24999999999999);
#962=VECTOR('',#3699,3.24999999999999);
#963=VECTOR('',#3702,3.24999999999999);
#964=VECTOR('',#3705,3.25);
#965=VECTOR('',#3708,3.25);
#966=VECTOR('',#3711,3.25);
#967=VECTOR('',#3714,3.25);
#968=VECTOR('',#3717,3.25);
#969=VECTOR('',#3720,3.25);
#970=VECTOR('',#3723,3.25000000000003);
#971=VECTOR('',#3726,3.24999999999999);
#972=VECTOR('',#3729,3.25000000000003);
#973=VECTOR('',#3734,10.);
#974=VECTOR('',#3737,3.25);
#975=VECTOR('',#3740,10.);
#976=VECTOR('',#3743,10.);
#977=VECTOR('',#3746,10.);
#978=VECTOR('',#3747,10.);
#979=VECTOR('',#3748,10.);
#980=VECTOR('',#3749,10.);
#981=VECTOR('',#3752,10.);
#982=VECTOR('',#3755,10.);
#983=VECTOR('',#3760,10.);
#984=VECTOR('',#3761,10.);
#985=VECTOR('',#3764,10.);
#986=VECTOR('',#3765,10.);
#987=VECTOR('',#3768,10.);
#988=VECTOR('',#3769,10.);
#989=VECTOR('',#3772,10.);
#990=VECTOR('',#3773,10.);
#991=VECTOR('',#3774,10.);
#992=VECTOR('',#3775,10.);
#993=VECTOR('',#3778,10.);
#994=VECTOR('',#3779,10.);
#995=VECTOR('',#3780,10.);
#996=VECTOR('',#3787,10.);
#997=VECTOR('',#3788,10.);
#998=VECTOR('',#3789,10.);
#999=VECTOR('',#3790,10.);
#1000=VECTOR('',#3793,10.);
#1001=VECTOR('',#3794,10.);
#1002=VECTOR('',#3795,10.);
#1003=VECTOR('',#3798,10.);
#1004=VECTOR('',#3799,10.);
#1005=VECTOR('',#3800,10.);
#1006=VECTOR('',#3803,10.);
#1007=VECTOR('',#3804,10.);
#1008=VECTOR('',#3807,10.);
#1009=VECTOR('',#3808,10.);
#1010=VECTOR('',#3811,10.);
#1011=VECTOR('',#3814,10.);
#1012=CIRCLE('',#2682,1.);
#1013=CIRCLE('',#2683,1.);
#1014=CIRCLE('',#2686,1.);
#1015=CIRCLE('',#2687,1.);
#1016=CIRCLE('',#2689,1.);
#1017=CIRCLE('',#2690,1.);
#1018=CIRCLE('',#2692,1.);
#1019=CIRCLE('',#2693,1.);
#1020=CIRCLE('',#2695,1.);
#1021=CIRCLE('',#2696,4.);
#1022=CIRCLE('',#2697,4.);
#1023=CIRCLE('',#2698,2.5);
#1024=CIRCLE('',#2699,2.5);
#1025=CIRCLE('',#2700,2.5);
#1026=CIRCLE('',#2701,2.5);
#1027=CIRCLE('',#2702,2.5);
#1028=CIRCLE('',#2703,2.5);
#1029=CIRCLE('',#2704,3.99999999999999);
#1030=CIRCLE('',#2705,3.99999999999999);
#1031=CIRCLE('',#2706,4.);
#1032=CIRCLE('',#2707,4.);
#1033=CIRCLE('',#2708,4.);
#1034=CIRCLE('',#2709,3.99999999999999);
#1035=CIRCLE('',#2710,3.99999999999999);
#1036=CIRCLE('',#2711,3.99999999999999);
#1037=CIRCLE('',#2712,4.);
#1038=CIRCLE('',#2713,4.);
#1039=CIRCLE('',#2714,4.);
#1040=CIRCLE('',#2715,4.);
#1041=CIRCLE('',#2716,4.);
#1042=CIRCLE('',#2717,4.);
#1043=CIRCLE('',#2718,4.00000000000002);
#1044=CIRCLE('',#2719,3.99999999999999);
#1045=CIRCLE('',#2720,4.00000000000002);
#1046=CIRCLE('',#2721,2.5);
#1047=CIRCLE('',#2722,2.5);
#1048=CIRCLE('',#2723,2.5);
#1049=CIRCLE('',#2724,2.5);
#1050=CIRCLE('',#2725,2.5);
#1051=CIRCLE('',#2726,2.5);
#1052=CIRCLE('',#2727,2.5);
#1053=CIRCLE('',#2728,2.5);
#1054=CIRCLE('',#2729,4.);
#1055=CIRCLE('',#2730,4.);
#1056=CIRCLE('',#2733,1.);
#1057=CIRCLE('',#2735,4.);
#1058=CIRCLE('',#2736,4.);
#1059=CIRCLE('',#2737,4.);
#1060=CIRCLE('',#2738,4.);
#1061=CIRCLE('',#2742,1.);
#1062=CIRCLE('',#2746,1.44999999999998);
#1063=CIRCLE('',#2748,1.44999999999998);
#1064=CIRCLE('',#2750,1.45000000000002);
#1065=CIRCLE('',#2752,1.45000000000002);
#1066=CIRCLE('',#2754,1.45000000000002);
#1067=CIRCLE('',#2756,1.45000000000002);
#1068=CIRCLE('',#2758,1.45000000000002);
#1069=CIRCLE('',#2760,1.45000000000002);
#1070=CIRCLE('',#2762,1.45);
#1071=CIRCLE('',#2764,1.45);
#1072=CIRCLE('',#2766,1.44999999999998);
#1073=CIRCLE('',#2768,1.44999999999998);
#1074=CIRCLE('',#2770,1.44999999999999);
#1075=CIRCLE('',#2772,1.44999999999999);
#1076=CIRCLE('',#2774,1.44999999999999);
#1077=CIRCLE('',#2776,1.44999999999999);
#1078=CIRCLE('',#2778,1.45);
#1079=CIRCLE('',#2780,1.45);
#1080=CIRCLE('',#2782,1.45000000000002);
#1081=CIRCLE('',#2784,1.45000000000002);
#1082=CIRCLE('',#2786,1.45);
#1083=CIRCLE('',#2788,1.45);
#1084=CIRCLE('',#2790,1.45000000000003);
#1085=CIRCLE('',#2792,1.45000000000003);
#1086=CIRCLE('',#2794,1.45000000000001);
#1087=CIRCLE('',#2796,1.45000000000001);
#1088=CIRCLE('',#2798,1.44999999999999);
#1089=CIRCLE('',#2800,1.44999999999999);
#1090=CIRCLE('',#2802,1.45);
#1091=CIRCLE('',#2804,1.45);
#1092=CIRCLE('',#2806,1.45);
#1093=CIRCLE('',#2808,1.45);
#1094=CIRCLE('',#2810,1.45);
#1095=CIRCLE('',#2812,1.45);
#1096=CIRCLE('',#2814,1.45);
#1097=CIRCLE('',#2816,1.45);
#1098=CIRCLE('',#2818,1.45);
#1099=CIRCLE('',#2820,1.45);
#1100=CIRCLE('',#2822,1.45);
#1101=CIRCLE('',#2824,1.45);
#1102=CIRCLE('',#2826,2.5);
#1103=CIRCLE('',#2829,2.5);
#1104=CIRCLE('',#2832,2.5);
#1105=CIRCLE('',#2835,2.5);
#1106=CIRCLE('',#2838,2.5);
#1107=CIRCLE('',#2841,2.5);
#1108=CIRCLE('',#2844,2.5);
#1109=CIRCLE('',#2847,2.5);
#1110=CIRCLE('',#2850,2.5);
#1111=CIRCLE('',#2853,2.5);
#1112=CIRCLE('',#2856,2.5);
#1113=CIRCLE('',#2859,2.5);
#1114=CIRCLE('',#2862,2.5);
#1115=CIRCLE('',#2865,2.5);
#1116=CIRCLE('',#2868,2.5);
#1117=CIRCLE('',#2871,2.5);
#1118=CIRCLE('',#2875,4.);
#1119=CIRCLE('',#2876,4.);
#1120=CIRCLE('',#2877,4.);
#1121=CIRCLE('',#2878,4.);
#1122=CIRCLE('',#2881,2.5);
#1123=CIRCLE('',#2883,2.5);
#1124=CIRCLE('',#2885,2.5);
#1125=CIRCLE('',#2887,2.5);
#1126=CIRCLE('',#2889,2.5);
#1127=CIRCLE('',#2891,2.5);
#1128=CIRCLE('',#2893,2.5);
#1129=CIRCLE('',#2895,2.5);
#1130=CIRCLE('',#2897,2.5);
#1131=CIRCLE('',#2899,2.5);
#1132=CIRCLE('',#2901,2.5);
#1133=CIRCLE('',#2903,2.5);
#1134=CIRCLE('',#2905,2.5);
#1135=CIRCLE('',#2907,2.5);
#1136=CIRCLE('',#2909,2.50000000000004);
#1137=CIRCLE('',#2911,2.5);
#1138=CIRCLE('',#2913,2.50000000000004);
#1139=CIRCLE('',#2915,2.5);
#1140=CIRCLE('',#2924,4.);
#1141=CIRCLE('',#2932,1.);
#1142=CIRCLE('',#2933,1.00000000000001);
#1143=CIRCLE('',#2934,0.999999999999996);
#1144=CIRCLE('',#2936,1.00000000000001);
#1145=CIRCLE('',#2937,1.00000000000001);
#1146=CIRCLE('',#2939,0.999999999999996);
#1147=CIRCLE('',#2941,0.999999999999996);
#1148=CIRCLE('',#2945,4.);
#1149=CIRCLE('',#2946,4.);
#1150=CIRCLE('',#2965,10.);
#1151=CIRCLE('',#2979,10.);
#1152=VERTEX_POINT('',#3819);
#1153=VERTEX_POINT('',#3820);
#1154=VERTEX_POINT('',#3822);
#1155=VERTEX_POINT('',#3824);
#1156=VERTEX_POINT('',#3828);
#1157=VERTEX_POINT('',#3830);
#1158=VERTEX_POINT('',#3834);
#1159=VERTEX_POINT('',#3836);
#1160=VERTEX_POINT('',#3840);
#1161=VERTEX_POINT('',#3842);
#1162=VERTEX_POINT('',#3844);
#1163=VERTEX_POINT('',#3846);
#1164=VERTEX_POINT('',#3848);
#1165=VERTEX_POINT('',#3850);
#1166=VERTEX_POINT('',#3852);
#1167=VERTEX_POINT('',#3854);
#1168=VERTEX_POINT('',#3856);
#1169=VERTEX_POINT('',#3858);
#1170=VERTEX_POINT('',#3860);
#1171=VERTEX_POINT('',#3862);
#1172=VERTEX_POINT('',#3864);
#1173=VERTEX_POINT('',#3866);
#1174=VERTEX_POINT('',#3868);
#1175=VERTEX_POINT('',#3870);
#1176=VERTEX_POINT('',#3874);
#1177=VERTEX_POINT('',#3875);
#1178=VERTEX_POINT('',#3877);
#1179=VERTEX_POINT('',#3879);
#1180=VERTEX_POINT('',#3884);
#1181=VERTEX_POINT('',#3887);
#1182=VERTEX_POINT('',#3889);
#1183=VERTEX_POINT('',#3891);
#1184=VERTEX_POINT('',#3893);
#1185=VERTEX_POINT('',#3895);
#1186=VERTEX_POINT('',#3898);
#1187=VERTEX_POINT('',#3900);
#1188=VERTEX_POINT('',#3902);
#1189=VERTEX_POINT('',#3904);
#1190=VERTEX_POINT('',#3906);
#1191=VERTEX_POINT('',#3908);
#1192=VERTEX_POINT('',#3910);
#1193=VERTEX_POINT('',#3912);
#1194=VERTEX_POINT('',#3914);
#1195=VERTEX_POINT('',#3916);
#1196=VERTEX_POINT('',#3918);
#1197=VERTEX_POINT('',#3920);
#1198=VERTEX_POINT('',#3922);
#1199=VERTEX_POINT('',#3924);
#1200=VERTEX_POINT('',#3926);
#1201=VERTEX_POINT('',#3928);
#1202=VERTEX_POINT('',#3930);
#1203=VERTEX_POINT('',#3932);
#1204=VERTEX_POINT('',#3934);
#1205=VERTEX_POINT('',#3936);
#1206=VERTEX_POINT('',#3938);
#1207=VERTEX_POINT('',#3940);
#1208=VERTEX_POINT('',#3942);
#1209=VERTEX_POINT('',#3944);
#1210=VERTEX_POINT('',#3946);
#1211=VERTEX_POINT('',#3948);
#1212=VERTEX_POINT('',#3950);
#1213=VERTEX_POINT('',#3952);
#1214=VERTEX_POINT('',#3954);
#1215=VERTEX_POINT('',#3956);
#1216=VERTEX_POINT('',#3958);
#1217=VERTEX_POINT('',#3960);
#1218=VERTEX_POINT('',#3962);
#1219=VERTEX_POINT('',#3965);
#1220=VERTEX_POINT('',#3971);
#1221=VERTEX_POINT('',#3972);
#1222=VERTEX_POINT('',#3974);
#1223=VERTEX_POINT('',#3976);
#1224=VERTEX_POINT('',#3978);
#1225=VERTEX_POINT('',#3980);
#1226=VERTEX_POINT('',#3982);
#1227=VERTEX_POINT('',#3984);
#1228=VERTEX_POINT('',#3990);
#1229=VERTEX_POINT('',#3992);
#1230=VERTEX_POINT('',#3996);
#1231=VERTEX_POINT('',#4000);
#1232=VERTEX_POINT('',#4002);
#1233=VERTEX_POINT('',#4004);
#1234=VERTEX_POINT('',#4008);
#1235=VERTEX_POINT('',#4012);
#1236=VERTEX_POINT('',#4014);
#1237=VERTEX_POINT('',#4017);
#1238=VERTEX_POINT('',#4021);
#1239=VERTEX_POINT('',#4023);
#1240=VERTEX_POINT('',#4026);
#1241=VERTEX_POINT('',#4030);
#1242=VERTEX_POINT('',#4032);
#1243=VERTEX_POINT('',#4035);
#1244=VERTEX_POINT('',#4039);
#1245=VERTEX_POINT('',#4041);
#1246=VERTEX_POINT('',#4044);
#1247=VERTEX_POINT('',#4048);
#1248=VERTEX_POINT('',#4050);
#1249=VERTEX_POINT('',#4053);
#1250=VERTEX_POINT('',#4057);
#1251=VERTEX_POINT('',#4059);
#1252=VERTEX_POINT('',#4062);
#1253=VERTEX_POINT('',#4066);
#1254=VERTEX_POINT('',#4068);
#1255=VERTEX_POINT('',#4071);
#1256=VERTEX_POINT('',#4075);
#1257=VERTEX_POINT('',#4077);
#1258=VERTEX_POINT('',#4080);
#1259=VERTEX_POINT('',#4084);
#1260=VERTEX_POINT('',#4086);
#1261=VERTEX_POINT('',#4089);
#1262=VERTEX_POINT('',#4093);
#1263=VERTEX_POINT('',#4095);
#1264=VERTEX_POINT('',#4098);
#1265=VERTEX_POINT('',#4102);
#1266=VERTEX_POINT('',#4104);
#1267=VERTEX_POINT('',#4107);
#1268=VERTEX_POINT('',#4111);
#1269=VERTEX_POINT('',#4113);
#1270=VERTEX_POINT('',#4116);
#1271=VERTEX_POINT('',#4120);
#1272=VERTEX_POINT('',#4122);
#1273=VERTEX_POINT('',#4125);
#1274=VERTEX_POINT('',#4129);
#1275=VERTEX_POINT('',#4131);
#1276=VERTEX_POINT('',#4134);
#1277=VERTEX_POINT('',#4138);
#1278=VERTEX_POINT('',#4140);
#1279=VERTEX_POINT('',#4143);
#1280=VERTEX_POINT('',#4147);
#1281=VERTEX_POINT('',#4149);
#1282=VERTEX_POINT('',#4152);
#1283=VERTEX_POINT('',#4156);
#1284=VERTEX_POINT('',#4158);
#1285=VERTEX_POINT('',#4161);
#1286=VERTEX_POINT('',#4165);
#1287=VERTEX_POINT('',#4167);
#1288=VERTEX_POINT('',#4170);
#1289=VERTEX_POINT('',#4174);
#1290=VERTEX_POINT('',#4176);
#1291=VERTEX_POINT('',#4179);
#1292=VERTEX_POINT('',#4183);
#1293=VERTEX_POINT('',#4185);
#1294=VERTEX_POINT('',#4188);
#1295=VERTEX_POINT('',#4192);
#1296=VERTEX_POINT('',#4197);
#1297=VERTEX_POINT('',#4202);
#1298=VERTEX_POINT('',#4207);
#1299=VERTEX_POINT('',#4212);
#1300=VERTEX_POINT('',#4217);
#1301=VERTEX_POINT('',#4222);
#1302=VERTEX_POINT('',#4227);
#1303=VERTEX_POINT('',#4232);
#1304=VERTEX_POINT('',#4237);
#1305=VERTEX_POINT('',#4242);
#1306=VERTEX_POINT('',#4247);
#1307=VERTEX_POINT('',#4252);
#1308=VERTEX_POINT('',#4257);
#1309=VERTEX_POINT('',#4262);
#1310=VERTEX_POINT('',#4267);
#1311=VERTEX_POINT('',#4272);
#1312=VERTEX_POINT('',#4273);
#1313=VERTEX_POINT('',#4275);
#1314=VERTEX_POINT('',#4277);
#1315=VERTEX_POINT('',#4281);
#1316=VERTEX_POINT('',#4282);
#1317=VERTEX_POINT('',#4284);
#1318=VERTEX_POINT('',#4286);
#1319=VERTEX_POINT('',#4288);
#1320=VERTEX_POINT('',#4290);
#1321=VERTEX_POINT('',#4292);
#1322=VERTEX_POINT('',#4294);
#1323=VERTEX_POINT('',#4298);
#1324=VERTEX_POINT('',#4299);
#1325=VERTEX_POINT('',#4301);
#1326=VERTEX_POINT('',#4303);
#1327=VERTEX_POINT('',#4307);
#1328=VERTEX_POINT('',#4310);
#1329=VERTEX_POINT('',#4313);
#1330=VERTEX_POINT('',#4316);
#1331=VERTEX_POINT('',#4319);
#1332=VERTEX_POINT('',#4322);
#1333=VERTEX_POINT('',#4325);
#1334=VERTEX_POINT('',#4328);
#1335=VERTEX_POINT('',#4331);
#1336=VERTEX_POINT('',#4334);
#1337=VERTEX_POINT('',#4337);
#1338=VERTEX_POINT('',#4340);
#1339=VERTEX_POINT('',#4343);
#1340=VERTEX_POINT('',#4346);
#1341=VERTEX_POINT('',#4349);
#1342=VERTEX_POINT('',#4352);
#1343=VERTEX_POINT('',#4355);
#1344=VERTEX_POINT('',#4358);
#1345=VERTEX_POINT('',#4376);
#1346=VERTEX_POINT('',#4377);
#1347=VERTEX_POINT('',#4379);
#1348=VERTEX_POINT('',#4383);
#1349=VERTEX_POINT('',#4384);
#1350=VERTEX_POINT('',#4386);
#1351=VERTEX_POINT('',#4388);
#1352=VERTEX_POINT('',#4392);
#1353=VERTEX_POINT('',#4393);
#1354=VERTEX_POINT('',#4398);
#1355=VERTEX_POINT('',#4399);
#1356=VERTEX_POINT('',#4401);
#1357=VERTEX_POINT('',#4403);
#1358=VERTEX_POINT('',#4407);
#1359=VERTEX_POINT('',#4409);
#1360=VERTEX_POINT('',#4413);
#1361=VERTEX_POINT('',#4415);
#1362=VERTEX_POINT('',#4422);
#1363=VERTEX_POINT('',#4423);
#1364=VERTEX_POINT('',#4429);
#1365=VERTEX_POINT('',#4431);
#1366=VERTEX_POINT('',#4435);
#1367=VERTEX_POINT('',#4439);
#1368=VERTEX_POINT('',#4441);
#1369=VERTEX_POINT('',#4445);
#1370=VERTEX_POINT('',#4446);
#1371=VERTEX_POINT('',#4448);
#1372=VERTEX_POINT('',#4453);
#1373=VERTEX_POINT('',#4460);
#1374=VERTEX_POINT('',#4498);
#1375=VERTEX_POINT('',#4509);
#1376=VERTEX_POINT('',#4511);
#1377=VERTEX_POINT('',#4520);
#1378=VERTEX_POINT('',#4524);
#1379=VERTEX_POINT('',#4528);
#1380=VERTEX_POINT('',#4532);
#1381=VERTEX_POINT('',#4533);
#1382=VERTEX_POINT('',#4535);
#1383=VERTEX_POINT('',#4537);
#1384=VERTEX_POINT('',#4541);
#1385=VERTEX_POINT('',#4548);
#1386=VERTEX_POINT('',#4549);
#1387=VERTEX_POINT('',#4551);
#1388=VERTEX_POINT('',#4553);
#1389=VERTEX_POINT('',#4557);
#1390=VERTEX_POINT('',#4559);
#1391=VERTEX_POINT('',#4563);
#1392=VERTEX_POINT('',#4565);
#1393=EDGE_CURVE('',#1152,#1153,#1012,.T.);
#1394=EDGE_CURVE('',#1152,#1154,#586,.T.);
#1395=EDGE_CURVE('',#1154,#1155,#1013,.T.);
#1396=EDGE_CURVE('',#1155,#1153,#587,.T.);
#1397=EDGE_CURVE('',#1156,#1152,#588,.T.);
#1398=EDGE_CURVE('',#1157,#1156,#589,.T.);
#1399=EDGE_CURVE('',#1154,#1157,#590,.T.);
#1400=EDGE_CURVE('',#1158,#1156,#1014,.T.);
#1401=EDGE_CURVE('',#1158,#1159,#591,.T.);
#1402=EDGE_CURVE('',#1159,#1157,#1015,.T.);
#1403=EDGE_CURVE('',#1160,#1158,#592,.T.);
#1404=EDGE_CURVE('',#1161,#1160,#593,.T.);
#1405=EDGE_CURVE('',#1162,#1161,#594,.T.);
#1406=EDGE_CURVE('',#1163,#1162,#595,.T.);
#1407=EDGE_CURVE('',#1164,#1163,#596,.T.);
#1408=EDGE_CURVE('',#1165,#1164,#597,.T.);
#1409=EDGE_CURVE('',#1166,#1165,#1016,.T.);
#1410=EDGE_CURVE('',#1167,#1166,#598,.T.);
#1411=EDGE_CURVE('',#1168,#1167,#1017,.T.);
#1412=EDGE_CURVE('',#1169,#1168,#599,.T.);
#1413=EDGE_CURVE('',#1170,#1169,#600,.T.);
#1414=EDGE_CURVE('',#1171,#1170,#601,.T.);
#1415=EDGE_CURVE('',#1172,#1171,#602,.T.);
#1416=EDGE_CURVE('',#1173,#1172,#603,.T.);
#1417=EDGE_CURVE('',#1174,#1173,#604,.T.);
#1418=EDGE_CURVE('',#1175,#1174,#605,.T.);
#1419=EDGE_CURVE('',#1159,#1175,#606,.T.);
#1420=EDGE_CURVE('',#1176,#1177,#1018,.T.);
#1421=EDGE_CURVE('',#1176,#1178,#607,.T.);
#1422=EDGE_CURVE('',#1178,#1179,#1019,.T.);
#1423=EDGE_CURVE('',#1179,#1177,#608,.T.);
#1424=EDGE_CURVE('',#1153,#1176,#609,.T.);
#1425=EDGE_CURVE('',#1177,#1180,#610,.T.);
#1426=EDGE_CURVE('',#1180,#1174,#1020,.T.);
#1427=EDGE_CURVE('',#1173,#1181,#611,.T.);
#1428=EDGE_CURVE('',#1181,#1182,#1021,.T.);
#1429=EDGE_CURVE('',#1182,#1183,#1022,.T.);
#1430=EDGE_CURVE('',#1183,#1184,#612,.T.);
#1431=EDGE_CURVE('',#1184,#1185,#613,.T.);
#1432=EDGE_CURVE('',#1185,#1160,#614,.T.);
#1433=EDGE_CURVE('',#1186,#1186,#1023,.T.);
#1434=EDGE_CURVE('',#1187,#1187,#1024,.T.);
#1435=EDGE_CURVE('',#1188,#1188,#1025,.T.);
#1436=EDGE_CURVE('',#1189,#1189,#1026,.T.);
#1437=EDGE_CURVE('',#1190,#1190,#1027,.T.);
#1438=EDGE_CURVE('',#1191,#1191,#1028,.T.);
#1439=EDGE_CURVE('',#1192,#1192,#1029,.T.);
#1440=EDGE_CURVE('',#1193,#1193,#1030,.T.);
#1441=EDGE_CURVE('',#1194,#1194,#1031,.T.);
#1442=EDGE_CURVE('',#1195,#1195,#1032,.T.);
#1443=EDGE_CURVE('',#1196,#1196,#1033,.T.);
#1444=EDGE_CURVE('',#1197,#1197,#1034,.T.);
#1445=EDGE_CURVE('',#1198,#1198,#1035,.T.);
#1446=EDGE_CURVE('',#1199,#1199,#1036,.T.);
#1447=EDGE_CURVE('',#1200,#1200,#1037,.T.);
#1448=EDGE_CURVE('',#1201,#1201,#1038,.T.);
#1449=EDGE_CURVE('',#1202,#1202,#1039,.T.);
#1450=EDGE_CURVE('',#1203,#1203,#1040,.T.);
#1451=EDGE_CURVE('',#1204,#1204,#1041,.T.);
#1452=EDGE_CURVE('',#1205,#1205,#1042,.T.);
#1453=EDGE_CURVE('',#1206,#1206,#1043,.T.);
#1454=EDGE_CURVE('',#1207,#1207,#1044,.T.);
#1455=EDGE_CURVE('',#1208,#1208,#1045,.T.);
#1456=EDGE_CURVE('',#1209,#1209,#1046,.T.);
#1457=EDGE_CURVE('',#1210,#1210,#1047,.T.);
#1458=EDGE_CURVE('',#1211,#1211,#1048,.T.);
#1459=EDGE_CURVE('',#1212,#1212,#1049,.T.);
#1460=EDGE_CURVE('',#1213,#1213,#1050,.T.);
#1461=EDGE_CURVE('',#1214,#1214,#1051,.T.);
#1462=EDGE_CURVE('',#1215,#1215,#1052,.T.);
#1463=EDGE_CURVE('',#1216,#1216,#1053,.T.);
#1464=EDGE_CURVE('',#1217,#1217,#1054,.T.);
#1465=EDGE_CURVE('',#1218,#1218,#1055,.T.);
#1466=EDGE_CURVE('',#1219,#1179,#615,.T.);
#1467=EDGE_CURVE('',#1180,#1219,#616,.T.);
#1468=EDGE_CURVE('',#1219,#1175,#1056,.T.);
#1469=EDGE_CURVE('',#1220,#1221,#1057,.T.);
#1470=EDGE_CURVE('',#1220,#1222,#617,.T.);
#1471=EDGE_CURVE('',#1223,#1222,#1058,.T.);
#1472=EDGE_CURVE('',#1223,#1224,#618,.T.);
#1473=EDGE_CURVE('',#1225,#1224,#1059,.T.);
#1474=EDGE_CURVE('',#1225,#1226,#619,.T.);
#1475=EDGE_CURVE('',#1227,#1226,#1060,.T.);
#1476=EDGE_CURVE('',#1227,#1221,#620,.T.);
#1477=EDGE_CURVE('',#1178,#1155,#621,.T.);
#1478=EDGE_CURVE('',#1228,#1166,#622,.T.);
#1479=EDGE_CURVE('',#1229,#1228,#623,.T.);
#1480=EDGE_CURVE('',#1167,#1229,#624,.T.);
#1481=EDGE_CURVE('',#1165,#1230,#625,.T.);
#1482=EDGE_CURVE('',#1230,#1228,#1061,.T.);
#1483=EDGE_CURVE('',#1164,#1231,#626,.T.);
#1484=EDGE_CURVE('',#1231,#1232,#627,.T.);
#1485=EDGE_CURVE('',#1233,#1232,#628,.T.);
#1486=EDGE_CURVE('',#1230,#1233,#629,.T.);
#1487=EDGE_CURVE('',#1163,#1234,#630,.T.);
#1488=EDGE_CURVE('',#1234,#1231,#631,.T.);
#1489=EDGE_CURVE('',#1235,#1235,#1062,.T.);
#1490=EDGE_CURVE('',#1235,#1236,#632,.T.);
#1491=EDGE_CURVE('',#1237,#1237,#1063,.T.);
#1492=EDGE_CURVE('',#1237,#1235,#633,.T.);
#1493=EDGE_CURVE('',#1238,#1238,#1064,.T.);
#1494=EDGE_CURVE('',#1238,#1239,#634,.T.);
#1495=EDGE_CURVE('',#1240,#1240,#1065,.T.);
#1496=EDGE_CURVE('',#1240,#1238,#635,.T.);
#1497=EDGE_CURVE('',#1241,#1241,#1066,.T.);
#1498=EDGE_CURVE('',#1241,#1242,#636,.T.);
#1499=EDGE_CURVE('',#1243,#1243,#1067,.T.);
#1500=EDGE_CURVE('',#1243,#1241,#637,.T.);
#1501=EDGE_CURVE('',#1244,#1244,#1068,.T.);
#1502=EDGE_CURVE('',#1244,#1245,#638,.T.);
#1503=EDGE_CURVE('',#1246,#1246,#1069,.T.);
#1504=EDGE_CURVE('',#1246,#1244,#639,.T.);
#1505=EDGE_CURVE('',#1247,#1247,#1070,.T.);
#1506=EDGE_CURVE('',#1247,#1248,#640,.T.);
#1507=EDGE_CURVE('',#1249,#1249,#1071,.T.);
#1508=EDGE_CURVE('',#1249,#1247,#641,.T.);
#1509=EDGE_CURVE('',#1250,#1250,#1072,.T.);
#1510=EDGE_CURVE('',#1250,#1251,#642,.T.);
#1511=EDGE_CURVE('',#1252,#1252,#1073,.T.);
#1512=EDGE_CURVE('',#1252,#1250,#643,.T.);
#1513=EDGE_CURVE('',#1253,#1253,#1074,.T.);
#1514=EDGE_CURVE('',#1253,#1254,#644,.T.);
#1515=EDGE_CURVE('',#1255,#1255,#1075,.T.);
#1516=EDGE_CURVE('',#1255,#1253,#645,.T.);
#1517=EDGE_CURVE('',#1256,#1256,#1076,.T.);
#1518=EDGE_CURVE('',#1256,#1257,#646,.T.);
#1519=EDGE_CURVE('',#1258,#1258,#1077,.T.);
#1520=EDGE_CURVE('',#1258,#1256,#647,.T.);
#1521=EDGE_CURVE('',#1259,#1259,#1078,.T.);
#1522=EDGE_CURVE('',#1259,#1260,#648,.T.);
#1523=EDGE_CURVE('',#1261,#1261,#1079,.T.);
#1524=EDGE_CURVE('',#1261,#1259,#649,.T.);
#1525=EDGE_CURVE('',#1262,#1262,#1080,.T.);
#1526=EDGE_CURVE('',#1262,#1263,#650,.T.);
#1527=EDGE_CURVE('',#1264,#1264,#1081,.T.);
#1528=EDGE_CURVE('',#1264,#1262,#651,.T.);
#1529=EDGE_CURVE('',#1265,#1265,#1082,.T.);
#1530=EDGE_CURVE('',#1265,#1266,#652,.T.);
#1531=EDGE_CURVE('',#1267,#1267,#1083,.T.);
#1532=EDGE_CURVE('',#1267,#1265,#653,.T.);
#1533=EDGE_CURVE('',#1268,#1268,#1084,.T.);
#1534=EDGE_CURVE('',#1268,#1269,#654,.T.);
#1535=EDGE_CURVE('',#1270,#1270,#1085,.T.);
#1536=EDGE_CURVE('',#1270,#1268,#655,.T.);
#1537=EDGE_CURVE('',#1271,#1271,#1086,.T.);
#1538=EDGE_CURVE('',#1271,#1272,#656,.T.);
#1539=EDGE_CURVE('',#1273,#1273,#1087,.T.);
#1540=EDGE_CURVE('',#1273,#1271,#657,.T.);
#1541=EDGE_CURVE('',#1274,#1274,#1088,.T.);
#1542=EDGE_CURVE('',#1274,#1275,#658,.T.);
#1543=EDGE_CURVE('',#1276,#1276,#1089,.T.);
#1544=EDGE_CURVE('',#1276,#1274,#659,.T.);
#1545=EDGE_CURVE('',#1277,#1277,#1090,.T.);
#1546=EDGE_CURVE('',#1277,#1278,#660,.T.);
#1547=EDGE_CURVE('',#1279,#1279,#1091,.T.);
#1548=EDGE_CURVE('',#1279,#1277,#661,.T.);
#1549=EDGE_CURVE('',#1280,#1280,#1092,.T.);
#1550=EDGE_CURVE('',#1280,#1281,#662,.T.);
#1551=EDGE_CURVE('',#1282,#1282,#1093,.T.);
#1552=EDGE_CURVE('',#1282,#1280,#663,.T.);
#1553=EDGE_CURVE('',#1283,#1283,#1094,.T.);
#1554=EDGE_CURVE('',#1283,#1284,#664,.T.);
#1555=EDGE_CURVE('',#1285,#1285,#1095,.T.);
#1556=EDGE_CURVE('',#1285,#1283,#665,.T.);
#1557=EDGE_CURVE('',#1286,#1286,#1096,.T.);
#1558=EDGE_CURVE('',#1286,#1287,#666,.T.);
#1559=EDGE_CURVE('',#1288,#1288,#1097,.T.);
#1560=EDGE_CURVE('',#1288,#1286,#667,.T.);
#1561=EDGE_CURVE('',#1289,#1289,#1098,.T.);
#1562=EDGE_CURVE('',#1289,#1290,#668,.T.);
#1563=EDGE_CURVE('',#1291,#1291,#1099,.T.);
#1564=EDGE_CURVE('',#1291,#1289,#669,.T.);
#1565=EDGE_CURVE('',#1292,#1292,#1100,.T.);
#1566=EDGE_CURVE('',#1292,#1293,#670,.T.);
#1567=EDGE_CURVE('',#1294,#1294,#1101,.T.);
#1568=EDGE_CURVE('',#1294,#1292,#671,.T.);
#1569=EDGE_CURVE('',#1295,#1295,#1102,.T.);
#1570=EDGE_CURVE('',#1295,#1218,#672,.T.);
#1571=EDGE_CURVE('',#1296,#1296,#1103,.T.);
#1572=EDGE_CURVE('',#1296,#1217,#673,.T.);
#1573=EDGE_CURVE('',#1297,#1297,#1104,.T.);
#1574=EDGE_CURVE('',#1297,#1186,#674,.T.);
#1575=EDGE_CURVE('',#1298,#1298,#1105,.T.);
#1576=EDGE_CURVE('',#1298,#1187,#675,.T.);
#1577=EDGE_CURVE('',#1299,#1299,#1106,.T.);
#1578=EDGE_CURVE('',#1299,#1188,#676,.T.);
#1579=EDGE_CURVE('',#1300,#1300,#1107,.T.);
#1580=EDGE_CURVE('',#1300,#1189,#677,.T.);
#1581=EDGE_CURVE('',#1301,#1301,#1108,.T.);
#1582=EDGE_CURVE('',#1301,#1190,#678,.T.);
#1583=EDGE_CURVE('',#1302,#1302,#1109,.T.);
#1584=EDGE_CURVE('',#1302,#1191,#679,.T.);
#1585=EDGE_CURVE('',#1303,#1303,#1110,.T.);
#1586=EDGE_CURVE('',#1303,#1216,#680,.T.);
#1587=EDGE_CURVE('',#1304,#1304,#1111,.T.);
#1588=EDGE_CURVE('',#1304,#1215,#681,.T.);
#1589=EDGE_CURVE('',#1305,#1305,#1112,.T.);
#1590=EDGE_CURVE('',#1305,#1214,#682,.T.);
#1591=EDGE_CURVE('',#1306,#1306,#1113,.T.);
#1592=EDGE_CURVE('',#1306,#1213,#683,.T.);
#1593=EDGE_CURVE('',#1307,#1307,#1114,.T.);
#1594=EDGE_CURVE('',#1307,#1212,#684,.T.);
#1595=EDGE_CURVE('',#1308,#1308,#1115,.T.);
#1596=EDGE_CURVE('',#1308,#1211,#685,.T.);
#1597=EDGE_CURVE('',#1309,#1309,#1116,.T.);
#1598=EDGE_CURVE('',#1309,#1210,#686,.T.);
#1599=EDGE_CURVE('',#1310,#1310,#1117,.T.);
#1600=EDGE_CURVE('',#1310,#1209,#687,.T.);
#1601=EDGE_CURVE('',#1311,#1312,#688,.T.);
#1602=EDGE_CURVE('',#1313,#1311,#689,.T.);
#1603=EDGE_CURVE('',#1314,#1313,#690,.T.);
#1604=EDGE_CURVE('',#1312,#1314,#691,.T.);
#1605=EDGE_CURVE('',#1315,#1316,#1118,.T.);
#1606=EDGE_CURVE('',#1315,#1317,#692,.T.);
#1607=EDGE_CURVE('',#1318,#1317,#1119,.T.);
#1608=EDGE_CURVE('',#1318,#1319,#693,.T.);
#1609=EDGE_CURVE('',#1320,#1319,#1120,.T.);
#1610=EDGE_CURVE('',#1320,#1321,#694,.T.);
#1611=EDGE_CURVE('',#1322,#1321,#1121,.T.);
#1612=EDGE_CURVE('',#1322,#1316,#695,.T.);
#1613=EDGE_CURVE('',#1323,#1324,#696,.T.);
#1614=EDGE_CURVE('',#1323,#1325,#697,.T.);
#1615=EDGE_CURVE('',#1325,#1326,#698,.T.);
#1616=EDGE_CURVE('',#1324,#1326,#699,.T.);
#1617=EDGE_CURVE('',#1327,#1327,#1122,.T.);
#1618=EDGE_CURVE('',#1328,#1328,#1123,.T.);
#1619=EDGE_CURVE('',#1329,#1329,#1124,.T.);
#1620=EDGE_CURVE('',#1330,#1330,#1125,.T.);
#1621=EDGE_CURVE('',#1331,#1331,#1126,.T.);
#1622=EDGE_CURVE('',#1332,#1332,#1127,.T.);
#1623=EDGE_CURVE('',#1333,#1333,#1128,.T.);
#1624=EDGE_CURVE('',#1334,#1334,#1129,.T.);
#1625=EDGE_CURVE('',#1335,#1335,#1130,.T.);
#1626=EDGE_CURVE('',#1336,#1336,#1131,.T.);
#1627=EDGE_CURVE('',#1337,#1337,#1132,.T.);
#1628=EDGE_CURVE('',#1338,#1338,#1133,.T.);
#1629=EDGE_CURVE('',#1339,#1339,#1134,.T.);
#1630=EDGE_CURVE('',#1340,#1340,#1135,.T.);
#1631=EDGE_CURVE('',#1341,#1341,#1136,.T.);
#1632=EDGE_CURVE('',#1342,#1342,#1137,.T.);
#1633=EDGE_CURVE('',#1343,#1343,#1138,.T.);
#1634=EDGE_CURVE('',#1344,#1344,#1139,.T.);
#1635=EDGE_CURVE('',#1226,#1318,#700,.T.);
#1636=EDGE_CURVE('',#1317,#1227,#701,.T.);
#1637=EDGE_CURVE('',#1319,#1225,#702,.T.);
#1638=EDGE_CURVE('',#1224,#1320,#703,.T.);
#1639=EDGE_CURVE('',#1321,#1223,#704,.T.);
#1640=EDGE_CURVE('',#1222,#1322,#705,.T.);
#1641=EDGE_CURVE('',#1316,#1220,#706,.T.);
#1642=EDGE_CURVE('',#1221,#1315,#707,.T.);
#1643=EDGE_CURVE('',#1345,#1346,#1140,.T.);
#1644=EDGE_CURVE('',#1346,#1347,#708,.T.);
#1645=EDGE_CURVE('',#1345,#1347,#709,.T.);
#1646=EDGE_CURVE('',#1348,#1349,#710,.T.);
#1647=EDGE_CURVE('',#1350,#1349,#711,.T.);
#1648=EDGE_CURVE('',#1351,#1350,#712,.T.);
#1649=EDGE_CURVE('',#1348,#1351,#713,.T.);
#1650=EDGE_CURVE('',#1352,#1353,#714,.T.);
#1651=EDGE_CURVE('',#1349,#1352,#715,.T.);
#1652=EDGE_CURVE('',#1353,#1348,#716,.T.);
#1653=EDGE_CURVE('',#1354,#1355,#717,.T.);
#1654=EDGE_CURVE('',#1356,#1355,#718,.T.);
#1655=EDGE_CURVE('',#1356,#1357,#719,.T.);
#1656=EDGE_CURVE('',#1354,#1357,#720,.T.);
#1657=EDGE_CURVE('',#1358,#1357,#721,.T.);
#1658=EDGE_CURVE('',#1358,#1359,#722,.T.);
#1659=EDGE_CURVE('',#1354,#1359,#723,.T.);
#1660=EDGE_CURVE('',#1359,#1360,#724,.T.);
#1661=EDGE_CURVE('',#1361,#1358,#725,.T.);
#1662=EDGE_CURVE('',#1360,#1361,#726,.T.);
#1663=EDGE_CURVE('',#1360,#1355,#727,.T.);
#1664=EDGE_CURVE('',#1356,#1361,#728,.T.);
#1665=EDGE_CURVE('',#1362,#1363,#729,.T.);
#1666=EDGE_CURVE('',#1229,#1363,#1141,.T.);
#1667=EDGE_CURVE('',#1233,#1323,#1142,.T.);
#1668=EDGE_CURVE('',#1324,#1362,#1143,.T.);
#1669=EDGE_CURVE('',#1232,#1364,#1144,.T.);
#1670=EDGE_CURVE('',#1364,#1365,#730,.T.);
#1671=EDGE_CURVE('',#1365,#1325,#1145,.T.);
#1672=EDGE_CURVE('',#1365,#1366,#731,.T.);
#1673=EDGE_CURVE('',#1326,#1366,#1146,.T.);
#1674=EDGE_CURVE('',#1366,#1367,#732,.T.);
#1675=EDGE_CURVE('',#1367,#1368,#1147,.T.);
#1676=EDGE_CURVE('',#1362,#1368,#733,.T.);
#1677=EDGE_CURVE('',#1369,#1370,#734,.T.);
#1678=EDGE_CURVE('',#1371,#1370,#735,.T.);
#1679=EDGE_CURVE('',#1368,#1371,#736,.T.);
#1680=EDGE_CURVE('',#1369,#1367,#737,.T.);
#1681=EDGE_CURVE('',#1345,#1372,#738,.T.);
#1682=EDGE_CURVE('',#1347,#1351,#739,.T.);
#1683=EDGE_CURVE('',#1350,#1372,#740,.T.);
#1684=EDGE_CURVE('',#1183,#1181,#1148,.T.);
#1685=EDGE_CURVE('',#1181,#1346,#741,.T.);
#1686=EDGE_CURVE('',#1373,#1345,#1149,.T.);
#1687=EDGE_CURVE('',#1183,#1373,#742,.T.);
#1688=EDGE_CURVE('',#1327,#1192,#743,.T.);
#1689=EDGE_CURVE('',#1328,#1193,#744,.T.);
#1690=EDGE_CURVE('',#1329,#1194,#745,.T.);
#1691=EDGE_CURVE('',#1330,#1195,#746,.T.);
#1692=EDGE_CURVE('',#1331,#1196,#747,.T.);
#1693=EDGE_CURVE('',#1332,#1197,#748,.T.);
#1694=EDGE_CURVE('',#1333,#1198,#749,.T.);
#1695=EDGE_CURVE('',#1334,#1199,#750,.T.);
#1696=EDGE_CURVE('',#1335,#1200,#751,.T.);
#1697=EDGE_CURVE('',#1336,#1201,#752,.T.);
#1698=EDGE_CURVE('',#1337,#1202,#753,.T.);
#1699=EDGE_CURVE('',#1338,#1203,#754,.T.);
#1700=EDGE_CURVE('',#1339,#1204,#755,.T.);
#1701=EDGE_CURVE('',#1340,#1205,#756,.T.);
#1702=EDGE_CURVE('',#1341,#1206,#757,.T.);
#1703=EDGE_CURVE('',#1342,#1207,#758,.T.);
#1704=EDGE_CURVE('',#1343,#1208,#759,.T.);
#1705=EDGE_CURVE('',#1184,#1374,#1150,.T.);
#1706=EDGE_CURVE('',#1374,#1373,#760,.T.);
#1707=EDGE_CURVE('',#1344,#1182,#761,.T.);
#1708=EDGE_CURVE('',#1353,#1172,#762,.T.);
#1709=EDGE_CURVE('',#1171,#1352,#763,.T.);
#1710=EDGE_CURVE('',#1370,#1170,#764,.T.);
#1711=EDGE_CURVE('',#1375,#1369,#765,.T.);
#1712=EDGE_CURVE('',#1375,#1376,#766,.T.);
#1713=EDGE_CURVE('',#1372,#1376,#767,.T.);
#1714=EDGE_CURVE('',#1371,#1169,#768,.T.);
#1715=EDGE_CURVE('',#1363,#1168,#769,.T.);
#1716=EDGE_CURVE('',#1234,#1377,#770,.T.);
#1717=EDGE_CURVE('',#1364,#1377,#771,.T.);
#1718=EDGE_CURVE('',#1377,#1378,#772,.T.);
#1719=EDGE_CURVE('',#1378,#1375,#773,.T.);
#1720=EDGE_CURVE('',#1379,#1378,#774,.T.);
#1721=EDGE_CURVE('',#1379,#1376,#775,.T.);
#1722=EDGE_CURVE('',#1380,#1381,#776,.T.);
#1723=EDGE_CURVE('',#1380,#1382,#777,.T.);
#1724=EDGE_CURVE('',#1382,#1383,#778,.T.);
#1725=EDGE_CURVE('',#1383,#1381,#779,.T.);
#1726=EDGE_CURVE('',#1381,#1384,#780,.T.);
#1727=EDGE_CURVE('',#1374,#1384,#781,.T.);
#1728=EDGE_CURVE('',#1379,#1380,#782,.T.);
#1729=EDGE_CURVE('',#1384,#1185,#1151,.T.);
#1730=EDGE_CURVE('',#1385,#1386,#783,.T.);
#1731=EDGE_CURVE('',#1387,#1386,#784,.T.);
#1732=EDGE_CURVE('',#1387,#1388,#785,.T.);
#1733=EDGE_CURVE('',#1385,#1388,#786,.T.);
#1734=EDGE_CURVE('',#1389,#1388,#787,.T.);
#1735=EDGE_CURVE('',#1389,#1390,#788,.T.);
#1736=EDGE_CURVE('',#1385,#1390,#789,.T.);
#1737=EDGE_CURVE('',#1390,#1391,#790,.T.);
#1738=EDGE_CURVE('',#1392,#1389,#791,.T.);
#1739=EDGE_CURVE('',#1391,#1392,#792,.T.);
#1740=EDGE_CURVE('',#1391,#1386,#793,.T.);
#1741=EDGE_CURVE('',#1387,#1392,#794,.T.);
#1742=EDGE_CURVE('',#1314,#1382,#795,.T.);
#1743=EDGE_CURVE('',#1312,#1162,#796,.T.);
#1744=EDGE_CURVE('',#1383,#1313,#797,.T.);
#1745=EDGE_CURVE('',#1161,#1311,#798,.T.);
#1746=ORIENTED_EDGE('',*,*,#1393,.F.);
#1747=ORIENTED_EDGE('',*,*,#1394,.T.);
#1748=ORIENTED_EDGE('',*,*,#1395,.T.);
#1749=ORIENTED_EDGE('',*,*,#1396,.T.);
#1750=ORIENTED_EDGE('',*,*,#1394,.F.);
#1751=ORIENTED_EDGE('',*,*,#1397,.F.);
#1752=ORIENTED_EDGE('',*,*,#1398,.F.);
#1753=ORIENTED_EDGE('',*,*,#1399,.F.);
#1754=ORIENTED_EDGE('',*,*,#1400,.F.);
#1755=ORIENTED_EDGE('',*,*,#1401,.T.);
#1756=ORIENTED_EDGE('',*,*,#1402,.T.);
#1757=ORIENTED_EDGE('',*,*,#1398,.T.);
#1758=ORIENTED_EDGE('',*,*,#1401,.F.);
#1759=ORIENTED_EDGE('',*,*,#1403,.F.);
#1760=ORIENTED_EDGE('',*,*,#1404,.F.);
#1761=ORIENTED_EDGE('',*,*,#1405,.F.);
#1762=ORIENTED_EDGE('',*,*,#1406,.F.);
#1763=ORIENTED_EDGE('',*,*,#1407,.F.);
#1764=ORIENTED_EDGE('',*,*,#1408,.F.);
#1765=ORIENTED_EDGE('',*,*,#1409,.F.);
#1766=ORIENTED_EDGE('',*,*,#1410,.F.);
#1767=ORIENTED_EDGE('',*,*,#1411,.F.);
#1768=ORIENTED_EDGE('',*,*,#1412,.F.);
#1769=ORIENTED_EDGE('',*,*,#1413,.F.);
#1770=ORIENTED_EDGE('',*,*,#1414,.F.);
#1771=ORIENTED_EDGE('',*,*,#1415,.F.);
#1772=ORIENTED_EDGE('',*,*,#1416,.F.);
#1773=ORIENTED_EDGE('',*,*,#1417,.F.);
#1774=ORIENTED_EDGE('',*,*,#1418,.F.);
#1775=ORIENTED_EDGE('',*,*,#1419,.F.);
#1776=ORIENTED_EDGE('',*,*,#1420,.F.);
#1777=ORIENTED_EDGE('',*,*,#1421,.T.);
#1778=ORIENTED_EDGE('',*,*,#1422,.T.);
#1779=ORIENTED_EDGE('',*,*,#1423,.T.);
#1780=ORIENTED_EDGE('',*,*,#1393,.T.);
#1781=ORIENTED_EDGE('',*,*,#1424,.T.);
#1782=ORIENTED_EDGE('',*,*,#1420,.T.);
#1783=ORIENTED_EDGE('',*,*,#1425,.T.);
#1784=ORIENTED_EDGE('',*,*,#1426,.T.);
#1785=ORIENTED_EDGE('',*,*,#1417,.T.);
#1786=ORIENTED_EDGE('',*,*,#1427,.T.);
#1787=ORIENTED_EDGE('',*,*,#1428,.T.);
#1788=ORIENTED_EDGE('',*,*,#1429,.T.);
#1789=ORIENTED_EDGE('',*,*,#1430,.T.);
#1790=ORIENTED_EDGE('',*,*,#1431,.T.);
#1791=ORIENTED_EDGE('',*,*,#1432,.T.);
#1792=ORIENTED_EDGE('',*,*,#1403,.T.);
#1793=ORIENTED_EDGE('',*,*,#1400,.T.);
#1794=ORIENTED_EDGE('',*,*,#1397,.T.);
#1795=ORIENTED_EDGE('',*,*,#1433,.T.);
#1796=ORIENTED_EDGE('',*,*,#1434,.T.);
#1797=ORIENTED_EDGE('',*,*,#1435,.T.);
#1798=ORIENTED_EDGE('',*,*,#1436,.T.);
#1799=ORIENTED_EDGE('',*,*,#1437,.T.);
#1800=ORIENTED_EDGE('',*,*,#1438,.T.);
#1801=ORIENTED_EDGE('',*,*,#1439,.T.);
#1802=ORIENTED_EDGE('',*,*,#1440,.T.);
#1803=ORIENTED_EDGE('',*,*,#1441,.T.);
#1804=ORIENTED_EDGE('',*,*,#1442,.T.);
#1805=ORIENTED_EDGE('',*,*,#1443,.T.);
#1806=ORIENTED_EDGE('',*,*,#1444,.T.);
#1807=ORIENTED_EDGE('',*,*,#1445,.T.);
#1808=ORIENTED_EDGE('',*,*,#1446,.T.);
#1809=ORIENTED_EDGE('',*,*,#1447,.T.);
#1810=ORIENTED_EDGE('',*,*,#1448,.T.);
#1811=ORIENTED_EDGE('',*,*,#1449,.T.);
#1812=ORIENTED_EDGE('',*,*,#1450,.T.);
#1813=ORIENTED_EDGE('',*,*,#1451,.T.);
#1814=ORIENTED_EDGE('',*,*,#1452,.T.);
#1815=ORIENTED_EDGE('',*,*,#1453,.T.);
#1816=ORIENTED_EDGE('',*,*,#1454,.T.);
#1817=ORIENTED_EDGE('',*,*,#1455,.T.);
#1818=ORIENTED_EDGE('',*,*,#1456,.T.);
#1819=ORIENTED_EDGE('',*,*,#1457,.T.);
#1820=ORIENTED_EDGE('',*,*,#1458,.T.);
#1821=ORIENTED_EDGE('',*,*,#1459,.T.);
#1822=ORIENTED_EDGE('',*,*,#1460,.T.);
#1823=ORIENTED_EDGE('',*,*,#1461,.T.);
#1824=ORIENTED_EDGE('',*,*,#1462,.T.);
#1825=ORIENTED_EDGE('',*,*,#1463,.T.);
#1826=ORIENTED_EDGE('',*,*,#1464,.T.);
#1827=ORIENTED_EDGE('',*,*,#1465,.T.);
#1828=ORIENTED_EDGE('',*,*,#1423,.F.);
#1829=ORIENTED_EDGE('',*,*,#1466,.F.);
#1830=ORIENTED_EDGE('',*,*,#1467,.F.);
#1831=ORIENTED_EDGE('',*,*,#1425,.F.);
#1832=ORIENTED_EDGE('',*,*,#1426,.F.);
#1833=ORIENTED_EDGE('',*,*,#1467,.T.);
#1834=ORIENTED_EDGE('',*,*,#1468,.T.);
#1835=ORIENTED_EDGE('',*,*,#1418,.T.);
#1836=ORIENTED_EDGE('',*,*,#1469,.F.);
#1837=ORIENTED_EDGE('',*,*,#1470,.T.);
#1838=ORIENTED_EDGE('',*,*,#1471,.F.);
#1839=ORIENTED_EDGE('',*,*,#1472,.T.);
#1840=ORIENTED_EDGE('',*,*,#1473,.F.);
#1841=ORIENTED_EDGE('',*,*,#1474,.T.);
#1842=ORIENTED_EDGE('',*,*,#1475,.F.);
#1843=ORIENTED_EDGE('',*,*,#1476,.T.);
#1844=ORIENTED_EDGE('',*,*,#1419,.T.);
#1845=ORIENTED_EDGE('',*,*,#1468,.F.);
#1846=ORIENTED_EDGE('',*,*,#1466,.T.);
#1847=ORIENTED_EDGE('',*,*,#1422,.F.);
#1848=ORIENTED_EDGE('',*,*,#1477,.T.);
#1849=ORIENTED_EDGE('',*,*,#1395,.F.);
#1850=ORIENTED_EDGE('',*,*,#1399,.T.);
#1851=ORIENTED_EDGE('',*,*,#1402,.F.);
#1852=ORIENTED_EDGE('',*,*,#1396,.F.);
#1853=ORIENTED_EDGE('',*,*,#1477,.F.);
#1854=ORIENTED_EDGE('',*,*,#1421,.F.);
#1855=ORIENTED_EDGE('',*,*,#1424,.F.);
#1856=ORIENTED_EDGE('',*,*,#1410,.T.);
#1857=ORIENTED_EDGE('',*,*,#1478,.F.);
#1858=ORIENTED_EDGE('',*,*,#1479,.F.);
#1859=ORIENTED_EDGE('',*,*,#1480,.F.);
#1860=ORIENTED_EDGE('',*,*,#1409,.T.);
#1861=ORIENTED_EDGE('',*,*,#1481,.T.);
#1862=ORIENTED_EDGE('',*,*,#1482,.T.);
#1863=ORIENTED_EDGE('',*,*,#1478,.T.);
#1864=ORIENTED_EDGE('',*,*,#1408,.T.);
#1865=ORIENTED_EDGE('',*,*,#1483,.T.);
#1866=ORIENTED_EDGE('',*,*,#1484,.T.);
#1867=ORIENTED_EDGE('',*,*,#1485,.F.);
#1868=ORIENTED_EDGE('',*,*,#1486,.F.);
#1869=ORIENTED_EDGE('',*,*,#1481,.F.);
#1870=ORIENTED_EDGE('',*,*,#1407,.T.);
#1871=ORIENTED_EDGE('',*,*,#1487,.T.);
#1872=ORIENTED_EDGE('',*,*,#1488,.T.);
#1873=ORIENTED_EDGE('',*,*,#1483,.F.);
#1874=ORIENTED_EDGE('',*,*,#1489,.F.);
#1875=ORIENTED_EDGE('',*,*,#1490,.T.);
#1876=ORIENTED_EDGE('',*,*,#1490,.F.);
#1877=ORIENTED_EDGE('',*,*,#1491,.F.);
#1878=ORIENTED_EDGE('',*,*,#1492,.T.);
#1879=ORIENTED_EDGE('',*,*,#1489,.T.);
#1880=ORIENTED_EDGE('',*,*,#1492,.F.);
#1881=ORIENTED_EDGE('',*,*,#1493,.F.);
#1882=ORIENTED_EDGE('',*,*,#1494,.T.);
#1883=ORIENTED_EDGE('',*,*,#1494,.F.);
#1884=ORIENTED_EDGE('',*,*,#1495,.F.);
#1885=ORIENTED_EDGE('',*,*,#1496,.T.);
#1886=ORIENTED_EDGE('',*,*,#1493,.T.);
#1887=ORIENTED_EDGE('',*,*,#1496,.F.);
#1888=ORIENTED_EDGE('',*,*,#1497,.F.);
#1889=ORIENTED_EDGE('',*,*,#1498,.T.);
#1890=ORIENTED_EDGE('',*,*,#1498,.F.);
#1891=ORIENTED_EDGE('',*,*,#1499,.F.);
#1892=ORIENTED_EDGE('',*,*,#1500,.T.);
#1893=ORIENTED_EDGE('',*,*,#1497,.T.);
#1894=ORIENTED_EDGE('',*,*,#1500,.F.);
#1895=ORIENTED_EDGE('',*,*,#1501,.F.);
#1896=ORIENTED_EDGE('',*,*,#1502,.T.);
#1897=ORIENTED_EDGE('',*,*,#1502,.F.);
#1898=ORIENTED_EDGE('',*,*,#1503,.F.);
#1899=ORIENTED_EDGE('',*,*,#1504,.T.);
#1900=ORIENTED_EDGE('',*,*,#1501,.T.);
#1901=ORIENTED_EDGE('',*,*,#1504,.F.);
#1902=ORIENTED_EDGE('',*,*,#1505,.F.);
#1903=ORIENTED_EDGE('',*,*,#1506,.T.);
#1904=ORIENTED_EDGE('',*,*,#1506,.F.);
#1905=ORIENTED_EDGE('',*,*,#1507,.F.);
#1906=ORIENTED_EDGE('',*,*,#1508,.T.);
#1907=ORIENTED_EDGE('',*,*,#1505,.T.);
#1908=ORIENTED_EDGE('',*,*,#1508,.F.);
#1909=ORIENTED_EDGE('',*,*,#1509,.F.);
#1910=ORIENTED_EDGE('',*,*,#1510,.T.);
#1911=ORIENTED_EDGE('',*,*,#1510,.F.);
#1912=ORIENTED_EDGE('',*,*,#1511,.F.);
#1913=ORIENTED_EDGE('',*,*,#1512,.T.);
#1914=ORIENTED_EDGE('',*,*,#1509,.T.);
#1915=ORIENTED_EDGE('',*,*,#1512,.F.);
#1916=ORIENTED_EDGE('',*,*,#1513,.F.);
#1917=ORIENTED_EDGE('',*,*,#1514,.T.);
#1918=ORIENTED_EDGE('',*,*,#1514,.F.);
#1919=ORIENTED_EDGE('',*,*,#1515,.F.);
#1920=ORIENTED_EDGE('',*,*,#1516,.T.);
#1921=ORIENTED_EDGE('',*,*,#1513,.T.);
#1922=ORIENTED_EDGE('',*,*,#1516,.F.);
#1923=ORIENTED_EDGE('',*,*,#1517,.F.);
#1924=ORIENTED_EDGE('',*,*,#1518,.T.);
#1925=ORIENTED_EDGE('',*,*,#1518,.F.);
#1926=ORIENTED_EDGE('',*,*,#1519,.F.);
#1927=ORIENTED_EDGE('',*,*,#1520,.T.);
#1928=ORIENTED_EDGE('',*,*,#1517,.T.);
#1929=ORIENTED_EDGE('',*,*,#1520,.F.);
#1930=ORIENTED_EDGE('',*,*,#1521,.F.);
#1931=ORIENTED_EDGE('',*,*,#1522,.T.);
#1932=ORIENTED_EDGE('',*,*,#1522,.F.);
#1933=ORIENTED_EDGE('',*,*,#1523,.F.);
#1934=ORIENTED_EDGE('',*,*,#1524,.T.);
#1935=ORIENTED_EDGE('',*,*,#1521,.T.);
#1936=ORIENTED_EDGE('',*,*,#1524,.F.);
#1937=ORIENTED_EDGE('',*,*,#1525,.F.);
#1938=ORIENTED_EDGE('',*,*,#1526,.T.);
#1939=ORIENTED_EDGE('',*,*,#1526,.F.);
#1940=ORIENTED_EDGE('',*,*,#1527,.F.);
#1941=ORIENTED_EDGE('',*,*,#1528,.T.);
#1942=ORIENTED_EDGE('',*,*,#1525,.T.);
#1943=ORIENTED_EDGE('',*,*,#1528,.F.);
#1944=ORIENTED_EDGE('',*,*,#1529,.F.);
#1945=ORIENTED_EDGE('',*,*,#1530,.T.);
#1946=ORIENTED_EDGE('',*,*,#1530,.F.);
#1947=ORIENTED_EDGE('',*,*,#1531,.F.);
#1948=ORIENTED_EDGE('',*,*,#1532,.T.);
#1949=ORIENTED_EDGE('',*,*,#1529,.T.);
#1950=ORIENTED_EDGE('',*,*,#1532,.F.);
#1951=ORIENTED_EDGE('',*,*,#1533,.F.);
#1952=ORIENTED_EDGE('',*,*,#1534,.T.);
#1953=ORIENTED_EDGE('',*,*,#1534,.F.);
#1954=ORIENTED_EDGE('',*,*,#1535,.F.);
#1955=ORIENTED_EDGE('',*,*,#1536,.T.);
#1956=ORIENTED_EDGE('',*,*,#1533,.T.);
#1957=ORIENTED_EDGE('',*,*,#1536,.F.);
#1958=ORIENTED_EDGE('',*,*,#1537,.F.);
#1959=ORIENTED_EDGE('',*,*,#1538,.T.);
#1960=ORIENTED_EDGE('',*,*,#1538,.F.);
#1961=ORIENTED_EDGE('',*,*,#1539,.F.);
#1962=ORIENTED_EDGE('',*,*,#1540,.T.);
#1963=ORIENTED_EDGE('',*,*,#1537,.T.);
#1964=ORIENTED_EDGE('',*,*,#1540,.F.);
#1965=ORIENTED_EDGE('',*,*,#1541,.F.);
#1966=ORIENTED_EDGE('',*,*,#1542,.T.);
#1967=ORIENTED_EDGE('',*,*,#1542,.F.);
#1968=ORIENTED_EDGE('',*,*,#1543,.F.);
#1969=ORIENTED_EDGE('',*,*,#1544,.T.);
#1970=ORIENTED_EDGE('',*,*,#1541,.T.);
#1971=ORIENTED_EDGE('',*,*,#1544,.F.);
#1972=ORIENTED_EDGE('',*,*,#1545,.F.);
#1973=ORIENTED_EDGE('',*,*,#1546,.T.);
#1974=ORIENTED_EDGE('',*,*,#1546,.F.);
#1975=ORIENTED_EDGE('',*,*,#1547,.F.);
#1976=ORIENTED_EDGE('',*,*,#1548,.T.);
#1977=ORIENTED_EDGE('',*,*,#1545,.T.);
#1978=ORIENTED_EDGE('',*,*,#1548,.F.);
#1979=ORIENTED_EDGE('',*,*,#1549,.F.);
#1980=ORIENTED_EDGE('',*,*,#1550,.T.);
#1981=ORIENTED_EDGE('',*,*,#1550,.F.);
#1982=ORIENTED_EDGE('',*,*,#1551,.F.);
#1983=ORIENTED_EDGE('',*,*,#1552,.T.);
#1984=ORIENTED_EDGE('',*,*,#1549,.T.);
#1985=ORIENTED_EDGE('',*,*,#1552,.F.);
#1986=ORIENTED_EDGE('',*,*,#1553,.F.);
#1987=ORIENTED_EDGE('',*,*,#1554,.T.);
#1988=ORIENTED_EDGE('',*,*,#1554,.F.);
#1989=ORIENTED_EDGE('',*,*,#1555,.F.);
#1990=ORIENTED_EDGE('',*,*,#1556,.T.);
#1991=ORIENTED_EDGE('',*,*,#1553,.T.);
#1992=ORIENTED_EDGE('',*,*,#1556,.F.);
#1993=ORIENTED_EDGE('',*,*,#1557,.F.);
#1994=ORIENTED_EDGE('',*,*,#1558,.T.);
#1995=ORIENTED_EDGE('',*,*,#1558,.F.);
#1996=ORIENTED_EDGE('',*,*,#1559,.F.);
#1997=ORIENTED_EDGE('',*,*,#1560,.T.);
#1998=ORIENTED_EDGE('',*,*,#1557,.T.);
#1999=ORIENTED_EDGE('',*,*,#1560,.F.);
#2000=ORIENTED_EDGE('',*,*,#1561,.F.);
#2001=ORIENTED_EDGE('',*,*,#1562,.T.);
#2002=ORIENTED_EDGE('',*,*,#1562,.F.);
#2003=ORIENTED_EDGE('',*,*,#1563,.F.);
#2004=ORIENTED_EDGE('',*,*,#1564,.T.);
#2005=ORIENTED_EDGE('',*,*,#1561,.T.);
#2006=ORIENTED_EDGE('',*,*,#1564,.F.);
#2007=ORIENTED_EDGE('',*,*,#1565,.F.);
#2008=ORIENTED_EDGE('',*,*,#1566,.T.);
#2009=ORIENTED_EDGE('',*,*,#1566,.F.);
#2010=ORIENTED_EDGE('',*,*,#1567,.F.);
#2011=ORIENTED_EDGE('',*,*,#1568,.T.);
#2012=ORIENTED_EDGE('',*,*,#1565,.T.);
#2013=ORIENTED_EDGE('',*,*,#1568,.F.);
#2014=ORIENTED_EDGE('',*,*,#1569,.T.);
#2015=ORIENTED_EDGE('',*,*,#1570,.T.);
#2016=ORIENTED_EDGE('',*,*,#1465,.F.);
#2017=ORIENTED_EDGE('',*,*,#1570,.F.);
#2018=ORIENTED_EDGE('',*,*,#1569,.F.);
#2019=ORIENTED_EDGE('',*,*,#1519,.T.);
#2020=ORIENTED_EDGE('',*,*,#1571,.T.);
#2021=ORIENTED_EDGE('',*,*,#1572,.T.);
#2022=ORIENTED_EDGE('',*,*,#1464,.F.);
#2023=ORIENTED_EDGE('',*,*,#1572,.F.);
#2024=ORIENTED_EDGE('',*,*,#1571,.F.);
#2025=ORIENTED_EDGE('',*,*,#1515,.T.);
#2026=ORIENTED_EDGE('',*,*,#1573,.F.);
#2027=ORIENTED_EDGE('',*,*,#1574,.T.);
#2028=ORIENTED_EDGE('',*,*,#1433,.F.);
#2029=ORIENTED_EDGE('',*,*,#1574,.F.);
#2030=ORIENTED_EDGE('',*,*,#1573,.T.);
#2031=ORIENTED_EDGE('',*,*,#1575,.F.);
#2032=ORIENTED_EDGE('',*,*,#1576,.T.);
#2033=ORIENTED_EDGE('',*,*,#1434,.F.);
#2034=ORIENTED_EDGE('',*,*,#1576,.F.);
#2035=ORIENTED_EDGE('',*,*,#1575,.T.);
#2036=ORIENTED_EDGE('',*,*,#1577,.F.);
#2037=ORIENTED_EDGE('',*,*,#1578,.T.);
#2038=ORIENTED_EDGE('',*,*,#1435,.F.);
#2039=ORIENTED_EDGE('',*,*,#1578,.F.);
#2040=ORIENTED_EDGE('',*,*,#1577,.T.);
#2041=ORIENTED_EDGE('',*,*,#1579,.F.);
#2042=ORIENTED_EDGE('',*,*,#1580,.T.);
#2043=ORIENTED_EDGE('',*,*,#1436,.F.);
#2044=ORIENTED_EDGE('',*,*,#1580,.F.);
#2045=ORIENTED_EDGE('',*,*,#1579,.T.);
#2046=ORIENTED_EDGE('',*,*,#1581,.F.);
#2047=ORIENTED_EDGE('',*,*,#1582,.T.);
#2048=ORIENTED_EDGE('',*,*,#1437,.F.);
#2049=ORIENTED_EDGE('',*,*,#1582,.F.);
#2050=ORIENTED_EDGE('',*,*,#1581,.T.);
#2051=ORIENTED_EDGE('',*,*,#1583,.F.);
#2052=ORIENTED_EDGE('',*,*,#1584,.T.);
#2053=ORIENTED_EDGE('',*,*,#1438,.F.);
#2054=ORIENTED_EDGE('',*,*,#1584,.F.);
#2055=ORIENTED_EDGE('',*,*,#1583,.T.);
#2056=ORIENTED_EDGE('',*,*,#1585,.F.);
#2057=ORIENTED_EDGE('',*,*,#1586,.T.);
#2058=ORIENTED_EDGE('',*,*,#1463,.F.);
#2059=ORIENTED_EDGE('',*,*,#1586,.F.);
#2060=ORIENTED_EDGE('',*,*,#1585,.T.);
#2061=ORIENTED_EDGE('',*,*,#1587,.F.);
#2062=ORIENTED_EDGE('',*,*,#1588,.T.);
#2063=ORIENTED_EDGE('',*,*,#1462,.F.);
#2064=ORIENTED_EDGE('',*,*,#1588,.F.);
#2065=ORIENTED_EDGE('',*,*,#1587,.T.);
#2066=ORIENTED_EDGE('',*,*,#1589,.F.);
#2067=ORIENTED_EDGE('',*,*,#1590,.T.);
#2068=ORIENTED_EDGE('',*,*,#1461,.F.);
#2069=ORIENTED_EDGE('',*,*,#1590,.F.);
#2070=ORIENTED_EDGE('',*,*,#1589,.T.);
#2071=ORIENTED_EDGE('',*,*,#1591,.F.);
#2072=ORIENTED_EDGE('',*,*,#1592,.T.);
#2073=ORIENTED_EDGE('',*,*,#1460,.F.);
#2074=ORIENTED_EDGE('',*,*,#1592,.F.);
#2075=ORIENTED_EDGE('',*,*,#1591,.T.);
#2076=ORIENTED_EDGE('',*,*,#1593,.F.);
#2077=ORIENTED_EDGE('',*,*,#1594,.T.);
#2078=ORIENTED_EDGE('',*,*,#1459,.F.);
#2079=ORIENTED_EDGE('',*,*,#1594,.F.);
#2080=ORIENTED_EDGE('',*,*,#1593,.T.);
#2081=ORIENTED_EDGE('',*,*,#1595,.F.);
#2082=ORIENTED_EDGE('',*,*,#1596,.T.);
#2083=ORIENTED_EDGE('',*,*,#1458,.F.);
#2084=ORIENTED_EDGE('',*,*,#1596,.F.);
#2085=ORIENTED_EDGE('',*,*,#1595,.T.);
#2086=ORIENTED_EDGE('',*,*,#1597,.F.);
#2087=ORIENTED_EDGE('',*,*,#1598,.T.);
#2088=ORIENTED_EDGE('',*,*,#1457,.F.);
#2089=ORIENTED_EDGE('',*,*,#1598,.F.);
#2090=ORIENTED_EDGE('',*,*,#1597,.T.);
#2091=ORIENTED_EDGE('',*,*,#1599,.F.);
#2092=ORIENTED_EDGE('',*,*,#1600,.T.);
#2093=ORIENTED_EDGE('',*,*,#1456,.F.);
#2094=ORIENTED_EDGE('',*,*,#1600,.F.);
#2095=ORIENTED_EDGE('',*,*,#1599,.T.);
#2096=ORIENTED_EDGE('',*,*,#1601,.F.);
#2097=ORIENTED_EDGE('',*,*,#1602,.F.);
#2098=ORIENTED_EDGE('',*,*,#1603,.F.);
#2099=ORIENTED_EDGE('',*,*,#1604,.F.);
#2100=ORIENTED_EDGE('',*,*,#1605,.F.);
#2101=ORIENTED_EDGE('',*,*,#1606,.T.);
#2102=ORIENTED_EDGE('',*,*,#1607,.F.);
#2103=ORIENTED_EDGE('',*,*,#1608,.T.);
#2104=ORIENTED_EDGE('',*,*,#1609,.F.);
#2105=ORIENTED_EDGE('',*,*,#1610,.T.);
#2106=ORIENTED_EDGE('',*,*,#1611,.F.);
#2107=ORIENTED_EDGE('',*,*,#1612,.T.);
#2108=ORIENTED_EDGE('',*,*,#1613,.F.);
#2109=ORIENTED_EDGE('',*,*,#1614,.T.);
#2110=ORIENTED_EDGE('',*,*,#1615,.T.);
#2111=ORIENTED_EDGE('',*,*,#1616,.F.);
#2112=ORIENTED_EDGE('',*,*,#1617,.F.);
#2113=ORIENTED_EDGE('',*,*,#1495,.T.);
#2114=ORIENTED_EDGE('',*,*,#1618,.F.);
#2115=ORIENTED_EDGE('',*,*,#1531,.T.);
#2116=ORIENTED_EDGE('',*,*,#1619,.F.);
#2117=ORIENTED_EDGE('',*,*,#1523,.T.);
#2118=ORIENTED_EDGE('',*,*,#1620,.F.);
#2119=ORIENTED_EDGE('',*,*,#1563,.T.);
#2120=ORIENTED_EDGE('',*,*,#1621,.F.);
#2121=ORIENTED_EDGE('',*,*,#1543,.T.);
#2122=ORIENTED_EDGE('',*,*,#1622,.F.);
#2123=ORIENTED_EDGE('',*,*,#1499,.T.);
#2124=ORIENTED_EDGE('',*,*,#1623,.F.);
#2125=ORIENTED_EDGE('',*,*,#1491,.T.);
#2126=ORIENTED_EDGE('',*,*,#1624,.F.);
#2127=ORIENTED_EDGE('',*,*,#1511,.T.);
#2128=ORIENTED_EDGE('',*,*,#1625,.F.);
#2129=ORIENTED_EDGE('',*,*,#1535,.T.);
#2130=ORIENTED_EDGE('',*,*,#1626,.F.);
#2131=ORIENTED_EDGE('',*,*,#1539,.T.);
#2132=ORIENTED_EDGE('',*,*,#1627,.F.);
#2133=ORIENTED_EDGE('',*,*,#1547,.T.);
#2134=ORIENTED_EDGE('',*,*,#1628,.F.);
#2135=ORIENTED_EDGE('',*,*,#1567,.T.);
#2136=ORIENTED_EDGE('',*,*,#1629,.F.);
#2137=ORIENTED_EDGE('',*,*,#1551,.T.);
#2138=ORIENTED_EDGE('',*,*,#1630,.F.);
#2139=ORIENTED_EDGE('',*,*,#1555,.T.);
#2140=ORIENTED_EDGE('',*,*,#1631,.F.);
#2141=ORIENTED_EDGE('',*,*,#1527,.T.);
#2142=ORIENTED_EDGE('',*,*,#1632,.F.);
#2143=ORIENTED_EDGE('',*,*,#1507,.T.);
#2144=ORIENTED_EDGE('',*,*,#1633,.F.);
#2145=ORIENTED_EDGE('',*,*,#1503,.T.);
#2146=ORIENTED_EDGE('',*,*,#1634,.F.);
#2147=ORIENTED_EDGE('',*,*,#1559,.T.);
#2148=ORIENTED_EDGE('',*,*,#1475,.T.);
#2149=ORIENTED_EDGE('',*,*,#1635,.T.);
#2150=ORIENTED_EDGE('',*,*,#1607,.T.);
#2151=ORIENTED_EDGE('',*,*,#1636,.T.);
#2152=ORIENTED_EDGE('',*,*,#1635,.F.);
#2153=ORIENTED_EDGE('',*,*,#1474,.F.);
#2154=ORIENTED_EDGE('',*,*,#1637,.F.);
#2155=ORIENTED_EDGE('',*,*,#1608,.F.);
#2156=ORIENTED_EDGE('',*,*,#1473,.T.);
#2157=ORIENTED_EDGE('',*,*,#1638,.T.);
#2158=ORIENTED_EDGE('',*,*,#1609,.T.);
#2159=ORIENTED_EDGE('',*,*,#1637,.T.);
#2160=ORIENTED_EDGE('',*,*,#1639,.F.);
#2161=ORIENTED_EDGE('',*,*,#1610,.F.);
#2162=ORIENTED_EDGE('',*,*,#1638,.F.);
#2163=ORIENTED_EDGE('',*,*,#1472,.F.);
#2164=ORIENTED_EDGE('',*,*,#1471,.T.);
#2165=ORIENTED_EDGE('',*,*,#1640,.T.);
#2166=ORIENTED_EDGE('',*,*,#1611,.T.);
#2167=ORIENTED_EDGE('',*,*,#1639,.T.);
#2168=ORIENTED_EDGE('',*,*,#1641,.F.);
#2169=ORIENTED_EDGE('',*,*,#1612,.F.);
#2170=ORIENTED_EDGE('',*,*,#1640,.F.);
#2171=ORIENTED_EDGE('',*,*,#1470,.F.);
#2172=ORIENTED_EDGE('',*,*,#1469,.T.);
#2173=ORIENTED_EDGE('',*,*,#1642,.T.);
#2174=ORIENTED_EDGE('',*,*,#1605,.T.);
#2175=ORIENTED_EDGE('',*,*,#1641,.T.);
#2176=ORIENTED_EDGE('',*,*,#1643,.T.);
#2177=ORIENTED_EDGE('',*,*,#1644,.T.);
#2178=ORIENTED_EDGE('',*,*,#1645,.F.);
#2179=ORIENTED_EDGE('',*,*,#1646,.T.);
#2180=ORIENTED_EDGE('',*,*,#1647,.F.);
#2181=ORIENTED_EDGE('',*,*,#1648,.F.);
#2182=ORIENTED_EDGE('',*,*,#1649,.F.);
#2183=ORIENTED_EDGE('',*,*,#1650,.F.);
#2184=ORIENTED_EDGE('',*,*,#1651,.F.);
#2185=ORIENTED_EDGE('',*,*,#1646,.F.);
#2186=ORIENTED_EDGE('',*,*,#1652,.F.);
#2187=ORIENTED_EDGE('',*,*,#1653,.T.);
#2188=ORIENTED_EDGE('',*,*,#1654,.F.);
#2189=ORIENTED_EDGE('',*,*,#1655,.T.);
#2190=ORIENTED_EDGE('',*,*,#1656,.F.);
#2191=ORIENTED_EDGE('',*,*,#1656,.T.);
#2192=ORIENTED_EDGE('',*,*,#1657,.F.);
#2193=ORIENTED_EDGE('',*,*,#1658,.T.);
#2194=ORIENTED_EDGE('',*,*,#1659,.F.);
#2195=ORIENTED_EDGE('',*,*,#1660,.F.);
#2196=ORIENTED_EDGE('',*,*,#1658,.F.);
#2197=ORIENTED_EDGE('',*,*,#1661,.F.);
#2198=ORIENTED_EDGE('',*,*,#1662,.F.);
#2199=ORIENTED_EDGE('',*,*,#1654,.T.);
#2200=ORIENTED_EDGE('',*,*,#1663,.F.);
#2201=ORIENTED_EDGE('',*,*,#1662,.T.);
#2202=ORIENTED_EDGE('',*,*,#1664,.F.);
#2203=ORIENTED_EDGE('',*,*,#1642,.F.);
#2204=ORIENTED_EDGE('',*,*,#1476,.F.);
#2205=ORIENTED_EDGE('',*,*,#1636,.F.);
#2206=ORIENTED_EDGE('',*,*,#1606,.F.);
#2207=ORIENTED_EDGE('',*,*,#1665,.T.);
#2208=ORIENTED_EDGE('',*,*,#1666,.F.);
#2209=ORIENTED_EDGE('',*,*,#1479,.T.);
#2210=ORIENTED_EDGE('',*,*,#1482,.F.);
#2211=ORIENTED_EDGE('',*,*,#1486,.T.);
#2212=ORIENTED_EDGE('',*,*,#1667,.T.);
#2213=ORIENTED_EDGE('',*,*,#1613,.T.);
#2214=ORIENTED_EDGE('',*,*,#1668,.T.);
#2215=ORIENTED_EDGE('',*,*,#1669,.T.);
#2216=ORIENTED_EDGE('',*,*,#1670,.T.);
#2217=ORIENTED_EDGE('',*,*,#1671,.T.);
#2218=ORIENTED_EDGE('',*,*,#1614,.F.);
#2219=ORIENTED_EDGE('',*,*,#1667,.F.);
#2220=ORIENTED_EDGE('',*,*,#1485,.T.);
#2221=ORIENTED_EDGE('',*,*,#1672,.T.);
#2222=ORIENTED_EDGE('',*,*,#1673,.F.);
#2223=ORIENTED_EDGE('',*,*,#1615,.F.);
#2224=ORIENTED_EDGE('',*,*,#1671,.F.);
#2225=ORIENTED_EDGE('',*,*,#1674,.T.);
#2226=ORIENTED_EDGE('',*,*,#1675,.T.);
#2227=ORIENTED_EDGE('',*,*,#1676,.F.);
#2228=ORIENTED_EDGE('',*,*,#1668,.F.);
#2229=ORIENTED_EDGE('',*,*,#1616,.T.);
#2230=ORIENTED_EDGE('',*,*,#1673,.T.);
#2231=ORIENTED_EDGE('',*,*,#1677,.T.);
#2232=ORIENTED_EDGE('',*,*,#1678,.F.);
#2233=ORIENTED_EDGE('',*,*,#1679,.F.);
#2234=ORIENTED_EDGE('',*,*,#1675,.F.);
#2235=ORIENTED_EDGE('',*,*,#1680,.F.);
#2236=ORIENTED_EDGE('',*,*,#1681,.F.);
#2237=ORIENTED_EDGE('',*,*,#1645,.T.);
#2238=ORIENTED_EDGE('',*,*,#1682,.T.);
#2239=ORIENTED_EDGE('',*,*,#1648,.T.);
#2240=ORIENTED_EDGE('',*,*,#1683,.T.);
#2241=ORIENTED_EDGE('',*,*,#1684,.T.);
#2242=ORIENTED_EDGE('',*,*,#1685,.T.);
#2243=ORIENTED_EDGE('',*,*,#1643,.F.);
#2244=ORIENTED_EDGE('',*,*,#1686,.F.);
#2245=ORIENTED_EDGE('',*,*,#1687,.F.);
#2246=ORIENTED_EDGE('',*,*,#1617,.T.);
#2247=ORIENTED_EDGE('',*,*,#1688,.T.);
#2248=ORIENTED_EDGE('',*,*,#1439,.F.);
#2249=ORIENTED_EDGE('',*,*,#1688,.F.);
#2250=ORIENTED_EDGE('',*,*,#1618,.T.);
#2251=ORIENTED_EDGE('',*,*,#1689,.T.);
#2252=ORIENTED_EDGE('',*,*,#1440,.F.);
#2253=ORIENTED_EDGE('',*,*,#1689,.F.);
#2254=ORIENTED_EDGE('',*,*,#1619,.T.);
#2255=ORIENTED_EDGE('',*,*,#1690,.T.);
#2256=ORIENTED_EDGE('',*,*,#1441,.F.);
#2257=ORIENTED_EDGE('',*,*,#1690,.F.);
#2258=ORIENTED_EDGE('',*,*,#1620,.T.);
#2259=ORIENTED_EDGE('',*,*,#1691,.T.);
#2260=ORIENTED_EDGE('',*,*,#1442,.F.);
#2261=ORIENTED_EDGE('',*,*,#1691,.F.);
#2262=ORIENTED_EDGE('',*,*,#1621,.T.);
#2263=ORIENTED_EDGE('',*,*,#1692,.T.);
#2264=ORIENTED_EDGE('',*,*,#1443,.F.);
#2265=ORIENTED_EDGE('',*,*,#1692,.F.);
#2266=ORIENTED_EDGE('',*,*,#1622,.T.);
#2267=ORIENTED_EDGE('',*,*,#1693,.T.);
#2268=ORIENTED_EDGE('',*,*,#1444,.F.);
#2269=ORIENTED_EDGE('',*,*,#1693,.F.);
#2270=ORIENTED_EDGE('',*,*,#1623,.T.);
#2271=ORIENTED_EDGE('',*,*,#1694,.T.);
#2272=ORIENTED_EDGE('',*,*,#1445,.F.);
#2273=ORIENTED_EDGE('',*,*,#1694,.F.);
#2274=ORIENTED_EDGE('',*,*,#1624,.T.);
#2275=ORIENTED_EDGE('',*,*,#1695,.T.);
#2276=ORIENTED_EDGE('',*,*,#1446,.F.);
#2277=ORIENTED_EDGE('',*,*,#1695,.F.);
#2278=ORIENTED_EDGE('',*,*,#1625,.T.);
#2279=ORIENTED_EDGE('',*,*,#1696,.T.);
#2280=ORIENTED_EDGE('',*,*,#1447,.F.);
#2281=ORIENTED_EDGE('',*,*,#1696,.F.);
#2282=ORIENTED_EDGE('',*,*,#1626,.T.);
#2283=ORIENTED_EDGE('',*,*,#1697,.T.);
#2284=ORIENTED_EDGE('',*,*,#1448,.F.);
#2285=ORIENTED_EDGE('',*,*,#1697,.F.);
#2286=ORIENTED_EDGE('',*,*,#1627,.T.);
#2287=ORIENTED_EDGE('',*,*,#1698,.T.);
#2288=ORIENTED_EDGE('',*,*,#1449,.F.);
#2289=ORIENTED_EDGE('',*,*,#1698,.F.);
#2290=ORIENTED_EDGE('',*,*,#1628,.T.);
#2291=ORIENTED_EDGE('',*,*,#1699,.T.);
#2292=ORIENTED_EDGE('',*,*,#1450,.F.);
#2293=ORIENTED_EDGE('',*,*,#1699,.F.);
#2294=ORIENTED_EDGE('',*,*,#1629,.T.);
#2295=ORIENTED_EDGE('',*,*,#1700,.T.);
#2296=ORIENTED_EDGE('',*,*,#1451,.F.);
#2297=ORIENTED_EDGE('',*,*,#1700,.F.);
#2298=ORIENTED_EDGE('',*,*,#1630,.T.);
#2299=ORIENTED_EDGE('',*,*,#1701,.T.);
#2300=ORIENTED_EDGE('',*,*,#1452,.F.);
#2301=ORIENTED_EDGE('',*,*,#1701,.F.);
#2302=ORIENTED_EDGE('',*,*,#1631,.T.);
#2303=ORIENTED_EDGE('',*,*,#1702,.T.);
#2304=ORIENTED_EDGE('',*,*,#1453,.F.);
#2305=ORIENTED_EDGE('',*,*,#1702,.F.);
#2306=ORIENTED_EDGE('',*,*,#1632,.T.);
#2307=ORIENTED_EDGE('',*,*,#1703,.T.);
#2308=ORIENTED_EDGE('',*,*,#1454,.F.);
#2309=ORIENTED_EDGE('',*,*,#1703,.F.);
#2310=ORIENTED_EDGE('',*,*,#1633,.T.);
#2311=ORIENTED_EDGE('',*,*,#1704,.T.);
#2312=ORIENTED_EDGE('',*,*,#1455,.F.);
#2313=ORIENTED_EDGE('',*,*,#1704,.F.);
#2314=ORIENTED_EDGE('',*,*,#1705,.F.);
#2315=ORIENTED_EDGE('',*,*,#1430,.F.);
#2316=ORIENTED_EDGE('',*,*,#1687,.T.);
#2317=ORIENTED_EDGE('',*,*,#1706,.F.);
#2318=ORIENTED_EDGE('',*,*,#1634,.T.);
#2319=ORIENTED_EDGE('',*,*,#1707,.T.);
#2320=ORIENTED_EDGE('',*,*,#1428,.F.);
#2321=ORIENTED_EDGE('',*,*,#1684,.F.);
#2322=ORIENTED_EDGE('',*,*,#1429,.F.);
#2323=ORIENTED_EDGE('',*,*,#1707,.F.);
#2324=ORIENTED_EDGE('',*,*,#1652,.T.);
#2325=ORIENTED_EDGE('',*,*,#1649,.T.);
#2326=ORIENTED_EDGE('',*,*,#1682,.F.);
#2327=ORIENTED_EDGE('',*,*,#1644,.F.);
#2328=ORIENTED_EDGE('',*,*,#1685,.F.);
#2329=ORIENTED_EDGE('',*,*,#1427,.F.);
#2330=ORIENTED_EDGE('',*,*,#1416,.T.);
#2331=ORIENTED_EDGE('',*,*,#1708,.F.);
#2332=ORIENTED_EDGE('',*,*,#1663,.T.);
#2333=ORIENTED_EDGE('',*,*,#1653,.F.);
#2334=ORIENTED_EDGE('',*,*,#1659,.T.);
#2335=ORIENTED_EDGE('',*,*,#1660,.T.);
#2336=ORIENTED_EDGE('',*,*,#1708,.T.);
#2337=ORIENTED_EDGE('',*,*,#1415,.T.);
#2338=ORIENTED_EDGE('',*,*,#1709,.T.);
#2339=ORIENTED_EDGE('',*,*,#1650,.T.);
#2340=ORIENTED_EDGE('',*,*,#1651,.T.);
#2341=ORIENTED_EDGE('',*,*,#1709,.F.);
#2342=ORIENTED_EDGE('',*,*,#1414,.T.);
#2343=ORIENTED_EDGE('',*,*,#1710,.F.);
#2344=ORIENTED_EDGE('',*,*,#1677,.F.);
#2345=ORIENTED_EDGE('',*,*,#1711,.F.);
#2346=ORIENTED_EDGE('',*,*,#1712,.T.);
#2347=ORIENTED_EDGE('',*,*,#1713,.F.);
#2348=ORIENTED_EDGE('',*,*,#1683,.F.);
#2349=ORIENTED_EDGE('',*,*,#1647,.T.);
#2350=ORIENTED_EDGE('',*,*,#1664,.T.);
#2351=ORIENTED_EDGE('',*,*,#1661,.T.);
#2352=ORIENTED_EDGE('',*,*,#1657,.T.);
#2353=ORIENTED_EDGE('',*,*,#1655,.F.);
#2354=ORIENTED_EDGE('',*,*,#1413,.T.);
#2355=ORIENTED_EDGE('',*,*,#1714,.F.);
#2356=ORIENTED_EDGE('',*,*,#1678,.T.);
#2357=ORIENTED_EDGE('',*,*,#1710,.T.);
#2358=ORIENTED_EDGE('',*,*,#1412,.T.);
#2359=ORIENTED_EDGE('',*,*,#1715,.F.);
#2360=ORIENTED_EDGE('',*,*,#1665,.F.);
#2361=ORIENTED_EDGE('',*,*,#1676,.T.);
#2362=ORIENTED_EDGE('',*,*,#1679,.T.);
#2363=ORIENTED_EDGE('',*,*,#1714,.T.);
#2364=ORIENTED_EDGE('',*,*,#1411,.T.);
#2365=ORIENTED_EDGE('',*,*,#1480,.T.);
#2366=ORIENTED_EDGE('',*,*,#1666,.T.);
#2367=ORIENTED_EDGE('',*,*,#1715,.T.);
#2368=ORIENTED_EDGE('',*,*,#1716,.T.);
#2369=ORIENTED_EDGE('',*,*,#1717,.F.);
#2370=ORIENTED_EDGE('',*,*,#1669,.F.);
#2371=ORIENTED_EDGE('',*,*,#1484,.F.);
#2372=ORIENTED_EDGE('',*,*,#1488,.F.);
#2373=ORIENTED_EDGE('',*,*,#1718,.T.);
#2374=ORIENTED_EDGE('',*,*,#1719,.T.);
#2375=ORIENTED_EDGE('',*,*,#1711,.T.);
#2376=ORIENTED_EDGE('',*,*,#1680,.T.);
#2377=ORIENTED_EDGE('',*,*,#1674,.F.);
#2378=ORIENTED_EDGE('',*,*,#1672,.F.);
#2379=ORIENTED_EDGE('',*,*,#1670,.F.);
#2380=ORIENTED_EDGE('',*,*,#1717,.T.);
#2381=ORIENTED_EDGE('',*,*,#1720,.F.);
#2382=ORIENTED_EDGE('',*,*,#1721,.T.);
#2383=ORIENTED_EDGE('',*,*,#1712,.F.);
#2384=ORIENTED_EDGE('',*,*,#1719,.F.);
#2385=ORIENTED_EDGE('',*,*,#1722,.F.);
#2386=ORIENTED_EDGE('',*,*,#1723,.T.);
#2387=ORIENTED_EDGE('',*,*,#1724,.T.);
#2388=ORIENTED_EDGE('',*,*,#1725,.T.);
#2389=ORIENTED_EDGE('',*,*,#1722,.T.);
#2390=ORIENTED_EDGE('',*,*,#1726,.T.);
#2391=ORIENTED_EDGE('',*,*,#1727,.F.);
#2392=ORIENTED_EDGE('',*,*,#1706,.T.);
#2393=ORIENTED_EDGE('',*,*,#1686,.T.);
#2394=ORIENTED_EDGE('',*,*,#1681,.T.);
#2395=ORIENTED_EDGE('',*,*,#1713,.T.);
#2396=ORIENTED_EDGE('',*,*,#1721,.F.);
#2397=ORIENTED_EDGE('',*,*,#1728,.T.);
#2398=ORIENTED_EDGE('',*,*,#1705,.T.);
#2399=ORIENTED_EDGE('',*,*,#1727,.T.);
#2400=ORIENTED_EDGE('',*,*,#1729,.T.);
#2401=ORIENTED_EDGE('',*,*,#1431,.F.);
#2402=ORIENTED_EDGE('',*,*,#1730,.T.);
#2403=ORIENTED_EDGE('',*,*,#1731,.F.);
#2404=ORIENTED_EDGE('',*,*,#1732,.T.);
#2405=ORIENTED_EDGE('',*,*,#1733,.F.);
#2406=ORIENTED_EDGE('',*,*,#1733,.T.);
#2407=ORIENTED_EDGE('',*,*,#1734,.F.);
#2408=ORIENTED_EDGE('',*,*,#1735,.T.);
#2409=ORIENTED_EDGE('',*,*,#1736,.F.);
#2410=ORIENTED_EDGE('',*,*,#1737,.F.);
#2411=ORIENTED_EDGE('',*,*,#1735,.F.);
#2412=ORIENTED_EDGE('',*,*,#1738,.F.);
#2413=ORIENTED_EDGE('',*,*,#1739,.F.);
#2414=ORIENTED_EDGE('',*,*,#1731,.T.);
#2415=ORIENTED_EDGE('',*,*,#1740,.F.);
#2416=ORIENTED_EDGE('',*,*,#1739,.T.);
#2417=ORIENTED_EDGE('',*,*,#1741,.F.);
#2418=ORIENTED_EDGE('',*,*,#1604,.T.);
#2419=ORIENTED_EDGE('',*,*,#1742,.T.);
#2420=ORIENTED_EDGE('',*,*,#1723,.F.);
#2421=ORIENTED_EDGE('',*,*,#1728,.F.);
#2422=ORIENTED_EDGE('',*,*,#1720,.T.);
#2423=ORIENTED_EDGE('',*,*,#1718,.F.);
#2424=ORIENTED_EDGE('',*,*,#1716,.F.);
#2425=ORIENTED_EDGE('',*,*,#1487,.F.);
#2426=ORIENTED_EDGE('',*,*,#1406,.T.);
#2427=ORIENTED_EDGE('',*,*,#1743,.F.);
#2428=ORIENTED_EDGE('',*,*,#1740,.T.);
#2429=ORIENTED_EDGE('',*,*,#1730,.F.);
#2430=ORIENTED_EDGE('',*,*,#1736,.T.);
#2431=ORIENTED_EDGE('',*,*,#1737,.T.);
#2432=ORIENTED_EDGE('',*,*,#1603,.T.);
#2433=ORIENTED_EDGE('',*,*,#1744,.F.);
#2434=ORIENTED_EDGE('',*,*,#1724,.F.);
#2435=ORIENTED_EDGE('',*,*,#1742,.F.);
#2436=ORIENTED_EDGE('',*,*,#1602,.T.);
#2437=ORIENTED_EDGE('',*,*,#1745,.F.);
#2438=ORIENTED_EDGE('',*,*,#1404,.T.);
#2439=ORIENTED_EDGE('',*,*,#1432,.F.);
#2440=ORIENTED_EDGE('',*,*,#1729,.F.);
#2441=ORIENTED_EDGE('',*,*,#1726,.F.);
#2442=ORIENTED_EDGE('',*,*,#1725,.F.);
#2443=ORIENTED_EDGE('',*,*,#1744,.T.);
#2444=ORIENTED_EDGE('',*,*,#1741,.T.);
#2445=ORIENTED_EDGE('',*,*,#1738,.T.);
#2446=ORIENTED_EDGE('',*,*,#1734,.T.);
#2447=ORIENTED_EDGE('',*,*,#1732,.F.);
#2448=ORIENTED_EDGE('',*,*,#1743,.T.);
#2449=ORIENTED_EDGE('',*,*,#1405,.T.);
#2450=ORIENTED_EDGE('',*,*,#1745,.T.);
#2451=ORIENTED_EDGE('',*,*,#1601,.T.);
#2452=CYLINDRICAL_SURFACE('',#2681,1.);
#2453=CYLINDRICAL_SURFACE('',#2685,1.);
#2454=CYLINDRICAL_SURFACE('',#2691,1.);
#2455=CYLINDRICAL_SURFACE('',#2732,1.);
#2456=CYLINDRICAL_SURFACE('',#2741,1.);
#2457=CYLINDRICAL_SURFACE('',#2747,1.44999999999998);
#2458=CYLINDRICAL_SURFACE('',#2751,1.45000000000002);
#2459=CYLINDRICAL_SURFACE('',#2755,1.45000000000002);
#2460=CYLINDRICAL_SURFACE('',#2759,1.45000000000002);
#2461=CYLINDRICAL_SURFACE('',#2763,1.45);
#2462=CYLINDRICAL_SURFACE('',#2767,1.44999999999998);
#2463=CYLINDRICAL_SURFACE('',#2771,1.44999999999999);
#2464=CYLINDRICAL_SURFACE('',#2775,1.44999999999999);
#2465=CYLINDRICAL_SURFACE('',#2779,1.45);
#2466=CYLINDRICAL_SURFACE('',#2783,1.45000000000002);
#2467=CYLINDRICAL_SURFACE('',#2787,1.45);
#2468=CYLINDRICAL_SURFACE('',#2791,1.45000000000003);
#2469=CYLINDRICAL_SURFACE('',#2795,1.45000000000001);
#2470=CYLINDRICAL_SURFACE('',#2799,1.44999999999999);
#2471=CYLINDRICAL_SURFACE('',#2803,1.45);
#2472=CYLINDRICAL_SURFACE('',#2807,1.45);
#2473=CYLINDRICAL_SURFACE('',#2811,1.45);
#2474=CYLINDRICAL_SURFACE('',#2815,1.45);
#2475=CYLINDRICAL_SURFACE('',#2819,1.45);
#2476=CYLINDRICAL_SURFACE('',#2823,1.45);
#2477=CYLINDRICAL_SURFACE('',#2831,2.5);
#2478=CYLINDRICAL_SURFACE('',#2834,2.5);
#2479=CYLINDRICAL_SURFACE('',#2837,2.5);
#2480=CYLINDRICAL_SURFACE('',#2840,2.5);
#2481=CYLINDRICAL_SURFACE('',#2843,2.5);
#2482=CYLINDRICAL_SURFACE('',#2846,2.5);
#2483=CYLINDRICAL_SURFACE('',#2849,2.5);
#2484=CYLINDRICAL_SURFACE('',#2852,2.5);
#2485=CYLINDRICAL_SURFACE('',#2855,2.5);
#2486=CYLINDRICAL_SURFACE('',#2858,2.5);
#2487=CYLINDRICAL_SURFACE('',#2861,2.5);
#2488=CYLINDRICAL_SURFACE('',#2864,2.5);
#2489=CYLINDRICAL_SURFACE('',#2867,2.5);
#2490=CYLINDRICAL_SURFACE('',#2870,2.5);
#2491=CYLINDRICAL_SURFACE('',#2916,4.);
#2492=CYLINDRICAL_SURFACE('',#2918,4.);
#2493=CYLINDRICAL_SURFACE('',#2920,4.);
#2494=CYLINDRICAL_SURFACE('',#2922,4.);
#2495=CYLINDRICAL_SURFACE('',#2935,1.00000000000001);
#2496=CYLINDRICAL_SURFACE('',#2940,0.999999999999996);
#2497=CYLINDRICAL_SURFACE('',#2944,4.);
#2498=CYLINDRICAL_SURFACE('',#2972,1.);
#2499=CYLINDRICAL_SURFACE('',#2978,10.);
#2500=ADVANCED_FACE('',(#193),#2452,.F.);
#2501=ADVANCED_FACE('',(#194),#114,.F.);
#2502=ADVANCED_FACE('',(#195),#2453,.F.);
#2503=ADVANCED_FACE('',(#196),#115,.T.);
#2504=ADVANCED_FACE('',(#197),#2454,.F.);
#2505=ADVANCED_FACE('',(#198,#55,#56,#57,#58,#59,#60,#61,#62,#63,#64,#65,
#66,#67,#68,#69,#70,#71,#72,#73,#74,#75,#76,#77,#78,#79,#80,#81,#82,#83,
#84,#85,#86,#87),#116,.T.);
#2506=ADVANCED_FACE('',(#199),#117,.F.);
#2507=ADVANCED_FACE('',(#200),#2455,.F.);
#2508=ADVANCED_FACE('',(#201,#88),#118,.T.);
#2509=ADVANCED_FACE('',(#202),#119,.F.);
#2510=ADVANCED_FACE('',(#203),#120,.T.);
#2511=ADVANCED_FACE('',(#204),#2456,.F.);
#2512=ADVANCED_FACE('',(#205),#121,.F.);
#2513=ADVANCED_FACE('',(#206),#122,.F.);
#2514=ADVANCED_FACE('',(#207),#15,.F.);
#2515=ADVANCED_FACE('',(#208),#2457,.F.);
#2516=ADVANCED_FACE('',(#209),#16,.F.);
#2517=ADVANCED_FACE('',(#210),#2458,.F.);
#2518=ADVANCED_FACE('',(#211),#17,.F.);
#2519=ADVANCED_FACE('',(#212),#2459,.F.);
#2520=ADVANCED_FACE('',(#213),#18,.F.);
#2521=ADVANCED_FACE('',(#214),#2460,.F.);
#2522=ADVANCED_FACE('',(#215),#19,.F.);
#2523=ADVANCED_FACE('',(#216),#2461,.F.);
#2524=ADVANCED_FACE('',(#217),#20,.F.);
#2525=ADVANCED_FACE('',(#218),#2462,.F.);
#2526=ADVANCED_FACE('',(#219),#21,.F.);
#2527=ADVANCED_FACE('',(#220),#2463,.F.);
#2528=ADVANCED_FACE('',(#221),#22,.F.);
#2529=ADVANCED_FACE('',(#222),#2464,.F.);
#2530=ADVANCED_FACE('',(#223),#23,.F.);
#2531=ADVANCED_FACE('',(#224),#2465,.F.);
#2532=ADVANCED_FACE('',(#225),#24,.F.);
#2533=ADVANCED_FACE('',(#226),#2466,.F.);
#2534=ADVANCED_FACE('',(#227),#25,.F.);
#2535=ADVANCED_FACE('',(#228),#2467,.F.);
#2536=ADVANCED_FACE('',(#229),#26,.F.);
#2537=ADVANCED_FACE('',(#230),#2468,.F.);
#2538=ADVANCED_FACE('',(#231),#27,.F.);
#2539=ADVANCED_FACE('',(#232),#2469,.F.);
#2540=ADVANCED_FACE('',(#233),#28,.F.);
#2541=ADVANCED_FACE('',(#234),#2470,.F.);
#2542=ADVANCED_FACE('',(#235),#29,.F.);
#2543=ADVANCED_FACE('',(#236),#2471,.F.);
#2544=ADVANCED_FACE('',(#237),#30,.F.);
#2545=ADVANCED_FACE('',(#238),#2472,.F.);
#2546=ADVANCED_FACE('',(#239),#31,.F.);
#2547=ADVANCED_FACE('',(#240),#2473,.F.);
#2548=ADVANCED_FACE('',(#241),#32,.F.);
#2549=ADVANCED_FACE('',(#242),#2474,.F.);
#2550=ADVANCED_FACE('',(#243),#33,.F.);
#2551=ADVANCED_FACE('',(#244),#2475,.F.);
#2552=ADVANCED_FACE('',(#245),#34,.F.);
#2553=ADVANCED_FACE('',(#246),#2476,.F.);
#2554=ADVANCED_FACE('',(#247),#35,.T.);
#2555=ADVANCED_FACE('',(#248,#89),#123,.T.);
#2556=ADVANCED_FACE('',(#249),#36,.T.);
#2557=ADVANCED_FACE('',(#250,#90),#124,.T.);
#2558=ADVANCED_FACE('',(#251),#2477,.T.);
#2559=ADVANCED_FACE('',(#252),#125,.T.);
#2560=ADVANCED_FACE('',(#253),#2478,.T.);
#2561=ADVANCED_FACE('',(#254),#126,.T.);
#2562=ADVANCED_FACE('',(#255),#2479,.T.);
#2563=ADVANCED_FACE('',(#256),#127,.T.);
#2564=ADVANCED_FACE('',(#257),#2480,.T.);
#2565=ADVANCED_FACE('',(#258),#128,.T.);
#2566=ADVANCED_FACE('',(#259),#2481,.T.);
#2567=ADVANCED_FACE('',(#260),#129,.T.);
#2568=ADVANCED_FACE('',(#261),#2482,.T.);
#2569=ADVANCED_FACE('',(#262),#130,.T.);
#2570=ADVANCED_FACE('',(#263),#2483,.T.);
#2571=ADVANCED_FACE('',(#264),#131,.T.);
#2572=ADVANCED_FACE('',(#265),#2484,.T.);
#2573=ADVANCED_FACE('',(#266),#132,.T.);
#2574=ADVANCED_FACE('',(#267),#2485,.T.);
#2575=ADVANCED_FACE('',(#268),#133,.T.);
#2576=ADVANCED_FACE('',(#269),#2486,.T.);
#2577=ADVANCED_FACE('',(#270),#134,.T.);
#2578=ADVANCED_FACE('',(#271),#2487,.T.);
#2579=ADVANCED_FACE('',(#272),#135,.T.);
#2580=ADVANCED_FACE('',(#273),#2488,.T.);
#2581=ADVANCED_FACE('',(#274),#136,.T.);
#2582=ADVANCED_FACE('',(#275),#2489,.T.);
#2583=ADVANCED_FACE('',(#276),#137,.T.);
#2584=ADVANCED_FACE('',(#277),#2490,.T.);
#2585=ADVANCED_FACE('',(#278),#138,.T.);
#2586=ADVANCED_FACE('',(#279),#139,.F.);
#2587=ADVANCED_FACE('',(#280),#140,.F.);
#2588=ADVANCED_FACE('',(#281),#141,.F.);
#2589=ADVANCED_FACE('',(#282,#91),#142,.T.);
#2590=ADVANCED_FACE('',(#283,#92),#143,.T.);
#2591=ADVANCED_FACE('',(#284,#93),#144,.T.);
#2592=ADVANCED_FACE('',(#285,#94),#145,.T.);
#2593=ADVANCED_FACE('',(#286,#95),#146,.T.);
#2594=ADVANCED_FACE('',(#287,#96),#147,.T.);
#2595=ADVANCED_FACE('',(#288,#97),#148,.T.);
#2596=ADVANCED_FACE('',(#289,#98),#149,.T.);
#2597=ADVANCED_FACE('',(#290,#99),#150,.T.);
#2598=ADVANCED_FACE('',(#291,#100),#151,.T.);
#2599=ADVANCED_FACE('',(#292,#101),#152,.T.);
#2600=ADVANCED_FACE('',(#293,#102),#153,.T.);
#2601=ADVANCED_FACE('',(#294,#103),#154,.T.);
#2602=ADVANCED_FACE('',(#295,#104),#155,.T.);
#2603=ADVANCED_FACE('',(#296,#105),#156,.T.);
#2604=ADVANCED_FACE('',(#297,#106),#157,.T.);
#2605=ADVANCED_FACE('',(#298,#107),#158,.T.);
#2606=ADVANCED_FACE('',(#299,#108),#159,.T.);
#2607=ADVANCED_FACE('',(#300),#2491,.T.);
#2608=ADVANCED_FACE('',(#301),#160,.T.);
#2609=ADVANCED_FACE('',(#302),#2492,.T.);
#2610=ADVANCED_FACE('',(#303),#161,.T.);
#2611=ADVANCED_FACE('',(#304),#2493,.T.);
#2612=ADVANCED_FACE('',(#305),#162,.T.);
#2613=ADVANCED_FACE('',(#306),#2494,.T.);
#2614=ADVANCED_FACE('',(#307),#163,.T.);
#2615=ADVANCED_FACE('',(#308),#164,.T.);
#2616=ADVANCED_FACE('',(#309),#165,.F.);
#2617=ADVANCED_FACE('',(#310),#166,.T.);
#2618=ADVANCED_FACE('',(#311),#167,.F.);
#2619=ADVANCED_FACE('',(#312),#168,.F.);
#2620=ADVANCED_FACE('',(#313),#169,.F.);
#2621=ADVANCED_FACE('',(#314,#109),#170,.T.);
#2622=ADVANCED_FACE('',(#315),#2495,.F.);
#2623=ADVANCED_FACE('',(#316),#171,.T.);
#2624=ADVANCED_FACE('',(#317),#2496,.F.);
#2625=ADVANCED_FACE('',(#318),#172,.T.);
#2626=ADVANCED_FACE('',(#319),#173,.T.);
#2627=ADVANCED_FACE('',(#320),#2497,.F.);
#2628=ADVANCED_FACE('',(#321),#37,.T.);
#2629=ADVANCED_FACE('',(#322),#38,.T.);
#2630=ADVANCED_FACE('',(#323),#39,.T.);
#2631=ADVANCED_FACE('',(#324),#40,.T.);
#2632=ADVANCED_FACE('',(#325),#41,.T.);
#2633=ADVANCED_FACE('',(#326),#42,.T.);
#2634=ADVANCED_FACE('',(#327),#43,.T.);
#2635=ADVANCED_FACE('',(#328),#44,.T.);
#2636=ADVANCED_FACE('',(#329),#45,.T.);
#2637=ADVANCED_FACE('',(#330),#46,.T.);
#2638=ADVANCED_FACE('',(#331),#47,.T.);
#2639=ADVANCED_FACE('',(#332),#48,.T.);
#2640=ADVANCED_FACE('',(#333),#49,.T.);
#2641=ADVANCED_FACE('',(#334),#50,.T.);
#2642=ADVANCED_FACE('',(#335),#51,.T.);
#2643=ADVANCED_FACE('',(#336),#52,.T.);
#2644=ADVANCED_FACE('',(#337),#53,.T.);
#2645=ADVANCED_FACE('',(#338),#174,.T.);
#2646=ADVANCED_FACE('',(#339),#54,.T.);
#2647=ADVANCED_FACE('',(#340,#110),#175,.T.);
#2648=ADVANCED_FACE('',(#341),#176,.T.);
#2649=ADVANCED_FACE('',(#342,#111),#177,.T.);
#2650=ADVANCED_FACE('',(#343),#178,.F.);
#2651=ADVANCED_FACE('',(#344),#179,.F.);
#2652=ADVANCED_FACE('',(#345),#2498,.F.);
#2653=ADVANCED_FACE('',(#346),#180,.T.);
#2654=ADVANCED_FACE('',(#347),#181,.F.);
#2655=ADVANCED_FACE('',(#348),#182,.T.);
#2656=ADVANCED_FACE('',(#349),#183,.T.);
#2657=ADVANCED_FACE('',(#350),#184,.T.);
#2658=ADVANCED_FACE('',(#351),#2499,.T.);
#2659=ADVANCED_FACE('',(#352),#185,.T.);
#2660=ADVANCED_FACE('',(#353),#186,.F.);
#2661=ADVANCED_FACE('',(#354),#187,.F.);
#2662=ADVANCED_FACE('',(#355),#188,.F.);
#2663=ADVANCED_FACE('',(#356,#112),#189,.T.);
#2664=ADVANCED_FACE('',(#357),#190,.T.);
#2665=ADVANCED_FACE('',(#358,#113),#191,.T.);
#2666=ADVANCED_FACE('',(#359),#192,.T.);
#2667=CLOSED_SHELL('',(#2500,#2501,#2502,#2503,#2504,#2505,#2506,#2507,
#2508,#2509,#2510,#2511,#2512,#2513,#2514,#2515,#2516,#2517,#2518,#2519,
#2520,#2521,#2522,#2523,#2524,#2525,#2526,#2527,#2528,#2529,#2530,#2531,
#2532,#2533,#2534,#2535,#2536,#2537,#2538,#2539,#2540,#2541,#2542,#2543,
#2544,#2545,#2546,#2547,#2548,#2549,#2550,#2551,#2552,#2553,#2554,#2555,
#2556,#2557,#2558,#2559,#2560,#2561,#2562,#2563,#2564,#2565,#2566,#2567,
#2568,#2569,#2570,#2571,#2572,#2573,#2574,#2575,#2576,#2577,#2578,#2579,
#2580,#2581,#2582,#2583,#2584,#2585,#2586,#2587,#2588,#2589,#2590,#2591,
#2592,#2593,#2594,#2595,#2596,#2597,#2598,#2599,#2600,#2601,#2602,#2603,
#2604,#2605,#2606,#2607,#2608,#2609,#2610,#2611,#2612,#2613,#2614,#2615,
#2616,#2617,#2618,#2619,#2620,#2621,#2622,#2623,#2624,#2625,#2626,#2627,
#2628,#2629,#2630,#2631,#2632,#2633,#2634,#2635,#2636,#2637,#2638,#2639,
#2640,#2641,#2642,#2643,#2644,#2645,#2646,#2647,#2648,#2649,#2650,#2651,
#2652,#2653,#2654,#2655,#2656,#2657,#2658,#2659,#2660,#2661,#2662,#2663,
#2664,#2665,#2666));
#2668=DERIVED_UNIT_ELEMENT(#2670,1.);
#2669=DERIVED_UNIT_ELEMENT(#4584,-3.);
#2670=(
MASS_UNIT()
NAMED_UNIT(*)
SI_UNIT(.KILO.,.GRAM.)
);
#2671=DERIVED_UNIT((#2668,#2669));
#2672=MEASURE_REPRESENTATION_ITEM('density measure',
POSITIVE_RATIO_MEASURE(7850.),#2671);
#2673=PROPERTY_DEFINITION_REPRESENTATION(#2678,#2675);
#2674=PROPERTY_DEFINITION_REPRESENTATION(#2679,#2676);
#2675=REPRESENTATION('material name',(#2677),#4581);
#2676=REPRESENTATION('density',(#2672),#4581);
#2677=DESCRIPTIVE_REPRESENTATION_ITEM('Steel','Steel');
#2678=PROPERTY_DEFINITION('material property','material name',#4591);
#2679=PROPERTY_DEFINITION('material property','density of part',#4591);
#2680=AXIS2_PLACEMENT_3D('',#3817,#2988,#2989);
#2681=AXIS2_PLACEMENT_3D('',#3818,#2990,#2991);
#2682=AXIS2_PLACEMENT_3D('',#3821,#2992,#2993);
#2683=AXIS2_PLACEMENT_3D('',#3825,#2995,#2996);
#2684=AXIS2_PLACEMENT_3D('',#3827,#2998,#2999);
#2685=AXIS2_PLACEMENT_3D('',#3833,#3003,#3004);
#2686=AXIS2_PLACEMENT_3D('',#3835,#3005,#3006);
#2687=AXIS2_PLACEMENT_3D('',#3838,#3008,#3009);
#2688=AXIS2_PLACEMENT_3D('',#3839,#3010,#3011);
#2689=AXIS2_PLACEMENT_3D('',#3853,#3018,#3019);
#2690=AXIS2_PLACEMENT_3D('',#3857,#3021,#3022);
#2691=AXIS2_PLACEMENT_3D('',#3873,#3031,#3032);
#2692=AXIS2_PLACEMENT_3D('',#3876,#3033,#3034);
#2693=AXIS2_PLACEMENT_3D('',#3880,#3036,#3037);
#2694=AXIS2_PLACEMENT_3D('',#3882,#3039,#3040);
#2695=AXIS2_PLACEMENT_3D('',#3886,#3043,#3044);
#2696=AXIS2_PLACEMENT_3D('',#3890,#3046,#3047);
#2697=AXIS2_PLACEMENT_3D('',#3892,#3048,#3049);
#2698=AXIS2_PLACEMENT_3D('',#3899,#3053,#3054);
#2699=AXIS2_PLACEMENT_3D('',#3901,#3055,#3056);
#2700=AXIS2_PLACEMENT_3D('',#3903,#3057,#3058);
#2701=AXIS2_PLACEMENT_3D('',#3905,#3059,#3060);
#2702=AXIS2_PLACEMENT_3D('',#3907,#3061,#3062);
#2703=AXIS2_PLACEMENT_3D('',#3909,#3063,#3064);
#2704=AXIS2_PLACEMENT_3D('',#3911,#3065,#3066);
#2705=AXIS2_PLACEMENT_3D('',#3913,#3067,#3068);
#2706=AXIS2_PLACEMENT_3D('',#3915,#3069,#3070);
#2707=AXIS2_PLACEMENT_3D('',#3917,#3071,#3072);
#2708=AXIS2_PLACEMENT_3D('',#3919,#3073,#3074);
#2709=AXIS2_PLACEMENT_3D('',#3921,#3075,#3076);
#2710=AXIS2_PLACEMENT_3D('',#3923,#3077,#3078);
#2711=AXIS2_PLACEMENT_3D('',#3925,#3079,#3080);
#2712=AXIS2_PLACEMENT_3D('',#3927,#3081,#3082);
#2713=AXIS2_PLACEMENT_3D('',#3929,#3083,#3084);
#2714=AXIS2_PLACEMENT_3D('',#3931,#3085,#3086);
#2715=AXIS2_PLACEMENT_3D('',#3933,#3087,#3088);
#2716=AXIS2_PLACEMENT_3D('',#3935,#3089,#3090);
#2717=AXIS2_PLACEMENT_3D('',#3937,#3091,#3092);
#2718=AXIS2_PLACEMENT_3D('',#3939,#3093,#3094);
#2719=AXIS2_PLACEMENT_3D('',#3941,#3095,#3096);
#2720=AXIS2_PLACEMENT_3D('',#3943,#3097,#3098);
#2721=AXIS2_PLACEMENT_3D('',#3945,#3099,#3100);
#2722=AXIS2_PLACEMENT_3D('',#3947,#3101,#3102);
#2723=AXIS2_PLACEMENT_3D('',#3949,#3103,#3104);
#2724=AXIS2_PLACEMENT_3D('',#3951,#3105,#3106);
#2725=AXIS2_PLACEMENT_3D('',#3953,#3107,#3108);
#2726=AXIS2_PLACEMENT_3D('',#3955,#3109,#3110);
#2727=AXIS2_PLACEMENT_3D('',#3957,#3111,#3112);
#2728=AXIS2_PLACEMENT_3D('',#3959,#3113,#3114);
#2729=AXIS2_PLACEMENT_3D('',#3961,#3115,#3116);
#2730=AXIS2_PLACEMENT_3D('',#3963,#3117,#3118);
#2731=AXIS2_PLACEMENT_3D('',#3964,#3119,#3120);
#2732=AXIS2_PLACEMENT_3D('',#3968,#3123,#3124);
#2733=AXIS2_PLACEMENT_3D('',#3969,#3125,#3126);
#2734=AXIS2_PLACEMENT_3D('',#3970,#3127,#3128);
#2735=AXIS2_PLACEMENT_3D('',#3973,#3129,#3130);
#2736=AXIS2_PLACEMENT_3D('',#3977,#3132,#3133);
#2737=AXIS2_PLACEMENT_3D('',#3981,#3135,#3136);
#2738=AXIS2_PLACEMENT_3D('',#3985,#3138,#3139);
#2739=AXIS2_PLACEMENT_3D('',#3988,#3142,#3143);
#2740=AXIS2_PLACEMENT_3D('',#3989,#3144,#3145);
#2741=AXIS2_PLACEMENT_3D('',#3995,#3149,#3150);
#2742=AXIS2_PLACEMENT_3D('',#3998,#3152,#3153);
#2743=AXIS2_PLACEMENT_3D('',#3999,#3154,#3155);
#2744=AXIS2_PLACEMENT_3D('',#4007,#3160,#3161);
#2745=AXIS2_PLACEMENT_3D('',#4011,#3164,#3165);
#2746=AXIS2_PLACEMENT_3D('',#4013,#3166,#3167);
#2747=AXIS2_PLACEMENT_3D('',#4016,#3169,#3170);
#2748=AXIS2_PLACEMENT_3D('',#4018,#3171,#3172);
#2749=AXIS2_PLACEMENT_3D('',#4020,#3174,#3175);
#2750=AXIS2_PLACEMENT_3D('',#4022,#3176,#3177);
#2751=AXIS2_PLACEMENT_3D('',#4025,#3179,#3180);
#2752=AXIS2_PLACEMENT_3D('',#4027,#3181,#3182);
#2753=AXIS2_PLACEMENT_3D('',#4029,#3184,#3185);
#2754=AXIS2_PLACEMENT_3D('',#4031,#3186,#3187);
#2755=AXIS2_PLACEMENT_3D('',#4034,#3189,#3190);
#2756=AXIS2_PLACEMENT_3D('',#4036,#3191,#3192);
#2757=AXIS2_PLACEMENT_3D('',#4038,#3194,#3195);
#2758=AXIS2_PLACEMENT_3D('',#4040,#3196,#3197);
#2759=AXIS2_PLACEMENT_3D('',#4043,#3199,#3200);
#2760=AXIS2_PLACEMENT_3D('',#4045,#3201,#3202);
#2761=AXIS2_PLACEMENT_3D('',#4047,#3204,#3205);
#2762=AXIS2_PLACEMENT_3D('',#4049,#3206,#3207);
#2763=AXIS2_PLACEMENT_3D('',#4052,#3209,#3210);
#2764=AXIS2_PLACEMENT_3D('',#4054,#3211,#3212);
#2765=AXIS2_PLACEMENT_3D('',#4056,#3214,#3215);
#2766=AXIS2_PLACEMENT_3D('',#4058,#3216,#3217);
#2767=AXIS2_PLACEMENT_3D('',#4061,#3219,#3220);
#2768=AXIS2_PLACEMENT_3D('',#4063,#3221,#3222);
#2769=AXIS2_PLACEMENT_3D('',#4065,#3224,#3225);
#2770=AXIS2_PLACEMENT_3D('',#4067,#3226,#3227);
#2771=AXIS2_PLACEMENT_3D('',#4070,#3229,#3230);
#2772=AXIS2_PLACEMENT_3D('',#4072,#3231,#3232);
#2773=AXIS2_PLACEMENT_3D('',#4074,#3234,#3235);
#2774=AXIS2_PLACEMENT_3D('',#4076,#3236,#3237);
#2775=AXIS2_PLACEMENT_3D('',#4079,#3239,#3240);
#2776=AXIS2_PLACEMENT_3D('',#4081,#3241,#3242);
#2777=AXIS2_PLACEMENT_3D('',#4083,#3244,#3245);
#2778=AXIS2_PLACEMENT_3D('',#4085,#3246,#3247);
#2779=AXIS2_PLACEMENT_3D('',#4088,#3249,#3250);
#2780=AXIS2_PLACEMENT_3D('',#4090,#3251,#3252);
#2781=AXIS2_PLACEMENT_3D('',#4092,#3254,#3255);
#2782=AXIS2_PLACEMENT_3D('',#4094,#3256,#3257);
#2783=AXIS2_PLACEMENT_3D('',#4097,#3259,#3260);
#2784=AXIS2_PLACEMENT_3D('',#4099,#3261,#3262);
#2785=AXIS2_PLACEMENT_3D('',#4101,#3264,#3265);
#2786=AXIS2_PLACEMENT_3D('',#4103,#3266,#3267);
#2787=AXIS2_PLACEMENT_3D('',#4106,#3269,#3270);
#2788=AXIS2_PLACEMENT_3D('',#4108,#3271,#3272);
#2789=AXIS2_PLACEMENT_3D('',#4110,#3274,#3275);
#2790=AXIS2_PLACEMENT_3D('',#4112,#3276,#3277);
#2791=AXIS2_PLACEMENT_3D('',#4115,#3279,#3280);
#2792=AXIS2_PLACEMENT_3D('',#4117,#3281,#3282);
#2793=AXIS2_PLACEMENT_3D('',#4119,#3284,#3285);
#2794=AXIS2_PLACEMENT_3D('',#4121,#3286,#3287);
#2795=AXIS2_PLACEMENT_3D('',#4124,#3289,#3290);
#2796=AXIS2_PLACEMENT_3D('',#4126,#3291,#3292);
#2797=AXIS2_PLACEMENT_3D('',#4128,#3294,#3295);
#2798=AXIS2_PLACEMENT_3D('',#4130,#3296,#3297);
#2799=AXIS2_PLACEMENT_3D('',#4133,#3299,#3300);
#2800=AXIS2_PLACEMENT_3D('',#4135,#3301,#3302);
#2801=AXIS2_PLACEMENT_3D('',#4137,#3304,#3305);
#2802=AXIS2_PLACEMENT_3D('',#4139,#3306,#3307);
#2803=AXIS2_PLACEMENT_3D('',#4142,#3309,#3310);
#2804=AXIS2_PLACEMENT_3D('',#4144,#3311,#3312);
#2805=AXIS2_PLACEMENT_3D('',#4146,#3314,#3315);
#2806=AXIS2_PLACEMENT_3D('',#4148,#3316,#3317);
#2807=AXIS2_PLACEMENT_3D('',#4151,#3319,#3320);
#2808=AXIS2_PLACEMENT_3D('',#4153,#3321,#3322);
#2809=AXIS2_PLACEMENT_3D('',#4155,#3324,#3325);
#2810=AXIS2_PLACEMENT_3D('',#4157,#3326,#3327);
#2811=AXIS2_PLACEMENT_3D('',#4160,#3329,#3330);
#2812=AXIS2_PLACEMENT_3D('',#4162,#3331,#3332);
#2813=AXIS2_PLACEMENT_3D('',#4164,#3334,#3335);
#2814=AXIS2_PLACEMENT_3D('',#4166,#3336,#3337);
#2815=AXIS2_PLACEMENT_3D('',#4169,#3339,#3340);
#2816=AXIS2_PLACEMENT_3D('',#4171,#3341,#3342);
#2817=AXIS2_PLACEMENT_3D('',#4173,#3344,#3345);
#2818=AXIS2_PLACEMENT_3D('',#4175,#3346,#3347);
#2819=AXIS2_PLACEMENT_3D('',#4178,#3349,#3350);
#2820=AXIS2_PLACEMENT_3D('',#4180,#3351,#3352);
#2821=AXIS2_PLACEMENT_3D('',#4182,#3354,#3355);
#2822=AXIS2_PLACEMENT_3D('',#4184,#3356,#3357);
#2823=AXIS2_PLACEMENT_3D('',#4187,#3359,#3360);
#2824=AXIS2_PLACEMENT_3D('',#4189,#3361,#3362);
#2825=AXIS2_PLACEMENT_3D('',#4191,#3364,#3365);
#2826=AXIS2_PLACEMENT_3D('',#4193,#3366,#3367);
#2827=AXIS2_PLACEMENT_3D('',#4195,#3369,#3370);
#2828=AXIS2_PLACEMENT_3D('',#4196,#3371,#3372);
#2829=AXIS2_PLACEMENT_3D('',#4198,#3373,#3374);
#2830=AXIS2_PLACEMENT_3D('',#4200,#3376,#3377);
#2831=AXIS2_PLACEMENT_3D('',#4201,#3378,#3379);
#2832=AXIS2_PLACEMENT_3D('',#4203,#3380,#3381);
#2833=AXIS2_PLACEMENT_3D('',#4205,#3383,#3384);
#2834=AXIS2_PLACEMENT_3D('',#4206,#3385,#3386);
#2835=AXIS2_PLACEMENT_3D('',#4208,#3387,#3388);
#2836=AXIS2_PLACEMENT_3D('',#4210,#3390,#3391);
#2837=AXIS2_PLACEMENT_3D('',#4211,#3392,#3393);
#2838=AXIS2_PLACEMENT_3D('',#4213,#3394,#3395);
#2839=AXIS2_PLACEMENT_3D('',#4215,#3397,#3398);
#2840=AXIS2_PLACEMENT_3D('',#4216,#3399,#3400);
#2841=AXIS2_PLACEMENT_3D('',#4218,#3401,#3402);
#2842=AXIS2_PLACEMENT_3D('',#4220,#3404,#3405);
#2843=AXIS2_PLACEMENT_3D('',#4221,#3406,#3407);
#2844=AXIS2_PLACEMENT_3D('',#4223,#3408,#3409);
#2845=AXIS2_PLACEMENT_3D('',#4225,#3411,#3412);
#2846=AXIS2_PLACEMENT_3D('',#4226,#3413,#3414);
#2847=AXIS2_PLACEMENT_3D('',#4228,#3415,#3416);
#2848=AXIS2_PLACEMENT_3D('',#4230,#3418,#3419);
#2849=AXIS2_PLACEMENT_3D('',#4231,#3420,#3421);
#2850=AXIS2_PLACEMENT_3D('',#4233,#3422,#3423);
#2851=AXIS2_PLACEMENT_3D('',#4235,#3425,#3426);
#2852=AXIS2_PLACEMENT_3D('',#4236,#3427,#3428);
#2853=AXIS2_PLACEMENT_3D('',#4238,#3429,#3430);
#2854=AXIS2_PLACEMENT_3D('',#4240,#3432,#3433);
#2855=AXIS2_PLACEMENT_3D('',#4241,#3434,#3435);
#2856=AXIS2_PLACEMENT_3D('',#4243,#3436,#3437);
#2857=AXIS2_PLACEMENT_3D('',#4245,#3439,#3440);
#2858=AXIS2_PLACEMENT_3D('',#4246,#3441,#3442);
#2859=AXIS2_PLACEMENT_3D('',#4248,#3443,#3444);
#2860=AXIS2_PLACEMENT_3D('',#4250,#3446,#3447);
#2861=AXIS2_PLACEMENT_3D('',#4251,#3448,#3449);
#2862=AXIS2_PLACEMENT_3D('',#4253,#3450,#3451);
#2863=AXIS2_PLACEMENT_3D('',#4255,#3453,#3454);
#2864=AXIS2_PLACEMENT_3D('',#4256,#3455,#3456);
#2865=AXIS2_PLACEMENT_3D('',#4258,#3457,#3458);
#2866=AXIS2_PLACEMENT_3D('',#4260,#3460,#3461);
#2867=AXIS2_PLACEMENT_3D('',#4261,#3462,#3463);
#2868=AXIS2_PLACEMENT_3D('',#4263,#3464,#3465);
#2869=AXIS2_PLACEMENT_3D('',#4265,#3467,#3468);
#2870=AXIS2_PLACEMENT_3D('',#4266,#3469,#3470);
#2871=AXIS2_PLACEMENT_3D('',#4268,#3471,#3472);
#2872=AXIS2_PLACEMENT_3D('',#4270,#3474,#3475);
#2873=AXIS2_PLACEMENT_3D('',#4271,#3476,#3477);
#2874=AXIS2_PLACEMENT_3D('',#4280,#3482,#3483);
#2875=AXIS2_PLACEMENT_3D('',#4283,#3484,#3485);
#2876=AXIS2_PLACEMENT_3D('',#4287,#3487,#3488);
#2877=AXIS2_PLACEMENT_3D('',#4291,#3490,#3491);
#2878=AXIS2_PLACEMENT_3D('',#4295,#3493,#3494);
#2879=AXIS2_PLACEMENT_3D('',#4297,#3496,#3497);
#2880=AXIS2_PLACEMENT_3D('',#4306,#3502,#3503);
#2881=AXIS2_PLACEMENT_3D('',#4308,#3504,#3505);
#2882=AXIS2_PLACEMENT_3D('',#4309,#3506,#3507);
#2883=AXIS2_PLACEMENT_3D('',#4311,#3508,#3509);
#2884=AXIS2_PLACEMENT_3D('',#4312,#3510,#3511);
#2885=AXIS2_PLACEMENT_3D('',#4314,#3512,#3513);
#2886=AXIS2_PLACEMENT_3D('',#4315,#3514,#3515);
#2887=AXIS2_PLACEMENT_3D('',#4317,#3516,#3517);
#2888=AXIS2_PLACEMENT_3D('',#4318,#3518,#3519);
#2889=AXIS2_PLACEMENT_3D('',#4320,#3520,#3521);
#2890=AXIS2_PLACEMENT_3D('',#4321,#3522,#3523);
#2891=AXIS2_PLACEMENT_3D('',#4323,#3524,#3525);
#2892=AXIS2_PLACEMENT_3D('',#4324,#3526,#3527);
#2893=AXIS2_PLACEMENT_3D('',#4326,#3528,#3529);
#2894=AXIS2_PLACEMENT_3D('',#4327,#3530,#3531);
#2895=AXIS2_PLACEMENT_3D('',#4329,#3532,#3533);
#2896=AXIS2_PLACEMENT_3D('',#4330,#3534,#3535);
#2897=AXIS2_PLACEMENT_3D('',#4332,#3536,#3537);
#2898=AXIS2_PLACEMENT_3D('',#4333,#3538,#3539);
#2899=AXIS2_PLACEMENT_3D('',#4335,#3540,#3541);
#2900=AXIS2_PLACEMENT_3D('',#4336,#3542,#3543);
#2901=AXIS2_PLACEMENT_3D('',#4338,#3544,#3545);
#2902=AXIS2_PLACEMENT_3D('',#4339,#3546,#3547);
#2903=AXIS2_PLACEMENT_3D('',#4341,#3548,#3549);
#2904=AXIS2_PLACEMENT_3D('',#4342,#3550,#3551);
#2905=AXIS2_PLACEMENT_3D('',#4344,#3552,#3553);
#2906=AXIS2_PLACEMENT_3D('',#4345,#3554,#3555);
#2907=AXIS2_PLACEMENT_3D('',#4347,#3556,#3557);
#2908=AXIS2_PLACEMENT_3D('',#4348,#3558,#3559);
#2909=AXIS2_PLACEMENT_3D('',#4350,#3560,#3561);
#2910=AXIS2_PLACEMENT_3D('',#4351,#3562,#3563);
#2911=AXIS2_PLACEMENT_3D('',#4353,#3564,#3565);
#2912=AXIS2_PLACEMENT_3D('',#4354,#3566,#3567);
#2913=AXIS2_PLACEMENT_3D('',#4356,#3568,#3569);
#2914=AXIS2_PLACEMENT_3D('',#4357,#3570,#3571);
#2915=AXIS2_PLACEMENT_3D('',#4359,#3572,#3573);
#2916=AXIS2_PLACEMENT_3D('',#4360,#3574,#3575);
#2917=AXIS2_PLACEMENT_3D('',#4363,#3578,#3579);
#2918=AXIS2_PLACEMENT_3D('',#4365,#3581,#3582);
#2919=AXIS2_PLACEMENT_3D('',#4367,#3584,#3585);
#2920=AXIS2_PLACEMENT_3D('',#4369,#3587,#3588);
#2921=AXIS2_PLACEMENT_3D('',#4371,#3590,#3591);
#2922=AXIS2_PLACEMENT_3D('',#4373,#3593,#3594);
#2923=AXIS2_PLACEMENT_3D('',#4375,#3596,#3597);
#2924=AXIS2_PLACEMENT_3D('',#4378,#3598,#3599);
#2925=AXIS2_PLACEMENT_3D('',#4382,#3602,#3603);
#2926=AXIS2_PLACEMENT_3D('',#4391,#3608,#3609);
#2927=AXIS2_PLACEMENT_3D('',#4397,#3613,#3614);
#2928=AXIS2_PLACEMENT_3D('',#4406,#3619,#3620);
#2929=AXIS2_PLACEMENT_3D('',#4412,#3624,#3625);
#2930=AXIS2_PLACEMENT_3D('',#4418,#3629,#3630);
#2931=AXIS2_PLACEMENT_3D('',#4421,#3633,#3634);
#2932=AXIS2_PLACEMENT_3D('',#4425,#3636,#3637);
#2933=AXIS2_PLACEMENT_3D('',#4426,#3638,#3639);
#2934=AXIS2_PLACEMENT_3D('',#4427,#3640,#3641);
#2935=AXIS2_PLACEMENT_3D('',#4428,#3642,#3643);
#2936=AXIS2_PLACEMENT_3D('',#4430,#3644,#3645);
#2937=AXIS2_PLACEMENT_3D('',#4433,#3647,#3648);
#2938=AXIS2_PLACEMENT_3D('',#4434,#3649,#3650);
#2939=AXIS2_PLACEMENT_3D('',#4437,#3652,#3653);
#2940=AXIS2_PLACEMENT_3D('',#4438,#3654,#3655);
#2941=AXIS2_PLACEMENT_3D('',#4442,#3657,#3658);
#2942=AXIS2_PLACEMENT_3D('',#4444,#3660,#3661);
#2943=AXIS2_PLACEMENT_3D('',#4452,#3666,#3667);
#2944=AXIS2_PLACEMENT_3D('',#4457,#3671,#3672);
#2945=AXIS2_PLACEMENT_3D('',#4458,#3673,#3674);
#2946=AXIS2_PLACEMENT_3D('',#4461,#3676,#3677);
#2947=AXIS2_PLACEMENT_3D('',#4463,#3679,#3680);
#2948=AXIS2_PLACEMENT_3D('',#4465,#3682,#3683);
#2949=AXIS2_PLACEMENT_3D('',#4467,#3685,#3686);
#2950=AXIS2_PLACEMENT_3D('',#4469,#3688,#3689);
#2951=AXIS2_PLACEMENT_3D('',#4471,#3691,#3692);
#2952=AXIS2_PLACEMENT_3D('',#4473,#3694,#3695);
#2953=AXIS2_PLACEMENT_3D('',#4475,#3697,#3698);
#2954=AXIS2_PLACEMENT_3D('',#4477,#3700,#3701);
#2955=AXIS2_PLACEMENT_3D('',#4479,#3703,#3704);
#2956=AXIS2_PLACEMENT_3D('',#4481,#3706,#3707);
#2957=AXIS2_PLACEMENT_3D('',#4483,#3709,#3710);
#2958=AXIS2_PLACEMENT_3D('',#4485,#3712,#3713);
#2959=AXIS2_PLACEMENT_3D('',#4487,#3715,#3716);
#2960=AXIS2_PLACEMENT_3D('',#4489,#3718,#3719);
#2961=AXIS2_PLACEMENT_3D('',#4491,#3721,#3722);
#2962=AXIS2_PLACEMENT_3D('',#4493,#3724,#3725);
#2963=AXIS2_PLACEMENT_3D('',#4495,#3727,#3728);
#2964=AXIS2_PLACEMENT_3D('',#4497,#3730,#3731);
#2965=AXIS2_PLACEMENT_3D('',#4499,#3732,#3733);
#2966=AXIS2_PLACEMENT_3D('',#4501,#3735,#3736);
#2967=AXIS2_PLACEMENT_3D('',#4503,#3738,#3739);
#2968=AXIS2_PLACEMENT_3D('',#4505,#3741,#3742);
#2969=AXIS2_PLACEMENT_3D('',#4507,#3744,#3745);
#2970=AXIS2_PLACEMENT_3D('',#4514,#3750,#3751);
#2971=AXIS2_PLACEMENT_3D('',#4516,#3753,#3754);
#2972=AXIS2_PLACEMENT_3D('',#4518,#3756,#3757);
#2973=AXIS2_PLACEMENT_3D('',#4519,#3758,#3759);
#2974=AXIS2_PLACEMENT_3D('',#4523,#3762,#3763);
#2975=AXIS2_PLACEMENT_3D('',#4527,#3766,#3767);
#2976=AXIS2_PLACEMENT_3D('',#4531,#3770,#3771);
#2977=AXIS2_PLACEMENT_3D('',#4540,#3776,#3777);
#2978=AXIS2_PLACEMENT_3D('',#4545,#3781,#3782);
#2979=AXIS2_PLACEMENT_3D('',#4546,#3783,#3784);
#2980=AXIS2_PLACEMENT_3D('',#4547,#3785,#3786);
#2981=AXIS2_PLACEMENT_3D('',#4556,#3791,#3792);
#2982=AXIS2_PLACEMENT_3D('',#4562,#3796,#3797);
#2983=AXIS2_PLACEMENT_3D('',#4568,#3801,#3802);
#2984=AXIS2_PLACEMENT_3D('',#4571,#3805,#3806);
#2985=AXIS2_PLACEMENT_3D('',#4574,#3809,#3810);
#2986=AXIS2_PLACEMENT_3D('',#4576,#3812,#3813);
#2987=AXIS2_PLACEMENT_3D('',#4578,#3815,#3816);
#2988=DIRECTION('axis',(0.,0.,1.));
#2989=DIRECTION('refdir',(1.,0.,0.));
#2990=DIRECTION('center_axis',(0.,0.,-1.));
#2991=DIRECTION('ref_axis',(-0.707106781186543,-0.707106781186552,0.));
#2992=DIRECTION('center_axis',(0.,0.,1.));
#2993=DIRECTION('ref_axis',(-0.707106781186543,-0.707106781186552,0.));
#2994=DIRECTION('',(0.,0.,1.));
#2995=DIRECTION('center_axis',(0.,0.,1.));
#2996=DIRECTION('ref_axis',(-0.707106781186543,-0.707106781186552,0.));
#2997=DIRECTION('',(0.,0.,-1.));
#2998=DIRECTION('center_axis',(-1.,0.,0.));
#2999=DIRECTION('ref_axis',(0.,0.,1.));
#3000=DIRECTION('',(0.,-1.,0.));
#3001=DIRECTION('',(0.,0.,-1.));
#3002=DIRECTION('',(0.,1.,0.));
#3003=DIRECTION('center_axis',(0.,0.,1.));
#3004=DIRECTION('ref_axis',(-0.707106781186548,0.707106781186548,0.));
#3005=DIRECTION('center_axis',(0.,0.,1.));
#3006=DIRECTION('ref_axis',(-0.707106781186548,0.707106781186548,0.));
#3007=DIRECTION('',(0.,0.,1.));
#3008=DIRECTION('center_axis',(0.,0.,1.));
#3009=DIRECTION('ref_axis',(-0.707106781186548,0.707106781186548,0.));
#3010=DIRECTION('center_axis',(0.,-1.,0.));
#3011=DIRECTION('ref_axis',(1.,0.,0.));
#3012=DIRECTION('',(-1.,0.,0.));
#3013=DIRECTION('',(0.,0.,-1.));
#3014=DIRECTION('',(-1.,0.,0.));
#3015=DIRECTION('',(0.,0.,1.));
#3016=DIRECTION('',(-1.,0.,0.));
#3017=DIRECTION('',(0.,0.,-1.));
#3018=DIRECTION('center_axis',(0.,-1.,0.));
#3019=DIRECTION('ref_axis',(-0.70710678118655,0.,0.707106781186545));
#3020=DIRECTION('',(-1.,0.,0.));
#3021=DIRECTION('center_axis',(0.,-1.,0.));
#3022=DIRECTION('ref_axis',(0.707106781186547,0.,0.707106781186548));
#3023=DIRECTION('',(0.,0.,1.));
#3024=DIRECTION('',(-1.,0.,0.));
#3025=DIRECTION('',(0.,0.,-1.));
#3026=DIRECTION('',(-1.,0.,0.));
#3027=DIRECTION('',(0.,0.,1.));
#3028=DIRECTION('',(-1.,0.,0.));
#3029=DIRECTION('',(0.,0.,-1.));
#3030=DIRECTION('',(1.,0.,0.));
#3031=DIRECTION('center_axis',(0.,0.,-1.));
#3032=DIRECTION('ref_axis',(0.707106781186548,-0.707106781186548,0.));
#3033=DIRECTION('center_axis',(0.,0.,1.));
#3034=DIRECTION('ref_axis',(0.707106781186548,-0.707106781186548,0.));
#3035=DIRECTION('',(0.,0.,1.));
#3036=DIRECTION('center_axis',(0.,0.,1.));
#3037=DIRECTION('ref_axis',(0.707106781186548,-0.707106781186548,0.));
#3038=DIRECTION('',(0.,0.,-1.));
#3039=DIRECTION('center_axis',(0.,0.,1.));
#3040=DIRECTION('ref_axis',(1.,0.,0.));
#3041=DIRECTION('',(1.,0.,0.));
#3042=DIRECTION('',(0.,1.,0.));
#3043=DIRECTION('center_axis',(0.,0.,1.));
#3044=DIRECTION('ref_axis',(0.707106781186552,0.707106781186543,0.));
#3045=DIRECTION('',(0.,-1.,0.));
#3046=DIRECTION('center_axis',(0.,0.,-1.));
#3047=DIRECTION('ref_axis',(-1.,0.,0.));
#3048=DIRECTION('center_axis',(0.,0.,-1.));
#3049=DIRECTION('ref_axis',(-1.,0.,0.));
#3050=DIRECTION('',(0.,-1.,0.));
#3051=DIRECTION('',(-1.,0.,0.));
#3052=DIRECTION('',(0.,1.,0.));
#3053=DIRECTION('center_axis',(0.,0.,-1.));
#3054=DIRECTION('ref_axis',(-1.,0.,0.));
#3055=DIRECTION('center_axis',(0.,0.,-1.));
#3056=DIRECTION('ref_axis',(-1.,0.,0.));
#3057=DIRECTION('center_axis',(0.,0.,-1.));
#3058=DIRECTION('ref_axis',(-1.,0.,0.));
#3059=DIRECTION('center_axis',(0.,0.,-1.));
#3060=DIRECTION('ref_axis',(-1.,0.,0.));
#3061=DIRECTION('center_axis',(0.,0.,-1.));
#3062=DIRECTION('ref_axis',(-1.,0.,0.));
#3063=DIRECTION('center_axis',(0.,0.,-1.));
#3064=DIRECTION('ref_axis',(-1.,0.,0.));
#3065=DIRECTION('center_axis',(0.,0.,-1.));
#3066=DIRECTION('ref_axis',(-1.,0.,0.));
#3067=DIRECTION('center_axis',(0.,0.,-1.));
#3068=DIRECTION('ref_axis',(-1.,0.,0.));
#3069=DIRECTION('center_axis',(0.,0.,-1.));
#3070=DIRECTION('ref_axis',(-1.,0.,0.));
#3071=DIRECTION('center_axis',(0.,0.,-1.));
#3072=DIRECTION('ref_axis',(-1.,0.,0.));
#3073=DIRECTION('center_axis',(0.,0.,-1.));
#3074=DIRECTION('ref_axis',(-1.,0.,0.));
#3075=DIRECTION('center_axis',(0.,0.,-1.));
#3076=DIRECTION('ref_axis',(-1.,0.,0.));
#3077=DIRECTION('center_axis',(0.,0.,-1.));
#3078=DIRECTION('ref_axis',(-1.,0.,0.));
#3079=DIRECTION('center_axis',(0.,0.,-1.));
#3080=DIRECTION('ref_axis',(-1.,0.,0.));
#3081=DIRECTION('center_axis',(0.,0.,-1.));
#3082=DIRECTION('ref_axis',(-1.,0.,0.));
#3083=DIRECTION('center_axis',(0.,0.,-1.));
#3084=DIRECTION('ref_axis',(-1.,0.,0.));
#3085=DIRECTION('center_axis',(0.,0.,-1.));
#3086=DIRECTION('ref_axis',(-1.,0.,0.));
#3087=DIRECTION('center_axis',(0.,0.,-1.));
#3088=DIRECTION('ref_axis',(-1.,0.,0.));
#3089=DIRECTION('center_axis',(0.,0.,-1.));
#3090=DIRECTION('ref_axis',(-1.,0.,0.));
#3091=DIRECTION('center_axis',(0.,0.,-1.));
#3092=DIRECTION('ref_axis',(-1.,0.,0.));
#3093=DIRECTION('center_axis',(0.,0.,-1.));
#3094=DIRECTION('ref_axis',(-1.,0.,0.));
#3095=DIRECTION('center_axis',(0.,0.,-1.));
#3096=DIRECTION('ref_axis',(-1.,0.,0.));
#3097=DIRECTION('center_axis',(0.,0.,-1.));
#3098=DIRECTION('ref_axis',(-1.,0.,0.));
#3099=DIRECTION('center_axis',(0.,0.,-1.));
#3100=DIRECTION('ref_axis',(-1.,0.,0.));
#3101=DIRECTION('center_axis',(0.,0.,-1.));
#3102=DIRECTION('ref_axis',(-1.,0.,0.));
#3103=DIRECTION('center_axis',(0.,0.,-1.));
#3104=DIRECTION('ref_axis',(-1.,0.,0.));
#3105=DIRECTION('center_axis',(0.,0.,-1.));
#3106=DIRECTION('ref_axis',(-1.,0.,0.));
#3107=DIRECTION('center_axis',(0.,0.,-1.));
#3108=DIRECTION('ref_axis',(-1.,0.,0.));
#3109=DIRECTION('center_axis',(0.,0.,-1.));
#3110=DIRECTION('ref_axis',(-1.,0.,0.));
#3111=DIRECTION('center_axis',(0.,0.,-1.));
#3112=DIRECTION('ref_axis',(-1.,0.,0.));
#3113=DIRECTION('center_axis',(0.,0.,-1.));
#3114=DIRECTION('ref_axis',(-1.,0.,0.));
#3115=DIRECTION('center_axis',(0.,0.,-1.));
#3116=DIRECTION('ref_axis',(-1.,0.,0.));
#3117=DIRECTION('center_axis',(0.,0.,-1.));
#3118=DIRECTION('ref_axis',(-1.,0.,0.));
#3119=DIRECTION('center_axis',(1.,0.,0.));
#3120=DIRECTION('ref_axis',(0.,0.,-1.));
#3121=DIRECTION('',(0.,-1.,0.));
#3122=DIRECTION('',(0.,0.,1.));
#3123=DIRECTION('center_axis',(0.,0.,1.));
#3124=DIRECTION('ref_axis',(0.707106781186552,0.707106781186543,0.));
#3125=DIRECTION('center_axis',(0.,0.,1.));
#3126=DIRECTION('ref_axis',(0.707106781186552,0.707106781186543,0.));
#3127=DIRECTION('center_axis',(0.,0.,1.));
#3128=DIRECTION('ref_axis',(1.,0.,0.));
#3129=DIRECTION('center_axis',(0.,0.,-1.));
#3130=DIRECTION('ref_axis',(-0.707106781186548,0.707106781186547,0.));
#3131=DIRECTION('',(0.,-1.,0.));
#3132=DIRECTION('center_axis',(0.,0.,-1.));
#3133=DIRECTION('ref_axis',(-0.707106781186546,-0.707106781186549,0.));
#3134=DIRECTION('',(1.,0.,0.));
#3135=DIRECTION('center_axis',(0.,0.,-1.));
#3136=DIRECTION('ref_axis',(0.707106781186548,-0.707106781186548,0.));
#3137=DIRECTION('',(0.,1.,0.));
#3138=DIRECTION('center_axis',(0.,0.,-1.));
#3139=DIRECTION('ref_axis',(0.707106781186547,0.707106781186548,0.));
#3140=DIRECTION('',(-1.,0.,0.));
#3141=DIRECTION('',(-1.,0.,0.));
#3142=DIRECTION('center_axis',(0.,-1.,0.));
#3143=DIRECTION('ref_axis',(0.,0.,-1.));
#3144=DIRECTION('center_axis',(0.,0.,-1.));
#3145=DIRECTION('ref_axis',(-1.,0.,0.));
#3146=DIRECTION('',(0.,-1.,0.));
#3147=DIRECTION('',(-1.,0.,0.));
#3148=DIRECTION('',(0.,1.,0.));
#3149=DIRECTION('center_axis',(0.,-1.,0.));
#3150=DIRECTION('ref_axis',(-0.70710678118655,0.,0.707106781186545));
#3151=DIRECTION('',(0.,1.,0.));
#3152=DIRECTION('center_axis',(0.,1.,0.));
#3153=DIRECTION('ref_axis',(-0.70710678118655,0.,0.707106781186545));
#3154=DIRECTION('center_axis',(-1.,0.,0.));
#3155=DIRECTION('ref_axis',(0.,0.,-1.));
#3156=DIRECTION('',(0.,1.,0.));
#3157=DIRECTION('',(0.,0.,-1.));
#3158=DIRECTION('',(0.,-1.,0.));
#3159=DIRECTION('',(0.,0.,-1.));
#3160=DIRECTION('center_axis',(0.,0.,1.));
#3161=DIRECTION('ref_axis',(1.,0.,0.));
#3162=DIRECTION('',(0.,1.,0.));
#3163=DIRECTION('',(1.,0.,0.));
#3164=DIRECTION('center_axis',(0.,0.,1.));
#3165=DIRECTION('ref_axis',(1.,0.,0.));
#3166=DIRECTION('center_axis',(0.,0.,-1.));
#3167=DIRECTION('ref_axis',(1.,0.,0.));
#3168=DIRECTION('',(0.857167300702112,-1.04972719113862E-16,-0.515038074910054));
#3169=DIRECTION('center_axis',(0.,0.,-1.));
#3170=DIRECTION('ref_axis',(1.,0.,0.));
#3171=DIRECTION('center_axis',(0.,0.,-1.));
#3172=DIRECTION('ref_axis',(1.,0.,0.));
#3173=DIRECTION('',(0.,0.,-1.));
#3174=DIRECTION('center_axis',(0.,0.,1.));
#3175=DIRECTION('ref_axis',(1.,0.,0.));
#3176=DIRECTION('center_axis',(0.,0.,-1.));
#3177=DIRECTION('ref_axis',(1.,0.,0.));
#3178=DIRECTION('',(0.857167300702112,-1.04972719113862E-16,-0.515038074910054));
#3179=DIRECTION('center_axis',(0.,0.,-1.));
#3180=DIRECTION('ref_axis',(1.,0.,0.));
#3181=DIRECTION('center_axis',(0.,0.,-1.));
#3182=DIRECTION('ref_axis',(1.,0.,0.));
#3183=DIRECTION('',(0.,0.,-1.));
#3184=DIRECTION('center_axis',(0.,0.,1.));
#3185=DIRECTION('ref_axis',(1.,0.,0.));
#3186=DIRECTION('center_axis',(0.,0.,-1.));
#3187=DIRECTION('ref_axis',(1.,0.,0.));
#3188=DIRECTION('',(0.857167300702112,-1.04972719113862E-16,-0.515038074910054));
#3189=DIRECTION('center_axis',(0.,0.,-1.));
#3190=DIRECTION('ref_axis',(1.,0.,0.));
#3191=DIRECTION('center_axis',(0.,0.,-1.));
#3192=DIRECTION('ref_axis',(1.,0.,0.));
#3193=DIRECTION('',(0.,0.,-1.));
#3194=DIRECTION('center_axis',(0.,0.,1.));
#3195=DIRECTION('ref_axis',(1.,0.,0.));
#3196=DIRECTION('center_axis',(0.,0.,-1.));
#3197=DIRECTION('ref_axis',(1.,0.,0.));
#3198=DIRECTION('',(0.857167300702112,-1.04972719113862E-16,-0.515038074910054));
#3199=DIRECTION('center_axis',(0.,0.,-1.));
#3200=DIRECTION('ref_axis',(1.,0.,0.));
#3201=DIRECTION('center_axis',(0.,0.,-1.));
#3202=DIRECTION('ref_axis',(1.,0.,0.));
#3203=DIRECTION('',(0.,0.,-1.));
#3204=DIRECTION('center_axis',(0.,0.,1.));
#3205=DIRECTION('ref_axis',(1.,0.,0.));
#3206=DIRECTION('center_axis',(0.,0.,-1.));
#3207=DIRECTION('ref_axis',(1.,0.,0.));
#3208=DIRECTION('',(0.857167300702112,-1.04972719113862E-16,-0.515038074910054));
#3209=DIRECTION('center_axis',(0.,0.,-1.));
#3210=DIRECTION('ref_axis',(1.,0.,0.));
#3211=DIRECTION('center_axis',(0.,0.,-1.));
#3212=DIRECTION('ref_axis',(1.,0.,0.));
#3213=DIRECTION('',(0.,0.,-1.));
#3214=DIRECTION('center_axis',(0.,0.,1.));
#3215=DIRECTION('ref_axis',(1.,0.,0.));
#3216=DIRECTION('center_axis',(0.,0.,-1.));
#3217=DIRECTION('ref_axis',(1.,0.,0.));
#3218=DIRECTION('',(0.857167300702112,-1.04972719113862E-16,-0.515038074910054));
#3219=DIRECTION('center_axis',(0.,0.,-1.));
#3220=DIRECTION('ref_axis',(1.,0.,0.));
#3221=DIRECTION('center_axis',(0.,0.,-1.));
#3222=DIRECTION('ref_axis',(1.,0.,0.));
#3223=DIRECTION('',(0.,0.,-1.));
#3224=DIRECTION('center_axis',(0.,0.,1.));
#3225=DIRECTION('ref_axis',(1.,0.,0.));
#3226=DIRECTION('center_axis',(0.,0.,-1.));
#3227=DIRECTION('ref_axis',(1.,0.,0.));
#3228=DIRECTION('',(0.857167300702112,-1.04972719113862E-16,-0.515038074910054));
#3229=DIRECTION('center_axis',(0.,0.,-1.));
#3230=DIRECTION('ref_axis',(1.,0.,0.));
#3231=DIRECTION('center_axis',(0.,0.,-1.));
#3232=DIRECTION('ref_axis',(1.,0.,0.));
#3233=DIRECTION('',(0.,0.,-1.));
#3234=DIRECTION('center_axis',(0.,0.,1.));
#3235=DIRECTION('ref_axis',(1.,0.,0.));
#3236=DIRECTION('center_axis',(0.,0.,-1.));
#3237=DIRECTION('ref_axis',(1.,0.,0.));
#3238=DIRECTION('',(0.857167300702112,-1.04972719113862E-16,-0.515038074910054));
#3239=DIRECTION('center_axis',(0.,0.,-1.));
#3240=DIRECTION('ref_axis',(1.,0.,0.));
#3241=DIRECTION('center_axis',(0.,0.,-1.));
#3242=DIRECTION('ref_axis',(1.,0.,0.));
#3243=DIRECTION('',(0.,0.,-1.));
#3244=DIRECTION('center_axis',(0.,0.,1.));
#3245=DIRECTION('ref_axis',(1.,0.,0.));
#3246=DIRECTION('center_axis',(0.,0.,-1.));
#3247=DIRECTION('ref_axis',(1.,0.,0.));
#3248=DIRECTION('',(0.857167300702112,-1.04972719113862E-16,-0.515038074910054));
#3249=DIRECTION('center_axis',(0.,0.,-1.));
#3250=DIRECTION('ref_axis',(1.,0.,0.));
#3251=DIRECTION('center_axis',(0.,0.,-1.));
#3252=DIRECTION('ref_axis',(1.,0.,0.));
#3253=DIRECTION('',(0.,0.,-1.));
#3254=DIRECTION('center_axis',(0.,0.,1.));
#3255=DIRECTION('ref_axis',(1.,0.,0.));
#3256=DIRECTION('center_axis',(0.,0.,-1.));
#3257=DIRECTION('ref_axis',(1.,0.,0.));
#3258=DIRECTION('',(0.857167300702112,-1.04972719113862E-16,-0.515038074910054));
#3259=DIRECTION('center_axis',(0.,0.,-1.));
#3260=DIRECTION('ref_axis',(1.,0.,0.));
#3261=DIRECTION('center_axis',(0.,0.,-1.));
#3262=DIRECTION('ref_axis',(1.,0.,0.));
#3263=DIRECTION('',(0.,0.,-1.));
#3264=DIRECTION('center_axis',(0.,0.,1.));
#3265=DIRECTION('ref_axis',(1.,0.,0.));
#3266=DIRECTION('center_axis',(0.,0.,-1.));
#3267=DIRECTION('ref_axis',(1.,0.,0.));
#3268=DIRECTION('',(0.857167300702112,-1.04972719113862E-16,-0.515038074910054));
#3269=DIRECTION('center_axis',(0.,0.,-1.));
#3270=DIRECTION('ref_axis',(1.,0.,0.));
#3271=DIRECTION('center_axis',(0.,0.,-1.));
#3272=DIRECTION('ref_axis',(1.,0.,0.));
#3273=DIRECTION('',(0.,0.,-1.));
#3274=DIRECTION('center_axis',(0.,0.,1.));
#3275=DIRECTION('ref_axis',(1.,0.,0.));
#3276=DIRECTION('center_axis',(0.,0.,-1.));
#3277=DIRECTION('ref_axis',(1.,0.,0.));
#3278=DIRECTION('',(0.857167300702112,-1.04972719113862E-16,-0.515038074910054));
#3279=DIRECTION('center_axis',(0.,0.,-1.));
#3280=DIRECTION('ref_axis',(1.,0.,0.));
#3281=DIRECTION('center_axis',(0.,0.,-1.));
#3282=DIRECTION('ref_axis',(1.,0.,0.));
#3283=DIRECTION('',(0.,0.,-1.));
#3284=DIRECTION('center_axis',(0.,0.,1.));
#3285=DIRECTION('ref_axis',(1.,0.,0.));
#3286=DIRECTION('center_axis',(0.,0.,-1.));
#3287=DIRECTION('ref_axis',(1.,0.,0.));
#3288=DIRECTION('',(0.857167300702112,-1.04972719113862E-16,-0.515038074910054));
#3289=DIRECTION('center_axis',(0.,0.,-1.));
#3290=DIRECTION('ref_axis',(1.,0.,0.));
#3291=DIRECTION('center_axis',(0.,0.,-1.));
#3292=DIRECTION('ref_axis',(1.,0.,0.));
#3293=DIRECTION('',(0.,0.,-1.));
#3294=DIRECTION('center_axis',(0.,0.,1.));
#3295=DIRECTION('ref_axis',(1.,0.,0.));
#3296=DIRECTION('center_axis',(0.,0.,-1.));
#3297=DIRECTION('ref_axis',(1.,0.,0.));
#3298=DIRECTION('',(0.857167300702112,-1.04972719113862E-16,-0.515038074910054));
#3299=DIRECTION('center_axis',(0.,0.,-1.));
#3300=DIRECTION('ref_axis',(1.,0.,0.));
#3301=DIRECTION('center_axis',(0.,0.,-1.));
#3302=DIRECTION('ref_axis',(1.,0.,0.));
#3303=DIRECTION('',(0.,0.,-1.));
#3304=DIRECTION('center_axis',(0.,0.,1.));
#3305=DIRECTION('ref_axis',(1.,0.,0.));
#3306=DIRECTION('center_axis',(0.,0.,-1.));
#3307=DIRECTION('ref_axis',(1.,0.,0.));
#3308=DIRECTION('',(0.857167300702112,-1.04972719113862E-16,-0.515038074910054));
#3309=DIRECTION('center_axis',(0.,0.,-1.));
#3310=DIRECTION('ref_axis',(1.,0.,0.));
#3311=DIRECTION('center_axis',(0.,0.,-1.));
#3312=DIRECTION('ref_axis',(1.,0.,0.));
#3313=DIRECTION('',(0.,0.,-1.));
#3314=DIRECTION('center_axis',(0.,0.,1.));
#3315=DIRECTION('ref_axis',(1.,0.,0.));
#3316=DIRECTION('center_axis',(0.,0.,-1.));
#3317=DIRECTION('ref_axis',(1.,0.,0.));
#3318=DIRECTION('',(0.857167300702112,-1.04972719113862E-16,-0.515038074910054));
#3319=DIRECTION('center_axis',(0.,0.,-1.));
#3320=DIRECTION('ref_axis',(1.,0.,0.));
#3321=DIRECTION('center_axis',(0.,0.,-1.));
#3322=DIRECTION('ref_axis',(1.,0.,0.));
#3323=DIRECTION('',(0.,0.,-1.));
#3324=DIRECTION('center_axis',(0.,0.,1.));
#3325=DIRECTION('ref_axis',(1.,0.,0.));
#3326=DIRECTION('center_axis',(0.,0.,-1.));
#3327=DIRECTION('ref_axis',(1.,0.,0.));
#3328=DIRECTION('',(0.857167300702112,-1.04972719113862E-16,-0.515038074910054));
#3329=DIRECTION('center_axis',(0.,0.,-1.));
#3330=DIRECTION('ref_axis',(1.,0.,0.));
#3331=DIRECTION('center_axis',(0.,0.,-1.));
#3332=DIRECTION('ref_axis',(1.,0.,0.));
#3333=DIRECTION('',(0.,0.,-1.));
#3334=DIRECTION('center_axis',(0.,0.,1.));
#3335=DIRECTION('ref_axis',(1.,0.,0.));
#3336=DIRECTION('center_axis',(0.,0.,-1.));
#3337=DIRECTION('ref_axis',(1.,0.,0.));
#3338=DIRECTION('',(0.857167300702112,-1.04972719113862E-16,-0.515038074910054));
#3339=DIRECTION('center_axis',(0.,0.,-1.));
#3340=DIRECTION('ref_axis',(1.,0.,0.));
#3341=DIRECTION('center_axis',(0.,0.,-1.));
#3342=DIRECTION('ref_axis',(1.,0.,0.));
#3343=DIRECTION('',(0.,0.,-1.));
#3344=DIRECTION('center_axis',(0.,0.,1.));
#3345=DIRECTION('ref_axis',(1.,0.,0.));
#3346=DIRECTION('center_axis',(0.,0.,-1.));
#3347=DIRECTION('ref_axis',(1.,0.,0.));
#3348=DIRECTION('',(0.857167300702112,-1.04972719113862E-16,-0.515038074910054));
#3349=DIRECTION('center_axis',(0.,0.,-1.));
#3350=DIRECTION('ref_axis',(1.,0.,0.));
#3351=DIRECTION('center_axis',(0.,0.,-1.));
#3352=DIRECTION('ref_axis',(1.,0.,0.));
#3353=DIRECTION('',(0.,0.,-1.));
#3354=DIRECTION('center_axis',(0.,0.,1.));
#3355=DIRECTION('ref_axis',(1.,0.,0.));
#3356=DIRECTION('center_axis',(0.,0.,-1.));
#3357=DIRECTION('ref_axis',(1.,0.,0.));
#3358=DIRECTION('',(0.857167300702112,-1.04972719113862E-16,-0.515038074910054));
#3359=DIRECTION('center_axis',(0.,0.,-1.));
#3360=DIRECTION('ref_axis',(1.,0.,0.));
#3361=DIRECTION('center_axis',(0.,0.,-1.));
#3362=DIRECTION('ref_axis',(1.,0.,0.));
#3363=DIRECTION('',(0.,0.,-1.));
#3364=DIRECTION('center_axis',(0.,0.,-1.));
#3365=DIRECTION('ref_axis',(-1.,0.,0.));
#3366=DIRECTION('center_axis',(0.,0.,-1.));
#3367=DIRECTION('ref_axis',(-1.,0.,0.));
#3368=DIRECTION('',(0.184288535050186,2.25688364568765E-17,-0.982872186934322));
#3369=DIRECTION('center_axis',(0.,0.,1.));
#3370=DIRECTION('ref_axis',(-1.,0.,0.));
#3371=DIRECTION('center_axis',(0.,0.,-1.));
#3372=DIRECTION('ref_axis',(-1.,0.,0.));
#3373=DIRECTION('center_axis',(0.,0.,-1.));
#3374=DIRECTION('ref_axis',(-1.,0.,0.));
#3375=DIRECTION('',(0.184288535050186,2.25688364568765E-17,-0.982872186934322));
#3376=DIRECTION('center_axis',(0.,0.,1.));
#3377=DIRECTION('ref_axis',(-1.,0.,0.));
#3378=DIRECTION('center_axis',(0.,0.,1.));
#3379=DIRECTION('ref_axis',(-1.,0.,0.));
#3380=DIRECTION('center_axis',(0.,0.,1.));
#3381=DIRECTION('ref_axis',(-1.,0.,0.));
#3382=DIRECTION('',(0.,0.,-1.));
#3383=DIRECTION('center_axis',(0.,0.,1.));
#3384=DIRECTION('ref_axis',(-1.,0.,0.));
#3385=DIRECTION('center_axis',(0.,0.,1.));
#3386=DIRECTION('ref_axis',(-1.,0.,0.));
#3387=DIRECTION('center_axis',(0.,0.,1.));
#3388=DIRECTION('ref_axis',(-1.,0.,0.));
#3389=DIRECTION('',(0.,0.,-1.));
#3390=DIRECTION('center_axis',(0.,0.,1.));
#3391=DIRECTION('ref_axis',(-1.,0.,0.));
#3392=DIRECTION('center_axis',(0.,0.,1.));
#3393=DIRECTION('ref_axis',(-1.,0.,0.));
#3394=DIRECTION('center_axis',(0.,0.,1.));
#3395=DIRECTION('ref_axis',(-1.,0.,0.));
#3396=DIRECTION('',(0.,0.,-1.));
#3397=DIRECTION('center_axis',(0.,0.,1.));
#3398=DIRECTION('ref_axis',(-1.,0.,0.));
#3399=DIRECTION('center_axis',(0.,0.,1.));
#3400=DIRECTION('ref_axis',(-1.,0.,0.));
#3401=DIRECTION('center_axis',(0.,0.,1.));
#3402=DIRECTION('ref_axis',(-1.,0.,0.));
#3403=DIRECTION('',(0.,0.,-1.));
#3404=DIRECTION('center_axis',(0.,0.,1.));
#3405=DIRECTION('ref_axis',(-1.,0.,0.));
#3406=DIRECTION('center_axis',(0.,0.,1.));
#3407=DIRECTION('ref_axis',(-1.,0.,0.));
#3408=DIRECTION('center_axis',(0.,0.,1.));
#3409=DIRECTION('ref_axis',(-1.,0.,0.));
#3410=DIRECTION('',(0.,0.,-1.));
#3411=DIRECTION('center_axis',(0.,0.,1.));
#3412=DIRECTION('ref_axis',(-1.,0.,0.));
#3413=DIRECTION('center_axis',(0.,0.,1.));
#3414=DIRECTION('ref_axis',(-1.,0.,0.));
#3415=DIRECTION('center_axis',(0.,0.,1.));
#3416=DIRECTION('ref_axis',(-1.,0.,0.));
#3417=DIRECTION('',(0.,0.,-1.));
#3418=DIRECTION('center_axis',(0.,0.,1.));
#3419=DIRECTION('ref_axis',(-1.,0.,0.));
#3420=DIRECTION('center_axis',(0.,0.,1.));
#3421=DIRECTION('ref_axis',(-1.,0.,0.));
#3422=DIRECTION('center_axis',(0.,0.,1.));
#3423=DIRECTION('ref_axis',(-1.,0.,0.));
#3424=DIRECTION('',(0.,0.,-1.));
#3425=DIRECTION('center_axis',(0.,0.,1.));
#3426=DIRECTION('ref_axis',(-1.,0.,0.));
#3427=DIRECTION('center_axis',(0.,0.,1.));
#3428=DIRECTION('ref_axis',(-1.,0.,0.));
#3429=DIRECTION('center_axis',(0.,0.,1.));
#3430=DIRECTION('ref_axis',(-1.,0.,0.));
#3431=DIRECTION('',(0.,0.,-1.));
#3432=DIRECTION('center_axis',(0.,0.,1.));
#3433=DIRECTION('ref_axis',(-1.,0.,0.));
#3434=DIRECTION('center_axis',(0.,0.,1.));
#3435=DIRECTION('ref_axis',(-1.,0.,0.));
#3436=DIRECTION('center_axis',(0.,0.,1.));
#3437=DIRECTION('ref_axis',(-1.,0.,0.));
#3438=DIRECTION('',(0.,0.,-1.));
#3439=DIRECTION('center_axis',(0.,0.,1.));
#3440=DIRECTION('ref_axis',(-1.,0.,0.));
#3441=DIRECTION('center_axis',(0.,0.,1.));
#3442=DIRECTION('ref_axis',(-1.,0.,0.));
#3443=DIRECTION('center_axis',(0.,0.,1.));
#3444=DIRECTION('ref_axis',(-1.,0.,0.));
#3445=DIRECTION('',(0.,0.,-1.));
#3446=DIRECTION('center_axis',(0.,0.,1.));
#3447=DIRECTION('ref_axis',(-1.,0.,0.));
#3448=DIRECTION('center_axis',(0.,0.,1.));
#3449=DIRECTION('ref_axis',(-1.,0.,0.));
#3450=DIRECTION('center_axis',(0.,0.,1.));
#3451=DIRECTION('ref_axis',(-1.,0.,0.));
#3452=DIRECTION('',(0.,0.,-1.));
#3453=DIRECTION('center_axis',(0.,0.,1.));
#3454=DIRECTION('ref_axis',(-1.,0.,0.));
#3455=DIRECTION('center_axis',(0.,0.,1.));
#3456=DIRECTION('ref_axis',(-1.,0.,0.));
#3457=DIRECTION('center_axis',(0.,0.,1.));
#3458=DIRECTION('ref_axis',(-1.,0.,0.));
#3459=DIRECTION('',(0.,0.,-1.));
#3460=DIRECTION('center_axis',(0.,0.,1.));
#3461=DIRECTION('ref_axis',(-1.,0.,0.));
#3462=DIRECTION('center_axis',(0.,0.,1.));
#3463=DIRECTION('ref_axis',(-1.,0.,0.));
#3464=DIRECTION('center_axis',(0.,0.,1.));
#3465=DIRECTION('ref_axis',(-1.,0.,0.));
#3466=DIRECTION('',(0.,0.,-1.));
#3467=DIRECTION('center_axis',(0.,0.,1.));
#3468=DIRECTION('ref_axis',(-1.,0.,0.));
#3469=DIRECTION('center_axis',(0.,0.,1.));
#3470=DIRECTION('ref_axis',(-1.,0.,0.));
#3471=DIRECTION('center_axis',(0.,0.,1.));
#3472=DIRECTION('ref_axis',(-1.,0.,0.));
#3473=DIRECTION('',(0.,0.,-1.));
#3474=DIRECTION('center_axis',(0.,0.,1.));
#3475=DIRECTION('ref_axis',(-1.,0.,0.));
#3476=DIRECTION('center_axis',(0.,-1.,0.));
#3477=DIRECTION('ref_axis',(0.,0.,-1.));
#3478=DIRECTION('',(1.,0.,0.));
#3479=DIRECTION('',(0.,0.,-1.));
#3480=DIRECTION('',(-1.,0.,0.));
#3481=DIRECTION('',(0.,0.,1.));
#3482=DIRECTION('center_axis',(0.,0.,1.));
#3483=DIRECTION('ref_axis',(1.,0.,0.));
#3484=DIRECTION('center_axis',(0.,0.,1.));
#3485=DIRECTION('ref_axis',(-0.707106781186548,0.707106781186547,0.));
#3486=DIRECTION('',(1.,0.,0.));
#3487=DIRECTION('center_axis',(0.,0.,1.));
#3488=DIRECTION('ref_axis',(0.707106781186547,0.707106781186548,0.));
#3489=DIRECTION('',(0.,-1.,0.));
#3490=DIRECTION('center_axis',(0.,0.,1.));
#3491=DIRECTION('ref_axis',(0.707106781186548,-0.707106781186548,0.));
#3492=DIRECTION('',(-1.,0.,0.));
#3493=DIRECTION('center_axis',(0.,0.,1.));
#3494=DIRECTION('ref_axis',(-0.707106781186546,-0.707106781186549,0.));
#3495=DIRECTION('',(0.,1.,0.));
#3496=DIRECTION('center_axis',(2.2204460492503E-15,0.,-1.));
#3497=DIRECTION('ref_axis',(1.,0.,2.2204460492503E-15));
#3498=DIRECTION('',(1.,0.,2.2204460492503E-15));
#3499=DIRECTION('',(0.,-1.,0.));
#3500=DIRECTION('',(1.,0.,2.2204460492503E-15));
#3501=DIRECTION('',(0.,-1.,0.));
#3502=DIRECTION('center_axis',(0.,0.,1.));
#3503=DIRECTION('ref_axis',(-1.,0.,0.));
#3504=DIRECTION('center_axis',(0.,0.,-1.));
#3505=DIRECTION('ref_axis',(-1.,0.,0.));
#3506=DIRECTION('center_axis',(0.,0.,1.));
#3507=DIRECTION('ref_axis',(-1.,0.,0.));
#3508=DIRECTION('center_axis',(0.,0.,-1.));
#3509=DIRECTION('ref_axis',(-1.,0.,0.));
#3510=DIRECTION('center_axis',(0.,0.,1.));
#3511=DIRECTION('ref_axis',(-1.,0.,0.));
#3512=DIRECTION('center_axis',(0.,0.,-1.));
#3513=DIRECTION('ref_axis',(-1.,0.,0.));
#3514=DIRECTION('center_axis',(0.,0.,1.));
#3515=DIRECTION('ref_axis',(-1.,0.,0.));
#3516=DIRECTION('center_axis',(0.,0.,-1.));
#3517=DIRECTION('ref_axis',(-1.,0.,0.));
#3518=DIRECTION('center_axis',(0.,0.,1.));
#3519=DIRECTION('ref_axis',(-1.,0.,0.));
#3520=DIRECTION('center_axis',(0.,0.,-1.));
#3521=DIRECTION('ref_axis',(-1.,0.,0.));
#3522=DIRECTION('center_axis',(0.,0.,1.));
#3523=DIRECTION('ref_axis',(-1.,0.,0.));
#3524=DIRECTION('center_axis',(0.,0.,-1.));
#3525=DIRECTION('ref_axis',(-1.,0.,0.));
#3526=DIRECTION('center_axis',(0.,0.,1.));
#3527=DIRECTION('ref_axis',(-1.,0.,0.));
#3528=DIRECTION('center_axis',(0.,0.,-1.));
#3529=DIRECTION('ref_axis',(-1.,0.,0.));
#3530=DIRECTION('center_axis',(0.,0.,1.));
#3531=DIRECTION('ref_axis',(-1.,0.,0.));
#3532=DIRECTION('center_axis',(0.,0.,-1.));
#3533=DIRECTION('ref_axis',(-1.,0.,0.));
#3534=DIRECTION('center_axis',(0.,0.,1.));
#3535=DIRECTION('ref_axis',(-1.,0.,0.));
#3536=DIRECTION('center_axis',(0.,0.,-1.));
#3537=DIRECTION('ref_axis',(-1.,0.,0.));
#3538=DIRECTION('center_axis',(0.,0.,1.));
#3539=DIRECTION('ref_axis',(-1.,0.,0.));
#3540=DIRECTION('center_axis',(0.,0.,-1.));
#3541=DIRECTION('ref_axis',(-1.,0.,0.));
#3542=DIRECTION('center_axis',(0.,0.,1.));
#3543=DIRECTION('ref_axis',(-1.,0.,0.));
#3544=DIRECTION('center_axis',(0.,0.,-1.));
#3545=DIRECTION('ref_axis',(-1.,0.,0.));
#3546=DIRECTION('center_axis',(0.,0.,1.));
#3547=DIRECTION('ref_axis',(-1.,0.,0.));
#3548=DIRECTION('center_axis',(0.,0.,-1.));
#3549=DIRECTION('ref_axis',(-1.,0.,0.));
#3550=DIRECTION('center_axis',(0.,0.,1.));
#3551=DIRECTION('ref_axis',(-1.,0.,0.));
#3552=DIRECTION('center_axis',(0.,0.,-1.));
#3553=DIRECTION('ref_axis',(-1.,0.,0.));
#3554=DIRECTION('center_axis',(0.,0.,1.));
#3555=DIRECTION('ref_axis',(-1.,0.,0.));
#3556=DIRECTION('center_axis',(0.,0.,-1.));
#3557=DIRECTION('ref_axis',(-1.,0.,0.));
#3558=DIRECTION('center_axis',(0.,0.,1.));
#3559=DIRECTION('ref_axis',(-1.,0.,0.));
#3560=DIRECTION('center_axis',(0.,0.,-1.));
#3561=DIRECTION('ref_axis',(-1.,0.,0.));
#3562=DIRECTION('center_axis',(0.,0.,1.));
#3563=DIRECTION('ref_axis',(-1.,0.,0.));
#3564=DIRECTION('center_axis',(0.,0.,-1.));
#3565=DIRECTION('ref_axis',(-1.,0.,0.));
#3566=DIRECTION('center_axis',(0.,0.,1.));
#3567=DIRECTION('ref_axis',(-1.,0.,0.));
#3568=DIRECTION('center_axis',(0.,0.,-1.));
#3569=DIRECTION('ref_axis',(-1.,0.,0.));
#3570=DIRECTION('center_axis',(0.,0.,1.));
#3571=DIRECTION('ref_axis',(-1.,0.,0.));
#3572=DIRECTION('center_axis',(0.,0.,-1.));
#3573=DIRECTION('ref_axis',(-1.,0.,0.));
#3574=DIRECTION('center_axis',(0.,0.,1.));
#3575=DIRECTION('ref_axis',(0.707106781186547,0.707106781186548,0.));
#3576=DIRECTION('',(0.,0.,-1.));
#3577=DIRECTION('',(0.,0.,1.));
#3578=DIRECTION('center_axis',(1.,0.,0.));
#3579=DIRECTION('ref_axis',(0.,1.,0.));
#3580=DIRECTION('',(0.,0.,1.));
#3581=DIRECTION('center_axis',(0.,0.,1.));
#3582=DIRECTION('ref_axis',(0.707106781186548,-0.707106781186548,0.));
#3583=DIRECTION('',(0.,0.,-1.));
#3584=DIRECTION('center_axis',(0.,-1.,0.));
#3585=DIRECTION('ref_axis',(1.,0.,0.));
#3586=DIRECTION('',(0.,0.,1.));
#3587=DIRECTION('center_axis',(0.,0.,1.));
#3588=DIRECTION('ref_axis',(-0.707106781186546,-0.707106781186549,0.));
#3589=DIRECTION('',(0.,0.,-1.));
#3590=DIRECTION('center_axis',(-1.,0.,0.));
#3591=DIRECTION('ref_axis',(0.,-1.,0.));
#3592=DIRECTION('',(0.,0.,1.));
#3593=DIRECTION('center_axis',(0.,0.,1.));
#3594=DIRECTION('ref_axis',(-0.707106781186548,0.707106781186547,0.));
#3595=DIRECTION('',(0.,0.,-1.));
#3596=DIRECTION('center_axis',(0.,0.,-1.));
#3597=DIRECTION('ref_axis',(1.,0.,0.));
#3598=DIRECTION('center_axis',(0.,0.,-1.));
#3599=DIRECTION('ref_axis',(-0.91064712284166,0.413184967853631,0.));
#3600=DIRECTION('',(0.,-1.,0.));
#3601=DIRECTION('',(1.,0.,0.));
#3602=DIRECTION('center_axis',(0.,0.,1.));
#3603=DIRECTION('ref_axis',(1.,0.,0.));
#3604=DIRECTION('',(-1.,0.,0.));
#3605=DIRECTION('',(0.,1.,0.));
#3606=DIRECTION('',(-1.,0.,0.));
#3607=DIRECTION('',(0.,-1.,0.));
#3608=DIRECTION('center_axis',(0.,-1.,0.));
#3609=DIRECTION('ref_axis',(0.,0.,-1.));
#3610=DIRECTION('',(1.,0.,0.));
#3611=DIRECTION('',(0.,0.,-1.));
#3612=DIRECTION('',(0.,0.,1.));
#3613=DIRECTION('center_axis',(0.,-1.,0.));
#3614=DIRECTION('ref_axis',(0.,0.,-1.));
#3615=DIRECTION('',(0.,0.,1.));
#3616=DIRECTION('',(1.,0.,0.));
#3617=DIRECTION('',(0.,0.,-1.));
#3618=DIRECTION('',(-1.,0.,0.));
#3619=DIRECTION('center_axis',(0.,0.,-1.));
#3620=DIRECTION('ref_axis',(0.,1.,0.));
#3621=DIRECTION('',(0.,1.,0.));
#3622=DIRECTION('',(1.,0.,0.));
#3623=DIRECTION('',(0.,-1.,0.));
#3624=DIRECTION('center_axis',(0.,-1.,0.));
#3625=DIRECTION('ref_axis',(0.,0.,-1.));
#3626=DIRECTION('',(0.,0.,1.));
#3627=DIRECTION('',(0.,0.,-1.));
#3628=DIRECTION('',(-1.,0.,0.));
#3629=DIRECTION('center_axis',(0.,0.,1.));
#3630=DIRECTION('ref_axis',(0.,-1.,0.));
#3631=DIRECTION('',(0.,1.,0.));
#3632=DIRECTION('',(0.,-1.,0.));
#3633=DIRECTION('center_axis',(0.,1.,0.));
#3634=DIRECTION('ref_axis',(-1.,0.,0.));
#3635=DIRECTION('',(0.,0.,1.));
#3636=DIRECTION('center_axis',(0.,1.,0.));
#3637=DIRECTION('ref_axis',(0.707106781186547,0.,0.707106781186548));
#3638=DIRECTION('center_axis',(0.,-1.,0.));
#3639=DIRECTION('ref_axis',(-8.8817841970012E-15,0.,-1.));
#3640=DIRECTION('center_axis',(0.,-1.,0.));
#3641=DIRECTION('ref_axis',(1.,0.,2.22044604925032E-15));
#3642=DIRECTION('center_axis',(0.,-1.,0.));
#3643=DIRECTION('ref_axis',(-8.8817841970012E-15,0.,-1.));
#3644=DIRECTION('center_axis',(0.,-1.,0.));
#3645=DIRECTION('ref_axis',(-8.8817841970012E-15,0.,-1.));
#3646=DIRECTION('',(0.,-1.,0.));
#3647=DIRECTION('center_axis',(0.,-1.,0.));
#3648=DIRECTION('ref_axis',(-8.8817841970012E-15,0.,-1.));
#3649=DIRECTION('center_axis',(0.,1.,0.));
#3650=DIRECTION('ref_axis',(-1.,0.,0.));
#3651=DIRECTION('',(1.,0.,0.));
#3652=DIRECTION('center_axis',(0.,-1.,0.));
#3653=DIRECTION('ref_axis',(1.,0.,2.22044604925032E-15));
#3654=DIRECTION('center_axis',(0.,-1.,0.));
#3655=DIRECTION('ref_axis',(1.,0.,2.22044604925032E-15));
#3656=DIRECTION('',(0.,1.,0.));
#3657=DIRECTION('center_axis',(0.,-1.,0.));
#3658=DIRECTION('ref_axis',(1.,0.,2.22044604925032E-15));
#3659=DIRECTION('',(0.,-1.,0.));
#3660=DIRECTION('center_axis',(0.,-1.,0.));
#3661=DIRECTION('ref_axis',(1.,0.,0.));
#3662=DIRECTION('',(0.,0.,1.));
#3663=DIRECTION('',(1.,0.,0.));
#3664=DIRECTION('',(0.,0.,1.));
#3665=DIRECTION('',(-1.,0.,0.));
#3666=DIRECTION('center_axis',(0.,-1.,0.));
#3667=DIRECTION('ref_axis',(0.,0.,-1.));
#3668=DIRECTION('',(-1.,0.,0.));
#3669=DIRECTION('',(0.,0.,1.));
#3670=DIRECTION('',(0.,0.,-1.));
#3671=DIRECTION('center_axis',(0.,0.,1.));
#3672=DIRECTION('ref_axis',(-0.91064712284166,0.413184967853631,0.));
#3673=DIRECTION('center_axis',(0.,0.,-1.));
#3674=DIRECTION('ref_axis',(-1.,0.,0.));
#3675=DIRECTION('',(0.,0.,1.));
#3676=DIRECTION('center_axis',(0.,0.,-1.));
#3677=DIRECTION('ref_axis',(-0.91064712284166,0.413184967853631,0.));
#3678=DIRECTION('',(0.,0.,1.));
#3679=DIRECTION('center_axis',(0.,0.,-1.));
#3680=DIRECTION('ref_axis',(-1.,0.,0.));
#3681=DIRECTION('',(0.184288535050184,2.25688364568762E-17,-0.982872186934322));
#3682=DIRECTION('center_axis',(0.,0.,-1.));
#3683=DIRECTION('ref_axis',(-1.,0.,0.));
#3684=DIRECTION('',(0.184288535050184,2.25688364568762E-17,-0.982872186934322));
#3685=DIRECTION('center_axis',(0.,0.,-1.));
#3686=DIRECTION('ref_axis',(-1.,0.,0.));
#3687=DIRECTION('',(0.184288535050186,2.25688364568765E-17,-0.982872186934322));
#3688=DIRECTION('center_axis',(0.,0.,-1.));
#3689=DIRECTION('ref_axis',(-1.,0.,0.));
#3690=DIRECTION('',(0.184288535050185,2.25688364568764E-17,-0.982872186934322));
#3691=DIRECTION('center_axis',(0.,0.,-1.));
#3692=DIRECTION('ref_axis',(-1.,0.,0.));
#3693=DIRECTION('',(0.184288535050186,2.25688364568765E-17,-0.982872186934322));
#3694=DIRECTION('center_axis',(0.,0.,-1.));
#3695=DIRECTION('ref_axis',(-1.,0.,0.));
#3696=DIRECTION('',(0.184288535050184,2.25688364568762E-17,-0.982872186934322));
#3697=DIRECTION('center_axis',(0.,0.,-1.));
#3698=DIRECTION('ref_axis',(-1.,0.,0.));
#3699=DIRECTION('',(0.184288535050184,2.25688364568762E-17,-0.982872186934322));
#3700=DIRECTION('center_axis',(0.,0.,-1.));
#3701=DIRECTION('ref_axis',(-1.,0.,0.));
#3702=DIRECTION('',(0.184288535050184,2.25688364568762E-17,-0.982872186934322));
#3703=DIRECTION('center_axis',(0.,0.,-1.));
#3704=DIRECTION('ref_axis',(-1.,0.,0.));
#3705=DIRECTION('',(0.184288535050186,2.25688364568765E-17,-0.982872186934322));
#3706=DIRECTION('center_axis',(0.,0.,-1.));
#3707=DIRECTION('ref_axis',(-1.,0.,0.));
#3708=DIRECTION('',(0.184288535050186,2.25688364568765E-17,-0.982872186934322));
#3709=DIRECTION('center_axis',(0.,0.,-1.));
#3710=DIRECTION('ref_axis',(-1.,0.,0.));
#3711=DIRECTION('',(0.184288535050186,2.25688364568765E-17,-0.982872186934322));
#3712=DIRECTION('center_axis',(0.,0.,-1.));
#3713=DIRECTION('ref_axis',(-1.,0.,0.));
#3714=DIRECTION('',(0.184288535050185,2.25688364568764E-17,-0.982872186934322));
#3715=DIRECTION('center_axis',(0.,0.,-1.));
#3716=DIRECTION('ref_axis',(-1.,0.,0.));
#3717=DIRECTION('',(0.184288535050185,2.25688364568764E-17,-0.982872186934322));
#3718=DIRECTION('center_axis',(0.,0.,-1.));
#3719=DIRECTION('ref_axis',(-1.,0.,0.));
#3720=DIRECTION('',(0.184288535050186,2.25688364568765E-17,-0.982872186934322));
#3721=DIRECTION('center_axis',(0.,0.,-1.));
#3722=DIRECTION('ref_axis',(-1.,0.,0.));
#3723=DIRECTION('',(0.184288535050184,2.25688364568762E-17,-0.982872186934322));
#3724=DIRECTION('center_axis',(0.,0.,-1.));
#3725=DIRECTION('ref_axis',(-1.,0.,0.));
#3726=DIRECTION('',(0.184288535050184,2.25688364568762E-17,-0.982872186934322));
#3727=DIRECTION('center_axis',(0.,0.,-1.));
#3728=DIRECTION('ref_axis',(-1.,0.,0.));
#3729=DIRECTION('',(0.184288535050184,2.25688364568762E-17,-0.982872186934322));
#3730=DIRECTION('center_axis',(1.,0.,0.));
#3731=DIRECTION('ref_axis',(0.,1.,0.));
#3732=DIRECTION('center_axis',(-1.,0.,0.));
#3733=DIRECTION('ref_axis',(0.,-0.6,0.8));
#3734=DIRECTION('',(0.,1.,0.));
#3735=DIRECTION('center_axis',(0.,0.,-1.));
#3736=DIRECTION('ref_axis',(-1.,0.,0.));
#3737=DIRECTION('',(0.184288535050186,2.25688364568765E-17,-0.982872186934322));
#3738=DIRECTION('center_axis',(1.,0.,0.));
#3739=DIRECTION('ref_axis',(0.,1.,0.));
#3740=DIRECTION('',(0.,1.,0.));
#3741=DIRECTION('center_axis',(0.,0.,1.));
#3742=DIRECTION('ref_axis',(1.,0.,0.));
#3743=DIRECTION('',(0.,-1.,0.));
#3744=DIRECTION('center_axis',(-1.,0.,0.));
#3745=DIRECTION('ref_axis',(0.,-1.,0.));
#3746=DIRECTION('',(0.,-1.,0.));
#3747=DIRECTION('',(0.,1.,0.));
#3748=DIRECTION('',(0.,0.,1.));
#3749=DIRECTION('',(0.,-1.,0.));
#3750=DIRECTION('center_axis',(0.,0.,1.));
#3751=DIRECTION('ref_axis',(1.,0.,0.));
#3752=DIRECTION('',(0.,-1.,0.));
#3753=DIRECTION('center_axis',(1.,0.,0.));
#3754=DIRECTION('ref_axis',(0.,0.,1.));
#3755=DIRECTION('',(0.,-1.,0.));
#3756=DIRECTION('center_axis',(0.,1.,0.));
#3757=DIRECTION('ref_axis',(0.707106781186547,0.,0.707106781186548));
#3758=DIRECTION('center_axis',(0.,-1.,0.));
#3759=DIRECTION('ref_axis',(1.,0.,0.));
#3760=DIRECTION('',(0.,0.,-1.));
#3761=DIRECTION('',(-1.,0.,0.));
#3762=DIRECTION('center_axis',(0.,0.,-1.));
#3763=DIRECTION('ref_axis',(-1.,0.,0.));
#3764=DIRECTION('',(0.,-1.,0.));
#3765=DIRECTION('',(1.,0.,0.));
#3766=DIRECTION('center_axis',(0.,1.,0.));
#3767=DIRECTION('ref_axis',(0.,0.,1.));
#3768=DIRECTION('',(0.,0.,-1.));
#3769=DIRECTION('',(1.,0.,0.));
#3770=DIRECTION('center_axis',(0.,-1.,0.));
#3771=DIRECTION('ref_axis',(0.,0.,-1.));
#3772=DIRECTION('',(-1.,0.,0.));
#3773=DIRECTION('',(0.,0.,1.));
#3774=DIRECTION('',(-1.,0.,0.));
#3775=DIRECTION('',(0.,0.,-1.));
#3776=DIRECTION('center_axis',(0.,0.,1.));
#3777=DIRECTION('ref_axis',(1.,0.,0.));
#3778=DIRECTION('',(0.,-1.,0.));
#3779=DIRECTION('',(-1.,0.,0.));
#3780=DIRECTION('',(0.,1.,0.));
#3781=DIRECTION('center_axis',(-1.,0.,0.));
#3782=DIRECTION('ref_axis',(0.,-0.6,0.8));
#3783=DIRECTION('center_axis',(1.,0.,0.));
#3784=DIRECTION('ref_axis',(0.,-0.6,0.8));
#3785=DIRECTION('center_axis',(0.,-1.,0.));
#3786=DIRECTION('ref_axis',(0.,0.,-1.));
#3787=DIRECTION('',(0.,0.,1.));
#3788=DIRECTION('',(1.,0.,0.));
#3789=DIRECTION('',(0.,0.,-1.));
#3790=DIRECTION('',(-1.,0.,0.));
#3791=DIRECTION('center_axis',(0.,0.,-1.));
#3792=DIRECTION('ref_axis',(0.,1.,0.));
#3793=DIRECTION('',(0.,1.,0.));
#3794=DIRECTION('',(1.,0.,0.));
#3795=DIRECTION('',(0.,-1.,0.));
#3796=DIRECTION('center_axis',(0.,-1.,0.));
#3797=DIRECTION('ref_axis',(0.,0.,-1.));
#3798=DIRECTION('',(0.,0.,1.));
#3799=DIRECTION('',(0.,0.,-1.));
#3800=DIRECTION('',(-1.,0.,0.));
#3801=DIRECTION('center_axis',(0.,0.,1.));
#3802=DIRECTION('ref_axis',(0.,-1.,0.));
#3803=DIRECTION('',(0.,1.,0.));
#3804=DIRECTION('',(0.,-1.,0.));
#3805=DIRECTION('center_axis',(1.,0.,0.));
#3806=DIRECTION('ref_axis',(0.,1.,0.));
#3807=DIRECTION('',(0.,-1.,0.));
#3808=DIRECTION('',(0.,1.,0.));
#3809=DIRECTION('center_axis',(0.,0.,1.));
#3810=DIRECTION('ref_axis',(1.,0.,0.));
#3811=DIRECTION('',(0.,1.,0.));
#3812=DIRECTION('center_axis',(-1.,0.,0.));
#3813=DIRECTION('ref_axis',(0.,-1.,0.));
#3814=DIRECTION('',(0.,-1.,0.));
#3815=DIRECTION('center_axis',(0.,0.,1.));
#3816=DIRECTION('ref_axis',(1.,0.,0.));
#3817=CARTESIAN_POINT('',(0.,0.,0.));
#3818=CARTESIAN_POINT('Origin',(-12.0000001788139,-88.1999980285764,-12.));
#3819=CARTESIAN_POINT('',(-13.0000001788139,-88.1999980285764,-12.));
#3820=CARTESIAN_POINT('',(-12.0000001788139,-89.1999980285764,-12.));
#3821=CARTESIAN_POINT('Origin',(-12.0000001788139,-88.1999980285764,-12.));
#3822=CARTESIAN_POINT('',(-13.0000001788139,-88.1999980285764,0.5));
#3823=CARTESIAN_POINT('',(-13.0000001788139,-88.1999980285764,-12.));
#3824=CARTESIAN_POINT('',(-12.0000001788139,-89.1999980285764,0.5));
#3825=CARTESIAN_POINT('Origin',(-12.0000001788139,-88.1999980285764,0.5));
#3826=CARTESIAN_POINT('',(-12.0000001788139,-89.1999980285764,-12.));
#3827=CARTESIAN_POINT('Origin',(-13.0000001788139,-88.1999980285764,-12.));
#3828=CARTESIAN_POINT('',(-13.0000001788139,12.0000001788139,-12.));
#3829=CARTESIAN_POINT('',(-13.0000001788139,-88.1999980285764,-12.));
#3830=CARTESIAN_POINT('',(-13.0000001788139,12.0000001788139,0.5));
#3831=CARTESIAN_POINT('',(-13.0000001788139,12.0000001788139,-12.));
#3832=CARTESIAN_POINT('',(-13.0000001788139,-63.1499984767288,0.5));
#3833=CARTESIAN_POINT('Origin',(-12.0000001788139,12.0000001788139,-12.));
#3834=CARTESIAN_POINT('',(-12.0000001788139,13.0000001788139,-12.));
#3835=CARTESIAN_POINT('Origin',(-12.0000001788139,12.0000001788139,-12.));
#3836=CARTESIAN_POINT('',(-12.0000001788139,13.0000001788139,0.5));
#3837=CARTESIAN_POINT('',(-12.0000001788139,13.0000001788139,-12.));
#3838=CARTESIAN_POINT('Origin',(-12.0000001788139,12.0000001788139,0.5));
#3839=CARTESIAN_POINT('Origin',(-12.0000001788139,13.0000001788139,-12.));
#3840=CARTESIAN_POINT('',(25.9336586468941,13.0000001788139,-12.));
#3841=CARTESIAN_POINT('',(-12.0000001788139,13.0000001788139,-12.));
#3842=CARTESIAN_POINT('',(25.9336586468941,13.0000001788139,-10.));
#3843=CARTESIAN_POINT('',(25.9336586468941,13.0000001788139,-12.5));
#3844=CARTESIAN_POINT('',(27.9336586468941,13.0000001788139,-10.));
#3845=CARTESIAN_POINT('',(6.9668292340401,13.0000001788139,-10.));
#3846=CARTESIAN_POINT('',(27.9336586468941,13.0000001788139,-11.));
#3847=CARTESIAN_POINT('',(27.9336586468941,13.0000001788139,-11.));
#3848=CARTESIAN_POINT('',(33.3479750282547,13.0000001788139,-11.));
#3849=CARTESIAN_POINT('',(6.9668292340401,13.0000001788139,-11.));
#3850=CARTESIAN_POINT('',(33.3479750282547,13.0000001788139,-9.75998141581078));
#3851=CARTESIAN_POINT('',(33.3479750282547,13.0000001788139,-10.3799907079054));
#3852=CARTESIAN_POINT('',(34.3479750282547,13.0000001788139,-8.75998141581078));
#3853=CARTESIAN_POINT('Origin',(34.3479750282547,13.0000001788139,-9.75998141581078));
#3854=CARTESIAN_POINT('',(45.273826820849,13.0000001788139,-8.75998141581078));
#3855=CARTESIAN_POINT('',(16.6369133210175,13.0000001788139,-8.75998141581078));
#3856=CARTESIAN_POINT('',(46.273826820849,13.0000001788139,-9.75998141581078));
#3857=CARTESIAN_POINT('Origin',(45.273826820849,13.0000001788139,-9.75998141581078));
#3858=CARTESIAN_POINT('',(46.273826820849,13.0000001788139,-11.));
#3859=CARTESIAN_POINT('',(46.273826820849,13.0000001788139,-12.1299907079054));
#3860=CARTESIAN_POINT('',(51.5074263990835,13.0000001788139,-11.));
#3861=CARTESIAN_POINT('',(17.1369133210175,13.0000001788139,-11.));
#3862=CARTESIAN_POINT('',(51.5074263990835,13.0000001788139,-10.));
#3863=CARTESIAN_POINT('',(51.5074263990835,13.0000001788139,-12.5));
#3864=CARTESIAN_POINT('',(53.5074263990835,13.0000001788139,-10.));
#3865=CARTESIAN_POINT('',(19.7537131101348,13.0000001788139,-10.));
#3866=CARTESIAN_POINT('',(53.5074263990835,13.0000001788139,-12.));
#3867=CARTESIAN_POINT('',(53.5074263990835,13.0000001788139,-11.));
#3868=CARTESIAN_POINT('',(278.69999377057,13.0000001788139,-12.));
#3869=CARTESIAN_POINT('',(60.6749983085319,13.0000001788139,-12.));
#3870=CARTESIAN_POINT('',(278.69999377057,13.0000001788139,0.5));
#3871=CARTESIAN_POINT('',(278.69999377057,13.0000001788139,-12.));
#3872=CARTESIAN_POINT('',(206.046851613887,13.0000001788139,0.5));
#3873=CARTESIAN_POINT('Origin',(278.69999377057,-88.1999980285764,-12.));
#3874=CARTESIAN_POINT('',(278.69999377057,-89.1999980285764,-12.));
#3875=CARTESIAN_POINT('',(279.69999377057,-88.1999980285764,-12.));
#3876=CARTESIAN_POINT('Origin',(278.69999377057,-88.1999980285764,-12.));
#3877=CARTESIAN_POINT('',(278.69999377057,-89.1999980285764,0.5));
#3878=CARTESIAN_POINT('',(278.69999377057,-89.1999980285764,-12.));
#3879=CARTESIAN_POINT('',(279.69999377057,-88.1999980285764,0.5));
#3880=CARTESIAN_POINT('Origin',(278.69999377057,-88.1999980285764,0.5));
#3881=CARTESIAN_POINT('',(279.69999377057,-88.1999980285764,-12.));
#3882=CARTESIAN_POINT('Origin',(133.349996795878,-38.0999989248812,-12.));
#3883=CARTESIAN_POINT('',(278.69999377057,-89.1999980285764,-12.));
#3884=CARTESIAN_POINT('',(279.69999377057,12.0000001788139,-12.));
#3885=CARTESIAN_POINT('',(279.69999377057,12.0000001788139,-12.));
#3886=CARTESIAN_POINT('Origin',(278.69999377057,12.0000001788139,-12.));
#3887=CARTESIAN_POINT('',(53.5074263990835,-17.3963344679815,-12.));
#3888=CARTESIAN_POINT('',(53.5074263990835,-13.0499993730336,-12.));
#3889=CARTESIAN_POINT('',(61.1500148904502,-19.049074339396,-12.));
#3890=CARTESIAN_POINT('Origin',(57.1500148904502,-19.049074339396,-12.));
#3891=CARTESIAN_POINT('',(53.5074263990835,-20.7018142108106,-12.));
#3892=CARTESIAN_POINT('Origin',(57.1500148904502,-19.049074339396,-12.));
#3893=CARTESIAN_POINT('',(53.5074263990835,-48.5007857985458,-12.));
#3894=CARTESIAN_POINT('',(53.5074263990835,-29.4009065678459,-12.));
#3895=CARTESIAN_POINT('',(25.9336586468941,-48.5007857985458,-12.));
#3896=CARTESIAN_POINT('',(93.4287115974807,-48.5007857985458,-12.));
#3897=CARTESIAN_POINT('',(25.9336586468941,12.0000001788139,-12.));
#3898=CARTESIAN_POINT('',(-5.32661568513577,-57.3350693820975,-12.));
#3899=CARTESIAN_POINT('Origin',(-7.82661568513577,-57.3350693820975,-12.));
#3900=CARTESIAN_POINT('',(93.7341519515727,-80.3524521795977,-12.));
#3901=CARTESIAN_POINT('Origin',(91.2341519515727,-80.3524521795977,-12.));
#3902=CARTESIAN_POINT('',(-3.75492828332395,-37.8098758903586,-12.));
#3903=CARTESIAN_POINT('Origin',(-6.25492828332396,-37.8098758903586,-12.));
#3904=CARTESIAN_POINT('',(-6.29380793240456,-74.7445298329359,-12.));
#3905=CARTESIAN_POINT('Origin',(-8.79380793240456,-74.7445298329359,-12.));
#3906=CARTESIAN_POINT('',(64.3431800514106,-72.5091510995872,-12.));
#3907=CARTESIAN_POINT('Origin',(61.8431800514106,-72.5091510995872,-12.));
#3908=CARTESIAN_POINT('',(-5.32661568513577,-18.1033338522568,-12.));
#3909=CARTESIAN_POINT('Origin',(-7.82661568513577,-18.1033338522568,-12.));
#3910=CARTESIAN_POINT('',(254.024088901396,-19.0441099457069,-12.));
#3911=CARTESIAN_POINT('Origin',(250.024088901396,-19.0441099457069,-12.));
#3912=CARTESIAN_POINT('',(194.490129024634,-19.0800490014819,-12.));
#3913=CARTESIAN_POINT('Origin',(190.490129024634,-19.0800490014819,-12.));
#3914=CARTESIAN_POINT('',(151.646123926808,-57.1399091813466,-12.));
#3915=CARTESIAN_POINT('Origin',(147.646123926808,-57.1399091813466,-12.));
#3916=CARTESIAN_POINT('',(24.2376528213543,-38.0949678353027,-12.));
#3917=CARTESIAN_POINT('Origin',(20.2376528213543,-38.0949678353027,-12.));
#3918=CARTESIAN_POINT('',(104.014206034256,-38.0949678353027,-12.));
#3919=CARTESIAN_POINT('Origin',(100.014206034256,-38.0949678353027,-12.));
#3920=CARTESIAN_POINT('',(218.31759006041,-38.0949678353027,-12.));
#3921=CARTESIAN_POINT('Origin',(214.31759006041,-38.0949678353027,-12.));
#3922=CARTESIAN_POINT('',(223.084508690169,0.00726379273391635,-12.));
#3923=CARTESIAN_POINT('Origin',(219.084508690169,0.00726379273391586,-12.));
#3924=CARTESIAN_POINT('',(208.788050323923,-76.1989210257389,-12.));
#3925=CARTESIAN_POINT('Origin',(204.788050323923,-76.1989210257389,-12.));
#3926=CARTESIAN_POINT('',(165.919831546201,0.00264750056669532,-12.));
#3927=CARTESIAN_POINT('Origin',(161.919831546201,0.00264750056669483,-12.));
#3928=CARTESIAN_POINT('',(137.353532020691,-19.0506053306984,-12.));
#3929=CARTESIAN_POINT('Origin',(133.353532020691,-19.0506053306984,-12.));
#3930=CARTESIAN_POINT('',(75.4388854433753,-57.1399091813466,-12.));
#3931=CARTESIAN_POINT('Origin',(71.4388854433753,-57.1399091813466,-12.));
#3932=CARTESIAN_POINT('',(13.5272217274896,0.0051478334029758,-12.));
#3933=CARTESIAN_POINT('Origin',(9.52722172748961,0.00514783340297531,-12.));
#3934=CARTESIAN_POINT('',(18.2856751174303,-76.1982965806295,-12.));
#3935=CARTESIAN_POINT('Origin',(14.2856751174303,-76.1982965806295,-12.));
#3936=CARTESIAN_POINT('',(89.7334741733938,-0.000945663554077279,-12.));
#3937=CARTESIAN_POINT('Origin',(85.7334741733938,-0.000945663554077769,
-12.));
#3938=CARTESIAN_POINT('',(180.224107076725,-38.0949678353027,-12.));
#3939=CARTESIAN_POINT('Origin',(176.224107076725,-38.0949678353027,-12.));
#3940=CARTESIAN_POINT('',(231.746698178761,-57.8070341318831,-12.));
#3941=CARTESIAN_POINT('Origin',(227.746698178761,-57.8070341318831,-12.));
#3942=CARTESIAN_POINT('',(256.412794844741,-76.1950160797811,-12.));
#3943=CARTESIAN_POINT('Origin',(252.412794844741,-76.1950160797811,-12.));
#3944=CARTESIAN_POINT('',(182.21019316713,-74.1114245266299,-12.));
#3945=CARTESIAN_POINT('Origin',(179.71019316713,-74.1114245266299,-12.));
#3946=CARTESIAN_POINT('',(273.87888045399,-56.9266999288493,-12.));
#3947=CARTESIAN_POINT('Origin',(271.37888045399,-56.9266999288493,-12.));
#3948=CARTESIAN_POINT('',(277.255887413251,2.20592179129696,-12.));
#3949=CARTESIAN_POINT('Origin',(274.755887413251,2.20592179129696,-12.));
#3950=CARTESIAN_POINT('',(276.577852952784,-76.7422763366684,-12.));
#3951=CARTESIAN_POINT('Origin',(274.077852952784,-76.7422763366684,-12.));
#3952=CARTESIAN_POINT('',(236.93686716057,-37.5194996486728,-12.));
#3953=CARTESIAN_POINT('Origin',(234.43686716057,-37.5194996486728,-12.));
#3954=CARTESIAN_POINT('',(276.577852952784,-38.6508004370159,-12.));
#3955=CARTESIAN_POINT('Origin',(274.077852952784,-38.6508004370159,-12.));
#3956=CARTESIAN_POINT('',(275.035582953473,-18.6012904459751,-12.));
#3957=CARTESIAN_POINT('Origin',(272.535582953473,-18.6012904459751,-12.));
#3958=CARTESIAN_POINT('',(240.613545981921,3.25308738207674,-12.));
#3959=CARTESIAN_POINT('Origin',(238.113545981921,3.25308738207674,-12.));
#3960=CARTESIAN_POINT('',(152.464909489179,-82.9230634904685,-12.));
#3961=CARTESIAN_POINT('Origin',(148.464909489179,-82.9230634904685,-12.));
#3962=CARTESIAN_POINT('',(97.8292339786881,-69.6491543490036,-12.));
#3963=CARTESIAN_POINT('Origin',(93.8292339786881,-69.6491543490036,-12.));
#3964=CARTESIAN_POINT('Origin',(279.69999377057,12.0000001788139,-12.));
#3965=CARTESIAN_POINT('',(279.69999377057,12.0000001788139,0.5));
#3966=CARTESIAN_POINT('',(279.69999377057,-13.0499993730336,0.5));
#3967=CARTESIAN_POINT('',(279.69999377057,12.0000001788139,-12.));
#3968=CARTESIAN_POINT('Origin',(278.69999377057,12.0000001788139,-12.));
#3969=CARTESIAN_POINT('Origin',(278.69999377057,12.0000001788139,0.5));
#3970=CARTESIAN_POINT('Origin',(133.393709457204,-38.0999989248812,0.5));
#3971=CARTESIAN_POINT('',(-17.0000001788139,13.0000001788139,0.5));
#3972=CARTESIAN_POINT('',(-13.0000001788139,17.0000001788139,0.5));
#3973=CARTESIAN_POINT('Origin',(-13.0000001788139,13.0000001788139,0.5));
#3974=CARTESIAN_POINT('',(-17.0000001788139,-89.1999980285764,0.5));
#3975=CARTESIAN_POINT('',(-17.0000001788139,-88.1999980285764,0.5));
#3976=CARTESIAN_POINT('',(-13.0000001788139,-93.1999980285764,0.5));
#3977=CARTESIAN_POINT('Origin',(-13.0000001788139,-89.1999980285764,0.5));
#3978=CARTESIAN_POINT('',(279.69999377057,-93.1999980285764,0.5));
#3979=CARTESIAN_POINT('',(-17.0000001788139,-93.1999980285764,0.5));
#3980=CARTESIAN_POINT('',(283.69999377057,-89.1999980285764,0.5));
#3981=CARTESIAN_POINT('Origin',(279.69999377057,-89.1999980285764,0.5));
#3982=CARTESIAN_POINT('',(283.69999377057,13.0000001788139,0.5));
#3983=CARTESIAN_POINT('',(283.69999377057,-93.1999980285764,0.5));
#3984=CARTESIAN_POINT('',(279.69999377057,17.0000001788139,0.5));
#3985=CARTESIAN_POINT('Origin',(279.69999377057,13.0000001788139,0.5));
#3986=CARTESIAN_POINT('',(-17.0000001788139,17.0000001788139,0.5));
#3987=CARTESIAN_POINT('',(206.046851613887,-89.1999980285764,0.5));
#3988=CARTESIAN_POINT('Origin',(278.69999377057,-89.1999980285764,-12.));
#3989=CARTESIAN_POINT('Origin',(45.273826820849,17.0000001788139,-8.75998141581078));
#3990=CARTESIAN_POINT('',(34.3479750282547,17.0000001788139,-8.75998141581078));
#3991=CARTESIAN_POINT('',(34.3479750282547,17.0000001788139,-8.75998141581078));
#3992=CARTESIAN_POINT('',(45.273826820849,17.0000001788139,-8.75998141581078));
#3993=CARTESIAN_POINT('',(34.3479750282547,17.0000001788139,-8.75998141581078));
#3994=CARTESIAN_POINT('',(45.273826820849,17.0000001788139,-8.75998141581078));
#3995=CARTESIAN_POINT('Origin',(34.3479750282547,17.0000001788139,-9.75998141581078));
#3996=CARTESIAN_POINT('',(33.3479750282547,17.0000001788139,-9.75998141581078));
#3997=CARTESIAN_POINT('',(33.3479750282547,17.0000001788139,-9.75998141581078));
#3998=CARTESIAN_POINT('Origin',(34.3479750282547,17.0000001788139,-9.75998141581078));
#3999=CARTESIAN_POINT('Origin',(33.3479750282547,17.0000001788139,-8.75998141581078));
#4000=CARTESIAN_POINT('',(33.3479750282547,15.7000001788139,-11.));
#4001=CARTESIAN_POINT('',(33.3479750282547,14.5000001788139,-11.));
#4002=CARTESIAN_POINT('',(33.3479750282547,15.7000001788139,-12.2599814158108));
#4003=CARTESIAN_POINT('',(33.3479750282547,15.7000001788139,-5.62999070790539));
#4004=CARTESIAN_POINT('',(33.3479750282547,17.0000001788139,-12.2599814158108));
#4005=CARTESIAN_POINT('',(33.3479750282547,17.0000001788139,-12.2599814158108));
#4006=CARTESIAN_POINT('',(33.3479750282547,17.0000001788139,-11.8799907079054));
#4007=CARTESIAN_POINT('Origin',(25.9336586468941,12.0000001788139,-11.));
#4008=CARTESIAN_POINT('',(27.9336586468941,15.7000001788139,-11.));
#4009=CARTESIAN_POINT('',(27.9336586468941,6.21882912991655,-11.));
#4010=CARTESIAN_POINT('',(25.9336586468941,15.7000001788139,-11.));
#4011=CARTESIAN_POINT('Origin',(219.08450869017,0.00726379273391586,-12.435623948795));
#4012=CARTESIAN_POINT('',(217.63450869017,0.00726379273391604,-12.));
#4013=CARTESIAN_POINT('Origin',(219.08450869017,0.00726379273391586,-12.));
#4014=CARTESIAN_POINT('',(219.08450869017,0.00726379273391586,-12.8712478975899));
#4015=CARTESIAN_POINT('',(218.35950869017,0.00726379273391595,-12.435623948795));
#4016=CARTESIAN_POINT('Origin',(219.08450869017,0.00726379273391586,-8.));
#4017=CARTESIAN_POINT('',(217.63450869017,0.00726379273391604,-4.));
#4018=CARTESIAN_POINT('Origin',(219.08450869017,0.00726379273391586,-4.));
#4019=CARTESIAN_POINT('',(217.63450869017,0.00726379273391604,-8.));
#4020=CARTESIAN_POINT('Origin',(250.024088901396,-19.0441099457069,-12.435623948795));
#4021=CARTESIAN_POINT('',(248.574088901396,-19.0441099457069,-12.));
#4022=CARTESIAN_POINT('Origin',(250.024088901396,-19.0441099457069,-12.));
#4023=CARTESIAN_POINT('',(250.024088901396,-19.0441099457069,-12.87124789759));
#4024=CARTESIAN_POINT('',(249.299088901396,-19.0441099457069,-12.435623948795));
#4025=CARTESIAN_POINT('Origin',(250.024088901396,-19.0441099457069,-8.));
#4026=CARTESIAN_POINT('',(248.574088901396,-19.0441099457069,-4.));
#4027=CARTESIAN_POINT('Origin',(250.024088901396,-19.0441099457069,-4.));
#4028=CARTESIAN_POINT('',(248.574088901396,-19.0441099457069,-8.));
#4029=CARTESIAN_POINT('Origin',(214.31759006041,-38.0949678353027,-12.435623948795));
#4030=CARTESIAN_POINT('',(212.86759006041,-38.0949678353027,-12.));
#4031=CARTESIAN_POINT('Origin',(214.31759006041,-38.0949678353027,-12.));
#4032=CARTESIAN_POINT('',(214.31759006041,-38.0949678353027,-12.87124789759));
#4033=CARTESIAN_POINT('',(213.59259006041,-38.0949678353027,-12.435623948795));
#4034=CARTESIAN_POINT('Origin',(214.31759006041,-38.0949678353027,-8.));
#4035=CARTESIAN_POINT('',(212.86759006041,-38.0949678353027,-4.));
#4036=CARTESIAN_POINT('Origin',(214.31759006041,-38.0949678353027,-4.));
#4037=CARTESIAN_POINT('',(212.86759006041,-38.0949678353027,-8.));
#4038=CARTESIAN_POINT('Origin',(252.412794844741,-76.1950160797811,-12.435623948795));
#4039=CARTESIAN_POINT('',(250.962794844741,-76.1950160797811,-12.));
#4040=CARTESIAN_POINT('Origin',(252.412794844741,-76.1950160797811,-12.));
#4041=CARTESIAN_POINT('',(252.412794844741,-76.1950160797811,-12.87124789759));
#4042=CARTESIAN_POINT('',(251.687794844741,-76.1950160797811,-12.435623948795));
#4043=CARTESIAN_POINT('Origin',(252.412794844741,-76.1950160797811,-8.));
#4044=CARTESIAN_POINT('',(250.962794844741,-76.1950160797811,-4.));
#4045=CARTESIAN_POINT('Origin',(252.412794844741,-76.1950160797811,-4.));
#4046=CARTESIAN_POINT('',(250.962794844741,-76.1950160797811,-8.));
#4047=CARTESIAN_POINT('Origin',(227.746698178761,-57.8070341318831,-12.435623948795));
#4048=CARTESIAN_POINT('',(226.296698178761,-57.8070341318831,-12.));
#4049=CARTESIAN_POINT('Origin',(227.746698178761,-57.8070341318831,-12.));
#4050=CARTESIAN_POINT('',(227.746698178761,-57.8070341318831,-12.87124789759));
#4051=CARTESIAN_POINT('',(227.021698178761,-57.8070341318831,-12.435623948795));
#4052=CARTESIAN_POINT('Origin',(227.746698178761,-57.8070341318831,-8.));
#4053=CARTESIAN_POINT('',(226.296698178761,-57.8070341318831,-4.));
#4054=CARTESIAN_POINT('Origin',(227.746698178761,-57.8070341318831,-4.));
#4055=CARTESIAN_POINT('',(226.296698178761,-57.8070341318831,-8.));
#4056=CARTESIAN_POINT('Origin',(204.788050323923,-76.1989210257389,-12.435623948795));
#4057=CARTESIAN_POINT('',(203.338050323923,-76.1989210257389,-12.));
#4058=CARTESIAN_POINT('Origin',(204.788050323923,-76.1989210257389,-12.));
#4059=CARTESIAN_POINT('',(204.788050323923,-76.1989210257389,-12.8712478975899));
#4060=CARTESIAN_POINT('',(204.063050323923,-76.1989210257389,-12.435623948795));
#4061=CARTESIAN_POINT('Origin',(204.788050323923,-76.1989210257389,-8.));
#4062=CARTESIAN_POINT('',(203.338050323923,-76.1989210257389,-4.));
#4063=CARTESIAN_POINT('Origin',(204.788050323923,-76.1989210257389,-4.));
#4064=CARTESIAN_POINT('',(203.338050323923,-76.1989210257389,-8.));
#4065=CARTESIAN_POINT('Origin',(148.464909489179,-82.9230634904685,-12.435623948795));
#4066=CARTESIAN_POINT('',(147.014909489179,-82.9230634904685,-12.));
#4067=CARTESIAN_POINT('Origin',(148.464909489179,-82.9230634904685,-12.));
#4068=CARTESIAN_POINT('',(148.464909489179,-82.9230634904685,-12.87124789759));
#4069=CARTESIAN_POINT('',(147.739909489179,-82.9230634904685,-12.435623948795));
#4070=CARTESIAN_POINT('Origin',(148.464909489179,-82.9230634904685,-8.));
#4071=CARTESIAN_POINT('',(147.014909489179,-82.9230634904685,-4.));
#4072=CARTESIAN_POINT('Origin',(148.464909489179,-82.9230634904685,-4.));
#4073=CARTESIAN_POINT('',(147.014909489179,-82.9230634904685,-8.));
#4074=CARTESIAN_POINT('Origin',(93.8292339786881,-69.6491543490036,-12.435623948795));
#4075=CARTESIAN_POINT('',(92.3792339786881,-69.6491543490036,-12.));
#4076=CARTESIAN_POINT('Origin',(93.8292339786881,-69.6491543490036,-12.));
#4077=CARTESIAN_POINT('',(93.8292339786881,-69.6491543490036,-12.87124789759));
#4078=CARTESIAN_POINT('',(93.1042339786881,-69.6491543490036,-12.435623948795));
#4079=CARTESIAN_POINT('Origin',(93.8292339786881,-69.6491543490036,-8.));
#4080=CARTESIAN_POINT('',(92.3792339786881,-69.6491543490036,-4.));
#4081=CARTESIAN_POINT('Origin',(93.8292339786881,-69.6491543490036,-4.));
#4082=CARTESIAN_POINT('',(92.3792339786881,-69.6491543490036,-8.));
#4083=CARTESIAN_POINT('Origin',(147.646123926808,-57.1399091813466,-12.435623948795));
#4084=CARTESIAN_POINT('',(146.196123926808,-57.1399091813466,-12.));
#4085=CARTESIAN_POINT('Origin',(147.646123926808,-57.1399091813466,-12.));
#4086=CARTESIAN_POINT('',(147.646123926808,-57.1399091813466,-12.87124789759));
#4087=CARTESIAN_POINT('',(146.921123926808,-57.1399091813466,-12.435623948795));
#4088=CARTESIAN_POINT('Origin',(147.646123926808,-57.1399091813466,-8.));
#4089=CARTESIAN_POINT('',(146.196123926808,-57.1399091813466,-4.));
#4090=CARTESIAN_POINT('Origin',(147.646123926808,-57.1399091813466,-4.));
#4091=CARTESIAN_POINT('',(146.196123926808,-57.1399091813466,-8.));
#4092=CARTESIAN_POINT('Origin',(176.224107076725,-38.0949678353027,-12.435623948795));
#4093=CARTESIAN_POINT('',(174.774107076725,-38.0949678353027,-12.));
#4094=CARTESIAN_POINT('Origin',(176.224107076725,-38.0949678353027,-12.));
#4095=CARTESIAN_POINT('',(176.224107076725,-38.0949678353027,-12.87124789759));
#4096=CARTESIAN_POINT('',(175.499107076725,-38.0949678353027,-12.435623948795));
#4097=CARTESIAN_POINT('Origin',(176.224107076725,-38.0949678353027,-8.));
#4098=CARTESIAN_POINT('',(174.774107076725,-38.0949678353027,-4.));
#4099=CARTESIAN_POINT('Origin',(176.224107076725,-38.0949678353027,-4.));
#4100=CARTESIAN_POINT('',(174.774107076725,-38.0949678353027,-8.));
#4101=CARTESIAN_POINT('Origin',(190.490129024634,-19.0800490014819,-12.435623948795));
#4102=CARTESIAN_POINT('',(189.040129024634,-19.0800490014819,-12.));
#4103=CARTESIAN_POINT('Origin',(190.490129024634,-19.0800490014819,-12.));
#4104=CARTESIAN_POINT('',(190.490129024634,-19.0800490014819,-12.87124789759));
#4105=CARTESIAN_POINT('',(189.765129024634,-19.0800490014819,-12.435623948795));
#4106=CARTESIAN_POINT('Origin',(190.490129024634,-19.0800490014819,-8.));
#4107=CARTESIAN_POINT('',(189.040129024634,-19.0800490014819,-4.));
#4108=CARTESIAN_POINT('Origin',(190.490129024634,-19.0800490014819,-4.));
#4109=CARTESIAN_POINT('',(189.040129024634,-19.0800490014819,-8.));
#4110=CARTESIAN_POINT('Origin',(161.919831546201,0.00264750056669483,-12.435623948795));
#4111=CARTESIAN_POINT('',(160.469831546201,0.002647500566695,-12.));
#4112=CARTESIAN_POINT('Origin',(161.919831546201,0.00264750056669483,-12.));
#4113=CARTESIAN_POINT('',(161.919831546201,0.00264750056669483,-12.87124789759));
#4114=CARTESIAN_POINT('',(161.194831546201,0.00264750056669492,-12.435623948795));
#4115=CARTESIAN_POINT('Origin',(161.919831546201,0.00264750056669483,-8.));
#4116=CARTESIAN_POINT('',(160.469831546201,0.002647500566695,-4.));
#4117=CARTESIAN_POINT('Origin',(161.919831546201,0.00264750056669483,-4.));
#4118=CARTESIAN_POINT('',(160.469831546201,0.002647500566695,-8.));
#4119=CARTESIAN_POINT('Origin',(133.353532020691,-19.0506053306984,-12.435623948795));
#4120=CARTESIAN_POINT('',(131.903532020691,-19.0506053306984,-12.));
#4121=CARTESIAN_POINT('Origin',(133.353532020691,-19.0506053306984,-12.));
#4122=CARTESIAN_POINT('',(133.353532020691,-19.0506053306984,-12.87124789759));
#4123=CARTESIAN_POINT('',(132.628532020691,-19.0506053306984,-12.435623948795));
#4124=CARTESIAN_POINT('Origin',(133.353532020691,-19.0506053306984,-8.));
#4125=CARTESIAN_POINT('',(131.903532020691,-19.0506053306984,-4.));
#4126=CARTESIAN_POINT('Origin',(133.353532020691,-19.0506053306984,-4.));
#4127=CARTESIAN_POINT('',(131.903532020691,-19.0506053306984,-8.));
#4128=CARTESIAN_POINT('Origin',(100.014206034256,-38.0949678353027,-12.435623948795));
#4129=CARTESIAN_POINT('',(98.5642060342564,-38.0949678353027,-12.));
#4130=CARTESIAN_POINT('Origin',(100.014206034256,-38.0949678353027,-12.));
#4131=CARTESIAN_POINT('',(100.014206034256,-38.0949678353027,-12.87124789759));
#4132=CARTESIAN_POINT('',(99.2892060342564,-38.0949678353027,-12.435623948795));
#4133=CARTESIAN_POINT('Origin',(100.014206034256,-38.0949678353027,-8.));
#4134=CARTESIAN_POINT('',(98.5642060342564,-38.0949678353027,-4.));
#4135=CARTESIAN_POINT('Origin',(100.014206034256,-38.0949678353027,-4.));
#4136=CARTESIAN_POINT('',(98.5642060342564,-38.0949678353027,-8.));
#4137=CARTESIAN_POINT('Origin',(71.4388854433753,-57.1399091813466,-12.435623948795));
#4138=CARTESIAN_POINT('',(69.9888854433753,-57.1399091813466,-12.));
#4139=CARTESIAN_POINT('Origin',(71.4388854433753,-57.1399091813466,-12.));
#4140=CARTESIAN_POINT('',(71.4388854433753,-57.1399091813466,-12.87124789759));
#4141=CARTESIAN_POINT('',(70.7138854433753,-57.1399091813466,-12.435623948795));
#4142=CARTESIAN_POINT('Origin',(71.4388854433753,-57.1399091813466,-8.));
#4143=CARTESIAN_POINT('',(69.9888854433753,-57.1399091813466,-4.));
#4144=CARTESIAN_POINT('Origin',(71.4388854433753,-57.1399091813466,-4.));
#4145=CARTESIAN_POINT('',(69.9888854433753,-57.1399091813466,-8.));
#4146=CARTESIAN_POINT('Origin',(14.2856751174303,-76.1982965806295,-12.435623948795));
#4147=CARTESIAN_POINT('',(12.8356751174303,-76.1982965806295,-12.));
#4148=CARTESIAN_POINT('Origin',(14.2856751174303,-76.1982965806295,-12.));
#4149=CARTESIAN_POINT('',(14.2856751174303,-76.1982965806295,-12.87124789759));
#4150=CARTESIAN_POINT('',(13.5606751174303,-76.1982965806295,-12.435623948795));
#4151=CARTESIAN_POINT('Origin',(14.2856751174303,-76.1982965806295,-8.));
#4152=CARTESIAN_POINT('',(12.8356751174303,-76.1982965806295,-4.));
#4153=CARTESIAN_POINT('Origin',(14.2856751174303,-76.1982965806295,-4.));
#4154=CARTESIAN_POINT('',(12.8356751174303,-76.1982965806295,-8.));
#4155=CARTESIAN_POINT('Origin',(85.7334741733938,-0.000945663554077769,
-12.435623948795));
#4156=CARTESIAN_POINT('',(84.2834741733938,-0.000945663554077592,-12.));
#4157=CARTESIAN_POINT('Origin',(85.7334741733938,-0.000945663554077769,
-12.));
#4158=CARTESIAN_POINT('',(85.7334741733938,-0.000945663554077769,-12.87124789759));
#4159=CARTESIAN_POINT('',(85.0084741733938,-0.00094566355407768,-12.435623948795));
#4160=CARTESIAN_POINT('Origin',(85.7334741733938,-0.000945663554077769,
-8.));
#4161=CARTESIAN_POINT('',(84.2834741733938,-0.000945663554077592,-4.));
#4162=CARTESIAN_POINT('Origin',(85.7334741733938,-0.000945663554077769,
-4.));
#4163=CARTESIAN_POINT('',(84.2834741733938,-0.000945663554077592,-8.));
#4164=CARTESIAN_POINT('Origin',(57.1500148904502,-19.049074339396,-12.435623948795));
#4165=CARTESIAN_POINT('',(55.7000148904502,-19.049074339396,-12.));
#4166=CARTESIAN_POINT('Origin',(57.1500148904502,-19.049074339396,-12.));
#4167=CARTESIAN_POINT('',(57.1500148904502,-19.049074339396,-12.87124789759));
#4168=CARTESIAN_POINT('',(56.4250148904502,-19.049074339396,-12.435623948795));
#4169=CARTESIAN_POINT('Origin',(57.1500148904502,-19.049074339396,-8.));
#4170=CARTESIAN_POINT('',(55.7000148904502,-19.049074339396,-4.));
#4171=CARTESIAN_POINT('Origin',(57.1500148904502,-19.049074339396,-4.));
#4172=CARTESIAN_POINT('',(55.7000148904502,-19.049074339396,-8.));
#4173=CARTESIAN_POINT('Origin',(20.2376528213543,-38.0949678353027,-12.435623948795));
#4174=CARTESIAN_POINT('',(18.7876528213543,-38.0949678353027,-12.));
#4175=CARTESIAN_POINT('Origin',(20.2376528213543,-38.0949678353027,-12.));
#4176=CARTESIAN_POINT('',(20.2376528213543,-38.0949678353027,-12.87124789759));
#4177=CARTESIAN_POINT('',(19.5126528213543,-38.0949678353027,-12.435623948795));
#4178=CARTESIAN_POINT('Origin',(20.2376528213543,-38.0949678353027,-8.));
#4179=CARTESIAN_POINT('',(18.7876528213543,-38.0949678353027,-4.));
#4180=CARTESIAN_POINT('Origin',(20.2376528213543,-38.0949678353027,-4.));
#4181=CARTESIAN_POINT('',(18.7876528213543,-38.0949678353027,-8.));
#4182=CARTESIAN_POINT('Origin',(9.52722172748961,0.00514783340297531,-12.435623948795));
#4183=CARTESIAN_POINT('',(8.07722172748961,0.00514783340297549,-12.));
#4184=CARTESIAN_POINT('Origin',(9.52722172748961,0.00514783340297531,-12.));
#4185=CARTESIAN_POINT('',(9.52722172748961,0.00514783340297531,-12.87124789759));
#4186=CARTESIAN_POINT('',(8.80222172748961,0.0051478334029754,-12.435623948795));
#4187=CARTESIAN_POINT('Origin',(9.52722172748961,0.00514783340297531,-8.));
#4188=CARTESIAN_POINT('',(8.07722172748961,0.00514783340297549,-4.));
#4189=CARTESIAN_POINT('Origin',(9.52722172748961,0.00514783340297531,-4.));
#4190=CARTESIAN_POINT('',(8.07722172748961,0.00514783340297549,-8.));
#4191=CARTESIAN_POINT('Origin',(93.8292339786881,-69.6491543490036,-8.));
#4192=CARTESIAN_POINT('',(96.3292339786881,-69.6491543490036,-4.));
#4193=CARTESIAN_POINT('Origin',(93.8292339786881,-69.6491543490036,-4.));
#4194=CARTESIAN_POINT('',(97.0792339786881,-69.6491543490036,-8.));
#4195=CARTESIAN_POINT('Origin',(132.981039740423,-40.5849880541959,-4.));
#4196=CARTESIAN_POINT('Origin',(148.464909489179,-82.9230634904685,-8.));
#4197=CARTESIAN_POINT('',(150.964909489179,-82.9230634904685,-4.));
#4198=CARTESIAN_POINT('Origin',(148.464909489179,-82.9230634904685,-4.));
#4199=CARTESIAN_POINT('',(151.714909489179,-82.9230634904685,-8.));
#4200=CARTESIAN_POINT('Origin',(132.981039740423,-40.5849880541959,-4.));
#4201=CARTESIAN_POINT('Origin',(-7.82661568513577,-57.3350693820975,-12.));
#4202=CARTESIAN_POINT('',(-5.32661568513577,-57.3350693820975,-4.));
#4203=CARTESIAN_POINT('Origin',(-7.82661568513577,-57.3350693820975,-4.));
#4204=CARTESIAN_POINT('',(-5.32661568513577,-57.3350693820975,-12.));
#4205=CARTESIAN_POINT('Origin',(132.981039740423,-38.5496823987605,-4.));
#4206=CARTESIAN_POINT('Origin',(91.2341519515727,-80.3524521795977,-12.));
#4207=CARTESIAN_POINT('',(93.7341519515727,-80.3524521795977,-4.));
#4208=CARTESIAN_POINT('Origin',(91.2341519515727,-80.3524521795977,-4.));
#4209=CARTESIAN_POINT('',(93.7341519515727,-80.3524521795977,-12.));
#4210=CARTESIAN_POINT('Origin',(132.981039740423,-38.5496823987605,-4.));
#4211=CARTESIAN_POINT('Origin',(-6.25492828332396,-37.8098758903586,-12.));
#4212=CARTESIAN_POINT('',(-3.75492828332395,-37.8098758903586,-4.));
#4213=CARTESIAN_POINT('Origin',(-6.25492828332396,-37.8098758903586,-4.));
#4214=CARTESIAN_POINT('',(-3.75492828332395,-37.8098758903586,-12.));
#4215=CARTESIAN_POINT('Origin',(132.981039740423,-38.5496823987605,-4.));
#4216=CARTESIAN_POINT('Origin',(-8.79380793240456,-74.7445298329359,-12.));
#4217=CARTESIAN_POINT('',(-6.29380793240456,-74.7445298329359,-4.));
#4218=CARTESIAN_POINT('Origin',(-8.79380793240456,-74.7445298329359,-4.));
#4219=CARTESIAN_POINT('',(-6.29380793240456,-74.7445298329359,-12.));
#4220=CARTESIAN_POINT('Origin',(132.981039740423,-38.5496823987605,-4.));
#4221=CARTESIAN_POINT('Origin',(61.8431800514106,-72.5091510995872,-12.));
#4222=CARTESIAN_POINT('',(64.3431800514106,-72.5091510995872,-4.));
#4223=CARTESIAN_POINT('Origin',(61.8431800514106,-72.5091510995872,-4.));
#4224=CARTESIAN_POINT('',(64.3431800514106,-72.5091510995872,-12.));
#4225=CARTESIAN_POINT('Origin',(132.981039740423,-38.5496823987605,-4.));
#4226=CARTESIAN_POINT('Origin',(-7.82661568513577,-18.1033338522568,-12.));
#4227=CARTESIAN_POINT('',(-5.32661568513577,-18.1033338522568,-4.));
#4228=CARTESIAN_POINT('Origin',(-7.82661568513577,-18.1033338522568,-4.));
#4229=CARTESIAN_POINT('',(-5.32661568513577,-18.1033338522568,-12.));
#4230=CARTESIAN_POINT('Origin',(132.981039740423,-38.5496823987605,-4.));
#4231=CARTESIAN_POINT('Origin',(238.113545981921,3.25308738207674,-12.));
#4232=CARTESIAN_POINT('',(240.613545981921,3.25308738207674,-4.));
#4233=CARTESIAN_POINT('Origin',(238.113545981921,3.25308738207674,-4.));
#4234=CARTESIAN_POINT('',(240.613545981921,3.25308738207674,-12.));
#4235=CARTESIAN_POINT('Origin',(132.981039740423,-38.5496823987605,-4.));
#4236=CARTESIAN_POINT('Origin',(272.535582953473,-18.6012904459751,-12.));
#4237=CARTESIAN_POINT('',(275.035582953473,-18.6012904459751,-4.));
#4238=CARTESIAN_POINT('Origin',(272.535582953473,-18.6012904459751,-4.));
#4239=CARTESIAN_POINT('',(275.035582953473,-18.6012904459751,-12.));
#4240=CARTESIAN_POINT('Origin',(132.981039740423,-38.5496823987605,-4.));
#4241=CARTESIAN_POINT('Origin',(274.077852952784,-38.6508004370159,-12.));
#4242=CARTESIAN_POINT('',(276.577852952784,-38.6508004370159,-4.));
#4243=CARTESIAN_POINT('Origin',(274.077852952784,-38.6508004370159,-4.));
#4244=CARTESIAN_POINT('',(276.577852952784,-38.6508004370159,-12.));
#4245=CARTESIAN_POINT('Origin',(132.981039740423,-38.5496823987605,-4.));
#4246=CARTESIAN_POINT('Origin',(234.43686716057,-37.5194996486728,-12.));
#4247=CARTESIAN_POINT('',(236.93686716057,-37.5194996486728,-4.));
#4248=CARTESIAN_POINT('Origin',(234.43686716057,-37.5194996486728,-4.));
#4249=CARTESIAN_POINT('',(236.93686716057,-37.5194996486728,-12.));
#4250=CARTESIAN_POINT('Origin',(132.981039740423,-38.5496823987605,-4.));
#4251=CARTESIAN_POINT('Origin',(274.077852952784,-76.7422763366684,-12.));
#4252=CARTESIAN_POINT('',(276.577852952784,-76.7422763366684,-4.));
#4253=CARTESIAN_POINT('Origin',(274.077852952784,-76.7422763366684,-4.));
#4254=CARTESIAN_POINT('',(276.577852952784,-76.7422763366684,-12.));
#4255=CARTESIAN_POINT('Origin',(132.981039740423,-38.5496823987605,-4.));
#4256=CARTESIAN_POINT('Origin',(274.755887413251,2.20592179129696,-12.));
#4257=CARTESIAN_POINT('',(277.255887413251,2.20592179129696,-4.));
#4258=CARTESIAN_POINT('Origin',(274.755887413251,2.20592179129696,-4.));
#4259=CARTESIAN_POINT('',(277.255887413251,2.20592179129696,-12.));
#4260=CARTESIAN_POINT('Origin',(132.981039740423,-38.5496823987605,-4.));
#4261=CARTESIAN_POINT('Origin',(271.37888045399,-56.9266999288493,-12.));
#4262=CARTESIAN_POINT('',(273.87888045399,-56.9266999288493,-4.));
#4263=CARTESIAN_POINT('Origin',(271.37888045399,-56.9266999288493,-4.));
#4264=CARTESIAN_POINT('',(273.87888045399,-56.9266999288493,-12.));
#4265=CARTESIAN_POINT('Origin',(132.981039740423,-38.5496823987605,-4.));
#4266=CARTESIAN_POINT('Origin',(179.71019316713,-74.1114245266299,-12.));
#4267=CARTESIAN_POINT('',(182.21019316713,-74.1114245266299,-4.));
#4268=CARTESIAN_POINT('Origin',(179.71019316713,-74.1114245266299,-4.));
#4269=CARTESIAN_POINT('',(182.21019316713,-74.1114245266299,-12.));
#4270=CARTESIAN_POINT('Origin',(132.981039740423,-38.5496823987605,-4.));
#4271=CARTESIAN_POINT('Origin',(27.9336586468941,3.23441947674326,-10.));
#4272=CARTESIAN_POINT('',(25.9336586468941,3.23441947674326,-10.));
#4273=CARTESIAN_POINT('',(27.9336586468941,3.23441947674326,-10.));
#4274=CARTESIAN_POINT('',(33.8271005849415,3.23441947674326,-10.));
#4275=CARTESIAN_POINT('',(25.9336586468941,3.23441947674326,-6.));
#4276=CARTESIAN_POINT('',(25.9336586468941,3.23441947674326,-11.5));
#4277=CARTESIAN_POINT('',(27.9336586468941,3.23441947674326,-6.));
#4278=CARTESIAN_POINT('',(32.3616701929051,3.23441947674326,-6.));
#4279=CARTESIAN_POINT('',(27.9336586468941,3.23441947674326,-11.5));
#4280=CARTESIAN_POINT('Origin',(133.349996795878,-38.0999989248812,-15.));
#4281=CARTESIAN_POINT('',(-13.0000001788139,17.0000001788139,-15.));
#4282=CARTESIAN_POINT('',(-17.0000001788139,13.0000001788139,-15.));
#4283=CARTESIAN_POINT('Origin',(-13.0000001788139,13.0000001788139,-15.));
#4284=CARTESIAN_POINT('',(279.69999377057,17.0000001788139,-15.));
#4285=CARTESIAN_POINT('',(-17.0000001788139,17.0000001788139,-15.));
#4286=CARTESIAN_POINT('',(283.69999377057,13.0000001788139,-15.));
#4287=CARTESIAN_POINT('Origin',(279.69999377057,13.0000001788139,-15.));
#4288=CARTESIAN_POINT('',(283.69999377057,-89.1999980285764,-15.));
#4289=CARTESIAN_POINT('',(283.69999377057,17.0000001788139,-15.));
#4290=CARTESIAN_POINT('',(279.69999377057,-93.1999980285764,-15.));
#4291=CARTESIAN_POINT('Origin',(279.69999377057,-89.1999980285764,-15.));
#4292=CARTESIAN_POINT('',(-13.0000001788139,-93.1999980285764,-15.));
#4293=CARTESIAN_POINT('',(283.69999377057,-93.1999980285764,-15.));
#4294=CARTESIAN_POINT('',(-17.0000001788139,-89.1999980285764,-15.));
#4295=CARTESIAN_POINT('Origin',(-13.0000001788139,-89.1999980285764,-15.));
#4296=CARTESIAN_POINT('',(-17.0000001788139,-93.1999980285764,-15.));
#4297=CARTESIAN_POINT('Origin',(34.3479750282547,17.0000001788139,-13.2599814158108));
#4298=CARTESIAN_POINT('',(34.3479750282547,17.0000001788139,-13.2599814158108));
#4299=CARTESIAN_POINT('',(45.273826820849,17.0000001788139,-13.2599814158108));
#4300=CARTESIAN_POINT('',(159.023984399412,17.0000001788139,-13.2599814158105));
#4301=CARTESIAN_POINT('',(34.3479750282547,7.00000017881393,-13.2599814158108));
#4302=CARTESIAN_POINT('',(34.3479750282547,17.0000001788139,-13.2599814158108));
#4303=CARTESIAN_POINT('',(45.273826820849,7.00000017881393,-13.2599814158108));
#4304=CARTESIAN_POINT('',(45.273826820849,7.00000017881393,-13.2599814158108));
#4305=CARTESIAN_POINT('',(45.273826820849,17.0000001788139,-13.2599814158108));
#4306=CARTESIAN_POINT('Origin',(133.349996795878,-38.0999989248812,-4.));
#4307=CARTESIAN_POINT('',(252.524088901396,-19.0441099457069,-4.));
#4308=CARTESIAN_POINT('Origin',(250.024088901396,-19.0441099457069,-4.));
#4309=CARTESIAN_POINT('Origin',(133.349996795878,-38.0999989248812,-4.));
#4310=CARTESIAN_POINT('',(192.990129024634,-19.0800490014819,-4.));
#4311=CARTESIAN_POINT('Origin',(190.490129024634,-19.0800490014819,-4.));
#4312=CARTESIAN_POINT('Origin',(133.349996795878,-38.0999989248812,-4.));
#4313=CARTESIAN_POINT('',(150.146123926808,-57.1399091813466,-4.));
#4314=CARTESIAN_POINT('Origin',(147.646123926808,-57.1399091813466,-4.));
#4315=CARTESIAN_POINT('Origin',(133.349996795878,-38.0999989248812,-4.));
#4316=CARTESIAN_POINT('',(22.7376528213543,-38.0949678353027,-4.));
#4317=CARTESIAN_POINT('Origin',(20.2376528213543,-38.0949678353027,-4.));
#4318=CARTESIAN_POINT('Origin',(133.349996795878,-38.0999989248812,-4.));
#4319=CARTESIAN_POINT('',(102.514206034256,-38.0949678353027,-4.));
#4320=CARTESIAN_POINT('Origin',(100.014206034256,-38.0949678353027,-4.));
#4321=CARTESIAN_POINT('Origin',(133.349996795878,-38.0999989248812,-4.));
#4322=CARTESIAN_POINT('',(216.81759006041,-38.0949678353027,-4.));
#4323=CARTESIAN_POINT('Origin',(214.31759006041,-38.0949678353027,-4.));
#4324=CARTESIAN_POINT('Origin',(133.349996795878,-38.0999989248812,-4.));
#4325=CARTESIAN_POINT('',(221.584508690169,0.00726379273391556,-4.));
#4326=CARTESIAN_POINT('Origin',(219.084508690169,0.00726379273391586,-4.));
#4327=CARTESIAN_POINT('Origin',(133.349996795878,-38.0999989248812,-4.));
#4328=CARTESIAN_POINT('',(207.288050323923,-76.1989210257389,-4.));
#4329=CARTESIAN_POINT('Origin',(204.788050323923,-76.1989210257389,-4.));
#4330=CARTESIAN_POINT('Origin',(133.349996795878,-38.0999989248812,-4.));
#4331=CARTESIAN_POINT('',(164.419831546201,0.00264750056669452,-4.));
#4332=CARTESIAN_POINT('Origin',(161.919831546201,0.00264750056669483,-4.));
#4333=CARTESIAN_POINT('Origin',(133.349996795878,-38.0999989248812,-4.));
#4334=CARTESIAN_POINT('',(135.853532020691,-19.0506053306984,-4.));
#4335=CARTESIAN_POINT('Origin',(133.353532020691,-19.0506053306984,-4.));
#4336=CARTESIAN_POINT('Origin',(133.349996795878,-38.0999989248812,-4.));
#4337=CARTESIAN_POINT('',(73.9388854433753,-57.1399091813466,-4.));
#4338=CARTESIAN_POINT('Origin',(71.4388854433753,-57.1399091813466,-4.));
#4339=CARTESIAN_POINT('Origin',(133.349996795878,-38.0999989248812,-4.));
#4340=CARTESIAN_POINT('',(12.0272217274896,0.00514783340297501,-4.));
#4341=CARTESIAN_POINT('Origin',(9.52722172748961,0.00514783340297531,-4.));
#4342=CARTESIAN_POINT('Origin',(133.349996795878,-38.0999989248812,-4.));
#4343=CARTESIAN_POINT('',(16.7856751174303,-76.1982965806295,-4.));
#4344=CARTESIAN_POINT('Origin',(14.2856751174303,-76.1982965806295,-4.));
#4345=CARTESIAN_POINT('Origin',(133.349996795878,-38.0999989248812,-4.));
#4346=CARTESIAN_POINT('',(88.2334741733938,-0.000945663554078075,-4.));
#4347=CARTESIAN_POINT('Origin',(85.7334741733938,-0.000945663554077769,
-4.));
#4348=CARTESIAN_POINT('Origin',(133.349996795878,-38.0999989248812,-4.));
#4349=CARTESIAN_POINT('',(178.724107076725,-38.0949678353027,-4.));
#4350=CARTESIAN_POINT('Origin',(176.224107076725,-38.0949678353027,-4.));
#4351=CARTESIAN_POINT('Origin',(133.349996795878,-38.0999989248812,-4.));
#4352=CARTESIAN_POINT('',(230.246698178761,-57.8070341318831,-4.));
#4353=CARTESIAN_POINT('Origin',(227.746698178761,-57.8070341318831,-4.));
#4354=CARTESIAN_POINT('Origin',(133.349996795878,-38.0999989248812,-4.));
#4355=CARTESIAN_POINT('',(254.912794844741,-76.1950160797811,-4.));
#4356=CARTESIAN_POINT('Origin',(252.412794844741,-76.1950160797811,-4.));
#4357=CARTESIAN_POINT('Origin',(133.349996795878,-38.0999989248812,-4.));
#4358=CARTESIAN_POINT('',(59.6500148904502,-19.049074339396,-4.));
#4359=CARTESIAN_POINT('Origin',(57.1500148904502,-19.049074339396,-4.));
#4360=CARTESIAN_POINT('Origin',(279.69999377057,13.0000001788139,-15.));
#4361=CARTESIAN_POINT('',(283.69999377057,13.0000001788139,-15.));
#4362=CARTESIAN_POINT('',(279.69999377057,17.0000001788139,-15.));
#4363=CARTESIAN_POINT('Origin',(283.69999377057,-93.1999980285764,-15.));
#4364=CARTESIAN_POINT('',(283.69999377057,-89.1999980285764,-15.));
#4365=CARTESIAN_POINT('Origin',(279.69999377057,-89.1999980285764,-15.));
#4366=CARTESIAN_POINT('',(279.69999377057,-93.1999980285764,-15.));
#4367=CARTESIAN_POINT('Origin',(-17.0000001788139,-93.1999980285764,-15.));
#4368=CARTESIAN_POINT('',(-13.0000001788139,-93.1999980285764,-15.));
#4369=CARTESIAN_POINT('Origin',(-13.0000001788139,-89.1999980285764,-15.));
#4370=CARTESIAN_POINT('',(-17.0000001788139,-89.1999980285764,-15.));
#4371=CARTESIAN_POINT('Origin',(-17.0000001788139,17.0000001788139,-15.));
#4372=CARTESIAN_POINT('',(-17.0000001788139,13.0000001788139,-15.));
#4373=CARTESIAN_POINT('Origin',(-13.0000001788139,13.0000001788139,-15.));
#4374=CARTESIAN_POINT('',(-13.0000001788139,17.0000001788139,-15.));
#4375=CARTESIAN_POINT('Origin',(51.5074263990835,-14.7655805232567,-10.));
#4376=CARTESIAN_POINT('',(53.1600736307058,-18.7655805232567,-10.));
#4377=CARTESIAN_POINT('',(53.5074263990835,-17.3963344679815,-10.));
#4378=CARTESIAN_POINT('Origin',(57.1500148904502,-19.049074339396,-10.));
#4379=CARTESIAN_POINT('',(53.5074263990835,-18.7655805232567,-10.));
#4380=CARTESIAN_POINT('',(53.5074263990835,-14.7655805232567,-10.));
#4381=CARTESIAN_POINT('',(45.6139844610362,-18.7655805232567,-10.));
#4382=CARTESIAN_POINT('Origin',(36.7896817389161,-15.2503928098659,-6.));
#4383=CARTESIAN_POINT('',(53.5074263990835,3.23441947674326,-6.));
#4384=CARTESIAN_POINT('',(51.5074263990835,3.23441947674326,-6.));
#4385=CARTESIAN_POINT('',(45.1485540689998,3.23441947674326,-6.));
#4386=CARTESIAN_POINT('',(51.5074263990835,-18.7655805232567,-6.));
#4387=CARTESIAN_POINT('',(51.5074263990835,2.23441947674326,-6.));
#4388=CARTESIAN_POINT('',(53.5074263990835,-18.7655805232567,-6.));
#4389=CARTESIAN_POINT('',(53.5074263990835,-18.7655805232567,-6.));
#4390=CARTESIAN_POINT('',(53.5074263990835,-11.7655805232567,-6.));
#4391=CARTESIAN_POINT('Origin',(53.5074263990835,3.23441947674326,-10.));
#4392=CARTESIAN_POINT('',(51.5074263990835,3.23441947674326,-10.));
#4393=CARTESIAN_POINT('',(53.5074263990835,3.23441947674326,-10.));
#4394=CARTESIAN_POINT('',(46.6139844610362,3.23441947674326,-10.));
#4395=CARTESIAN_POINT('',(51.5074263990835,3.23441947674326,-11.5));
#4396=CARTESIAN_POINT('',(53.5074263990835,3.23441947674326,-11.5));
#4397=CARTESIAN_POINT('Origin',(25.9336586468941,-1.76558052325674,-11.));
#4398=CARTESIAN_POINT('',(53.5074263990835,-1.76558052325674,-11.));
#4399=CARTESIAN_POINT('',(53.5074263990835,-1.76558052325674,-8.));
#4400=CARTESIAN_POINT('',(53.5074263990835,-1.76558052325674,-12.));
#4401=CARTESIAN_POINT('',(51.5074263990835,-1.76558052325674,-8.));
#4402=CARTESIAN_POINT('',(25.9336586468941,-1.76558052325674,-8.));
#4403=CARTESIAN_POINT('',(51.5074263990835,-1.76558052325674,-11.));
#4404=CARTESIAN_POINT('',(51.5074263990835,-1.76558052325674,-12.));
#4405=CARTESIAN_POINT('',(25.9336586468941,-1.76558052325674,-11.));
#4406=CARTESIAN_POINT('Origin',(25.9336586468941,-10.7655805232567,-11.));
#4407=CARTESIAN_POINT('',(51.5074263990835,-13.7655805232567,-11.));
#4408=CARTESIAN_POINT('',(51.5074263990835,-5.16396122111879,-11.));
#4409=CARTESIAN_POINT('',(53.5074263990835,-13.7655805232567,-11.));
#4410=CARTESIAN_POINT('',(25.9336586468941,-13.7655805232567,-11.));
#4411=CARTESIAN_POINT('',(53.5074263990835,-14.0809574956191,-11.));
#4412=CARTESIAN_POINT('Origin',(25.9336586468941,-13.7655805232567,-8.));
#4413=CARTESIAN_POINT('',(53.5074263990835,-13.7655805232567,-8.));
#4414=CARTESIAN_POINT('',(53.5074263990835,-13.7655805232567,-10.5));
#4415=CARTESIAN_POINT('',(51.5074263990835,-13.7655805232567,-8.));
#4416=CARTESIAN_POINT('',(51.5074263990835,-13.7655805232567,-10.5));
#4417=CARTESIAN_POINT('',(25.9336586468941,-13.7655805232567,-8.));
#4418=CARTESIAN_POINT('Origin',(25.9336586468941,1.23441947674326,-8.));
#4419=CARTESIAN_POINT('',(53.5074263990835,-14.0809574956191,-8.));
#4420=CARTESIAN_POINT('',(51.5074263990835,-5.16396122111879,-8.));
#4421=CARTESIAN_POINT('Origin',(283.69999377057,17.0000001788139,-15.));
#4422=CARTESIAN_POINT('',(46.273826820849,17.0000001788139,-12.2599814158108));
#4423=CARTESIAN_POINT('',(46.273826820849,17.0000001788139,-9.75998141581078));
#4424=CARTESIAN_POINT('',(46.273826820849,17.0000001788139,-11.3799907079054));
#4425=CARTESIAN_POINT('Origin',(45.273826820849,17.0000001788139,-9.75998141581078));
#4426=CARTESIAN_POINT('Origin',(34.3479750282547,17.0000001788139,-12.2599814158108));
#4427=CARTESIAN_POINT('Origin',(45.273826820849,17.0000001788139,-12.2599814158108));
#4428=CARTESIAN_POINT('Origin',(34.3479750282547,17.0000001788139,-12.2599814158108));
#4429=CARTESIAN_POINT('',(33.6753886062578,15.7000001788139,-13.));
#4430=CARTESIAN_POINT('Origin',(34.3479750282547,15.7000001788139,-12.2599814158108));
#4431=CARTESIAN_POINT('',(33.6753886062578,7.00000017881393,-13.));
#4432=CARTESIAN_POINT('',(33.6753886062578,17.0000001788139,-13.));
#4433=CARTESIAN_POINT('Origin',(34.3479750282547,7.00000017881393,-12.2599814158108));
#4434=CARTESIAN_POINT('Origin',(133.349996795878,7.00000017881393,-3.5));
#4435=CARTESIAN_POINT('',(45.9464132428459,7.00000017881393,-13.));
#4436=CARTESIAN_POINT('',(133.349996795878,7.00000017881393,-13.));
#4437=CARTESIAN_POINT('Origin',(45.273826820849,7.00000017881393,-12.2599814158108));
#4438=CARTESIAN_POINT('Origin',(45.273826820849,17.0000001788139,-12.2599814158108));
#4439=CARTESIAN_POINT('',(45.9464132428459,15.7000001788139,-13.));
#4440=CARTESIAN_POINT('',(45.9464132428459,17.0000001788139,-13.));
#4441=CARTESIAN_POINT('',(46.273826820849,15.7000001788139,-12.2599814158108));
#4442=CARTESIAN_POINT('Origin',(45.273826820849,15.7000001788139,-12.2599814158108));
#4443=CARTESIAN_POINT('',(46.273826820849,17.0000001788139,-12.2599814158108));
#4444=CARTESIAN_POINT('Origin',(133.349996795878,15.7000001788139,-2.5));
#4445=CARTESIAN_POINT('',(51.5074263990835,15.7000001788139,-13.));
#4446=CARTESIAN_POINT('',(51.5074263990835,15.7000001788139,-11.));
#4447=CARTESIAN_POINT('',(51.5074263990835,15.7000001788139,-7.75));
#4448=CARTESIAN_POINT('',(46.273826820849,15.7000001788139,-11.));
#4449=CARTESIAN_POINT('',(53.5074263990835,15.7000001788139,-11.));
#4450=CARTESIAN_POINT('',(46.273826820849,15.7000001788139,-7.37999070790539));
#4451=CARTESIAN_POINT('',(45.9464132428459,15.7000001788139,-13.));
#4452=CARTESIAN_POINT('Origin',(51.5074263990835,-18.7655805232567,-10.));
#4453=CARTESIAN_POINT('',(51.5074263990835,-18.7655805232567,-10.));
#4454=CARTESIAN_POINT('',(45.6139844610362,-18.7655805232567,-10.));
#4455=CARTESIAN_POINT('',(53.5074263990835,-18.7655805232567,-10.));
#4456=CARTESIAN_POINT('',(51.5074263990835,-18.7655805232567,-10.));
#4457=CARTESIAN_POINT('Origin',(57.1500148904502,-19.049074339396,-13.));
#4458=CARTESIAN_POINT('Origin',(57.1500148904502,-19.049074339396,-12.));
#4459=CARTESIAN_POINT('',(53.5074263990835,-17.3963344679815,-13.));
#4460=CARTESIAN_POINT('',(53.5074263990835,-20.7018142108106,-10.));
#4461=CARTESIAN_POINT('Origin',(57.1500148904502,-19.049074339396,-10.));
#4462=CARTESIAN_POINT('',(53.5074263990835,-20.7018142108106,-13.));
#4463=CARTESIAN_POINT('Origin',(250.024088901396,-19.0441099457069,-8.));
#4464=CARTESIAN_POINT('',(253.274088901396,-19.0441099457069,-8.));
#4465=CARTESIAN_POINT('Origin',(190.490129024634,-19.0800490014819,-8.));
#4466=CARTESIAN_POINT('',(193.740129024634,-19.0800490014819,-8.));
#4467=CARTESIAN_POINT('Origin',(147.646123926808,-57.1399091813466,-8.));
#4468=CARTESIAN_POINT('',(150.896123926808,-57.1399091813466,-8.));
#4469=CARTESIAN_POINT('Origin',(20.2376528213543,-38.0949678353027,-8.));
#4470=CARTESIAN_POINT('',(23.4876528213543,-38.0949678353027,-8.));
#4471=CARTESIAN_POINT('Origin',(100.014206034256,-38.0949678353027,-8.));
#4472=CARTESIAN_POINT('',(103.264206034256,-38.0949678353027,-8.));
#4473=CARTESIAN_POINT('Origin',(214.31759006041,-38.0949678353027,-8.));
#4474=CARTESIAN_POINT('',(217.56759006041,-38.0949678353027,-8.));
#4475=CARTESIAN_POINT('Origin',(219.084508690169,0.00726379273391586,-8.));
#4476=CARTESIAN_POINT('',(222.334508690169,0.00726379273391626,-8.));
#4477=CARTESIAN_POINT('Origin',(204.788050323923,-76.1989210257389,-8.));
#4478=CARTESIAN_POINT('',(208.038050323923,-76.1989210257389,-8.));
#4479=CARTESIAN_POINT('Origin',(161.919831546201,0.00264750056669483,-8.));
#4480=CARTESIAN_POINT('',(165.169831546201,0.00264750056669523,-8.));
#4481=CARTESIAN_POINT('Origin',(133.353532020691,-19.0506053306984,-8.));
#4482=CARTESIAN_POINT('',(136.603532020691,-19.0506053306984,-8.));
#4483=CARTESIAN_POINT('Origin',(71.4388854433753,-57.1399091813466,-8.));
#4484=CARTESIAN_POINT('',(74.6888854433753,-57.1399091813466,-8.));
#4485=CARTESIAN_POINT('Origin',(9.52722172748961,0.00514783340297531,-8.));
#4486=CARTESIAN_POINT('',(12.7772217274896,0.00514783340297571,-8.));
#4487=CARTESIAN_POINT('Origin',(14.2856751174303,-76.1982965806295,-8.));
#4488=CARTESIAN_POINT('',(17.5356751174303,-76.1982965806295,-8.));
#4489=CARTESIAN_POINT('Origin',(85.7334741733938,-0.000945663554077769,
-8.));
#4490=CARTESIAN_POINT('',(88.9834741733938,-0.000945663554077371,-8.));
#4491=CARTESIAN_POINT('Origin',(176.224107076725,-38.0949678353027,-8.));
#4492=CARTESIAN_POINT('',(179.474107076725,-38.0949678353027,-8.));
#4493=CARTESIAN_POINT('Origin',(227.746698178761,-57.8070341318831,-8.));
#4494=CARTESIAN_POINT('',(230.996698178761,-57.8070341318831,-8.));
#4495=CARTESIAN_POINT('Origin',(252.412794844741,-76.1950160797811,-8.));
#4496=CARTESIAN_POINT('',(255.662794844741,-76.1950160797811,-8.));
#4497=CARTESIAN_POINT('Origin',(53.5074263990835,-48.5007857985458,-13.));
#4498=CARTESIAN_POINT('',(53.5074263990835,-42.5007857985458,-10.));
#4499=CARTESIAN_POINT('Origin',(53.5074263990835,-42.5007857985458,-20.));
#4500=CARTESIAN_POINT('',(53.5074263990835,-37.5623419189808,-10.));
#4501=CARTESIAN_POINT('Origin',(57.1500148904502,-19.049074339396,-8.));
#4502=CARTESIAN_POINT('',(60.4000148904502,-19.049074339396,-8.));
#4503=CARTESIAN_POINT('Origin',(53.5074263990835,-17.3963344679815,-13.));
#4504=CARTESIAN_POINT('',(53.5074263990835,0.437658081019165,-10.));
#4505=CARTESIAN_POINT('Origin',(39.7205425229888,-16.750392809866,-10.));
#4506=CARTESIAN_POINT('',(51.5074263990835,16.4376580810192,-10.));
#4507=CARTESIAN_POINT('Origin',(51.5074263990835,0.437658081019165,-13.));
#4508=CARTESIAN_POINT('',(51.5074263990835,6.21882912991655,-11.));
#4509=CARTESIAN_POINT('',(51.5074263990835,-36.5623419189808,-13.));
#4510=CARTESIAN_POINT('',(51.5074263990835,14.2188291299165,-13.));
#4511=CARTESIAN_POINT('',(51.5074263990835,-36.5623419189808,-10.));
#4512=CARTESIAN_POINT('',(51.5074263990835,-36.5623419189808,-13.));
#4513=CARTESIAN_POINT('',(51.5074263990835,16.4376580810192,-10.));
#4514=CARTESIAN_POINT('Origin',(46.273826820849,12.0000001788139,-11.));
#4515=CARTESIAN_POINT('',(46.273826820849,14.5000001788139,-11.));
#4516=CARTESIAN_POINT('Origin',(46.273826820849,17.0000001788139,-12.2599814158108));
#4517=CARTESIAN_POINT('',(46.273826820849,17.0000001788139,-9.75998141581078));
#4518=CARTESIAN_POINT('Origin',(45.273826820849,17.0000001788139,-9.75998141581078));
#4519=CARTESIAN_POINT('Origin',(133.349996795878,15.7000001788139,-2.5));
#4520=CARTESIAN_POINT('',(27.9336586468941,15.7000001788139,-13.));
#4521=CARTESIAN_POINT('',(27.9336586468941,15.7000001788139,-6.25));
#4522=CARTESIAN_POINT('',(33.6753886062578,15.7000001788139,-13.));
#4523=CARTESIAN_POINT('Origin',(53.5074263990835,12.0000001788139,-13.));
#4524=CARTESIAN_POINT('',(27.9336586468941,-36.5623419189808,-13.));
#4525=CARTESIAN_POINT('',(27.9336586468941,14.2188291299165,-13.));
#4526=CARTESIAN_POINT('',(53.5074263990835,-36.5623419189808,-13.));
#4527=CARTESIAN_POINT('Origin',(53.5074263990835,-36.5623419189808,-13.));
#4528=CARTESIAN_POINT('',(27.9336586468941,-36.5623419189808,-10.));
#4529=CARTESIAN_POINT('',(27.9336586468941,-36.5623419189808,-13.));
#4530=CARTESIAN_POINT('',(25.9336586468941,-36.5623419189808,-10.));
#4531=CARTESIAN_POINT('Origin',(25.9336586468941,-18.7655805232567,-10.));
#4532=CARTESIAN_POINT('',(27.9336586468941,-18.7655805232567,-10.));
#4533=CARTESIAN_POINT('',(25.9336586468941,-18.7655805232567,-10.));
#4534=CARTESIAN_POINT('',(32.8271005849415,-18.7655805232567,-10.));
#4535=CARTESIAN_POINT('',(27.9336586468941,-18.7655805232567,-6.));
#4536=CARTESIAN_POINT('',(27.9336586468941,-18.7655805232567,-10.));
#4537=CARTESIAN_POINT('',(25.9336586468941,-18.7655805232567,-6.));
#4538=CARTESIAN_POINT('',(53.5074263990835,-18.7655805232567,-6.));
#4539=CARTESIAN_POINT('',(25.9336586468941,-18.7655805232567,-10.));
#4540=CARTESIAN_POINT('Origin',(39.7205425229888,-16.750392809866,-10.));
#4541=CARTESIAN_POINT('',(25.9336586468941,-42.5007857985458,-10.));
#4542=CARTESIAN_POINT('',(25.9336586468941,16.4376580810192,-10.));
#4543=CARTESIAN_POINT('',(93.4287115974807,-42.5007857985458,-10.));
#4544=CARTESIAN_POINT('',(27.9336586468941,-37.5623419189808,-10.));
#4545=CARTESIAN_POINT('Origin',(93.4287115974807,-42.5007857985458,-20.));
#4546=CARTESIAN_POINT('Origin',(25.9336586468941,-42.5007857985458,-20.));
#4547=CARTESIAN_POINT('Origin',(25.9336586468941,-1.76558052325674,-11.));
#4548=CARTESIAN_POINT('',(27.9336586468941,-1.76558052325674,-11.));
#4549=CARTESIAN_POINT('',(27.9336586468941,-1.76558052325674,-8.));
#4550=CARTESIAN_POINT('',(27.9336586468941,-1.76558052325674,-12.));
#4551=CARTESIAN_POINT('',(25.9336586468941,-1.76558052325674,-8.));
#4552=CARTESIAN_POINT('',(25.9336586468941,-1.76558052325674,-8.));
#4553=CARTESIAN_POINT('',(25.9336586468941,-1.76558052325674,-11.));
#4554=CARTESIAN_POINT('',(25.9336586468941,-1.76558052325674,-12.));
#4555=CARTESIAN_POINT('',(25.9336586468941,-1.76558052325674,-11.));
#4556=CARTESIAN_POINT('Origin',(25.9336586468941,-10.7655805232567,-11.));
#4557=CARTESIAN_POINT('',(25.9336586468941,-13.7655805232567,-11.));
#4558=CARTESIAN_POINT('',(25.9336586468941,-24.1639612211188,-11.));
#4559=CARTESIAN_POINT('',(27.9336586468941,-13.7655805232567,-11.));
#4560=CARTESIAN_POINT('',(25.9336586468941,-13.7655805232567,-11.));
#4561=CARTESIAN_POINT('',(27.9336586468941,-24.1639612211188,-11.));
#4562=CARTESIAN_POINT('Origin',(25.9336586468941,-13.7655805232567,-8.));
#4563=CARTESIAN_POINT('',(27.9336586468941,-13.7655805232567,-8.));
#4564=CARTESIAN_POINT('',(27.9336586468941,-13.7655805232567,-10.5));
#4565=CARTESIAN_POINT('',(25.9336586468941,-13.7655805232567,-8.));
#4566=CARTESIAN_POINT('',(25.9336586468941,-13.7655805232567,-10.5));
#4567=CARTESIAN_POINT('',(25.9336586468941,-13.7655805232567,-8.));
#4568=CARTESIAN_POINT('Origin',(25.9336586468941,1.23441947674326,-8.));
#4569=CARTESIAN_POINT('',(27.9336586468941,-24.1639612211188,-8.));
#4570=CARTESIAN_POINT('',(25.9336586468941,-24.1639612211188,-8.));
#4571=CARTESIAN_POINT('Origin',(27.9336586468941,-37.5623419189808,-13.));
#4572=CARTESIAN_POINT('',(27.9336586468941,-11.7655805232567,-6.));
#4573=CARTESIAN_POINT('',(27.9336586468941,-37.5623419189808,-10.));
#4574=CARTESIAN_POINT('Origin',(36.7896817389161,-15.2503928098659,-6.));
#4575=CARTESIAN_POINT('',(25.9336586468941,2.23441947674326,-6.));
#4576=CARTESIAN_POINT('Origin',(25.9336586468941,-37.5623419189808,-13.));
#4577=CARTESIAN_POINT('',(25.9336586468941,16.4376580810192,-10.));
#4578=CARTESIAN_POINT('Origin',(39.7205425229888,-16.750392809866,-10.));
#4579=UNCERTAINTY_MEASURE_WITH_UNIT(LENGTH_MEASURE(0.01),#4583,
'DISTANCE_ACCURACY_VALUE',
'Maximum model space distance between geometric entities at asserted c
onnectivities');
#4580=UNCERTAINTY_MEASURE_WITH_UNIT(LENGTH_MEASURE(0.01),#4583,
'DISTANCE_ACCURACY_VALUE',
'Maximum model space distance between geometric entities at asserted c
onnectivities');
#4581=(
GEOMETRIC_REPRESENTATION_CONTEXT(3)
GLOBAL_UNCERTAINTY_ASSIGNED_CONTEXT((#4579))
GLOBAL_UNIT_ASSIGNED_CONTEXT((#4583,#4585,#4586))
REPRESENTATION_CONTEXT('','3D')
);
#4582=(
GEOMETRIC_REPRESENTATION_CONTEXT(3)
GLOBAL_UNCERTAINTY_ASSIGNED_CONTEXT((#4580))
GLOBAL_UNIT_ASSIGNED_CONTEXT((#4583,#4585,#4586))
REPRESENTATION_CONTEXT('','3D')
);
#4583=(
LENGTH_UNIT()
NAMED_UNIT(*)
SI_UNIT(.MILLI.,.METRE.)
);
#4584=(
LENGTH_UNIT()
NAMED_UNIT(*)
SI_UNIT($,.METRE.)
);
#4585=(
NAMED_UNIT(*)
PLANE_ANGLE_UNIT()
SI_UNIT($,.RADIAN.)
);
#4586=(
NAMED_UNIT(*)
SI_UNIT($,.STERADIAN.)
SOLID_ANGLE_UNIT()
);
#4587=SHAPE_DEFINITION_REPRESENTATION(#4588,#4589);
#4588=PRODUCT_DEFINITION_SHAPE('',$,#4591);
#4589=SHAPE_REPRESENTATION('',(#2680),#4581);
#4590=PRODUCT_DEFINITION_CONTEXT('part definition',#4595,'design');
#4591=PRODUCT_DEFINITION('2026-08-22-14-33-27-371','snow60 case v4',#4592,
#4590);
#4592=PRODUCT_DEFINITION_FORMATION('',$,#4597);
#4593=PRODUCT_RELATED_PRODUCT_CATEGORY('snow60 case v4',
'snow60 case v4',(#4597));
#4594=APPLICATION_PROTOCOL_DEFINITION('international standard',
'automotive_design',2009,#4595);
#4595=APPLICATION_CONTEXT(
'Core Data for Automotive Mechanical Design Process');
#4596=PRODUCT_CONTEXT('part definition',#4595,'mechanical');
#4597=PRODUCT('2026-08-22-14-33-27-371','snow60 case v4',$,(#4596));
#4598=PRESENTATION_STYLE_ASSIGNMENT((#4599));
#4599=SURFACE_STYLE_USAGE(.BOTH.,#4600);
#4600=SURFACE_SIDE_STYLE('',(#4601));
#4601=SURFACE_STYLE_FILL_AREA(#4602);
#4602=FILL_AREA_STYLE('Steel - Satin',(#4603));
#4603=FILL_AREA_STYLE_COLOUR('Steel - Satin',#4604);
#4604=COLOUR_RGB('Steel - Satin',0.627450980392157,0.627450980392157,0.627450980392157);
ENDSEC;
END-ISO-10303-21;
