ISO-10303-21;
HEADER;
/* Generated by software containing ST-Developer
 * from STEP Tools, Inc. (www.steptools.com) 
 */

FILE_DESCRIPTION(
/* description */ (''),
/* implementation_level */ '2;1');

FILE_NAME(
/* name */ 'snow60 case.step',
/* time_stamp */ '2026-08-22T21:57:05-04:00',
/* author */ (''),
/* organization */ (''),
/* preprocessor_version */ 'ST-DEVELOPER v20.1',
/* originating_system */ 'Autodesk Translation Framework v15.8.0.0',
/* authorisation */ '');

FILE_SCHEMA (('AUTOMOTIVE_DESIGN { 1 0 10303 214 3 1 1 }'));
ENDSEC;

DATA;
#10=MECHANICAL_DESIGN_GEOMETRIC_PRESENTATION_REPRESENTATION('',(#13),#3565);
#11=SHAPE_REPRESENTATION_RELATIONSHIP('SRR','None',#3572,#12);
#12=ADVANCED_BREP_SHAPE_REPRESENTATION('',(#14),#3564);
#13=STYLED_ITEM('',(#3581),#14);
#14=MANIFOLD_SOLID_BREP('case',#2049);
#15=CONICAL_SURFACE('',#2131,0.725000000000014,1.02974425867665);
#16=CONICAL_SURFACE('',#2135,0.725,1.02974425867665);
#17=CONICAL_SURFACE('',#2139,0.724999999999996,1.02974425867665);
#18=CONICAL_SURFACE('',#2143,0.725,1.02974425867665);
#19=CONICAL_SURFACE('',#2147,0.724999999999992,1.02974425867665);
#20=CONICAL_SURFACE('',#2151,0.725,1.02974425867665);
#21=CONICAL_SURFACE('',#2155,0.725,1.02974425867665);
#22=CONICAL_SURFACE('',#2159,0.725000000000014,1.02974425867665);
#23=CONICAL_SURFACE('',#2163,0.724999999999983,1.02974425867665);
#24=CONICAL_SURFACE('',#2167,0.724999999999983,1.02974425867665);
#25=CONICAL_SURFACE('',#2171,0.725000000000017,1.02974425867665);
#26=CONICAL_SURFACE('',#2175,0.725,1.02974425867665);
#27=CONICAL_SURFACE('',#2179,0.725,1.02974425867665);
#28=CONICAL_SURFACE('',#2183,0.725000000000006,1.02974425867665);
#29=CONICAL_SURFACE('',#2187,0.724999999999998,1.02974425867665);
#30=CONICAL_SURFACE('',#2191,0.725000000000002,1.02974425867665);
#31=CONICAL_SURFACE('',#2195,0.725000000000002,1.02974425867665);
#32=CONICAL_SURFACE('',#2199,0.725000000000001,1.02974425867665);
#33=CONICAL_SURFACE('',#2203,0.725000000000001,1.02974425867665);
#34=CONICAL_SURFACE('',#2207,0.725,1.02974425867665);
#35=CONICAL_SURFACE('',#2211,3.25000000000003,0.0996686524911611);
#36=CONICAL_SURFACE('',#2216,3.24999999999999,0.0996686524911611);
#37=CONICAL_SURFACE('',#2221,3.24999999999999,0.0996686524911611);
#38=CONICAL_SURFACE('',#2226,3.24999999999999,0.0996686524911611);
#39=CONICAL_SURFACE('',#2231,3.24999999999999,0.0996686524911611);
#40=CONICAL_SURFACE('',#2236,3.24999999999999,0.0996686524911611);
#41=CONICAL_SURFACE('',#2241,3.24999999999999,0.0996686524911611);
#42=CONICAL_SURFACE('',#2246,3.25000000000003,0.0996686524911611);
#43=CONICAL_SURFACE('',#2251,3.25,0.0996686524911623);
#44=CONICAL_SURFACE('',#2256,3.25,0.0996686524911623);
#45=CONICAL_SURFACE('',#2261,3.25,0.0996686524911623);
#46=CONICAL_SURFACE('',#2266,3.25,0.0996686524911623);
#47=CONICAL_SURFACE('',#2271,3.25,0.0996686524911623);
#48=CONICAL_SURFACE('',#2276,3.25,0.0996686524911623);
#49=CONICAL_SURFACE('',#2281,3.25,0.0996686524911623);
#50=CONICAL_SURFACE('',#2286,3.25,0.0996686524911623);
#51=CONICAL_SURFACE('',#2291,3.25,0.0996686524911623);
#52=CONICAL_SURFACE('',#2296,3.25,0.099668652491162);
#53=CONICAL_SURFACE('',#2301,3.25,0.099668652491162);
#54=CONICAL_SURFACE('',#2306,3.25,0.099668652491162);
#55=FACE_BOUND('',#277,.T.);
#56=FACE_BOUND('',#282,.T.);
#57=FACE_BOUND('',#295,.T.);
#58=FACE_BOUND('',#296,.T.);
#59=FACE_BOUND('',#297,.T.);
#60=FACE_BOUND('',#298,.T.);
#61=FACE_BOUND('',#299,.T.);
#62=FACE_BOUND('',#300,.T.);
#63=FACE_BOUND('',#301,.T.);
#64=FACE_BOUND('',#302,.T.);
#65=FACE_BOUND('',#303,.T.);
#66=FACE_BOUND('',#304,.T.);
#67=FACE_BOUND('',#305,.T.);
#68=FACE_BOUND('',#306,.T.);
#69=FACE_BOUND('',#307,.T.);
#70=FACE_BOUND('',#308,.T.);
#71=FACE_BOUND('',#309,.T.);
#72=FACE_BOUND('',#310,.T.);
#73=FACE_BOUND('',#311,.T.);
#74=FACE_BOUND('',#312,.T.);
#75=FACE_BOUND('',#313,.T.);
#76=FACE_BOUND('',#366,.T.);
#77=FACE_BOUND('',#370,.T.);
#78=FACE_BOUND('',#374,.T.);
#79=FACE_BOUND('',#378,.T.);
#80=FACE_BOUND('',#382,.T.);
#81=FACE_BOUND('',#386,.T.);
#82=FACE_BOUND('',#390,.T.);
#83=FACE_BOUND('',#394,.T.);
#84=FACE_BOUND('',#398,.T.);
#85=FACE_BOUND('',#402,.T.);
#86=FACE_BOUND('',#406,.T.);
#87=FACE_BOUND('',#410,.T.);
#88=FACE_BOUND('',#414,.T.);
#89=FACE_BOUND('',#418,.T.);
#90=FACE_BOUND('',#422,.T.);
#91=FACE_BOUND('',#426,.T.);
#92=FACE_BOUND('',#430,.T.);
#93=FACE_BOUND('',#434,.T.);
#94=FACE_BOUND('',#438,.T.);
#95=FACE_BOUND('',#442,.T.);
#96=PLANE('',#2066);
#97=PLANE('',#2067);
#98=PLANE('',#2073);
#99=PLANE('',#2076);
#100=PLANE('',#2083);
#101=PLANE('',#2084);
#102=PLANE('',#2086);
#103=PLANE('',#2088);
#104=PLANE('',#2089);
#105=PLANE('',#2090);
#106=PLANE('',#2091);
#107=PLANE('',#2092);
#108=PLANE('',#2093);
#109=PLANE('',#2094);
#110=PLANE('',#2096);
#111=PLANE('',#2118);
#112=PLANE('',#2119);
#113=PLANE('',#2120);
#114=PLANE('',#2125);
#115=PLANE('',#2129);
#116=PLANE('',#2215);
#117=PLANE('',#2220);
#118=PLANE('',#2225);
#119=PLANE('',#2230);
#120=PLANE('',#2235);
#121=PLANE('',#2240);
#122=PLANE('',#2245);
#123=PLANE('',#2250);
#124=PLANE('',#2255);
#125=PLANE('',#2260);
#126=PLANE('',#2265);
#127=PLANE('',#2270);
#128=PLANE('',#2275);
#129=PLANE('',#2280);
#130=PLANE('',#2285);
#131=PLANE('',#2290);
#132=PLANE('',#2295);
#133=PLANE('',#2300);
#134=PLANE('',#2305);
#135=PLANE('',#2310);
#136=PLANE('',#2311);
#137=PLANE('',#2312);
#138=PLANE('',#2313);
#139=PLANE('',#2314);
#140=PLANE('',#2315);
#141=FACE_OUTER_BOUND('',#274,.T.);
#142=FACE_OUTER_BOUND('',#275,.T.);
#143=FACE_OUTER_BOUND('',#276,.T.);
#144=FACE_OUTER_BOUND('',#278,.T.);
#145=FACE_OUTER_BOUND('',#279,.T.);
#146=FACE_OUTER_BOUND('',#280,.T.);
#147=FACE_OUTER_BOUND('',#281,.T.);
#148=FACE_OUTER_BOUND('',#283,.T.);
#149=FACE_OUTER_BOUND('',#284,.T.);
#150=FACE_OUTER_BOUND('',#285,.T.);
#151=FACE_OUTER_BOUND('',#286,.T.);
#152=FACE_OUTER_BOUND('',#287,.T.);
#153=FACE_OUTER_BOUND('',#288,.T.);
#154=FACE_OUTER_BOUND('',#289,.T.);
#155=FACE_OUTER_BOUND('',#290,.T.);
#156=FACE_OUTER_BOUND('',#291,.T.);
#157=FACE_OUTER_BOUND('',#292,.T.);
#158=FACE_OUTER_BOUND('',#293,.T.);
#159=FACE_OUTER_BOUND('',#294,.T.);
#160=FACE_OUTER_BOUND('',#314,.T.);
#161=FACE_OUTER_BOUND('',#315,.T.);
#162=FACE_OUTER_BOUND('',#316,.T.);
#163=FACE_OUTER_BOUND('',#317,.T.);
#164=FACE_OUTER_BOUND('',#318,.T.);
#165=FACE_OUTER_BOUND('',#319,.T.);
#166=FACE_OUTER_BOUND('',#320,.T.);
#167=FACE_OUTER_BOUND('',#321,.T.);
#168=FACE_OUTER_BOUND('',#322,.T.);
#169=FACE_OUTER_BOUND('',#323,.T.);
#170=FACE_OUTER_BOUND('',#324,.T.);
#171=FACE_OUTER_BOUND('',#325,.T.);
#172=FACE_OUTER_BOUND('',#326,.T.);
#173=FACE_OUTER_BOUND('',#327,.T.);
#174=FACE_OUTER_BOUND('',#328,.T.);
#175=FACE_OUTER_BOUND('',#329,.T.);
#176=FACE_OUTER_BOUND('',#330,.T.);
#177=FACE_OUTER_BOUND('',#331,.T.);
#178=FACE_OUTER_BOUND('',#332,.T.);
#179=FACE_OUTER_BOUND('',#333,.T.);
#180=FACE_OUTER_BOUND('',#334,.T.);
#181=FACE_OUTER_BOUND('',#335,.T.);
#182=FACE_OUTER_BOUND('',#336,.T.);
#183=FACE_OUTER_BOUND('',#337,.T.);
#184=FACE_OUTER_BOUND('',#338,.T.);
#185=FACE_OUTER_BOUND('',#339,.T.);
#186=FACE_OUTER_BOUND('',#340,.T.);
#187=FACE_OUTER_BOUND('',#341,.T.);
#188=FACE_OUTER_BOUND('',#342,.T.);
#189=FACE_OUTER_BOUND('',#343,.T.);
#190=FACE_OUTER_BOUND('',#344,.T.);
#191=FACE_OUTER_BOUND('',#345,.T.);
#192=FACE_OUTER_BOUND('',#346,.T.);
#193=FACE_OUTER_BOUND('',#347,.T.);
#194=FACE_OUTER_BOUND('',#348,.T.);
#195=FACE_OUTER_BOUND('',#349,.T.);
#196=FACE_OUTER_BOUND('',#350,.T.);
#197=FACE_OUTER_BOUND('',#351,.T.);
#198=FACE_OUTER_BOUND('',#352,.T.);
#199=FACE_OUTER_BOUND('',#353,.T.);
#200=FACE_OUTER_BOUND('',#354,.T.);
#201=FACE_OUTER_BOUND('',#355,.T.);
#202=FACE_OUTER_BOUND('',#356,.T.);
#203=FACE_OUTER_BOUND('',#357,.T.);
#204=FACE_OUTER_BOUND('',#358,.T.);
#205=FACE_OUTER_BOUND('',#359,.T.);
#206=FACE_OUTER_BOUND('',#360,.T.);
#207=FACE_OUTER_BOUND('',#361,.T.);
#208=FACE_OUTER_BOUND('',#362,.T.);
#209=FACE_OUTER_BOUND('',#363,.T.);
#210=FACE_OUTER_BOUND('',#364,.T.);
#211=FACE_OUTER_BOUND('',#365,.T.);
#212=FACE_OUTER_BOUND('',#367,.T.);
#213=FACE_OUTER_BOUND('',#368,.T.);
#214=FACE_OUTER_BOUND('',#369,.T.);
#215=FACE_OUTER_BOUND('',#371,.T.);
#216=FACE_OUTER_BOUND('',#372,.T.);
#217=FACE_OUTER_BOUND('',#373,.T.);
#218=FACE_OUTER_BOUND('',#375,.T.);
#219=FACE_OUTER_BOUND('',#376,.T.);
#220=FACE_OUTER_BOUND('',#377,.T.);
#221=FACE_OUTER_BOUND('',#379,.T.);
#222=FACE_OUTER_BOUND('',#380,.T.);
#223=FACE_OUTER_BOUND('',#381,.T.);
#224=FACE_OUTER_BOUND('',#383,.T.);
#225=FACE_OUTER_BOUND('',#384,.T.);
#226=FACE_OUTER_BOUND('',#385,.T.);
#227=FACE_OUTER_BOUND('',#387,.T.);
#228=FACE_OUTER_BOUND('',#388,.T.);
#229=FACE_OUTER_BOUND('',#389,.T.);
#230=FACE_OUTER_BOUND('',#391,.T.);
#231=FACE_OUTER_BOUND('',#392,.T.);
#232=FACE_OUTER_BOUND('',#393,.T.);
#233=FACE_OUTER_BOUND('',#395,.T.);
#234=FACE_OUTER_BOUND('',#396,.T.);
#235=FACE_OUTER_BOUND('',#397,.T.);
#236=FACE_OUTER_BOUND('',#399,.T.);
#237=FACE_OUTER_BOUND('',#400,.T.);
#238=FACE_OUTER_BOUND('',#401,.T.);
#239=FACE_OUTER_BOUND('',#403,.T.);
#240=FACE_OUTER_BOUND('',#404,.T.);
#241=FACE_OUTER_BOUND('',#405,.T.);
#242=FACE_OUTER_BOUND('',#407,.T.);
#243=FACE_OUTER_BOUND('',#408,.T.);
#244=FACE_OUTER_BOUND('',#409,.T.);
#245=FACE_OUTER_BOUND('',#411,.T.);
#246=FACE_OUTER_BOUND('',#412,.T.);
#247=FACE_OUTER_BOUND('',#413,.T.);
#248=FACE_OUTER_BOUND('',#415,.T.);
#249=FACE_OUTER_BOUND('',#416,.T.);
#250=FACE_OUTER_BOUND('',#417,.T.);
#251=FACE_OUTER_BOUND('',#419,.T.);
#252=FACE_OUTER_BOUND('',#420,.T.);
#253=FACE_OUTER_BOUND('',#421,.T.);
#254=FACE_OUTER_BOUND('',#423,.T.);
#255=FACE_OUTER_BOUND('',#424,.T.);
#256=FACE_OUTER_BOUND('',#425,.T.);
#257=FACE_OUTER_BOUND('',#427,.T.);
#258=FACE_OUTER_BOUND('',#428,.T.);
#259=FACE_OUTER_BOUND('',#429,.T.);
#260=FACE_OUTER_BOUND('',#431,.T.);
#261=FACE_OUTER_BOUND('',#432,.T.);
#262=FACE_OUTER_BOUND('',#433,.T.);
#263=FACE_OUTER_BOUND('',#435,.T.);
#264=FACE_OUTER_BOUND('',#436,.T.);
#265=FACE_OUTER_BOUND('',#437,.T.);
#266=FACE_OUTER_BOUND('',#439,.T.);
#267=FACE_OUTER_BOUND('',#440,.T.);
#268=FACE_OUTER_BOUND('',#441,.T.);
#269=FACE_OUTER_BOUND('',#443,.T.);
#270=FACE_OUTER_BOUND('',#444,.T.);
#271=FACE_OUTER_BOUND('',#445,.T.);
#272=FACE_OUTER_BOUND('',#446,.T.);
#273=FACE_OUTER_BOUND('',#447,.T.);
#274=EDGE_LOOP('',(#1324,#1325,#1326,#1327));
#275=EDGE_LOOP('',(#1328,#1329,#1330,#1331));
#276=EDGE_LOOP('',(#1332,#1333,#1334,#1335,#1336,#1337,#1338,#1339));
#277=EDGE_LOOP('',(#1340,#1341,#1342,#1343));
#278=EDGE_LOOP('',(#1344,#1345,#1346,#1347));
#279=EDGE_LOOP('',(#1348,#1349,#1350,#1351));
#280=EDGE_LOOP('',(#1352,#1353,#1354,#1355));
#281=EDGE_LOOP('',(#1356,#1357,#1358,#1359));
#282=EDGE_LOOP('',(#1360,#1361,#1362,#1363,#1364,#1365,#1366,#1367));
#283=EDGE_LOOP('',(#1368,#1369,#1370,#1371));
#284=EDGE_LOOP('',(#1372,#1373,#1374,#1375));
#285=EDGE_LOOP('',(#1376,#1377,#1378));
#286=EDGE_LOOP('',(#1379,#1380,#1381));
#287=EDGE_LOOP('',(#1382,#1383,#1384,#1385));
#288=EDGE_LOOP('',(#1386,#1387,#1388,#1389));
#289=EDGE_LOOP('',(#1390,#1391,#1392,#1393));
#290=EDGE_LOOP('',(#1394,#1395,#1396,#1397));
#291=EDGE_LOOP('',(#1398,#1399,#1400,#1401));
#292=EDGE_LOOP('',(#1402,#1403,#1404,#1405));
#293=EDGE_LOOP('',(#1406,#1407,#1408,#1409,#1410,#1411,#1412,#1413,#1414,
#1415,#1416,#1417));
#294=EDGE_LOOP('',(#1418,#1419,#1420,#1421,#1422,#1423,#1424,#1425,#1426,
#1427,#1428));
#295=EDGE_LOOP('',(#1429));
#296=EDGE_LOOP('',(#1430));
#297=EDGE_LOOP('',(#1431));
#298=EDGE_LOOP('',(#1432));
#299=EDGE_LOOP('',(#1433));
#300=EDGE_LOOP('',(#1434));
#301=EDGE_LOOP('',(#1435));
#302=EDGE_LOOP('',(#1436));
#303=EDGE_LOOP('',(#1437));
#304=EDGE_LOOP('',(#1438));
#305=EDGE_LOOP('',(#1439));
#306=EDGE_LOOP('',(#1440));
#307=EDGE_LOOP('',(#1441));
#308=EDGE_LOOP('',(#1442));
#309=EDGE_LOOP('',(#1443));
#310=EDGE_LOOP('',(#1444));
#311=EDGE_LOOP('',(#1445));
#312=EDGE_LOOP('',(#1446));
#313=EDGE_LOOP('',(#1447));
#314=EDGE_LOOP('',(#1448,#1449,#1450,#1451));
#315=EDGE_LOOP('',(#1452,#1453,#1454,#1455));
#316=EDGE_LOOP('',(#1456,#1457,#1458,#1459));
#317=EDGE_LOOP('',(#1460,#1461,#1462,#1463));
#318=EDGE_LOOP('',(#1464,#1465,#1466,#1467));
#319=EDGE_LOOP('',(#1468,#1469,#1470,#1471));
#320=EDGE_LOOP('',(#1472,#1473,#1474,#1475,#1476,#1477));
#321=EDGE_LOOP('',(#1478,#1479,#1480,#1481));
#322=EDGE_LOOP('',(#1482,#1483,#1484,#1485,#1486,#1487));
#323=EDGE_LOOP('',(#1488,#1489,#1490));
#324=EDGE_LOOP('',(#1491,#1492,#1493,#1494));
#325=EDGE_LOOP('',(#1495,#1496,#1497));
#326=EDGE_LOOP('',(#1498,#1499,#1500,#1501));
#327=EDGE_LOOP('',(#1502,#1503,#1504));
#328=EDGE_LOOP('',(#1505,#1506,#1507,#1508));
#329=EDGE_LOOP('',(#1509,#1510,#1511));
#330=EDGE_LOOP('',(#1512,#1513,#1514,#1515));
#331=EDGE_LOOP('',(#1516,#1517,#1518));
#332=EDGE_LOOP('',(#1519,#1520,#1521,#1522));
#333=EDGE_LOOP('',(#1523,#1524,#1525));
#334=EDGE_LOOP('',(#1526,#1527,#1528,#1529));
#335=EDGE_LOOP('',(#1530,#1531,#1532));
#336=EDGE_LOOP('',(#1533,#1534,#1535,#1536));
#337=EDGE_LOOP('',(#1537,#1538,#1539));
#338=EDGE_LOOP('',(#1540,#1541,#1542,#1543));
#339=EDGE_LOOP('',(#1544,#1545,#1546));
#340=EDGE_LOOP('',(#1547,#1548,#1549,#1550));
#341=EDGE_LOOP('',(#1551,#1552,#1553));
#342=EDGE_LOOP('',(#1554,#1555,#1556,#1557));
#343=EDGE_LOOP('',(#1558,#1559,#1560));
#344=EDGE_LOOP('',(#1561,#1562,#1563,#1564));
#345=EDGE_LOOP('',(#1565,#1566,#1567));
#346=EDGE_LOOP('',(#1568,#1569,#1570,#1571));
#347=EDGE_LOOP('',(#1572,#1573,#1574));
#348=EDGE_LOOP('',(#1575,#1576,#1577,#1578));
#349=EDGE_LOOP('',(#1579,#1580,#1581));
#350=EDGE_LOOP('',(#1582,#1583,#1584,#1585));
#351=EDGE_LOOP('',(#1586,#1587,#1588));
#352=EDGE_LOOP('',(#1589,#1590,#1591,#1592));
#353=EDGE_LOOP('',(#1593,#1594,#1595));
#354=EDGE_LOOP('',(#1596,#1597,#1598,#1599));
#355=EDGE_LOOP('',(#1600,#1601,#1602));
#356=EDGE_LOOP('',(#1603,#1604,#1605,#1606));
#357=EDGE_LOOP('',(#1607,#1608,#1609));
#358=EDGE_LOOP('',(#1610,#1611,#1612,#1613));
#359=EDGE_LOOP('',(#1614,#1615,#1616));
#360=EDGE_LOOP('',(#1617,#1618,#1619,#1620));
#361=EDGE_LOOP('',(#1621,#1622,#1623));
#362=EDGE_LOOP('',(#1624,#1625,#1626,#1627));
#363=EDGE_LOOP('',(#1628,#1629,#1630,#1631));
#364=EDGE_LOOP('',(#1632,#1633,#1634,#1635));
#365=EDGE_LOOP('',(#1636));
#366=EDGE_LOOP('',(#1637));
#367=EDGE_LOOP('',(#1638,#1639,#1640,#1641));
#368=EDGE_LOOP('',(#1642,#1643,#1644,#1645));
#369=EDGE_LOOP('',(#1646));
#370=EDGE_LOOP('',(#1647));
#371=EDGE_LOOP('',(#1648,#1649,#1650,#1651));
#372=EDGE_LOOP('',(#1652,#1653,#1654,#1655));
#373=EDGE_LOOP('',(#1656));
#374=EDGE_LOOP('',(#1657));
#375=EDGE_LOOP('',(#1658,#1659,#1660,#1661));
#376=EDGE_LOOP('',(#1662,#1663,#1664,#1665));
#377=EDGE_LOOP('',(#1666));
#378=EDGE_LOOP('',(#1667));
#379=EDGE_LOOP('',(#1668,#1669,#1670,#1671));
#380=EDGE_LOOP('',(#1672,#1673,#1674,#1675));
#381=EDGE_LOOP('',(#1676));
#382=EDGE_LOOP('',(#1677));
#383=EDGE_LOOP('',(#1678,#1679,#1680,#1681));
#384=EDGE_LOOP('',(#1682,#1683,#1684,#1685));
#385=EDGE_LOOP('',(#1686));
#386=EDGE_LOOP('',(#1687));
#387=EDGE_LOOP('',(#1688,#1689,#1690,#1691));
#388=EDGE_LOOP('',(#1692,#1693,#1694,#1695));
#389=EDGE_LOOP('',(#1696));
#390=EDGE_LOOP('',(#1697));
#391=EDGE_LOOP('',(#1698,#1699,#1700,#1701));
#392=EDGE_LOOP('',(#1702,#1703,#1704,#1705));
#393=EDGE_LOOP('',(#1706));
#394=EDGE_LOOP('',(#1707));
#395=EDGE_LOOP('',(#1708,#1709,#1710,#1711));
#396=EDGE_LOOP('',(#1712,#1713,#1714,#1715));
#397=EDGE_LOOP('',(#1716));
#398=EDGE_LOOP('',(#1717));
#399=EDGE_LOOP('',(#1718,#1719,#1720,#1721));
#400=EDGE_LOOP('',(#1722,#1723,#1724,#1725));
#401=EDGE_LOOP('',(#1726));
#402=EDGE_LOOP('',(#1727));
#403=EDGE_LOOP('',(#1728,#1729,#1730,#1731));
#404=EDGE_LOOP('',(#1732,#1733,#1734,#1735));
#405=EDGE_LOOP('',(#1736));
#406=EDGE_LOOP('',(#1737));
#407=EDGE_LOOP('',(#1738,#1739,#1740,#1741));
#408=EDGE_LOOP('',(#1742,#1743,#1744,#1745));
#409=EDGE_LOOP('',(#1746));
#410=EDGE_LOOP('',(#1747));
#411=EDGE_LOOP('',(#1748,#1749,#1750,#1751));
#412=EDGE_LOOP('',(#1752,#1753,#1754,#1755));
#413=EDGE_LOOP('',(#1756));
#414=EDGE_LOOP('',(#1757));
#415=EDGE_LOOP('',(#1758,#1759,#1760,#1761));
#416=EDGE_LOOP('',(#1762,#1763,#1764,#1765));
#417=EDGE_LOOP('',(#1766));
#418=EDGE_LOOP('',(#1767));
#419=EDGE_LOOP('',(#1768,#1769,#1770,#1771));
#420=EDGE_LOOP('',(#1772,#1773,#1774,#1775));
#421=EDGE_LOOP('',(#1776));
#422=EDGE_LOOP('',(#1777));
#423=EDGE_LOOP('',(#1778,#1779,#1780,#1781));
#424=EDGE_LOOP('',(#1782,#1783,#1784,#1785,#1786,#1787,#1788,#1789));
#425=EDGE_LOOP('',(#1790));
#426=EDGE_LOOP('',(#1791));
#427=EDGE_LOOP('',(#1792,#1793,#1794,#1795));
#428=EDGE_LOOP('',(#1796,#1797,#1798,#1799));
#429=EDGE_LOOP('',(#1800));
#430=EDGE_LOOP('',(#1801));
#431=EDGE_LOOP('',(#1802,#1803,#1804,#1805));
#432=EDGE_LOOP('',(#1806,#1807,#1808,#1809));
#433=EDGE_LOOP('',(#1810));
#434=EDGE_LOOP('',(#1811));
#435=EDGE_LOOP('',(#1812,#1813,#1814,#1815));
#436=EDGE_LOOP('',(#1816,#1817,#1818,#1819));
#437=EDGE_LOOP('',(#1820));
#438=EDGE_LOOP('',(#1821));
#439=EDGE_LOOP('',(#1822,#1823,#1824,#1825));
#440=EDGE_LOOP('',(#1826,#1827,#1828,#1829));
#441=EDGE_LOOP('',(#1830));
#442=EDGE_LOOP('',(#1831));
#443=EDGE_LOOP('',(#1832,#1833,#1834,#1835,#1836,#1837,#1838,#1839,#1840,
#1841,#1842,#1843,#1844,#1845,#1846,#1847));
#444=EDGE_LOOP('',(#1848,#1849,#1850,#1851));
#445=EDGE_LOOP('',(#1852,#1853,#1854,#1855));
#446=EDGE_LOOP('',(#1856,#1857,#1858,#1859));
#447=EDGE_LOOP('',(#1860,#1861,#1862,#1863,#1864,#1865,#1866,#1867));
#448=LINE('',#2982,#600);
#449=LINE('',#2985,#601);
#450=LINE('',#2988,#602);
#451=LINE('',#2990,#603);
#452=LINE('',#2991,#604);
#453=LINE('',#2994,#605);
#454=LINE('',#2998,#606);
#455=LINE('',#3002,#607);
#456=LINE('',#3006,#608);
#457=LINE('',#3008,#609);
#458=LINE('',#3010,#610);
#459=LINE('',#3011,#611);
#460=LINE('',#3014,#612);
#461=LINE('',#3018,#613);
#462=LINE('',#3019,#614);
#463=LINE('',#3022,#615);
#464=LINE('',#3026,#616);
#465=LINE('',#3027,#617);
#466=LINE('',#3032,#618);
#467=LINE('',#3036,#619);
#468=LINE('',#3040,#620);
#469=LINE('',#3043,#621);
#470=LINE('',#3046,#622);
#471=LINE('',#3049,#623);
#472=LINE('',#3055,#624);
#473=LINE('',#3056,#625);
#474=LINE('',#3062,#626);
#475=LINE('',#3063,#627);
#476=LINE('',#3066,#628);
#477=LINE('',#3068,#629);
#478=LINE('',#3069,#630);
#479=LINE('',#3073,#631);
#480=LINE('',#3075,#632);
#481=LINE('',#3077,#633);
#482=LINE('',#3078,#634);
#483=LINE('',#3081,#635);
#484=LINE('',#3083,#636);
#485=LINE('',#3084,#637);
#486=LINE('',#3088,#638);
#487=LINE('',#3090,#639);
#488=LINE('',#3092,#640);
#489=LINE('',#3093,#641);
#490=LINE('',#3096,#642);
#491=LINE('',#3098,#643);
#492=LINE('',#3099,#644);
#493=LINE('',#3102,#645);
#494=LINE('',#3104,#646);
#495=LINE('',#3105,#647);
#496=LINE('',#3108,#648);
#497=LINE('',#3109,#649);
#498=LINE('',#3110,#650);
#499=LINE('',#3113,#651);
#500=LINE('',#3115,#652);
#501=LINE('',#3117,#653);
#502=LINE('',#3119,#654);
#503=LINE('',#3120,#655);
#504=LINE('',#3164,#656);
#505=LINE('',#3165,#657);
#506=LINE('',#3166,#658);
#507=LINE('',#3169,#659);
#508=LINE('',#3170,#660);
#509=LINE('',#3171,#661);
#510=LINE('',#3176,#662);
#511=LINE('',#3181,#663);
#512=LINE('',#3184,#664);
#513=LINE('',#3185,#665);
#514=LINE('',#3189,#666);
#515=LINE('',#3191,#667);
#516=LINE('',#3197,#668);
#517=LINE('',#3201,#669);
#518=LINE('',#3206,#670);
#519=LINE('',#3210,#671);
#520=LINE('',#3215,#672);
#521=LINE('',#3219,#673);
#522=LINE('',#3224,#674);
#523=LINE('',#3228,#675);
#524=LINE('',#3233,#676);
#525=LINE('',#3237,#677);
#526=LINE('',#3242,#678);
#527=LINE('',#3246,#679);
#528=LINE('',#3251,#680);
#529=LINE('',#3255,#681);
#530=LINE('',#3260,#682);
#531=LINE('',#3264,#683);
#532=LINE('',#3269,#684);
#533=LINE('',#3273,#685);
#534=LINE('',#3278,#686);
#535=LINE('',#3282,#687);
#536=LINE('',#3287,#688);
#537=LINE('',#3291,#689);
#538=LINE('',#3296,#690);
#539=LINE('',#3300,#691);
#540=LINE('',#3305,#692);
#541=LINE('',#3309,#693);
#542=LINE('',#3314,#694);
#543=LINE('',#3318,#695);
#544=LINE('',#3323,#696);
#545=LINE('',#3327,#697);
#546=LINE('',#3332,#698);
#547=LINE('',#3336,#699);
#548=LINE('',#3341,#700);
#549=LINE('',#3345,#701);
#550=LINE('',#3350,#702);
#551=LINE('',#3354,#703);
#552=LINE('',#3359,#704);
#553=LINE('',#3363,#705);
#554=LINE('',#3368,#706);
#555=LINE('',#3372,#707);
#556=LINE('',#3377,#708);
#557=LINE('',#3380,#709);
#558=LINE('',#3386,#710);
#559=LINE('',#3389,#711);
#560=LINE('',#3395,#712);
#561=LINE('',#3398,#713);
#562=LINE('',#3404,#714);
#563=LINE('',#3407,#715);
#564=LINE('',#3413,#716);
#565=LINE('',#3416,#717);
#566=LINE('',#3422,#718);
#567=LINE('',#3425,#719);
#568=LINE('',#3431,#720);
#569=LINE('',#3434,#721);
#570=LINE('',#3440,#722);
#571=LINE('',#3443,#723);
#572=LINE('',#3449,#724);
#573=LINE('',#3452,#725);
#574=LINE('',#3458,#726);
#575=LINE('',#3461,#727);
#576=LINE('',#3467,#728);
#577=LINE('',#3470,#729);
#578=LINE('',#3476,#730);
#579=LINE('',#3479,#731);
#580=LINE('',#3485,#732);
#581=LINE('',#3488,#733);
#582=LINE('',#3494,#734);
#583=LINE('',#3497,#735);
#584=LINE('',#3503,#736);
#585=LINE('',#3506,#737);
#586=LINE('',#3512,#738);
#587=LINE('',#3515,#739);
#588=LINE('',#3521,#740);
#589=LINE('',#3524,#741);
#590=LINE('',#3530,#742);
#591=LINE('',#3533,#743);
#592=LINE('',#3539,#744);
#593=LINE('',#3542,#745);
#594=LINE('',#3548,#746);
#595=LINE('',#3551,#747);
#596=LINE('',#3554,#748);
#597=LINE('',#3555,#749);
#598=LINE('',#3557,#750);
#599=LINE('',#3559,#751);
#600=VECTOR('',#2322,10.);
#601=VECTOR('',#2325,10.);
#602=VECTOR('',#2328,10.);
#603=VECTOR('',#2329,10.);
#604=VECTOR('',#2330,10.);
#605=VECTOR('',#2333,10.);
#606=VECTOR('',#2336,10.);
#607=VECTOR('',#2339,10.);
#608=VECTOR('',#2342,10.);
#609=VECTOR('',#2343,10.);
#610=VECTOR('',#2344,10.);
#611=VECTOR('',#2345,10.);
#612=VECTOR('',#2348,10.);
#613=VECTOR('',#2353,10.);
#614=VECTOR('',#2354,10.);
#615=VECTOR('',#2357,10.);
#616=VECTOR('',#2362,10.);
#617=VECTOR('',#2363,10.);
#618=VECTOR('',#2366,10.);
#619=VECTOR('',#2369,10.);
#620=VECTOR('',#2372,10.);
#621=VECTOR('',#2375,10.);
#622=VECTOR('',#2378,10.);
#623=VECTOR('',#2383,10.);
#624=VECTOR('',#2388,10.);
#625=VECTOR('',#2389,10.);
#626=VECTOR('',#2394,10.);
#627=VECTOR('',#2395,10.);
#628=VECTOR('',#2398,10.);
#629=VECTOR('',#2399,10.);
#630=VECTOR('',#2400,10.);
#631=VECTOR('',#2403,10.);
#632=VECTOR('',#2404,10.);
#633=VECTOR('',#2405,10.);
#634=VECTOR('',#2406,10.);
#635=VECTOR('',#2409,10.);
#636=VECTOR('',#2410,10.);
#637=VECTOR('',#2411,10.);
#638=VECTOR('',#2414,10.);
#639=VECTOR('',#2415,10.);
#640=VECTOR('',#2416,10.);
#641=VECTOR('',#2417,10.);
#642=VECTOR('',#2420,10.);
#643=VECTOR('',#2421,10.);
#644=VECTOR('',#2422,10.);
#645=VECTOR('',#2425,10.);
#646=VECTOR('',#2426,10.);
#647=VECTOR('',#2427,10.);
#648=VECTOR('',#2432,10.);
#649=VECTOR('',#2433,10.);
#650=VECTOR('',#2434,10.);
#651=VECTOR('',#2437,10.);
#652=VECTOR('',#2438,10.);
#653=VECTOR('',#2439,10.);
#654=VECTOR('',#2440,10.);
#655=VECTOR('',#2441,10.);
#656=VECTOR('',#2486,10.);
#657=VECTOR('',#2487,10.);
#658=VECTOR('',#2488,10.);
#659=VECTOR('',#2491,10.);
#660=VECTOR('',#2492,10.);
#661=VECTOR('',#2493,10.);
#662=VECTOR('',#2498,10.);
#663=VECTOR('',#2505,10.);
#664=VECTOR('',#2508,10.);
#665=VECTOR('',#2509,10.);
#666=VECTOR('',#2516,10.);
#667=VECTOR('',#2519,10.);
#668=VECTOR('',#2526,0.725000000000014);
#669=VECTOR('',#2531,1.45000000000003);
#670=VECTOR('',#2536,0.725);
#671=VECTOR('',#2541,1.45);
#672=VECTOR('',#2546,0.724999999999996);
#673=VECTOR('',#2551,1.44999999999999);
#674=VECTOR('',#2556,0.725);
#675=VECTOR('',#2561,1.45);
#676=VECTOR('',#2566,0.724999999999992);
#677=VECTOR('',#2571,1.44999999999998);
#678=VECTOR('',#2576,0.725);
#679=VECTOR('',#2581,1.45);
#680=VECTOR('',#2586,0.725);
#681=VECTOR('',#2591,1.45);
#682=VECTOR('',#2596,0.725000000000014);
#683=VECTOR('',#2601,1.45000000000003);
#684=VECTOR('',#2606,0.724999999999983);
#685=VECTOR('',#2611,1.44999999999997);
#686=VECTOR('',#2616,0.724999999999983);
#687=VECTOR('',#2621,1.44999999999997);
#688=VECTOR('',#2626,0.725000000000017);
#689=VECTOR('',#2631,1.45000000000003);
#690=VECTOR('',#2636,0.725);
#691=VECTOR('',#2641,1.45);
#692=VECTOR('',#2646,0.725);
#693=VECTOR('',#2651,1.45);
#694=VECTOR('',#2656,0.725000000000005);
#695=VECTOR('',#2661,1.45000000000001);
#696=VECTOR('',#2666,0.724999999999998);
#697=VECTOR('',#2671,1.45);
#698=VECTOR('',#2676,0.725000000000002);
#699=VECTOR('',#2681,1.45);
#700=VECTOR('',#2686,0.725000000000002);
#701=VECTOR('',#2691,1.45);
#702=VECTOR('',#2696,0.725000000000001);
#703=VECTOR('',#2701,1.45);
#704=VECTOR('',#2706,0.725);
#705=VECTOR('',#2711,1.45);
#706=VECTOR('',#2716,0.725);
#707=VECTOR('',#2721,1.45);
#708=VECTOR('',#2726,3.25000000000003);
#709=VECTOR('',#2731,4.00000000000002);
#710=VECTOR('',#2738,3.24999999999999);
#711=VECTOR('',#2743,3.99999999999999);
#712=VECTOR('',#2750,3.24999999999999);
#713=VECTOR('',#2755,3.99999999999999);
#714=VECTOR('',#2762,3.24999999999999);
#715=VECTOR('',#2767,3.99999999999999);
#716=VECTOR('',#2774,3.24999999999999);
#717=VECTOR('',#2779,3.99999999999999);
#718=VECTOR('',#2786,3.24999999999999);
#719=VECTOR('',#2791,3.99999999999999);
#720=VECTOR('',#2798,3.24999999999999);
#721=VECTOR('',#2803,3.99999999999999);
#722=VECTOR('',#2810,3.25000000000003);
#723=VECTOR('',#2815,4.00000000000002);
#724=VECTOR('',#2822,3.25);
#725=VECTOR('',#2827,4.);
#726=VECTOR('',#2834,3.25);
#727=VECTOR('',#2839,4.);
#728=VECTOR('',#2846,3.25);
#729=VECTOR('',#2851,4.);
#730=VECTOR('',#2858,3.25);
#731=VECTOR('',#2863,4.);
#732=VECTOR('',#2870,3.25);
#733=VECTOR('',#2875,4.);
#734=VECTOR('',#2882,3.25);
#735=VECTOR('',#2887,4.);
#736=VECTOR('',#2894,3.25);
#737=VECTOR('',#2899,4.);
#738=VECTOR('',#2906,3.25);
#739=VECTOR('',#2911,4.);
#740=VECTOR('',#2918,3.25);
#741=VECTOR('',#2923,4.);
#742=VECTOR('',#2930,3.25);
#743=VECTOR('',#2935,4.);
#744=VECTOR('',#2942,3.25);
#745=VECTOR('',#2947,4.);
#746=VECTOR('',#2954,3.25);
#747=VECTOR('',#2959,4.);
#748=VECTOR('',#2964,10.);
#749=VECTOR('',#2965,10.);
#750=VECTOR('',#2968,10.);
#751=VECTOR('',#2971,10.);
#752=CIRCLE('',#2064,4.);
#753=CIRCLE('',#2065,4.);
#754=CIRCLE('',#2068,4.);
#755=CIRCLE('',#2069,4.);
#756=CIRCLE('',#2070,4.);
#757=CIRCLE('',#2072,4.);
#758=CIRCLE('',#2075,4.);
#759=CIRCLE('',#2077,1.00000000000001);
#760=CIRCLE('',#2078,1.00000000000001);
#761=CIRCLE('',#2079,0.999999999999996);
#762=CIRCLE('',#2080,0.999999999999994);
#763=CIRCLE('',#2082,4.);
#764=CIRCLE('',#2085,1.00000000000001);
#765=CIRCLE('',#2087,0.999999999999996);
#766=CIRCLE('',#2095,4.);
#767=CIRCLE('',#2097,4.);
#768=CIRCLE('',#2098,4.);
#769=CIRCLE('',#2099,4.);
#770=CIRCLE('',#2100,4.);
#771=CIRCLE('',#2101,4.);
#772=CIRCLE('',#2102,4.);
#773=CIRCLE('',#2103,3.99999999999999);
#774=CIRCLE('',#2104,4.00000000000002);
#775=CIRCLE('',#2105,4.00000000000002);
#776=CIRCLE('',#2106,4.);
#777=CIRCLE('',#2107,4.);
#778=CIRCLE('',#2108,3.99999999999999);
#779=CIRCLE('',#2109,3.99999999999999);
#780=CIRCLE('',#2110,4.);
#781=CIRCLE('',#2111,4.);
#782=CIRCLE('',#2112,3.99999999999999);
#783=CIRCLE('',#2113,3.99999999999999);
#784=CIRCLE('',#2114,4.);
#785=CIRCLE('',#2115,4.);
#786=CIRCLE('',#2116,4.);
#787=CIRCLE('',#2117,3.99999999999999);
#788=CIRCLE('',#2121,0.999999999999996);
#789=CIRCLE('',#2122,1.00000000000001);
#790=CIRCLE('',#2124,1.00000000000001);
#791=CIRCLE('',#2127,0.999999999999994);
#792=CIRCLE('',#2132,1.45000000000003);
#793=CIRCLE('',#2134,1.45000000000003);
#794=CIRCLE('',#2136,1.45);
#795=CIRCLE('',#2138,1.45);
#796=CIRCLE('',#2140,1.44999999999999);
#797=CIRCLE('',#2142,1.44999999999999);
#798=CIRCLE('',#2144,1.45);
#799=CIRCLE('',#2146,1.45);
#800=CIRCLE('',#2148,1.44999999999998);
#801=CIRCLE('',#2150,1.44999999999998);
#802=CIRCLE('',#2152,1.45);
#803=CIRCLE('',#2154,1.45);
#804=CIRCLE('',#2156,1.45);
#805=CIRCLE('',#2158,1.45);
#806=CIRCLE('',#2160,1.45000000000003);
#807=CIRCLE('',#2162,1.45000000000003);
#808=CIRCLE('',#2164,1.44999999999997);
#809=CIRCLE('',#2166,1.44999999999997);
#810=CIRCLE('',#2168,1.44999999999997);
#811=CIRCLE('',#2170,1.44999999999997);
#812=CIRCLE('',#2172,1.45000000000003);
#813=CIRCLE('',#2174,1.45000000000003);
#814=CIRCLE('',#2176,1.45);
#815=CIRCLE('',#2178,1.45);
#816=CIRCLE('',#2180,1.45);
#817=CIRCLE('',#2182,1.45);
#818=CIRCLE('',#2184,1.45000000000001);
#819=CIRCLE('',#2186,1.45000000000001);
#820=CIRCLE('',#2188,1.45);
#821=CIRCLE('',#2190,1.45);
#822=CIRCLE('',#2192,1.45);
#823=CIRCLE('',#2194,1.45);
#824=CIRCLE('',#2196,1.45);
#825=CIRCLE('',#2198,1.45);
#826=CIRCLE('',#2200,1.45);
#827=CIRCLE('',#2202,1.45);
#828=CIRCLE('',#2204,1.45);
#829=CIRCLE('',#2206,1.45);
#830=CIRCLE('',#2208,1.45);
#831=CIRCLE('',#2210,1.45);
#832=CIRCLE('',#2212,2.50000000000004);
#833=CIRCLE('',#2213,4.00000000000002);
#834=CIRCLE('',#2217,2.5);
#835=CIRCLE('',#2218,3.99999999999999);
#836=CIRCLE('',#2222,2.5);
#837=CIRCLE('',#2223,3.99999999999999);
#838=CIRCLE('',#2227,2.5);
#839=CIRCLE('',#2228,3.99999999999999);
#840=CIRCLE('',#2232,2.5);
#841=CIRCLE('',#2233,3.99999999999999);
#842=CIRCLE('',#2237,2.5);
#843=CIRCLE('',#2238,3.99999999999999);
#844=CIRCLE('',#2242,2.5);
#845=CIRCLE('',#2243,3.99999999999999);
#846=CIRCLE('',#2247,2.50000000000004);
#847=CIRCLE('',#2248,4.00000000000002);
#848=CIRCLE('',#2252,2.5);
#849=CIRCLE('',#2253,4.);
#850=CIRCLE('',#2257,2.5);
#851=CIRCLE('',#2258,4.);
#852=CIRCLE('',#2262,2.5);
#853=CIRCLE('',#2263,4.);
#854=CIRCLE('',#2267,2.5);
#855=CIRCLE('',#2268,4.);
#856=CIRCLE('',#2272,2.5);
#857=CIRCLE('',#2273,4.);
#858=CIRCLE('',#2277,2.5);
#859=CIRCLE('',#2278,4.);
#860=CIRCLE('',#2282,2.5);
#861=CIRCLE('',#2283,4.);
#862=CIRCLE('',#2287,2.5);
#863=CIRCLE('',#2288,4.);
#864=CIRCLE('',#2292,2.5);
#865=CIRCLE('',#2293,4.);
#866=CIRCLE('',#2297,2.5);
#867=CIRCLE('',#2298,4.);
#868=CIRCLE('',#2302,2.5);
#869=CIRCLE('',#2303,4.);
#870=CIRCLE('',#2307,2.5);
#871=CIRCLE('',#2308,4.);
#872=VERTEX_POINT('',#2978);
#873=VERTEX_POINT('',#2979);
#874=VERTEX_POINT('',#2981);
#875=VERTEX_POINT('',#2983);
#876=VERTEX_POINT('',#2987);
#877=VERTEX_POINT('',#2989);
#878=VERTEX_POINT('',#2993);
#879=VERTEX_POINT('',#2995);
#880=VERTEX_POINT('',#2997);
#881=VERTEX_POINT('',#2999);
#882=VERTEX_POINT('',#3001);
#883=VERTEX_POINT('',#3004);
#884=VERTEX_POINT('',#3005);
#885=VERTEX_POINT('',#3007);
#886=VERTEX_POINT('',#3009);
#887=VERTEX_POINT('',#3013);
#888=VERTEX_POINT('',#3017);
#889=VERTEX_POINT('',#3021);
#890=VERTEX_POINT('',#3025);
#891=VERTEX_POINT('',#3028);
#892=VERTEX_POINT('',#3029);
#893=VERTEX_POINT('',#3031);
#894=VERTEX_POINT('',#3033);
#895=VERTEX_POINT('',#3035);
#896=VERTEX_POINT('',#3037);
#897=VERTEX_POINT('',#3039);
#898=VERTEX_POINT('',#3041);
#899=VERTEX_POINT('',#3045);
#900=VERTEX_POINT('',#3051);
#901=VERTEX_POINT('',#3052);
#902=VERTEX_POINT('',#3054);
#903=VERTEX_POINT('',#3058);
#904=VERTEX_POINT('',#3059);
#905=VERTEX_POINT('',#3061);
#906=VERTEX_POINT('',#3065);
#907=VERTEX_POINT('',#3067);
#908=VERTEX_POINT('',#3071);
#909=VERTEX_POINT('',#3072);
#910=VERTEX_POINT('',#3074);
#911=VERTEX_POINT('',#3076);
#912=VERTEX_POINT('',#3080);
#913=VERTEX_POINT('',#3082);
#914=VERTEX_POINT('',#3086);
#915=VERTEX_POINT('',#3087);
#916=VERTEX_POINT('',#3089);
#917=VERTEX_POINT('',#3091);
#918=VERTEX_POINT('',#3095);
#919=VERTEX_POINT('',#3097);
#920=VERTEX_POINT('',#3101);
#921=VERTEX_POINT('',#3103);
#922=VERTEX_POINT('',#3112);
#923=VERTEX_POINT('',#3114);
#924=VERTEX_POINT('',#3116);
#925=VERTEX_POINT('',#3118);
#926=VERTEX_POINT('',#3121);
#927=VERTEX_POINT('',#3124);
#928=VERTEX_POINT('',#3126);
#929=VERTEX_POINT('',#3128);
#930=VERTEX_POINT('',#3130);
#931=VERTEX_POINT('',#3132);
#932=VERTEX_POINT('',#3134);
#933=VERTEX_POINT('',#3136);
#934=VERTEX_POINT('',#3138);
#935=VERTEX_POINT('',#3140);
#936=VERTEX_POINT('',#3142);
#937=VERTEX_POINT('',#3144);
#938=VERTEX_POINT('',#3146);
#939=VERTEX_POINT('',#3148);
#940=VERTEX_POINT('',#3150);
#941=VERTEX_POINT('',#3152);
#942=VERTEX_POINT('',#3154);
#943=VERTEX_POINT('',#3156);
#944=VERTEX_POINT('',#3158);
#945=VERTEX_POINT('',#3160);
#946=VERTEX_POINT('',#3163);
#947=VERTEX_POINT('',#3168);
#948=VERTEX_POINT('',#3173);
#949=VERTEX_POINT('',#3175);
#950=VERTEX_POINT('',#3179);
#951=VERTEX_POINT('',#3183);
#952=VERTEX_POINT('',#3194);
#953=VERTEX_POINT('',#3196);
#954=VERTEX_POINT('',#3199);
#955=VERTEX_POINT('',#3203);
#956=VERTEX_POINT('',#3205);
#957=VERTEX_POINT('',#3208);
#958=VERTEX_POINT('',#3212);
#959=VERTEX_POINT('',#3214);
#960=VERTEX_POINT('',#3217);
#961=VERTEX_POINT('',#3221);
#962=VERTEX_POINT('',#3223);
#963=VERTEX_POINT('',#3226);
#964=VERTEX_POINT('',#3230);
#965=VERTEX_POINT('',#3232);
#966=VERTEX_POINT('',#3235);
#967=VERTEX_POINT('',#3239);
#968=VERTEX_POINT('',#3241);
#969=VERTEX_POINT('',#3244);
#970=VERTEX_POINT('',#3248);
#971=VERTEX_POINT('',#3250);
#972=VERTEX_POINT('',#3253);
#973=VERTEX_POINT('',#3257);
#974=VERTEX_POINT('',#3259);
#975=VERTEX_POINT('',#3262);
#976=VERTEX_POINT('',#3266);
#977=VERTEX_POINT('',#3268);
#978=VERTEX_POINT('',#3271);
#979=VERTEX_POINT('',#3275);
#980=VERTEX_POINT('',#3277);
#981=VERTEX_POINT('',#3280);
#982=VERTEX_POINT('',#3284);
#983=VERTEX_POINT('',#3286);
#984=VERTEX_POINT('',#3289);
#985=VERTEX_POINT('',#3293);
#986=VERTEX_POINT('',#3295);
#987=VERTEX_POINT('',#3298);
#988=VERTEX_POINT('',#3302);
#989=VERTEX_POINT('',#3304);
#990=VERTEX_POINT('',#3307);
#991=VERTEX_POINT('',#3311);
#992=VERTEX_POINT('',#3313);
#993=VERTEX_POINT('',#3316);
#994=VERTEX_POINT('',#3320);
#995=VERTEX_POINT('',#3322);
#996=VERTEX_POINT('',#3325);
#997=VERTEX_POINT('',#3329);
#998=VERTEX_POINT('',#3331);
#999=VERTEX_POINT('',#3334);
#1000=VERTEX_POINT('',#3338);
#1001=VERTEX_POINT('',#3340);
#1002=VERTEX_POINT('',#3343);
#1003=VERTEX_POINT('',#3347);
#1004=VERTEX_POINT('',#3349);
#1005=VERTEX_POINT('',#3352);
#1006=VERTEX_POINT('',#3356);
#1007=VERTEX_POINT('',#3358);
#1008=VERTEX_POINT('',#3361);
#1009=VERTEX_POINT('',#3365);
#1010=VERTEX_POINT('',#3367);
#1011=VERTEX_POINT('',#3370);
#1012=VERTEX_POINT('',#3374);
#1013=VERTEX_POINT('',#3376);
#1014=VERTEX_POINT('',#3383);
#1015=VERTEX_POINT('',#3385);
#1016=VERTEX_POINT('',#3392);
#1017=VERTEX_POINT('',#3394);
#1018=VERTEX_POINT('',#3401);
#1019=VERTEX_POINT('',#3403);
#1020=VERTEX_POINT('',#3410);
#1021=VERTEX_POINT('',#3412);
#1022=VERTEX_POINT('',#3419);
#1023=VERTEX_POINT('',#3421);
#1024=VERTEX_POINT('',#3428);
#1025=VERTEX_POINT('',#3430);
#1026=VERTEX_POINT('',#3437);
#1027=VERTEX_POINT('',#3439);
#1028=VERTEX_POINT('',#3446);
#1029=VERTEX_POINT('',#3448);
#1030=VERTEX_POINT('',#3455);
#1031=VERTEX_POINT('',#3457);
#1032=VERTEX_POINT('',#3464);
#1033=VERTEX_POINT('',#3466);
#1034=VERTEX_POINT('',#3473);
#1035=VERTEX_POINT('',#3475);
#1036=VERTEX_POINT('',#3482);
#1037=VERTEX_POINT('',#3484);
#1038=VERTEX_POINT('',#3491);
#1039=VERTEX_POINT('',#3493);
#1040=VERTEX_POINT('',#3500);
#1041=VERTEX_POINT('',#3502);
#1042=VERTEX_POINT('',#3509);
#1043=VERTEX_POINT('',#3511);
#1044=VERTEX_POINT('',#3518);
#1045=VERTEX_POINT('',#3520);
#1046=VERTEX_POINT('',#3527);
#1047=VERTEX_POINT('',#3529);
#1048=VERTEX_POINT('',#3536);
#1049=VERTEX_POINT('',#3538);
#1050=VERTEX_POINT('',#3545);
#1051=VERTEX_POINT('',#3547);
#1052=EDGE_CURVE('',#872,#873,#752,.T.);
#1053=EDGE_CURVE('',#873,#874,#448,.T.);
#1054=EDGE_CURVE('',#874,#875,#753,.T.);
#1055=EDGE_CURVE('',#875,#872,#449,.T.);
#1056=EDGE_CURVE('',#876,#873,#450,.T.);
#1057=EDGE_CURVE('',#877,#876,#451,.T.);
#1058=EDGE_CURVE('',#874,#877,#452,.T.);
#1059=EDGE_CURVE('',#872,#878,#453,.T.);
#1060=EDGE_CURVE('',#879,#878,#754,.T.);
#1061=EDGE_CURVE('',#879,#880,#454,.T.);
#1062=EDGE_CURVE('',#881,#880,#755,.T.);
#1063=EDGE_CURVE('',#881,#882,#455,.T.);
#1064=EDGE_CURVE('',#876,#882,#756,.T.);
#1065=EDGE_CURVE('',#883,#884,#456,.T.);
#1066=EDGE_CURVE('',#884,#885,#457,.T.);
#1067=EDGE_CURVE('',#885,#886,#458,.T.);
#1068=EDGE_CURVE('',#886,#883,#459,.T.);
#1069=EDGE_CURVE('',#882,#887,#460,.T.);
#1070=EDGE_CURVE('',#887,#877,#757,.T.);
#1071=EDGE_CURVE('',#888,#881,#461,.T.);
#1072=EDGE_CURVE('',#887,#888,#462,.T.);
#1073=EDGE_CURVE('',#880,#889,#463,.T.);
#1074=EDGE_CURVE('',#889,#888,#758,.T.);
#1075=EDGE_CURVE('',#890,#879,#464,.T.);
#1076=EDGE_CURVE('',#889,#890,#465,.T.);
#1077=EDGE_CURVE('',#891,#892,#759,.T.);
#1078=EDGE_CURVE('',#892,#893,#466,.T.);
#1079=EDGE_CURVE('',#893,#894,#760,.T.);
#1080=EDGE_CURVE('',#894,#895,#467,.T.);
#1081=EDGE_CURVE('',#895,#896,#761,.T.);
#1082=EDGE_CURVE('',#896,#897,#468,.T.);
#1083=EDGE_CURVE('',#897,#898,#762,.T.);
#1084=EDGE_CURVE('',#898,#891,#469,.T.);
#1085=EDGE_CURVE('',#878,#899,#470,.T.);
#1086=EDGE_CURVE('',#899,#890,#763,.T.);
#1087=EDGE_CURVE('',#899,#875,#471,.T.);
#1088=EDGE_CURVE('',#900,#901,#764,.T.);
#1089=EDGE_CURVE('',#900,#902,#472,.T.);
#1090=EDGE_CURVE('',#902,#901,#473,.T.);
#1091=EDGE_CURVE('',#903,#904,#765,.T.);
#1092=EDGE_CURVE('',#903,#905,#474,.T.);
#1093=EDGE_CURVE('',#904,#905,#475,.T.);
#1094=EDGE_CURVE('',#906,#900,#476,.T.);
#1095=EDGE_CURVE('',#906,#907,#477,.T.);
#1096=EDGE_CURVE('',#907,#902,#478,.T.);
#1097=EDGE_CURVE('',#908,#909,#479,.T.);
#1098=EDGE_CURVE('',#908,#910,#480,.T.);
#1099=EDGE_CURVE('',#910,#911,#481,.T.);
#1100=EDGE_CURVE('',#909,#911,#482,.T.);
#1101=EDGE_CURVE('',#912,#908,#483,.T.);
#1102=EDGE_CURVE('',#912,#913,#484,.T.);
#1103=EDGE_CURVE('',#913,#910,#485,.T.);
#1104=EDGE_CURVE('',#914,#915,#486,.T.);
#1105=EDGE_CURVE('',#914,#916,#487,.T.);
#1106=EDGE_CURVE('',#916,#917,#488,.T.);
#1107=EDGE_CURVE('',#915,#917,#489,.T.);
#1108=EDGE_CURVE('',#918,#904,#490,.T.);
#1109=EDGE_CURVE('',#905,#919,#491,.T.);
#1110=EDGE_CURVE('',#918,#919,#492,.T.);
#1111=EDGE_CURVE('',#909,#920,#493,.T.);
#1112=EDGE_CURVE('',#911,#921,#494,.T.);
#1113=EDGE_CURVE('',#920,#921,#495,.T.);
#1114=EDGE_CURVE('',#917,#913,#766,.T.);
#1115=EDGE_CURVE('',#919,#916,#496,.T.);
#1116=EDGE_CURVE('',#901,#903,#497,.T.);
#1117=EDGE_CURVE('',#921,#907,#498,.T.);
#1118=EDGE_CURVE('',#920,#922,#499,.T.);
#1119=EDGE_CURVE('',#922,#923,#500,.T.);
#1120=EDGE_CURVE('',#923,#924,#501,.T.);
#1121=EDGE_CURVE('',#924,#925,#502,.T.);
#1122=EDGE_CURVE('',#925,#914,#503,.T.);
#1123=EDGE_CURVE('',#915,#926,#767,.T.);
#1124=EDGE_CURVE('',#926,#912,#768,.T.);
#1125=EDGE_CURVE('',#927,#927,#769,.T.);
#1126=EDGE_CURVE('',#928,#928,#770,.T.);
#1127=EDGE_CURVE('',#929,#929,#771,.T.);
#1128=EDGE_CURVE('',#930,#930,#772,.T.);
#1129=EDGE_CURVE('',#931,#931,#773,.T.);
#1130=EDGE_CURVE('',#932,#932,#774,.T.);
#1131=EDGE_CURVE('',#933,#933,#775,.T.);
#1132=EDGE_CURVE('',#934,#934,#776,.T.);
#1133=EDGE_CURVE('',#935,#935,#777,.T.);
#1134=EDGE_CURVE('',#936,#936,#778,.T.);
#1135=EDGE_CURVE('',#937,#937,#779,.T.);
#1136=EDGE_CURVE('',#938,#938,#780,.T.);
#1137=EDGE_CURVE('',#939,#939,#781,.T.);
#1138=EDGE_CURVE('',#940,#940,#782,.T.);
#1139=EDGE_CURVE('',#941,#941,#783,.T.);
#1140=EDGE_CURVE('',#942,#942,#784,.T.);
#1141=EDGE_CURVE('',#943,#943,#785,.T.);
#1142=EDGE_CURVE('',#944,#944,#786,.T.);
#1143=EDGE_CURVE('',#945,#945,#787,.T.);
#1144=EDGE_CURVE('',#946,#918,#504,.T.);
#1145=EDGE_CURVE('',#897,#946,#505,.T.);
#1146=EDGE_CURVE('',#896,#918,#506,.T.);
#1147=EDGE_CURVE('',#906,#947,#507,.T.);
#1148=EDGE_CURVE('',#893,#906,#508,.T.);
#1149=EDGE_CURVE('',#892,#947,#509,.T.);
#1150=EDGE_CURVE('',#948,#903,#788,.T.);
#1151=EDGE_CURVE('',#949,#948,#510,.T.);
#1152=EDGE_CURVE('',#901,#949,#789,.T.);
#1153=EDGE_CURVE('',#947,#950,#790,.T.);
#1154=EDGE_CURVE('',#891,#950,#511,.T.);
#1155=EDGE_CURVE('',#950,#951,#512,.T.);
#1156=EDGE_CURVE('',#898,#951,#513,.T.);
#1157=EDGE_CURVE('',#951,#946,#791,.T.);
#1158=EDGE_CURVE('',#895,#948,#514,.T.);
#1159=EDGE_CURVE('',#894,#949,#515,.T.);
#1160=EDGE_CURVE('',#952,#952,#792,.T.);
#1161=EDGE_CURVE('',#952,#953,#516,.T.);
#1162=EDGE_CURVE('',#954,#954,#793,.T.);
#1163=EDGE_CURVE('',#954,#952,#517,.T.);
#1164=EDGE_CURVE('',#955,#955,#794,.T.);
#1165=EDGE_CURVE('',#955,#956,#518,.T.);
#1166=EDGE_CURVE('',#957,#957,#795,.T.);
#1167=EDGE_CURVE('',#957,#955,#519,.T.);
#1168=EDGE_CURVE('',#958,#958,#796,.T.);
#1169=EDGE_CURVE('',#958,#959,#520,.T.);
#1170=EDGE_CURVE('',#960,#960,#797,.T.);
#1171=EDGE_CURVE('',#960,#958,#521,.T.);
#1172=EDGE_CURVE('',#961,#961,#798,.T.);
#1173=EDGE_CURVE('',#961,#962,#522,.T.);
#1174=EDGE_CURVE('',#963,#963,#799,.T.);
#1175=EDGE_CURVE('',#963,#961,#523,.T.);
#1176=EDGE_CURVE('',#964,#964,#800,.T.);
#1177=EDGE_CURVE('',#964,#965,#524,.T.);
#1178=EDGE_CURVE('',#966,#966,#801,.T.);
#1179=EDGE_CURVE('',#966,#964,#525,.T.);
#1180=EDGE_CURVE('',#967,#967,#802,.T.);
#1181=EDGE_CURVE('',#967,#968,#526,.T.);
#1182=EDGE_CURVE('',#969,#969,#803,.T.);
#1183=EDGE_CURVE('',#969,#967,#527,.T.);
#1184=EDGE_CURVE('',#970,#970,#804,.T.);
#1185=EDGE_CURVE('',#970,#971,#528,.T.);
#1186=EDGE_CURVE('',#972,#972,#805,.T.);
#1187=EDGE_CURVE('',#972,#970,#529,.T.);
#1188=EDGE_CURVE('',#973,#973,#806,.T.);
#1189=EDGE_CURVE('',#973,#974,#530,.T.);
#1190=EDGE_CURVE('',#975,#975,#807,.T.);
#1191=EDGE_CURVE('',#975,#973,#531,.T.);
#1192=EDGE_CURVE('',#976,#976,#808,.T.);
#1193=EDGE_CURVE('',#976,#977,#532,.T.);
#1194=EDGE_CURVE('',#978,#978,#809,.T.);
#1195=EDGE_CURVE('',#978,#976,#533,.T.);
#1196=EDGE_CURVE('',#979,#979,#810,.T.);
#1197=EDGE_CURVE('',#979,#980,#534,.T.);
#1198=EDGE_CURVE('',#981,#981,#811,.T.);
#1199=EDGE_CURVE('',#981,#979,#535,.T.);
#1200=EDGE_CURVE('',#982,#982,#812,.T.);
#1201=EDGE_CURVE('',#982,#983,#536,.T.);
#1202=EDGE_CURVE('',#984,#984,#813,.T.);
#1203=EDGE_CURVE('',#984,#982,#537,.T.);
#1204=EDGE_CURVE('',#985,#985,#814,.T.);
#1205=EDGE_CURVE('',#985,#986,#538,.T.);
#1206=EDGE_CURVE('',#987,#987,#815,.T.);
#1207=EDGE_CURVE('',#987,#985,#539,.T.);
#1208=EDGE_CURVE('',#988,#988,#816,.T.);
#1209=EDGE_CURVE('',#988,#989,#540,.T.);
#1210=EDGE_CURVE('',#990,#990,#817,.T.);
#1211=EDGE_CURVE('',#990,#988,#541,.T.);
#1212=EDGE_CURVE('',#991,#991,#818,.T.);
#1213=EDGE_CURVE('',#991,#992,#542,.T.);
#1214=EDGE_CURVE('',#993,#993,#819,.T.);
#1215=EDGE_CURVE('',#993,#991,#543,.T.);
#1216=EDGE_CURVE('',#994,#994,#820,.T.);
#1217=EDGE_CURVE('',#994,#995,#544,.T.);
#1218=EDGE_CURVE('',#996,#996,#821,.T.);
#1219=EDGE_CURVE('',#996,#994,#545,.T.);
#1220=EDGE_CURVE('',#997,#997,#822,.T.);
#1221=EDGE_CURVE('',#997,#998,#546,.T.);
#1222=EDGE_CURVE('',#999,#999,#823,.T.);
#1223=EDGE_CURVE('',#999,#997,#547,.T.);
#1224=EDGE_CURVE('',#1000,#1000,#824,.T.);
#1225=EDGE_CURVE('',#1000,#1001,#548,.T.);
#1226=EDGE_CURVE('',#1002,#1002,#825,.T.);
#1227=EDGE_CURVE('',#1002,#1000,#549,.T.);
#1228=EDGE_CURVE('',#1003,#1003,#826,.T.);
#1229=EDGE_CURVE('',#1003,#1004,#550,.T.);
#1230=EDGE_CURVE('',#1005,#1005,#827,.T.);
#1231=EDGE_CURVE('',#1005,#1003,#551,.T.);
#1232=EDGE_CURVE('',#1006,#1006,#828,.T.);
#1233=EDGE_CURVE('',#1006,#1007,#552,.T.);
#1234=EDGE_CURVE('',#1008,#1008,#829,.T.);
#1235=EDGE_CURVE('',#1008,#1006,#553,.T.);
#1236=EDGE_CURVE('',#1009,#1009,#830,.T.);
#1237=EDGE_CURVE('',#1009,#1010,#554,.T.);
#1238=EDGE_CURVE('',#1011,#1011,#831,.T.);
#1239=EDGE_CURVE('',#1011,#1009,#555,.T.);
#1240=EDGE_CURVE('',#1012,#1012,#832,.T.);
#1241=EDGE_CURVE('',#1012,#1013,#556,.T.);
#1242=EDGE_CURVE('',#1013,#1013,#833,.T.);
#1243=EDGE_CURVE('',#1013,#932,#557,.T.);
#1244=EDGE_CURVE('',#1014,#1014,#834,.T.);
#1245=EDGE_CURVE('',#1014,#1015,#558,.T.);
#1246=EDGE_CURVE('',#1015,#1015,#835,.T.);
#1247=EDGE_CURVE('',#1015,#937,#559,.T.);
#1248=EDGE_CURVE('',#1016,#1016,#836,.T.);
#1249=EDGE_CURVE('',#1016,#1017,#560,.T.);
#1250=EDGE_CURVE('',#1017,#1017,#837,.T.);
#1251=EDGE_CURVE('',#1017,#940,#561,.T.);
#1252=EDGE_CURVE('',#1018,#1018,#838,.T.);
#1253=EDGE_CURVE('',#1018,#1019,#562,.T.);
#1254=EDGE_CURVE('',#1019,#1019,#839,.T.);
#1255=EDGE_CURVE('',#1019,#941,#563,.T.);
#1256=EDGE_CURVE('',#1020,#1020,#840,.T.);
#1257=EDGE_CURVE('',#1020,#1021,#564,.T.);
#1258=EDGE_CURVE('',#1021,#1021,#841,.T.);
#1259=EDGE_CURVE('',#1021,#931,#565,.T.);
#1260=EDGE_CURVE('',#1022,#1022,#842,.T.);
#1261=EDGE_CURVE('',#1022,#1023,#566,.T.);
#1262=EDGE_CURVE('',#1023,#1023,#843,.T.);
#1263=EDGE_CURVE('',#1023,#945,#567,.T.);
#1264=EDGE_CURVE('',#1024,#1024,#844,.T.);
#1265=EDGE_CURVE('',#1024,#1025,#568,.T.);
#1266=EDGE_CURVE('',#1025,#1025,#845,.T.);
#1267=EDGE_CURVE('',#1025,#936,#569,.T.);
#1268=EDGE_CURVE('',#1026,#1026,#846,.T.);
#1269=EDGE_CURVE('',#1026,#1027,#570,.T.);
#1270=EDGE_CURVE('',#1027,#1027,#847,.T.);
#1271=EDGE_CURVE('',#1027,#933,#571,.T.);
#1272=EDGE_CURVE('',#1028,#1028,#848,.T.);
#1273=EDGE_CURVE('',#1028,#1029,#572,.T.);
#1274=EDGE_CURVE('',#1029,#1029,#849,.T.);
#1275=EDGE_CURVE('',#1029,#928,#573,.T.);
#1276=EDGE_CURVE('',#1030,#1030,#850,.T.);
#1277=EDGE_CURVE('',#1030,#1031,#574,.T.);
#1278=EDGE_CURVE('',#1031,#1031,#851,.T.);
#1279=EDGE_CURVE('',#1031,#939,#575,.T.);
#1280=EDGE_CURVE('',#1032,#1032,#852,.T.);
#1281=EDGE_CURVE('',#1032,#1033,#576,.T.);
#1282=EDGE_CURVE('',#1033,#1033,#853,.T.);
#1283=EDGE_CURVE('',#1033,#942,#577,.T.);
#1284=EDGE_CURVE('',#1034,#1034,#854,.T.);
#1285=EDGE_CURVE('',#1034,#1035,#578,.T.);
#1286=EDGE_CURVE('',#1035,#1035,#855,.T.);
#1287=EDGE_CURVE('',#1035,#938,#579,.T.);
#1288=EDGE_CURVE('',#1036,#1036,#856,.T.);
#1289=EDGE_CURVE('',#1036,#1037,#580,.T.);
#1290=EDGE_CURVE('',#1037,#1037,#857,.T.);
#1291=EDGE_CURVE('',#1037,#944,#581,.T.);
#1292=EDGE_CURVE('',#1038,#1038,#858,.T.);
#1293=EDGE_CURVE('',#1038,#1039,#582,.T.);
#1294=EDGE_CURVE('',#1039,#1039,#859,.T.);
#1295=EDGE_CURVE('',#1039,#930,#583,.T.);
#1296=EDGE_CURVE('',#1040,#1040,#860,.T.);
#1297=EDGE_CURVE('',#1040,#1041,#584,.T.);
#1298=EDGE_CURVE('',#1041,#1041,#861,.T.);
#1299=EDGE_CURVE('',#1041,#943,#585,.T.);
#1300=EDGE_CURVE('',#1042,#1042,#862,.T.);
#1301=EDGE_CURVE('',#1042,#1043,#586,.T.);
#1302=EDGE_CURVE('',#1043,#1043,#863,.T.);
#1303=EDGE_CURVE('',#1043,#926,#587,.T.);
#1304=EDGE_CURVE('',#1044,#1044,#864,.T.);
#1305=EDGE_CURVE('',#1044,#1045,#588,.T.);
#1306=EDGE_CURVE('',#1045,#1045,#865,.T.);
#1307=EDGE_CURVE('',#1045,#934,#589,.T.);
#1308=EDGE_CURVE('',#1046,#1046,#866,.T.);
#1309=EDGE_CURVE('',#1046,#1047,#590,.T.);
#1310=EDGE_CURVE('',#1047,#1047,#867,.T.);
#1311=EDGE_CURVE('',#1047,#927,#591,.T.);
#1312=EDGE_CURVE('',#1048,#1048,#868,.T.);
#1313=EDGE_CURVE('',#1048,#1049,#592,.T.);
#1314=EDGE_CURVE('',#1049,#1049,#869,.T.);
#1315=EDGE_CURVE('',#1049,#929,#593,.T.);
#1316=EDGE_CURVE('',#1050,#1050,#870,.T.);
#1317=EDGE_CURVE('',#1050,#1051,#594,.T.);
#1318=EDGE_CURVE('',#1051,#1051,#871,.T.);
#1319=EDGE_CURVE('',#1051,#935,#595,.T.);
#1320=EDGE_CURVE('',#925,#883,#596,.T.);
#1321=EDGE_CURVE('',#922,#886,#597,.T.);
#1322=EDGE_CURVE('',#923,#885,#598,.T.);
#1323=EDGE_CURVE('',#924,#884,#599,.T.);
#1324=ORIENTED_EDGE('',*,*,#1052,.T.);
#1325=ORIENTED_EDGE('',*,*,#1053,.T.);
#1326=ORIENTED_EDGE('',*,*,#1054,.T.);
#1327=ORIENTED_EDGE('',*,*,#1055,.T.);
#1328=ORIENTED_EDGE('',*,*,#1053,.F.);
#1329=ORIENTED_EDGE('',*,*,#1056,.F.);
#1330=ORIENTED_EDGE('',*,*,#1057,.F.);
#1331=ORIENTED_EDGE('',*,*,#1058,.F.);
#1332=ORIENTED_EDGE('',*,*,#1052,.F.);
#1333=ORIENTED_EDGE('',*,*,#1059,.T.);
#1334=ORIENTED_EDGE('',*,*,#1060,.F.);
#1335=ORIENTED_EDGE('',*,*,#1061,.T.);
#1336=ORIENTED_EDGE('',*,*,#1062,.F.);
#1337=ORIENTED_EDGE('',*,*,#1063,.T.);
#1338=ORIENTED_EDGE('',*,*,#1064,.F.);
#1339=ORIENTED_EDGE('',*,*,#1056,.T.);
#1340=ORIENTED_EDGE('',*,*,#1065,.T.);
#1341=ORIENTED_EDGE('',*,*,#1066,.T.);
#1342=ORIENTED_EDGE('',*,*,#1067,.T.);
#1343=ORIENTED_EDGE('',*,*,#1068,.T.);
#1344=ORIENTED_EDGE('',*,*,#1064,.T.);
#1345=ORIENTED_EDGE('',*,*,#1069,.T.);
#1346=ORIENTED_EDGE('',*,*,#1070,.T.);
#1347=ORIENTED_EDGE('',*,*,#1057,.T.);
#1348=ORIENTED_EDGE('',*,*,#1069,.F.);
#1349=ORIENTED_EDGE('',*,*,#1063,.F.);
#1350=ORIENTED_EDGE('',*,*,#1071,.F.);
#1351=ORIENTED_EDGE('',*,*,#1072,.F.);
#1352=ORIENTED_EDGE('',*,*,#1062,.T.);
#1353=ORIENTED_EDGE('',*,*,#1073,.T.);
#1354=ORIENTED_EDGE('',*,*,#1074,.T.);
#1355=ORIENTED_EDGE('',*,*,#1071,.T.);
#1356=ORIENTED_EDGE('',*,*,#1073,.F.);
#1357=ORIENTED_EDGE('',*,*,#1061,.F.);
#1358=ORIENTED_EDGE('',*,*,#1075,.F.);
#1359=ORIENTED_EDGE('',*,*,#1076,.F.);
#1360=ORIENTED_EDGE('',*,*,#1077,.T.);
#1361=ORIENTED_EDGE('',*,*,#1078,.T.);
#1362=ORIENTED_EDGE('',*,*,#1079,.T.);
#1363=ORIENTED_EDGE('',*,*,#1080,.T.);
#1364=ORIENTED_EDGE('',*,*,#1081,.T.);
#1365=ORIENTED_EDGE('',*,*,#1082,.T.);
#1366=ORIENTED_EDGE('',*,*,#1083,.T.);
#1367=ORIENTED_EDGE('',*,*,#1084,.T.);
#1368=ORIENTED_EDGE('',*,*,#1060,.T.);
#1369=ORIENTED_EDGE('',*,*,#1085,.T.);
#1370=ORIENTED_EDGE('',*,*,#1086,.T.);
#1371=ORIENTED_EDGE('',*,*,#1075,.T.);
#1372=ORIENTED_EDGE('',*,*,#1055,.F.);
#1373=ORIENTED_EDGE('',*,*,#1087,.F.);
#1374=ORIENTED_EDGE('',*,*,#1085,.F.);
#1375=ORIENTED_EDGE('',*,*,#1059,.F.);
#1376=ORIENTED_EDGE('',*,*,#1088,.F.);
#1377=ORIENTED_EDGE('',*,*,#1089,.T.);
#1378=ORIENTED_EDGE('',*,*,#1090,.T.);
#1379=ORIENTED_EDGE('',*,*,#1091,.F.);
#1380=ORIENTED_EDGE('',*,*,#1092,.T.);
#1381=ORIENTED_EDGE('',*,*,#1093,.F.);
#1382=ORIENTED_EDGE('',*,*,#1094,.F.);
#1383=ORIENTED_EDGE('',*,*,#1095,.T.);
#1384=ORIENTED_EDGE('',*,*,#1096,.T.);
#1385=ORIENTED_EDGE('',*,*,#1089,.F.);
#1386=ORIENTED_EDGE('',*,*,#1097,.F.);
#1387=ORIENTED_EDGE('',*,*,#1098,.T.);
#1388=ORIENTED_EDGE('',*,*,#1099,.T.);
#1389=ORIENTED_EDGE('',*,*,#1100,.F.);
#1390=ORIENTED_EDGE('',*,*,#1101,.F.);
#1391=ORIENTED_EDGE('',*,*,#1102,.T.);
#1392=ORIENTED_EDGE('',*,*,#1103,.T.);
#1393=ORIENTED_EDGE('',*,*,#1098,.F.);
#1394=ORIENTED_EDGE('',*,*,#1104,.F.);
#1395=ORIENTED_EDGE('',*,*,#1105,.T.);
#1396=ORIENTED_EDGE('',*,*,#1106,.T.);
#1397=ORIENTED_EDGE('',*,*,#1107,.F.);
#1398=ORIENTED_EDGE('',*,*,#1108,.T.);
#1399=ORIENTED_EDGE('',*,*,#1093,.T.);
#1400=ORIENTED_EDGE('',*,*,#1109,.T.);
#1401=ORIENTED_EDGE('',*,*,#1110,.F.);
#1402=ORIENTED_EDGE('',*,*,#1111,.F.);
#1403=ORIENTED_EDGE('',*,*,#1100,.T.);
#1404=ORIENTED_EDGE('',*,*,#1112,.T.);
#1405=ORIENTED_EDGE('',*,*,#1113,.F.);
#1406=ORIENTED_EDGE('',*,*,#1112,.F.);
#1407=ORIENTED_EDGE('',*,*,#1099,.F.);
#1408=ORIENTED_EDGE('',*,*,#1103,.F.);
#1409=ORIENTED_EDGE('',*,*,#1114,.F.);
#1410=ORIENTED_EDGE('',*,*,#1106,.F.);
#1411=ORIENTED_EDGE('',*,*,#1115,.F.);
#1412=ORIENTED_EDGE('',*,*,#1109,.F.);
#1413=ORIENTED_EDGE('',*,*,#1092,.F.);
#1414=ORIENTED_EDGE('',*,*,#1116,.F.);
#1415=ORIENTED_EDGE('',*,*,#1090,.F.);
#1416=ORIENTED_EDGE('',*,*,#1096,.F.);
#1417=ORIENTED_EDGE('',*,*,#1117,.F.);
#1418=ORIENTED_EDGE('',*,*,#1101,.T.);
#1419=ORIENTED_EDGE('',*,*,#1097,.T.);
#1420=ORIENTED_EDGE('',*,*,#1111,.T.);
#1421=ORIENTED_EDGE('',*,*,#1118,.T.);
#1422=ORIENTED_EDGE('',*,*,#1119,.T.);
#1423=ORIENTED_EDGE('',*,*,#1120,.T.);
#1424=ORIENTED_EDGE('',*,*,#1121,.T.);
#1425=ORIENTED_EDGE('',*,*,#1122,.T.);
#1426=ORIENTED_EDGE('',*,*,#1104,.T.);
#1427=ORIENTED_EDGE('',*,*,#1123,.T.);
#1428=ORIENTED_EDGE('',*,*,#1124,.T.);
#1429=ORIENTED_EDGE('',*,*,#1125,.T.);
#1430=ORIENTED_EDGE('',*,*,#1126,.T.);
#1431=ORIENTED_EDGE('',*,*,#1127,.T.);
#1432=ORIENTED_EDGE('',*,*,#1128,.T.);
#1433=ORIENTED_EDGE('',*,*,#1129,.T.);
#1434=ORIENTED_EDGE('',*,*,#1130,.T.);
#1435=ORIENTED_EDGE('',*,*,#1131,.T.);
#1436=ORIENTED_EDGE('',*,*,#1132,.T.);
#1437=ORIENTED_EDGE('',*,*,#1133,.T.);
#1438=ORIENTED_EDGE('',*,*,#1134,.T.);
#1439=ORIENTED_EDGE('',*,*,#1135,.T.);
#1440=ORIENTED_EDGE('',*,*,#1136,.T.);
#1441=ORIENTED_EDGE('',*,*,#1137,.T.);
#1442=ORIENTED_EDGE('',*,*,#1138,.T.);
#1443=ORIENTED_EDGE('',*,*,#1139,.T.);
#1444=ORIENTED_EDGE('',*,*,#1140,.T.);
#1445=ORIENTED_EDGE('',*,*,#1141,.T.);
#1446=ORIENTED_EDGE('',*,*,#1142,.T.);
#1447=ORIENTED_EDGE('',*,*,#1143,.T.);
#1448=ORIENTED_EDGE('',*,*,#1144,.F.);
#1449=ORIENTED_EDGE('',*,*,#1145,.F.);
#1450=ORIENTED_EDGE('',*,*,#1082,.F.);
#1451=ORIENTED_EDGE('',*,*,#1146,.T.);
#1452=ORIENTED_EDGE('',*,*,#1147,.F.);
#1453=ORIENTED_EDGE('',*,*,#1148,.F.);
#1454=ORIENTED_EDGE('',*,*,#1078,.F.);
#1455=ORIENTED_EDGE('',*,*,#1149,.T.);
#1456=ORIENTED_EDGE('',*,*,#1116,.T.);
#1457=ORIENTED_EDGE('',*,*,#1150,.F.);
#1458=ORIENTED_EDGE('',*,*,#1151,.F.);
#1459=ORIENTED_EDGE('',*,*,#1152,.F.);
#1460=ORIENTED_EDGE('',*,*,#1153,.F.);
#1461=ORIENTED_EDGE('',*,*,#1149,.F.);
#1462=ORIENTED_EDGE('',*,*,#1077,.F.);
#1463=ORIENTED_EDGE('',*,*,#1154,.T.);
#1464=ORIENTED_EDGE('',*,*,#1155,.F.);
#1465=ORIENTED_EDGE('',*,*,#1154,.F.);
#1466=ORIENTED_EDGE('',*,*,#1084,.F.);
#1467=ORIENTED_EDGE('',*,*,#1156,.T.);
#1468=ORIENTED_EDGE('',*,*,#1157,.F.);
#1469=ORIENTED_EDGE('',*,*,#1156,.F.);
#1470=ORIENTED_EDGE('',*,*,#1083,.F.);
#1471=ORIENTED_EDGE('',*,*,#1145,.T.);
#1472=ORIENTED_EDGE('',*,*,#1081,.F.);
#1473=ORIENTED_EDGE('',*,*,#1158,.T.);
#1474=ORIENTED_EDGE('',*,*,#1150,.T.);
#1475=ORIENTED_EDGE('',*,*,#1091,.T.);
#1476=ORIENTED_EDGE('',*,*,#1108,.F.);
#1477=ORIENTED_EDGE('',*,*,#1146,.F.);
#1478=ORIENTED_EDGE('',*,*,#1080,.F.);
#1479=ORIENTED_EDGE('',*,*,#1159,.T.);
#1480=ORIENTED_EDGE('',*,*,#1151,.T.);
#1481=ORIENTED_EDGE('',*,*,#1158,.F.);
#1482=ORIENTED_EDGE('',*,*,#1079,.F.);
#1483=ORIENTED_EDGE('',*,*,#1148,.T.);
#1484=ORIENTED_EDGE('',*,*,#1094,.T.);
#1485=ORIENTED_EDGE('',*,*,#1088,.T.);
#1486=ORIENTED_EDGE('',*,*,#1152,.T.);
#1487=ORIENTED_EDGE('',*,*,#1159,.F.);
#1488=ORIENTED_EDGE('',*,*,#1160,.F.);
#1489=ORIENTED_EDGE('',*,*,#1161,.T.);
#1490=ORIENTED_EDGE('',*,*,#1161,.F.);
#1491=ORIENTED_EDGE('',*,*,#1162,.F.);
#1492=ORIENTED_EDGE('',*,*,#1163,.T.);
#1493=ORIENTED_EDGE('',*,*,#1160,.T.);
#1494=ORIENTED_EDGE('',*,*,#1163,.F.);
#1495=ORIENTED_EDGE('',*,*,#1164,.F.);
#1496=ORIENTED_EDGE('',*,*,#1165,.T.);
#1497=ORIENTED_EDGE('',*,*,#1165,.F.);
#1498=ORIENTED_EDGE('',*,*,#1166,.F.);
#1499=ORIENTED_EDGE('',*,*,#1167,.T.);
#1500=ORIENTED_EDGE('',*,*,#1164,.T.);
#1501=ORIENTED_EDGE('',*,*,#1167,.F.);
#1502=ORIENTED_EDGE('',*,*,#1168,.F.);
#1503=ORIENTED_EDGE('',*,*,#1169,.T.);
#1504=ORIENTED_EDGE('',*,*,#1169,.F.);
#1505=ORIENTED_EDGE('',*,*,#1170,.F.);
#1506=ORIENTED_EDGE('',*,*,#1171,.T.);
#1507=ORIENTED_EDGE('',*,*,#1168,.T.);
#1508=ORIENTED_EDGE('',*,*,#1171,.F.);
#1509=ORIENTED_EDGE('',*,*,#1172,.F.);
#1510=ORIENTED_EDGE('',*,*,#1173,.T.);
#1511=ORIENTED_EDGE('',*,*,#1173,.F.);
#1512=ORIENTED_EDGE('',*,*,#1174,.F.);
#1513=ORIENTED_EDGE('',*,*,#1175,.T.);
#1514=ORIENTED_EDGE('',*,*,#1172,.T.);
#1515=ORIENTED_EDGE('',*,*,#1175,.F.);
#1516=ORIENTED_EDGE('',*,*,#1176,.F.);
#1517=ORIENTED_EDGE('',*,*,#1177,.T.);
#1518=ORIENTED_EDGE('',*,*,#1177,.F.);
#1519=ORIENTED_EDGE('',*,*,#1178,.F.);
#1520=ORIENTED_EDGE('',*,*,#1179,.T.);
#1521=ORIENTED_EDGE('',*,*,#1176,.T.);
#1522=ORIENTED_EDGE('',*,*,#1179,.F.);
#1523=ORIENTED_EDGE('',*,*,#1180,.F.);
#1524=ORIENTED_EDGE('',*,*,#1181,.T.);
#1525=ORIENTED_EDGE('',*,*,#1181,.F.);
#1526=ORIENTED_EDGE('',*,*,#1182,.F.);
#1527=ORIENTED_EDGE('',*,*,#1183,.T.);
#1528=ORIENTED_EDGE('',*,*,#1180,.T.);
#1529=ORIENTED_EDGE('',*,*,#1183,.F.);
#1530=ORIENTED_EDGE('',*,*,#1184,.F.);
#1531=ORIENTED_EDGE('',*,*,#1185,.T.);
#1532=ORIENTED_EDGE('',*,*,#1185,.F.);
#1533=ORIENTED_EDGE('',*,*,#1186,.F.);
#1534=ORIENTED_EDGE('',*,*,#1187,.T.);
#1535=ORIENTED_EDGE('',*,*,#1184,.T.);
#1536=ORIENTED_EDGE('',*,*,#1187,.F.);
#1537=ORIENTED_EDGE('',*,*,#1188,.F.);
#1538=ORIENTED_EDGE('',*,*,#1189,.T.);
#1539=ORIENTED_EDGE('',*,*,#1189,.F.);
#1540=ORIENTED_EDGE('',*,*,#1190,.F.);
#1541=ORIENTED_EDGE('',*,*,#1191,.T.);
#1542=ORIENTED_EDGE('',*,*,#1188,.T.);
#1543=ORIENTED_EDGE('',*,*,#1191,.F.);
#1544=ORIENTED_EDGE('',*,*,#1192,.F.);
#1545=ORIENTED_EDGE('',*,*,#1193,.T.);
#1546=ORIENTED_EDGE('',*,*,#1193,.F.);
#1547=ORIENTED_EDGE('',*,*,#1194,.F.);
#1548=ORIENTED_EDGE('',*,*,#1195,.T.);
#1549=ORIENTED_EDGE('',*,*,#1192,.T.);
#1550=ORIENTED_EDGE('',*,*,#1195,.F.);
#1551=ORIENTED_EDGE('',*,*,#1196,.F.);
#1552=ORIENTED_EDGE('',*,*,#1197,.T.);
#1553=ORIENTED_EDGE('',*,*,#1197,.F.);
#1554=ORIENTED_EDGE('',*,*,#1198,.F.);
#1555=ORIENTED_EDGE('',*,*,#1199,.T.);
#1556=ORIENTED_EDGE('',*,*,#1196,.T.);
#1557=ORIENTED_EDGE('',*,*,#1199,.F.);
#1558=ORIENTED_EDGE('',*,*,#1200,.F.);
#1559=ORIENTED_EDGE('',*,*,#1201,.T.);
#1560=ORIENTED_EDGE('',*,*,#1201,.F.);
#1561=ORIENTED_EDGE('',*,*,#1202,.F.);
#1562=ORIENTED_EDGE('',*,*,#1203,.T.);
#1563=ORIENTED_EDGE('',*,*,#1200,.T.);
#1564=ORIENTED_EDGE('',*,*,#1203,.F.);
#1565=ORIENTED_EDGE('',*,*,#1204,.F.);
#1566=ORIENTED_EDGE('',*,*,#1205,.T.);
#1567=ORIENTED_EDGE('',*,*,#1205,.F.);
#1568=ORIENTED_EDGE('',*,*,#1206,.F.);
#1569=ORIENTED_EDGE('',*,*,#1207,.T.);
#1570=ORIENTED_EDGE('',*,*,#1204,.T.);
#1571=ORIENTED_EDGE('',*,*,#1207,.F.);
#1572=ORIENTED_EDGE('',*,*,#1208,.F.);
#1573=ORIENTED_EDGE('',*,*,#1209,.T.);
#1574=ORIENTED_EDGE('',*,*,#1209,.F.);
#1575=ORIENTED_EDGE('',*,*,#1210,.F.);
#1576=ORIENTED_EDGE('',*,*,#1211,.T.);
#1577=ORIENTED_EDGE('',*,*,#1208,.T.);
#1578=ORIENTED_EDGE('',*,*,#1211,.F.);
#1579=ORIENTED_EDGE('',*,*,#1212,.F.);
#1580=ORIENTED_EDGE('',*,*,#1213,.T.);
#1581=ORIENTED_EDGE('',*,*,#1213,.F.);
#1582=ORIENTED_EDGE('',*,*,#1214,.F.);
#1583=ORIENTED_EDGE('',*,*,#1215,.T.);
#1584=ORIENTED_EDGE('',*,*,#1212,.T.);
#1585=ORIENTED_EDGE('',*,*,#1215,.F.);
#1586=ORIENTED_EDGE('',*,*,#1216,.F.);
#1587=ORIENTED_EDGE('',*,*,#1217,.T.);
#1588=ORIENTED_EDGE('',*,*,#1217,.F.);
#1589=ORIENTED_EDGE('',*,*,#1218,.F.);
#1590=ORIENTED_EDGE('',*,*,#1219,.T.);
#1591=ORIENTED_EDGE('',*,*,#1216,.T.);
#1592=ORIENTED_EDGE('',*,*,#1219,.F.);
#1593=ORIENTED_EDGE('',*,*,#1220,.F.);
#1594=ORIENTED_EDGE('',*,*,#1221,.T.);
#1595=ORIENTED_EDGE('',*,*,#1221,.F.);
#1596=ORIENTED_EDGE('',*,*,#1222,.F.);
#1597=ORIENTED_EDGE('',*,*,#1223,.T.);
#1598=ORIENTED_EDGE('',*,*,#1220,.T.);
#1599=ORIENTED_EDGE('',*,*,#1223,.F.);
#1600=ORIENTED_EDGE('',*,*,#1224,.F.);
#1601=ORIENTED_EDGE('',*,*,#1225,.T.);
#1602=ORIENTED_EDGE('',*,*,#1225,.F.);
#1603=ORIENTED_EDGE('',*,*,#1226,.F.);
#1604=ORIENTED_EDGE('',*,*,#1227,.T.);
#1605=ORIENTED_EDGE('',*,*,#1224,.T.);
#1606=ORIENTED_EDGE('',*,*,#1227,.F.);
#1607=ORIENTED_EDGE('',*,*,#1228,.F.);
#1608=ORIENTED_EDGE('',*,*,#1229,.T.);
#1609=ORIENTED_EDGE('',*,*,#1229,.F.);
#1610=ORIENTED_EDGE('',*,*,#1230,.F.);
#1611=ORIENTED_EDGE('',*,*,#1231,.T.);
#1612=ORIENTED_EDGE('',*,*,#1228,.T.);
#1613=ORIENTED_EDGE('',*,*,#1231,.F.);
#1614=ORIENTED_EDGE('',*,*,#1232,.F.);
#1615=ORIENTED_EDGE('',*,*,#1233,.T.);
#1616=ORIENTED_EDGE('',*,*,#1233,.F.);
#1617=ORIENTED_EDGE('',*,*,#1234,.F.);
#1618=ORIENTED_EDGE('',*,*,#1235,.T.);
#1619=ORIENTED_EDGE('',*,*,#1232,.T.);
#1620=ORIENTED_EDGE('',*,*,#1235,.F.);
#1621=ORIENTED_EDGE('',*,*,#1236,.F.);
#1622=ORIENTED_EDGE('',*,*,#1237,.T.);
#1623=ORIENTED_EDGE('',*,*,#1237,.F.);
#1624=ORIENTED_EDGE('',*,*,#1238,.F.);
#1625=ORIENTED_EDGE('',*,*,#1239,.T.);
#1626=ORIENTED_EDGE('',*,*,#1236,.T.);
#1627=ORIENTED_EDGE('',*,*,#1239,.F.);
#1628=ORIENTED_EDGE('',*,*,#1240,.T.);
#1629=ORIENTED_EDGE('',*,*,#1241,.T.);
#1630=ORIENTED_EDGE('',*,*,#1242,.T.);
#1631=ORIENTED_EDGE('',*,*,#1241,.F.);
#1632=ORIENTED_EDGE('',*,*,#1242,.F.);
#1633=ORIENTED_EDGE('',*,*,#1243,.T.);
#1634=ORIENTED_EDGE('',*,*,#1130,.F.);
#1635=ORIENTED_EDGE('',*,*,#1243,.F.);
#1636=ORIENTED_EDGE('',*,*,#1240,.F.);
#1637=ORIENTED_EDGE('',*,*,#1174,.T.);
#1638=ORIENTED_EDGE('',*,*,#1244,.T.);
#1639=ORIENTED_EDGE('',*,*,#1245,.T.);
#1640=ORIENTED_EDGE('',*,*,#1246,.T.);
#1641=ORIENTED_EDGE('',*,*,#1245,.F.);
#1642=ORIENTED_EDGE('',*,*,#1246,.F.);
#1643=ORIENTED_EDGE('',*,*,#1247,.T.);
#1644=ORIENTED_EDGE('',*,*,#1135,.F.);
#1645=ORIENTED_EDGE('',*,*,#1247,.F.);
#1646=ORIENTED_EDGE('',*,*,#1244,.F.);
#1647=ORIENTED_EDGE('',*,*,#1190,.T.);
#1648=ORIENTED_EDGE('',*,*,#1248,.T.);
#1649=ORIENTED_EDGE('',*,*,#1249,.T.);
#1650=ORIENTED_EDGE('',*,*,#1250,.T.);
#1651=ORIENTED_EDGE('',*,*,#1249,.F.);
#1652=ORIENTED_EDGE('',*,*,#1250,.F.);
#1653=ORIENTED_EDGE('',*,*,#1251,.T.);
#1654=ORIENTED_EDGE('',*,*,#1138,.F.);
#1655=ORIENTED_EDGE('',*,*,#1251,.F.);
#1656=ORIENTED_EDGE('',*,*,#1248,.F.);
#1657=ORIENTED_EDGE('',*,*,#1170,.T.);
#1658=ORIENTED_EDGE('',*,*,#1252,.T.);
#1659=ORIENTED_EDGE('',*,*,#1253,.T.);
#1660=ORIENTED_EDGE('',*,*,#1254,.T.);
#1661=ORIENTED_EDGE('',*,*,#1253,.F.);
#1662=ORIENTED_EDGE('',*,*,#1254,.F.);
#1663=ORIENTED_EDGE('',*,*,#1255,.T.);
#1664=ORIENTED_EDGE('',*,*,#1139,.F.);
#1665=ORIENTED_EDGE('',*,*,#1255,.F.);
#1666=ORIENTED_EDGE('',*,*,#1252,.F.);
#1667=ORIENTED_EDGE('',*,*,#1178,.T.);
#1668=ORIENTED_EDGE('',*,*,#1256,.T.);
#1669=ORIENTED_EDGE('',*,*,#1257,.T.);
#1670=ORIENTED_EDGE('',*,*,#1258,.T.);
#1671=ORIENTED_EDGE('',*,*,#1257,.F.);
#1672=ORIENTED_EDGE('',*,*,#1258,.F.);
#1673=ORIENTED_EDGE('',*,*,#1259,.T.);
#1674=ORIENTED_EDGE('',*,*,#1129,.F.);
#1675=ORIENTED_EDGE('',*,*,#1259,.F.);
#1676=ORIENTED_EDGE('',*,*,#1256,.F.);
#1677=ORIENTED_EDGE('',*,*,#1166,.T.);
#1678=ORIENTED_EDGE('',*,*,#1260,.T.);
#1679=ORIENTED_EDGE('',*,*,#1261,.T.);
#1680=ORIENTED_EDGE('',*,*,#1262,.T.);
#1681=ORIENTED_EDGE('',*,*,#1261,.F.);
#1682=ORIENTED_EDGE('',*,*,#1262,.F.);
#1683=ORIENTED_EDGE('',*,*,#1263,.T.);
#1684=ORIENTED_EDGE('',*,*,#1143,.F.);
#1685=ORIENTED_EDGE('',*,*,#1263,.F.);
#1686=ORIENTED_EDGE('',*,*,#1260,.F.);
#1687=ORIENTED_EDGE('',*,*,#1194,.T.);
#1688=ORIENTED_EDGE('',*,*,#1264,.T.);
#1689=ORIENTED_EDGE('',*,*,#1265,.T.);
#1690=ORIENTED_EDGE('',*,*,#1266,.T.);
#1691=ORIENTED_EDGE('',*,*,#1265,.F.);
#1692=ORIENTED_EDGE('',*,*,#1266,.F.);
#1693=ORIENTED_EDGE('',*,*,#1267,.T.);
#1694=ORIENTED_EDGE('',*,*,#1134,.F.);
#1695=ORIENTED_EDGE('',*,*,#1267,.F.);
#1696=ORIENTED_EDGE('',*,*,#1264,.F.);
#1697=ORIENTED_EDGE('',*,*,#1198,.T.);
#1698=ORIENTED_EDGE('',*,*,#1268,.T.);
#1699=ORIENTED_EDGE('',*,*,#1269,.T.);
#1700=ORIENTED_EDGE('',*,*,#1270,.T.);
#1701=ORIENTED_EDGE('',*,*,#1269,.F.);
#1702=ORIENTED_EDGE('',*,*,#1270,.F.);
#1703=ORIENTED_EDGE('',*,*,#1271,.T.);
#1704=ORIENTED_EDGE('',*,*,#1131,.F.);
#1705=ORIENTED_EDGE('',*,*,#1271,.F.);
#1706=ORIENTED_EDGE('',*,*,#1268,.F.);
#1707=ORIENTED_EDGE('',*,*,#1162,.T.);
#1708=ORIENTED_EDGE('',*,*,#1272,.T.);
#1709=ORIENTED_EDGE('',*,*,#1273,.T.);
#1710=ORIENTED_EDGE('',*,*,#1274,.T.);
#1711=ORIENTED_EDGE('',*,*,#1273,.F.);
#1712=ORIENTED_EDGE('',*,*,#1274,.F.);
#1713=ORIENTED_EDGE('',*,*,#1275,.T.);
#1714=ORIENTED_EDGE('',*,*,#1126,.F.);
#1715=ORIENTED_EDGE('',*,*,#1275,.F.);
#1716=ORIENTED_EDGE('',*,*,#1272,.F.);
#1717=ORIENTED_EDGE('',*,*,#1202,.T.);
#1718=ORIENTED_EDGE('',*,*,#1276,.T.);
#1719=ORIENTED_EDGE('',*,*,#1277,.T.);
#1720=ORIENTED_EDGE('',*,*,#1278,.T.);
#1721=ORIENTED_EDGE('',*,*,#1277,.F.);
#1722=ORIENTED_EDGE('',*,*,#1278,.F.);
#1723=ORIENTED_EDGE('',*,*,#1279,.T.);
#1724=ORIENTED_EDGE('',*,*,#1137,.F.);
#1725=ORIENTED_EDGE('',*,*,#1279,.F.);
#1726=ORIENTED_EDGE('',*,*,#1276,.F.);
#1727=ORIENTED_EDGE('',*,*,#1182,.T.);
#1728=ORIENTED_EDGE('',*,*,#1280,.T.);
#1729=ORIENTED_EDGE('',*,*,#1281,.T.);
#1730=ORIENTED_EDGE('',*,*,#1282,.T.);
#1731=ORIENTED_EDGE('',*,*,#1281,.F.);
#1732=ORIENTED_EDGE('',*,*,#1282,.F.);
#1733=ORIENTED_EDGE('',*,*,#1283,.T.);
#1734=ORIENTED_EDGE('',*,*,#1140,.F.);
#1735=ORIENTED_EDGE('',*,*,#1283,.F.);
#1736=ORIENTED_EDGE('',*,*,#1280,.F.);
#1737=ORIENTED_EDGE('',*,*,#1186,.T.);
#1738=ORIENTED_EDGE('',*,*,#1284,.T.);
#1739=ORIENTED_EDGE('',*,*,#1285,.T.);
#1740=ORIENTED_EDGE('',*,*,#1286,.T.);
#1741=ORIENTED_EDGE('',*,*,#1285,.F.);
#1742=ORIENTED_EDGE('',*,*,#1286,.F.);
#1743=ORIENTED_EDGE('',*,*,#1287,.T.);
#1744=ORIENTED_EDGE('',*,*,#1136,.F.);
#1745=ORIENTED_EDGE('',*,*,#1287,.F.);
#1746=ORIENTED_EDGE('',*,*,#1284,.F.);
#1747=ORIENTED_EDGE('',*,*,#1206,.T.);
#1748=ORIENTED_EDGE('',*,*,#1288,.T.);
#1749=ORIENTED_EDGE('',*,*,#1289,.T.);
#1750=ORIENTED_EDGE('',*,*,#1290,.T.);
#1751=ORIENTED_EDGE('',*,*,#1289,.F.);
#1752=ORIENTED_EDGE('',*,*,#1290,.F.);
#1753=ORIENTED_EDGE('',*,*,#1291,.T.);
#1754=ORIENTED_EDGE('',*,*,#1142,.F.);
#1755=ORIENTED_EDGE('',*,*,#1291,.F.);
#1756=ORIENTED_EDGE('',*,*,#1288,.F.);
#1757=ORIENTED_EDGE('',*,*,#1214,.T.);
#1758=ORIENTED_EDGE('',*,*,#1292,.T.);
#1759=ORIENTED_EDGE('',*,*,#1293,.T.);
#1760=ORIENTED_EDGE('',*,*,#1294,.T.);
#1761=ORIENTED_EDGE('',*,*,#1293,.F.);
#1762=ORIENTED_EDGE('',*,*,#1294,.F.);
#1763=ORIENTED_EDGE('',*,*,#1295,.T.);
#1764=ORIENTED_EDGE('',*,*,#1128,.F.);
#1765=ORIENTED_EDGE('',*,*,#1295,.F.);
#1766=ORIENTED_EDGE('',*,*,#1292,.F.);
#1767=ORIENTED_EDGE('',*,*,#1210,.T.);
#1768=ORIENTED_EDGE('',*,*,#1296,.T.);
#1769=ORIENTED_EDGE('',*,*,#1297,.T.);
#1770=ORIENTED_EDGE('',*,*,#1298,.T.);
#1771=ORIENTED_EDGE('',*,*,#1297,.F.);
#1772=ORIENTED_EDGE('',*,*,#1298,.F.);
#1773=ORIENTED_EDGE('',*,*,#1299,.T.);
#1774=ORIENTED_EDGE('',*,*,#1141,.F.);
#1775=ORIENTED_EDGE('',*,*,#1299,.F.);
#1776=ORIENTED_EDGE('',*,*,#1296,.F.);
#1777=ORIENTED_EDGE('',*,*,#1222,.T.);
#1778=ORIENTED_EDGE('',*,*,#1300,.T.);
#1779=ORIENTED_EDGE('',*,*,#1301,.T.);
#1780=ORIENTED_EDGE('',*,*,#1302,.T.);
#1781=ORIENTED_EDGE('',*,*,#1301,.F.);
#1782=ORIENTED_EDGE('',*,*,#1302,.F.);
#1783=ORIENTED_EDGE('',*,*,#1303,.T.);
#1784=ORIENTED_EDGE('',*,*,#1123,.F.);
#1785=ORIENTED_EDGE('',*,*,#1107,.T.);
#1786=ORIENTED_EDGE('',*,*,#1114,.T.);
#1787=ORIENTED_EDGE('',*,*,#1102,.F.);
#1788=ORIENTED_EDGE('',*,*,#1124,.F.);
#1789=ORIENTED_EDGE('',*,*,#1303,.F.);
#1790=ORIENTED_EDGE('',*,*,#1300,.F.);
#1791=ORIENTED_EDGE('',*,*,#1218,.T.);
#1792=ORIENTED_EDGE('',*,*,#1304,.T.);
#1793=ORIENTED_EDGE('',*,*,#1305,.T.);
#1794=ORIENTED_EDGE('',*,*,#1306,.T.);
#1795=ORIENTED_EDGE('',*,*,#1305,.F.);
#1796=ORIENTED_EDGE('',*,*,#1306,.F.);
#1797=ORIENTED_EDGE('',*,*,#1307,.T.);
#1798=ORIENTED_EDGE('',*,*,#1132,.F.);
#1799=ORIENTED_EDGE('',*,*,#1307,.F.);
#1800=ORIENTED_EDGE('',*,*,#1304,.F.);
#1801=ORIENTED_EDGE('',*,*,#1226,.T.);
#1802=ORIENTED_EDGE('',*,*,#1308,.T.);
#1803=ORIENTED_EDGE('',*,*,#1309,.T.);
#1804=ORIENTED_EDGE('',*,*,#1310,.T.);
#1805=ORIENTED_EDGE('',*,*,#1309,.F.);
#1806=ORIENTED_EDGE('',*,*,#1310,.F.);
#1807=ORIENTED_EDGE('',*,*,#1311,.T.);
#1808=ORIENTED_EDGE('',*,*,#1125,.F.);
#1809=ORIENTED_EDGE('',*,*,#1311,.F.);
#1810=ORIENTED_EDGE('',*,*,#1308,.F.);
#1811=ORIENTED_EDGE('',*,*,#1230,.T.);
#1812=ORIENTED_EDGE('',*,*,#1312,.T.);
#1813=ORIENTED_EDGE('',*,*,#1313,.T.);
#1814=ORIENTED_EDGE('',*,*,#1314,.T.);
#1815=ORIENTED_EDGE('',*,*,#1313,.F.);
#1816=ORIENTED_EDGE('',*,*,#1314,.F.);
#1817=ORIENTED_EDGE('',*,*,#1315,.T.);
#1818=ORIENTED_EDGE('',*,*,#1127,.F.);
#1819=ORIENTED_EDGE('',*,*,#1315,.F.);
#1820=ORIENTED_EDGE('',*,*,#1312,.F.);
#1821=ORIENTED_EDGE('',*,*,#1234,.T.);
#1822=ORIENTED_EDGE('',*,*,#1316,.T.);
#1823=ORIENTED_EDGE('',*,*,#1317,.T.);
#1824=ORIENTED_EDGE('',*,*,#1318,.T.);
#1825=ORIENTED_EDGE('',*,*,#1317,.F.);
#1826=ORIENTED_EDGE('',*,*,#1318,.F.);
#1827=ORIENTED_EDGE('',*,*,#1319,.T.);
#1828=ORIENTED_EDGE('',*,*,#1133,.F.);
#1829=ORIENTED_EDGE('',*,*,#1319,.F.);
#1830=ORIENTED_EDGE('',*,*,#1316,.F.);
#1831=ORIENTED_EDGE('',*,*,#1238,.T.);
#1832=ORIENTED_EDGE('',*,*,#1144,.T.);
#1833=ORIENTED_EDGE('',*,*,#1110,.T.);
#1834=ORIENTED_EDGE('',*,*,#1115,.T.);
#1835=ORIENTED_EDGE('',*,*,#1105,.F.);
#1836=ORIENTED_EDGE('',*,*,#1122,.F.);
#1837=ORIENTED_EDGE('',*,*,#1320,.T.);
#1838=ORIENTED_EDGE('',*,*,#1068,.F.);
#1839=ORIENTED_EDGE('',*,*,#1321,.F.);
#1840=ORIENTED_EDGE('',*,*,#1118,.F.);
#1841=ORIENTED_EDGE('',*,*,#1113,.T.);
#1842=ORIENTED_EDGE('',*,*,#1117,.T.);
#1843=ORIENTED_EDGE('',*,*,#1095,.F.);
#1844=ORIENTED_EDGE('',*,*,#1147,.T.);
#1845=ORIENTED_EDGE('',*,*,#1153,.T.);
#1846=ORIENTED_EDGE('',*,*,#1155,.T.);
#1847=ORIENTED_EDGE('',*,*,#1157,.T.);
#1848=ORIENTED_EDGE('',*,*,#1119,.F.);
#1849=ORIENTED_EDGE('',*,*,#1321,.T.);
#1850=ORIENTED_EDGE('',*,*,#1067,.F.);
#1851=ORIENTED_EDGE('',*,*,#1322,.F.);
#1852=ORIENTED_EDGE('',*,*,#1120,.F.);
#1853=ORIENTED_EDGE('',*,*,#1322,.T.);
#1854=ORIENTED_EDGE('',*,*,#1066,.F.);
#1855=ORIENTED_EDGE('',*,*,#1323,.F.);
#1856=ORIENTED_EDGE('',*,*,#1121,.F.);
#1857=ORIENTED_EDGE('',*,*,#1323,.T.);
#1858=ORIENTED_EDGE('',*,*,#1065,.F.);
#1859=ORIENTED_EDGE('',*,*,#1320,.F.);
#1860=ORIENTED_EDGE('',*,*,#1054,.F.);
#1861=ORIENTED_EDGE('',*,*,#1058,.T.);
#1862=ORIENTED_EDGE('',*,*,#1070,.F.);
#1863=ORIENTED_EDGE('',*,*,#1072,.T.);
#1864=ORIENTED_EDGE('',*,*,#1074,.F.);
#1865=ORIENTED_EDGE('',*,*,#1076,.T.);
#1866=ORIENTED_EDGE('',*,*,#1086,.F.);
#1867=ORIENTED_EDGE('',*,*,#1087,.T.);
#1868=CYLINDRICAL_SURFACE('',#2063,4.);
#1869=CYLINDRICAL_SURFACE('',#2071,4.);
#1870=CYLINDRICAL_SURFACE('',#2074,4.);
#1871=CYLINDRICAL_SURFACE('',#2081,4.);
#1872=CYLINDRICAL_SURFACE('',#2123,1.00000000000001);
#1873=CYLINDRICAL_SURFACE('',#2126,0.999999999999994);
#1874=CYLINDRICAL_SURFACE('',#2128,0.999999999999996);
#1875=CYLINDRICAL_SURFACE('',#2130,1.00000000000001);
#1876=CYLINDRICAL_SURFACE('',#2133,1.45000000000003);
#1877=CYLINDRICAL_SURFACE('',#2137,1.45);
#1878=CYLINDRICAL_SURFACE('',#2141,1.44999999999999);
#1879=CYLINDRICAL_SURFACE('',#2145,1.45);
#1880=CYLINDRICAL_SURFACE('',#2149,1.44999999999998);
#1881=CYLINDRICAL_SURFACE('',#2153,1.45);
#1882=CYLINDRICAL_SURFACE('',#2157,1.45);
#1883=CYLINDRICAL_SURFACE('',#2161,1.45000000000003);
#1884=CYLINDRICAL_SURFACE('',#2165,1.44999999999997);
#1885=CYLINDRICAL_SURFACE('',#2169,1.44999999999997);
#1886=CYLINDRICAL_SURFACE('',#2173,1.45000000000003);
#1887=CYLINDRICAL_SURFACE('',#2177,1.45);
#1888=CYLINDRICAL_SURFACE('',#2181,1.45);
#1889=CYLINDRICAL_SURFACE('',#2185,1.45000000000001);
#1890=CYLINDRICAL_SURFACE('',#2189,1.45);
#1891=CYLINDRICAL_SURFACE('',#2193,1.45);
#1892=CYLINDRICAL_SURFACE('',#2197,1.45);
#1893=CYLINDRICAL_SURFACE('',#2201,1.45);
#1894=CYLINDRICAL_SURFACE('',#2205,1.45);
#1895=CYLINDRICAL_SURFACE('',#2209,1.45);
#1896=CYLINDRICAL_SURFACE('',#2214,4.00000000000002);
#1897=CYLINDRICAL_SURFACE('',#2219,3.99999999999999);
#1898=CYLINDRICAL_SURFACE('',#2224,3.99999999999999);
#1899=CYLINDRICAL_SURFACE('',#2229,3.99999999999999);
#1900=CYLINDRICAL_SURFACE('',#2234,3.99999999999999);
#1901=CYLINDRICAL_SURFACE('',#2239,3.99999999999999);
#1902=CYLINDRICAL_SURFACE('',#2244,3.99999999999999);
#1903=CYLINDRICAL_SURFACE('',#2249,4.00000000000002);
#1904=CYLINDRICAL_SURFACE('',#2254,4.);
#1905=CYLINDRICAL_SURFACE('',#2259,4.);
#1906=CYLINDRICAL_SURFACE('',#2264,4.);
#1907=CYLINDRICAL_SURFACE('',#2269,4.);
#1908=CYLINDRICAL_SURFACE('',#2274,4.);
#1909=CYLINDRICAL_SURFACE('',#2279,4.);
#1910=CYLINDRICAL_SURFACE('',#2284,4.);
#1911=CYLINDRICAL_SURFACE('',#2289,4.);
#1912=CYLINDRICAL_SURFACE('',#2294,4.);
#1913=CYLINDRICAL_SURFACE('',#2299,4.);
#1914=CYLINDRICAL_SURFACE('',#2304,4.);
#1915=CYLINDRICAL_SURFACE('',#2309,4.);
#1916=ADVANCED_FACE('',(#141),#1868,.T.);
#1917=ADVANCED_FACE('',(#142),#96,.T.);
#1918=ADVANCED_FACE('',(#143,#55),#97,.T.);
#1919=ADVANCED_FACE('',(#144),#1869,.T.);
#1920=ADVANCED_FACE('',(#145),#98,.T.);
#1921=ADVANCED_FACE('',(#146),#1870,.T.);
#1922=ADVANCED_FACE('',(#147,#56),#99,.T.);
#1923=ADVANCED_FACE('',(#148),#1871,.T.);
#1924=ADVANCED_FACE('',(#149),#100,.T.);
#1925=ADVANCED_FACE('',(#150),#101,.F.);
#1926=ADVANCED_FACE('',(#151),#102,.F.);
#1927=ADVANCED_FACE('',(#152),#103,.F.);
#1928=ADVANCED_FACE('',(#153),#104,.F.);
#1929=ADVANCED_FACE('',(#154),#105,.F.);
#1930=ADVANCED_FACE('',(#155),#106,.F.);
#1931=ADVANCED_FACE('',(#156),#107,.F.);
#1932=ADVANCED_FACE('',(#157),#108,.F.);
#1933=ADVANCED_FACE('',(#158),#109,.T.);
#1934=ADVANCED_FACE('',(#159,#57,#58,#59,#60,#61,#62,#63,#64,#65,#66,#67,
#68,#69,#70,#71,#72,#73,#74,#75),#110,.T.);
#1935=ADVANCED_FACE('',(#160),#111,.F.);
#1936=ADVANCED_FACE('',(#161),#112,.F.);
#1937=ADVANCED_FACE('',(#162),#113,.T.);
#1938=ADVANCED_FACE('',(#163),#1872,.F.);
#1939=ADVANCED_FACE('',(#164),#114,.F.);
#1940=ADVANCED_FACE('',(#165),#1873,.F.);
#1941=ADVANCED_FACE('',(#166),#1874,.F.);
#1942=ADVANCED_FACE('',(#167),#115,.F.);
#1943=ADVANCED_FACE('',(#168),#1875,.F.);
#1944=ADVANCED_FACE('',(#169),#15,.F.);
#1945=ADVANCED_FACE('',(#170),#1876,.F.);
#1946=ADVANCED_FACE('',(#171),#16,.F.);
#1947=ADVANCED_FACE('',(#172),#1877,.F.);
#1948=ADVANCED_FACE('',(#173),#17,.F.);
#1949=ADVANCED_FACE('',(#174),#1878,.F.);
#1950=ADVANCED_FACE('',(#175),#18,.F.);
#1951=ADVANCED_FACE('',(#176),#1879,.F.);
#1952=ADVANCED_FACE('',(#177),#19,.F.);
#1953=ADVANCED_FACE('',(#178),#1880,.F.);
#1954=ADVANCED_FACE('',(#179),#20,.F.);
#1955=ADVANCED_FACE('',(#180),#1881,.F.);
#1956=ADVANCED_FACE('',(#181),#21,.F.);
#1957=ADVANCED_FACE('',(#182),#1882,.F.);
#1958=ADVANCED_FACE('',(#183),#22,.F.);
#1959=ADVANCED_FACE('',(#184),#1883,.F.);
#1960=ADVANCED_FACE('',(#185),#23,.F.);
#1961=ADVANCED_FACE('',(#186),#1884,.F.);
#1962=ADVANCED_FACE('',(#187),#24,.F.);
#1963=ADVANCED_FACE('',(#188),#1885,.F.);
#1964=ADVANCED_FACE('',(#189),#25,.F.);
#1965=ADVANCED_FACE('',(#190),#1886,.F.);
#1966=ADVANCED_FACE('',(#191),#26,.F.);
#1967=ADVANCED_FACE('',(#192),#1887,.F.);
#1968=ADVANCED_FACE('',(#193),#27,.F.);
#1969=ADVANCED_FACE('',(#194),#1888,.F.);
#1970=ADVANCED_FACE('',(#195),#28,.F.);
#1971=ADVANCED_FACE('',(#196),#1889,.F.);
#1972=ADVANCED_FACE('',(#197),#29,.F.);
#1973=ADVANCED_FACE('',(#198),#1890,.F.);
#1974=ADVANCED_FACE('',(#199),#30,.F.);
#1975=ADVANCED_FACE('',(#200),#1891,.F.);
#1976=ADVANCED_FACE('',(#201),#31,.F.);
#1977=ADVANCED_FACE('',(#202),#1892,.F.);
#1978=ADVANCED_FACE('',(#203),#32,.F.);
#1979=ADVANCED_FACE('',(#204),#1893,.F.);
#1980=ADVANCED_FACE('',(#205),#33,.F.);
#1981=ADVANCED_FACE('',(#206),#1894,.F.);
#1982=ADVANCED_FACE('',(#207),#34,.F.);
#1983=ADVANCED_FACE('',(#208),#1895,.F.);
#1984=ADVANCED_FACE('',(#209),#35,.T.);
#1985=ADVANCED_FACE('',(#210),#1896,.T.);
#1986=ADVANCED_FACE('',(#211,#76),#116,.T.);
#1987=ADVANCED_FACE('',(#212),#36,.T.);
#1988=ADVANCED_FACE('',(#213),#1897,.T.);
#1989=ADVANCED_FACE('',(#214,#77),#117,.T.);
#1990=ADVANCED_FACE('',(#215),#37,.T.);
#1991=ADVANCED_FACE('',(#216),#1898,.T.);
#1992=ADVANCED_FACE('',(#217,#78),#118,.T.);
#1993=ADVANCED_FACE('',(#218),#38,.T.);
#1994=ADVANCED_FACE('',(#219),#1899,.T.);
#1995=ADVANCED_FACE('',(#220,#79),#119,.T.);
#1996=ADVANCED_FACE('',(#221),#39,.T.);
#1997=ADVANCED_FACE('',(#222),#1900,.T.);
#1998=ADVANCED_FACE('',(#223,#80),#120,.T.);
#1999=ADVANCED_FACE('',(#224),#40,.T.);
#2000=ADVANCED_FACE('',(#225),#1901,.T.);
#2001=ADVANCED_FACE('',(#226,#81),#121,.T.);
#2002=ADVANCED_FACE('',(#227),#41,.T.);
#2003=ADVANCED_FACE('',(#228),#1902,.T.);
#2004=ADVANCED_FACE('',(#229,#82),#122,.T.);
#2005=ADVANCED_FACE('',(#230),#42,.T.);
#2006=ADVANCED_FACE('',(#231),#1903,.T.);
#2007=ADVANCED_FACE('',(#232,#83),#123,.T.);
#2008=ADVANCED_FACE('',(#233),#43,.T.);
#2009=ADVANCED_FACE('',(#234),#1904,.T.);
#2010=ADVANCED_FACE('',(#235,#84),#124,.T.);
#2011=ADVANCED_FACE('',(#236),#44,.T.);
#2012=ADVANCED_FACE('',(#237),#1905,.T.);
#2013=ADVANCED_FACE('',(#238,#85),#125,.T.);
#2014=ADVANCED_FACE('',(#239),#45,.T.);
#2015=ADVANCED_FACE('',(#240),#1906,.T.);
#2016=ADVANCED_FACE('',(#241,#86),#126,.T.);
#2017=ADVANCED_FACE('',(#242),#46,.T.);
#2018=ADVANCED_FACE('',(#243),#1907,.T.);
#2019=ADVANCED_FACE('',(#244,#87),#127,.T.);
#2020=ADVANCED_FACE('',(#245),#47,.T.);
#2021=ADVANCED_FACE('',(#246),#1908,.T.);
#2022=ADVANCED_FACE('',(#247,#88),#128,.T.);
#2023=ADVANCED_FACE('',(#248),#48,.T.);
#2024=ADVANCED_FACE('',(#249),#1909,.T.);
#2025=ADVANCED_FACE('',(#250,#89),#129,.T.);
#2026=ADVANCED_FACE('',(#251),#49,.T.);
#2027=ADVANCED_FACE('',(#252),#1910,.T.);
#2028=ADVANCED_FACE('',(#253,#90),#130,.T.);
#2029=ADVANCED_FACE('',(#254),#50,.T.);
#2030=ADVANCED_FACE('',(#255),#1911,.T.);
#2031=ADVANCED_FACE('',(#256,#91),#131,.T.);
#2032=ADVANCED_FACE('',(#257),#51,.T.);
#2033=ADVANCED_FACE('',(#258),#1912,.T.);
#2034=ADVANCED_FACE('',(#259,#92),#132,.T.);
#2035=ADVANCED_FACE('',(#260),#52,.T.);
#2036=ADVANCED_FACE('',(#261),#1913,.T.);
#2037=ADVANCED_FACE('',(#262,#93),#133,.T.);
#2038=ADVANCED_FACE('',(#263),#53,.T.);
#2039=ADVANCED_FACE('',(#264),#1914,.T.);
#2040=ADVANCED_FACE('',(#265,#94),#134,.T.);
#2041=ADVANCED_FACE('',(#266),#54,.T.);
#2042=ADVANCED_FACE('',(#267),#1915,.T.);
#2043=ADVANCED_FACE('',(#268,#95),#135,.T.);
#2044=ADVANCED_FACE('',(#269),#136,.T.);
#2045=ADVANCED_FACE('',(#270),#137,.T.);
#2046=ADVANCED_FACE('',(#271),#138,.T.);
#2047=ADVANCED_FACE('',(#272),#139,.T.);
#2048=ADVANCED_FACE('',(#273),#140,.F.);
#2049=CLOSED_SHELL('',(#1916,#1917,#1918,#1919,#1920,#1921,#1922,#1923,
#1924,#1925,#1926,#1927,#1928,#1929,#1930,#1931,#1932,#1933,#1934,#1935,
#1936,#1937,#1938,#1939,#1940,#1941,#1942,#1943,#1944,#1945,#1946,#1947,
#1948,#1949,#1950,#1951,#1952,#1953,#1954,#1955,#1956,#1957,#1958,#1959,
#1960,#1961,#1962,#1963,#1964,#1965,#1966,#1967,#1968,#1969,#1970,#1971,
#1972,#1973,#1974,#1975,#1976,#1977,#1978,#1979,#1980,#1981,#1982,#1983,
#1984,#1985,#1986,#1987,#1988,#1989,#1990,#1991,#1992,#1993,#1994,#1995,
#1996,#1997,#1998,#1999,#2000,#2001,#2002,#2003,#2004,#2005,#2006,#2007,
#2008,#2009,#2010,#2011,#2012,#2013,#2014,#2015,#2016,#2017,#2018,#2019,
#2020,#2021,#2022,#2023,#2024,#2025,#2026,#2027,#2028,#2029,#2030,#2031,
#2032,#2033,#2034,#2035,#2036,#2037,#2038,#2039,#2040,#2041,#2042,#2043,
#2044,#2045,#2046,#2047,#2048));
#2050=DERIVED_UNIT_ELEMENT(#2052,1.);
#2051=DERIVED_UNIT_ELEMENT(#3567,-3.);
#2052=(
MASS_UNIT()
NAMED_UNIT(*)
SI_UNIT(.KILO.,.GRAM.)
);
#2053=DERIVED_UNIT((#2050,#2051));
#2054=MEASURE_REPRESENTATION_ITEM('density measure',
POSITIVE_RATIO_MEASURE(7850.),#2053);
#2055=PROPERTY_DEFINITION_REPRESENTATION(#2060,#2057);
#2056=PROPERTY_DEFINITION_REPRESENTATION(#2061,#2058);
#2057=REPRESENTATION('material name',(#2059),#3564);
#2058=REPRESENTATION('density',(#2054),#3564);
#2059=DESCRIPTIVE_REPRESENTATION_ITEM('Steel','Steel');
#2060=PROPERTY_DEFINITION('material property','material name',#3574);
#2061=PROPERTY_DEFINITION('material property','density of part',#3574);
#2062=AXIS2_PLACEMENT_3D('',#2976,#2316,#2317);
#2063=AXIS2_PLACEMENT_3D('',#2977,#2318,#2319);
#2064=AXIS2_PLACEMENT_3D('',#2980,#2320,#2321);
#2065=AXIS2_PLACEMENT_3D('',#2984,#2323,#2324);
#2066=AXIS2_PLACEMENT_3D('',#2986,#2326,#2327);
#2067=AXIS2_PLACEMENT_3D('',#2992,#2331,#2332);
#2068=AXIS2_PLACEMENT_3D('',#2996,#2334,#2335);
#2069=AXIS2_PLACEMENT_3D('',#3000,#2337,#2338);
#2070=AXIS2_PLACEMENT_3D('',#3003,#2340,#2341);
#2071=AXIS2_PLACEMENT_3D('',#3012,#2346,#2347);
#2072=AXIS2_PLACEMENT_3D('',#3015,#2349,#2350);
#2073=AXIS2_PLACEMENT_3D('',#3016,#2351,#2352);
#2074=AXIS2_PLACEMENT_3D('',#3020,#2355,#2356);
#2075=AXIS2_PLACEMENT_3D('',#3023,#2358,#2359);
#2076=AXIS2_PLACEMENT_3D('',#3024,#2360,#2361);
#2077=AXIS2_PLACEMENT_3D('',#3030,#2364,#2365);
#2078=AXIS2_PLACEMENT_3D('',#3034,#2367,#2368);
#2079=AXIS2_PLACEMENT_3D('',#3038,#2370,#2371);
#2080=AXIS2_PLACEMENT_3D('',#3042,#2373,#2374);
#2081=AXIS2_PLACEMENT_3D('',#3044,#2376,#2377);
#2082=AXIS2_PLACEMENT_3D('',#3047,#2379,#2380);
#2083=AXIS2_PLACEMENT_3D('',#3048,#2381,#2382);
#2084=AXIS2_PLACEMENT_3D('',#3050,#2384,#2385);
#2085=AXIS2_PLACEMENT_3D('',#3053,#2386,#2387);
#2086=AXIS2_PLACEMENT_3D('',#3057,#2390,#2391);
#2087=AXIS2_PLACEMENT_3D('',#3060,#2392,#2393);
#2088=AXIS2_PLACEMENT_3D('',#3064,#2396,#2397);
#2089=AXIS2_PLACEMENT_3D('',#3070,#2401,#2402);
#2090=AXIS2_PLACEMENT_3D('',#3079,#2407,#2408);
#2091=AXIS2_PLACEMENT_3D('',#3085,#2412,#2413);
#2092=AXIS2_PLACEMENT_3D('',#3094,#2418,#2419);
#2093=AXIS2_PLACEMENT_3D('',#3100,#2423,#2424);
#2094=AXIS2_PLACEMENT_3D('',#3106,#2428,#2429);
#2095=AXIS2_PLACEMENT_3D('',#3107,#2430,#2431);
#2096=AXIS2_PLACEMENT_3D('',#3111,#2435,#2436);
#2097=AXIS2_PLACEMENT_3D('',#3122,#2442,#2443);
#2098=AXIS2_PLACEMENT_3D('',#3123,#2444,#2445);
#2099=AXIS2_PLACEMENT_3D('',#3125,#2446,#2447);
#2100=AXIS2_PLACEMENT_3D('',#3127,#2448,#2449);
#2101=AXIS2_PLACEMENT_3D('',#3129,#2450,#2451);
#2102=AXIS2_PLACEMENT_3D('',#3131,#2452,#2453);
#2103=AXIS2_PLACEMENT_3D('',#3133,#2454,#2455);
#2104=AXIS2_PLACEMENT_3D('',#3135,#2456,#2457);
#2105=AXIS2_PLACEMENT_3D('',#3137,#2458,#2459);
#2106=AXIS2_PLACEMENT_3D('',#3139,#2460,#2461);
#2107=AXIS2_PLACEMENT_3D('',#3141,#2462,#2463);
#2108=AXIS2_PLACEMENT_3D('',#3143,#2464,#2465);
#2109=AXIS2_PLACEMENT_3D('',#3145,#2466,#2467);
#2110=AXIS2_PLACEMENT_3D('',#3147,#2468,#2469);
#2111=AXIS2_PLACEMENT_3D('',#3149,#2470,#2471);
#2112=AXIS2_PLACEMENT_3D('',#3151,#2472,#2473);
#2113=AXIS2_PLACEMENT_3D('',#3153,#2474,#2475);
#2114=AXIS2_PLACEMENT_3D('',#3155,#2476,#2477);
#2115=AXIS2_PLACEMENT_3D('',#3157,#2478,#2479);
#2116=AXIS2_PLACEMENT_3D('',#3159,#2480,#2481);
#2117=AXIS2_PLACEMENT_3D('',#3161,#2482,#2483);
#2118=AXIS2_PLACEMENT_3D('',#3162,#2484,#2485);
#2119=AXIS2_PLACEMENT_3D('',#3167,#2489,#2490);
#2120=AXIS2_PLACEMENT_3D('',#3172,#2494,#2495);
#2121=AXIS2_PLACEMENT_3D('',#3174,#2496,#2497);
#2122=AXIS2_PLACEMENT_3D('',#3177,#2499,#2500);
#2123=AXIS2_PLACEMENT_3D('',#3178,#2501,#2502);
#2124=AXIS2_PLACEMENT_3D('',#3180,#2503,#2504);
#2125=AXIS2_PLACEMENT_3D('',#3182,#2506,#2507);
#2126=AXIS2_PLACEMENT_3D('',#3186,#2510,#2511);
#2127=AXIS2_PLACEMENT_3D('',#3187,#2512,#2513);
#2128=AXIS2_PLACEMENT_3D('',#3188,#2514,#2515);
#2129=AXIS2_PLACEMENT_3D('',#3190,#2517,#2518);
#2130=AXIS2_PLACEMENT_3D('',#3192,#2520,#2521);
#2131=AXIS2_PLACEMENT_3D('',#3193,#2522,#2523);
#2132=AXIS2_PLACEMENT_3D('',#3195,#2524,#2525);
#2133=AXIS2_PLACEMENT_3D('',#3198,#2527,#2528);
#2134=AXIS2_PLACEMENT_3D('',#3200,#2529,#2530);
#2135=AXIS2_PLACEMENT_3D('',#3202,#2532,#2533);
#2136=AXIS2_PLACEMENT_3D('',#3204,#2534,#2535);
#2137=AXIS2_PLACEMENT_3D('',#3207,#2537,#2538);
#2138=AXIS2_PLACEMENT_3D('',#3209,#2539,#2540);
#2139=AXIS2_PLACEMENT_3D('',#3211,#2542,#2543);
#2140=AXIS2_PLACEMENT_3D('',#3213,#2544,#2545);
#2141=AXIS2_PLACEMENT_3D('',#3216,#2547,#2548);
#2142=AXIS2_PLACEMENT_3D('',#3218,#2549,#2550);
#2143=AXIS2_PLACEMENT_3D('',#3220,#2552,#2553);
#2144=AXIS2_PLACEMENT_3D('',#3222,#2554,#2555);
#2145=AXIS2_PLACEMENT_3D('',#3225,#2557,#2558);
#2146=AXIS2_PLACEMENT_3D('',#3227,#2559,#2560);
#2147=AXIS2_PLACEMENT_3D('',#3229,#2562,#2563);
#2148=AXIS2_PLACEMENT_3D('',#3231,#2564,#2565);
#2149=AXIS2_PLACEMENT_3D('',#3234,#2567,#2568);
#2150=AXIS2_PLACEMENT_3D('',#3236,#2569,#2570);
#2151=AXIS2_PLACEMENT_3D('',#3238,#2572,#2573);
#2152=AXIS2_PLACEMENT_3D('',#3240,#2574,#2575);
#2153=AXIS2_PLACEMENT_3D('',#3243,#2577,#2578);
#2154=AXIS2_PLACEMENT_3D('',#3245,#2579,#2580);
#2155=AXIS2_PLACEMENT_3D('',#3247,#2582,#2583);
#2156=AXIS2_PLACEMENT_3D('',#3249,#2584,#2585);
#2157=AXIS2_PLACEMENT_3D('',#3252,#2587,#2588);
#2158=AXIS2_PLACEMENT_3D('',#3254,#2589,#2590);
#2159=AXIS2_PLACEMENT_3D('',#3256,#2592,#2593);
#2160=AXIS2_PLACEMENT_3D('',#3258,#2594,#2595);
#2161=AXIS2_PLACEMENT_3D('',#3261,#2597,#2598);
#2162=AXIS2_PLACEMENT_3D('',#3263,#2599,#2600);
#2163=AXIS2_PLACEMENT_3D('',#3265,#2602,#2603);
#2164=AXIS2_PLACEMENT_3D('',#3267,#2604,#2605);
#2165=AXIS2_PLACEMENT_3D('',#3270,#2607,#2608);
#2166=AXIS2_PLACEMENT_3D('',#3272,#2609,#2610);
#2167=AXIS2_PLACEMENT_3D('',#3274,#2612,#2613);
#2168=AXIS2_PLACEMENT_3D('',#3276,#2614,#2615);
#2169=AXIS2_PLACEMENT_3D('',#3279,#2617,#2618);
#2170=AXIS2_PLACEMENT_3D('',#3281,#2619,#2620);
#2171=AXIS2_PLACEMENT_3D('',#3283,#2622,#2623);
#2172=AXIS2_PLACEMENT_3D('',#3285,#2624,#2625);
#2173=AXIS2_PLACEMENT_3D('',#3288,#2627,#2628);
#2174=AXIS2_PLACEMENT_3D('',#3290,#2629,#2630);
#2175=AXIS2_PLACEMENT_3D('',#3292,#2632,#2633);
#2176=AXIS2_PLACEMENT_3D('',#3294,#2634,#2635);
#2177=AXIS2_PLACEMENT_3D('',#3297,#2637,#2638);
#2178=AXIS2_PLACEMENT_3D('',#3299,#2639,#2640);
#2179=AXIS2_PLACEMENT_3D('',#3301,#2642,#2643);
#2180=AXIS2_PLACEMENT_3D('',#3303,#2644,#2645);
#2181=AXIS2_PLACEMENT_3D('',#3306,#2647,#2648);
#2182=AXIS2_PLACEMENT_3D('',#3308,#2649,#2650);
#2183=AXIS2_PLACEMENT_3D('',#3310,#2652,#2653);
#2184=AXIS2_PLACEMENT_3D('',#3312,#2654,#2655);
#2185=AXIS2_PLACEMENT_3D('',#3315,#2657,#2658);
#2186=AXIS2_PLACEMENT_3D('',#3317,#2659,#2660);
#2187=AXIS2_PLACEMENT_3D('',#3319,#2662,#2663);
#2188=AXIS2_PLACEMENT_3D('',#3321,#2664,#2665);
#2189=AXIS2_PLACEMENT_3D('',#3324,#2667,#2668);
#2190=AXIS2_PLACEMENT_3D('',#3326,#2669,#2670);
#2191=AXIS2_PLACEMENT_3D('',#3328,#2672,#2673);
#2192=AXIS2_PLACEMENT_3D('',#3330,#2674,#2675);
#2193=AXIS2_PLACEMENT_3D('',#3333,#2677,#2678);
#2194=AXIS2_PLACEMENT_3D('',#3335,#2679,#2680);
#2195=AXIS2_PLACEMENT_3D('',#3337,#2682,#2683);
#2196=AXIS2_PLACEMENT_3D('',#3339,#2684,#2685);
#2197=AXIS2_PLACEMENT_3D('',#3342,#2687,#2688);
#2198=AXIS2_PLACEMENT_3D('',#3344,#2689,#2690);
#2199=AXIS2_PLACEMENT_3D('',#3346,#2692,#2693);
#2200=AXIS2_PLACEMENT_3D('',#3348,#2694,#2695);
#2201=AXIS2_PLACEMENT_3D('',#3351,#2697,#2698);
#2202=AXIS2_PLACEMENT_3D('',#3353,#2699,#2700);
#2203=AXIS2_PLACEMENT_3D('',#3355,#2702,#2703);
#2204=AXIS2_PLACEMENT_3D('',#3357,#2704,#2705);
#2205=AXIS2_PLACEMENT_3D('',#3360,#2707,#2708);
#2206=AXIS2_PLACEMENT_3D('',#3362,#2709,#2710);
#2207=AXIS2_PLACEMENT_3D('',#3364,#2712,#2713);
#2208=AXIS2_PLACEMENT_3D('',#3366,#2714,#2715);
#2209=AXIS2_PLACEMENT_3D('',#3369,#2717,#2718);
#2210=AXIS2_PLACEMENT_3D('',#3371,#2719,#2720);
#2211=AXIS2_PLACEMENT_3D('',#3373,#2722,#2723);
#2212=AXIS2_PLACEMENT_3D('',#3375,#2724,#2725);
#2213=AXIS2_PLACEMENT_3D('',#3378,#2727,#2728);
#2214=AXIS2_PLACEMENT_3D('',#3379,#2729,#2730);
#2215=AXIS2_PLACEMENT_3D('',#3381,#2732,#2733);
#2216=AXIS2_PLACEMENT_3D('',#3382,#2734,#2735);
#2217=AXIS2_PLACEMENT_3D('',#3384,#2736,#2737);
#2218=AXIS2_PLACEMENT_3D('',#3387,#2739,#2740);
#2219=AXIS2_PLACEMENT_3D('',#3388,#2741,#2742);
#2220=AXIS2_PLACEMENT_3D('',#3390,#2744,#2745);
#2221=AXIS2_PLACEMENT_3D('',#3391,#2746,#2747);
#2222=AXIS2_PLACEMENT_3D('',#3393,#2748,#2749);
#2223=AXIS2_PLACEMENT_3D('',#3396,#2751,#2752);
#2224=AXIS2_PLACEMENT_3D('',#3397,#2753,#2754);
#2225=AXIS2_PLACEMENT_3D('',#3399,#2756,#2757);
#2226=AXIS2_PLACEMENT_3D('',#3400,#2758,#2759);
#2227=AXIS2_PLACEMENT_3D('',#3402,#2760,#2761);
#2228=AXIS2_PLACEMENT_3D('',#3405,#2763,#2764);
#2229=AXIS2_PLACEMENT_3D('',#3406,#2765,#2766);
#2230=AXIS2_PLACEMENT_3D('',#3408,#2768,#2769);
#2231=AXIS2_PLACEMENT_3D('',#3409,#2770,#2771);
#2232=AXIS2_PLACEMENT_3D('',#3411,#2772,#2773);
#2233=AXIS2_PLACEMENT_3D('',#3414,#2775,#2776);
#2234=AXIS2_PLACEMENT_3D('',#3415,#2777,#2778);
#2235=AXIS2_PLACEMENT_3D('',#3417,#2780,#2781);
#2236=AXIS2_PLACEMENT_3D('',#3418,#2782,#2783);
#2237=AXIS2_PLACEMENT_3D('',#3420,#2784,#2785);
#2238=AXIS2_PLACEMENT_3D('',#3423,#2787,#2788);
#2239=AXIS2_PLACEMENT_3D('',#3424,#2789,#2790);
#2240=AXIS2_PLACEMENT_3D('',#3426,#2792,#2793);
#2241=AXIS2_PLACEMENT_3D('',#3427,#2794,#2795);
#2242=AXIS2_PLACEMENT_3D('',#3429,#2796,#2797);
#2243=AXIS2_PLACEMENT_3D('',#3432,#2799,#2800);
#2244=AXIS2_PLACEMENT_3D('',#3433,#2801,#2802);
#2245=AXIS2_PLACEMENT_3D('',#3435,#2804,#2805);
#2246=AXIS2_PLACEMENT_3D('',#3436,#2806,#2807);
#2247=AXIS2_PLACEMENT_3D('',#3438,#2808,#2809);
#2248=AXIS2_PLACEMENT_3D('',#3441,#2811,#2812);
#2249=AXIS2_PLACEMENT_3D('',#3442,#2813,#2814);
#2250=AXIS2_PLACEMENT_3D('',#3444,#2816,#2817);
#2251=AXIS2_PLACEMENT_3D('',#3445,#2818,#2819);
#2252=AXIS2_PLACEMENT_3D('',#3447,#2820,#2821);
#2253=AXIS2_PLACEMENT_3D('',#3450,#2823,#2824);
#2254=AXIS2_PLACEMENT_3D('',#3451,#2825,#2826);
#2255=AXIS2_PLACEMENT_3D('',#3453,#2828,#2829);
#2256=AXIS2_PLACEMENT_3D('',#3454,#2830,#2831);
#2257=AXIS2_PLACEMENT_3D('',#3456,#2832,#2833);
#2258=AXIS2_PLACEMENT_3D('',#3459,#2835,#2836);
#2259=AXIS2_PLACEMENT_3D('',#3460,#2837,#2838);
#2260=AXIS2_PLACEMENT_3D('',#3462,#2840,#2841);
#2261=AXIS2_PLACEMENT_3D('',#3463,#2842,#2843);
#2262=AXIS2_PLACEMENT_3D('',#3465,#2844,#2845);
#2263=AXIS2_PLACEMENT_3D('',#3468,#2847,#2848);
#2264=AXIS2_PLACEMENT_3D('',#3469,#2849,#2850);
#2265=AXIS2_PLACEMENT_3D('',#3471,#2852,#2853);
#2266=AXIS2_PLACEMENT_3D('',#3472,#2854,#2855);
#2267=AXIS2_PLACEMENT_3D('',#3474,#2856,#2857);
#2268=AXIS2_PLACEMENT_3D('',#3477,#2859,#2860);
#2269=AXIS2_PLACEMENT_3D('',#3478,#2861,#2862);
#2270=AXIS2_PLACEMENT_3D('',#3480,#2864,#2865);
#2271=AXIS2_PLACEMENT_3D('',#3481,#2866,#2867);
#2272=AXIS2_PLACEMENT_3D('',#3483,#2868,#2869);
#2273=AXIS2_PLACEMENT_3D('',#3486,#2871,#2872);
#2274=AXIS2_PLACEMENT_3D('',#3487,#2873,#2874);
#2275=AXIS2_PLACEMENT_3D('',#3489,#2876,#2877);
#2276=AXIS2_PLACEMENT_3D('',#3490,#2878,#2879);
#2277=AXIS2_PLACEMENT_3D('',#3492,#2880,#2881);
#2278=AXIS2_PLACEMENT_3D('',#3495,#2883,#2884);
#2279=AXIS2_PLACEMENT_3D('',#3496,#2885,#2886);
#2280=AXIS2_PLACEMENT_3D('',#3498,#2888,#2889);
#2281=AXIS2_PLACEMENT_3D('',#3499,#2890,#2891);
#2282=AXIS2_PLACEMENT_3D('',#3501,#2892,#2893);
#2283=AXIS2_PLACEMENT_3D('',#3504,#2895,#2896);
#2284=AXIS2_PLACEMENT_3D('',#3505,#2897,#2898);
#2285=AXIS2_PLACEMENT_3D('',#3507,#2900,#2901);
#2286=AXIS2_PLACEMENT_3D('',#3508,#2902,#2903);
#2287=AXIS2_PLACEMENT_3D('',#3510,#2904,#2905);
#2288=AXIS2_PLACEMENT_3D('',#3513,#2907,#2908);
#2289=AXIS2_PLACEMENT_3D('',#3514,#2909,#2910);
#2290=AXIS2_PLACEMENT_3D('',#3516,#2912,#2913);
#2291=AXIS2_PLACEMENT_3D('',#3517,#2914,#2915);
#2292=AXIS2_PLACEMENT_3D('',#3519,#2916,#2917);
#2293=AXIS2_PLACEMENT_3D('',#3522,#2919,#2920);
#2294=AXIS2_PLACEMENT_3D('',#3523,#2921,#2922);
#2295=AXIS2_PLACEMENT_3D('',#3525,#2924,#2925);
#2296=AXIS2_PLACEMENT_3D('',#3526,#2926,#2927);
#2297=AXIS2_PLACEMENT_3D('',#3528,#2928,#2929);
#2298=AXIS2_PLACEMENT_3D('',#3531,#2931,#2932);
#2299=AXIS2_PLACEMENT_3D('',#3532,#2933,#2934);
#2300=AXIS2_PLACEMENT_3D('',#3534,#2936,#2937);
#2301=AXIS2_PLACEMENT_3D('',#3535,#2938,#2939);
#2302=AXIS2_PLACEMENT_3D('',#3537,#2940,#2941);
#2303=AXIS2_PLACEMENT_3D('',#3540,#2943,#2944);
#2304=AXIS2_PLACEMENT_3D('',#3541,#2945,#2946);
#2305=AXIS2_PLACEMENT_3D('',#3543,#2948,#2949);
#2306=AXIS2_PLACEMENT_3D('',#3544,#2950,#2951);
#2307=AXIS2_PLACEMENT_3D('',#3546,#2952,#2953);
#2308=AXIS2_PLACEMENT_3D('',#3549,#2955,#2956);
#2309=AXIS2_PLACEMENT_3D('',#3550,#2957,#2958);
#2310=AXIS2_PLACEMENT_3D('',#3552,#2960,#2961);
#2311=AXIS2_PLACEMENT_3D('',#3553,#2962,#2963);
#2312=AXIS2_PLACEMENT_3D('',#3556,#2966,#2967);
#2313=AXIS2_PLACEMENT_3D('',#3558,#2969,#2970);
#2314=AXIS2_PLACEMENT_3D('',#3560,#2972,#2973);
#2315=AXIS2_PLACEMENT_3D('',#3561,#2974,#2975);
#2316=DIRECTION('axis',(0.,0.,1.));
#2317=DIRECTION('refdir',(1.,0.,0.));
#2318=DIRECTION('center_axis',(0.,0.,1.));
#2319=DIRECTION('ref_axis',(0.707106781186548,-0.707106781186548,0.));
#2320=DIRECTION('center_axis',(0.,0.,-1.));
#2321=DIRECTION('ref_axis',(0.707106781186548,-0.707106781186548,0.));
#2322=DIRECTION('',(0.,0.,-1.));
#2323=DIRECTION('center_axis',(0.,0.,1.));
#2324=DIRECTION('ref_axis',(0.707106781186548,-0.707106781186548,0.));
#2325=DIRECTION('',(0.,0.,1.));
#2326=DIRECTION('center_axis',(0.,-1.,0.));
#2327=DIRECTION('ref_axis',(1.,0.,0.));
#2328=DIRECTION('',(1.,0.,0.));
#2329=DIRECTION('',(0.,0.,1.));
#2330=DIRECTION('',(-1.,0.,0.));
#2331=DIRECTION('center_axis',(0.,0.,1.));
#2332=DIRECTION('ref_axis',(1.,0.,0.));
#2333=DIRECTION('',(0.,1.,0.));
#2334=DIRECTION('center_axis',(0.,0.,-1.));
#2335=DIRECTION('ref_axis',(0.707106781186547,0.707106781186548,0.));
#2336=DIRECTION('',(-1.,0.,0.));
#2337=DIRECTION('center_axis',(0.,0.,-1.));
#2338=DIRECTION('ref_axis',(-0.707106781186548,0.707106781186547,0.));
#2339=DIRECTION('',(0.,-1.,0.));
#2340=DIRECTION('center_axis',(0.,0.,-1.));
#2341=DIRECTION('ref_axis',(-0.707106781186546,-0.707106781186549,0.));
#2342=DIRECTION('',(0.,-1.,0.));
#2343=DIRECTION('',(-1.,0.,0.));
#2344=DIRECTION('',(0.,1.,0.));
#2345=DIRECTION('',(1.,0.,0.));
#2346=DIRECTION('center_axis',(0.,0.,1.));
#2347=DIRECTION('ref_axis',(-0.707106781186546,-0.707106781186549,0.));
#2348=DIRECTION('',(0.,0.,-1.));
#2349=DIRECTION('center_axis',(0.,0.,1.));
#2350=DIRECTION('ref_axis',(-0.707106781186546,-0.707106781186549,0.));
#2351=DIRECTION('center_axis',(-1.,0.,0.));
#2352=DIRECTION('ref_axis',(0.,-1.,0.));
#2353=DIRECTION('',(0.,0.,1.));
#2354=DIRECTION('',(0.,1.,0.));
#2355=DIRECTION('center_axis',(0.,0.,1.));
#2356=DIRECTION('ref_axis',(-0.707106781186548,0.707106781186547,0.));
#2357=DIRECTION('',(0.,0.,-1.));
#2358=DIRECTION('center_axis',(0.,0.,1.));
#2359=DIRECTION('ref_axis',(-0.707106781186548,0.707106781186547,0.));
#2360=DIRECTION('center_axis',(0.,1.,0.));
#2361=DIRECTION('ref_axis',(-1.,0.,0.));
#2362=DIRECTION('',(0.,0.,1.));
#2363=DIRECTION('',(1.,0.,0.));
#2364=DIRECTION('center_axis',(0.,-1.,0.));
#2365=DIRECTION('ref_axis',(-1.,0.,3.33066907387545E-15));
#2366=DIRECTION('',(0.,0.,-1.));
#2367=DIRECTION('center_axis',(0.,-1.,0.));
#2368=DIRECTION('ref_axis',(-4.4408920985006E-15,0.,-1.));
#2369=DIRECTION('',(1.,0.,2.48765731366118E-16));
#2370=DIRECTION('center_axis',(0.,-1.,0.));
#2371=DIRECTION('ref_axis',(1.,0.,2.22044604925032E-15));
#2372=DIRECTION('',(0.,0.,1.));
#2373=DIRECTION('center_axis',(0.,-1.,0.));
#2374=DIRECTION('ref_axis',(0.,0.,1.));
#2375=DIRECTION('',(-1.,0.,1.24382865683059E-16));
#2376=DIRECTION('center_axis',(0.,0.,1.));
#2377=DIRECTION('ref_axis',(0.707106781186547,0.707106781186548,0.));
#2378=DIRECTION('',(0.,0.,-1.));
#2379=DIRECTION('center_axis',(0.,0.,1.));
#2380=DIRECTION('ref_axis',(0.707106781186547,0.707106781186548,0.));
#2381=DIRECTION('center_axis',(1.,0.,0.));
#2382=DIRECTION('ref_axis',(0.,1.,0.));
#2383=DIRECTION('',(0.,-1.,0.));
#2384=DIRECTION('center_axis',(0.,1.,0.));
#2385=DIRECTION('ref_axis',(1.,0.,0.));
#2386=DIRECTION('center_axis',(0.,-1.,0.));
#2387=DIRECTION('ref_axis',(-4.4408920985006E-15,0.,-1.));
#2388=DIRECTION('',(0.,0.,-1.));
#2389=DIRECTION('',(1.,0.,0.));
#2390=DIRECTION('center_axis',(0.,1.,0.));
#2391=DIRECTION('ref_axis',(1.,0.,0.));
#2392=DIRECTION('center_axis',(0.,-1.,0.));
#2393=DIRECTION('ref_axis',(1.,0.,2.22044604925032E-15));
#2394=DIRECTION('',(1.,0.,0.));
#2395=DIRECTION('',(0.,0.,-1.));
#2396=DIRECTION('center_axis',(1.,0.,0.));
#2397=DIRECTION('ref_axis',(0.,-1.,0.));
#2398=DIRECTION('',(0.,-1.,0.));
#2399=DIRECTION('',(0.,0.,-1.));
#2400=DIRECTION('',(0.,-1.,0.));
#2401=DIRECTION('center_axis',(0.,-1.,0.));
#2402=DIRECTION('ref_axis',(-1.,0.,0.));
#2403=DIRECTION('',(-1.,0.,0.));
#2404=DIRECTION('',(0.,0.,-1.));
#2405=DIRECTION('',(-1.,0.,0.));
#2406=DIRECTION('',(0.,0.,-1.));
#2407=DIRECTION('center_axis',(1.,0.,0.));
#2408=DIRECTION('ref_axis',(0.,-1.,0.));
#2409=DIRECTION('',(0.,-1.,0.));
#2410=DIRECTION('',(0.,0.,-1.));
#2411=DIRECTION('',(0.,-1.,0.));
#2412=DIRECTION('center_axis',(1.,0.,0.));
#2413=DIRECTION('ref_axis',(0.,-1.,0.));
#2414=DIRECTION('',(0.,-1.,0.));
#2415=DIRECTION('',(0.,0.,-1.));
#2416=DIRECTION('',(0.,-1.,0.));
#2417=DIRECTION('',(0.,0.,-1.));
#2418=DIRECTION('center_axis',(-1.,0.,0.));
#2419=DIRECTION('ref_axis',(0.,1.,0.));
#2420=DIRECTION('',(0.,-1.,0.));
#2421=DIRECTION('',(0.,1.,0.));
#2422=DIRECTION('',(0.,0.,-1.));
#2423=DIRECTION('center_axis',(-1.,0.,0.));
#2424=DIRECTION('ref_axis',(0.,1.,0.));
#2425=DIRECTION('',(0.,1.,0.));
#2426=DIRECTION('',(0.,1.,0.));
#2427=DIRECTION('',(0.,0.,-1.));
#2428=DIRECTION('center_axis',(0.,0.,1.));
#2429=DIRECTION('ref_axis',(-1.,0.,0.));
#2430=DIRECTION('center_axis',(0.,0.,1.));
#2431=DIRECTION('ref_axis',(-1.,0.,0.));
#2432=DIRECTION('',(1.,0.,0.));
#2433=DIRECTION('',(1.,0.,0.));
#2434=DIRECTION('',(1.,0.,0.));
#2435=DIRECTION('center_axis',(0.,0.,1.));
#2436=DIRECTION('ref_axis',(1.,0.,0.));
#2437=DIRECTION('',(-1.,0.,0.));
#2438=DIRECTION('',(0.,-1.,0.));
#2439=DIRECTION('',(1.,0.,0.));
#2440=DIRECTION('',(0.,1.,0.));
#2441=DIRECTION('',(-1.,0.,0.));
#2442=DIRECTION('center_axis',(0.,0.,-1.));
#2443=DIRECTION('ref_axis',(-1.,0.,0.));
#2444=DIRECTION('center_axis',(0.,0.,-1.));
#2445=DIRECTION('ref_axis',(-1.,0.,0.));
#2446=DIRECTION('center_axis',(0.,0.,-1.));
#2447=DIRECTION('ref_axis',(-1.,0.,0.));
#2448=DIRECTION('center_axis',(0.,0.,-1.));
#2449=DIRECTION('ref_axis',(-1.,0.,0.));
#2450=DIRECTION('center_axis',(0.,0.,-1.));
#2451=DIRECTION('ref_axis',(-1.,0.,0.));
#2452=DIRECTION('center_axis',(0.,0.,-1.));
#2453=DIRECTION('ref_axis',(-1.,0.,0.));
#2454=DIRECTION('center_axis',(0.,0.,-1.));
#2455=DIRECTION('ref_axis',(-1.,0.,0.));
#2456=DIRECTION('center_axis',(0.,0.,-1.));
#2457=DIRECTION('ref_axis',(-1.,0.,0.));
#2458=DIRECTION('center_axis',(0.,0.,-1.));
#2459=DIRECTION('ref_axis',(-1.,0.,0.));
#2460=DIRECTION('center_axis',(0.,0.,-1.));
#2461=DIRECTION('ref_axis',(-1.,0.,0.));
#2462=DIRECTION('center_axis',(0.,0.,-1.));
#2463=DIRECTION('ref_axis',(-1.,0.,0.));
#2464=DIRECTION('center_axis',(0.,0.,-1.));
#2465=DIRECTION('ref_axis',(-1.,0.,0.));
#2466=DIRECTION('center_axis',(0.,0.,-1.));
#2467=DIRECTION('ref_axis',(-1.,0.,0.));
#2468=DIRECTION('center_axis',(0.,0.,-1.));
#2469=DIRECTION('ref_axis',(-1.,0.,0.));
#2470=DIRECTION('center_axis',(0.,0.,-1.));
#2471=DIRECTION('ref_axis',(-1.,0.,0.));
#2472=DIRECTION('center_axis',(0.,0.,-1.));
#2473=DIRECTION('ref_axis',(-1.,0.,0.));
#2474=DIRECTION('center_axis',(0.,0.,-1.));
#2475=DIRECTION('ref_axis',(-1.,0.,0.));
#2476=DIRECTION('center_axis',(0.,0.,-1.));
#2477=DIRECTION('ref_axis',(-1.,0.,0.));
#2478=DIRECTION('center_axis',(0.,0.,-1.));
#2479=DIRECTION('ref_axis',(-1.,0.,0.));
#2480=DIRECTION('center_axis',(0.,0.,-1.));
#2481=DIRECTION('ref_axis',(-1.,0.,0.));
#2482=DIRECTION('center_axis',(0.,0.,-1.));
#2483=DIRECTION('ref_axis',(-1.,0.,0.));
#2484=DIRECTION('center_axis',(1.,0.,0.));
#2485=DIRECTION('ref_axis',(0.,0.,1.));
#2486=DIRECTION('',(0.,0.,-1.));
#2487=DIRECTION('',(0.,-1.,0.));
#2488=DIRECTION('',(0.,-1.,0.));
#2489=DIRECTION('center_axis',(-1.,0.,0.));
#2490=DIRECTION('ref_axis',(0.,0.,-1.));
#2491=DIRECTION('',(0.,0.,1.));
#2492=DIRECTION('',(0.,-1.,0.));
#2493=DIRECTION('',(0.,-1.,0.));
#2494=DIRECTION('center_axis',(0.,1.,0.));
#2495=DIRECTION('ref_axis',(-1.,0.,0.));
#2496=DIRECTION('center_axis',(0.,-1.,0.));
#2497=DIRECTION('ref_axis',(1.,0.,2.22044604925032E-15));
#2498=DIRECTION('',(1.,0.,2.48765731366118E-16));
#2499=DIRECTION('center_axis',(0.,-1.,0.));
#2500=DIRECTION('ref_axis',(-4.4408920985006E-15,0.,-1.));
#2501=DIRECTION('center_axis',(0.,-1.,0.));
#2502=DIRECTION('ref_axis',(-1.,0.,3.33066907387545E-15));
#2503=DIRECTION('center_axis',(0.,1.,0.));
#2504=DIRECTION('ref_axis',(-1.,0.,3.33066907387545E-15));
#2505=DIRECTION('',(0.,-1.,0.));
#2506=DIRECTION('center_axis',(1.24382865683059E-16,0.,1.));
#2507=DIRECTION('ref_axis',(-1.,0.,1.24382865683059E-16));
#2508=DIRECTION('',(1.,0.,-1.24382865683059E-16));
#2509=DIRECTION('',(0.,-1.,0.));
#2510=DIRECTION('center_axis',(0.,-1.,0.));
#2511=DIRECTION('ref_axis',(0.,0.,1.));
#2512=DIRECTION('center_axis',(0.,1.,0.));
#2513=DIRECTION('ref_axis',(0.,0.,1.));
#2514=DIRECTION('center_axis',(0.,-1.,0.));
#2515=DIRECTION('ref_axis',(1.,0.,2.22044604925032E-15));
#2516=DIRECTION('',(0.,-1.,0.));
#2517=DIRECTION('center_axis',(2.48765731366118E-16,0.,-1.));
#2518=DIRECTION('ref_axis',(1.,0.,2.48765731366118E-16));
#2519=DIRECTION('',(0.,-1.,0.));
#2520=DIRECTION('center_axis',(0.,-1.,0.));
#2521=DIRECTION('ref_axis',(-4.4408920985006E-15,0.,-1.));
#2522=DIRECTION('center_axis',(0.,0.,1.));
#2523=DIRECTION('ref_axis',(1.,0.,0.));
#2524=DIRECTION('center_axis',(0.,0.,-1.));
#2525=DIRECTION('ref_axis',(1.,0.,0.));
#2526=DIRECTION('',(0.857167300702112,-1.04972719113862E-16,-0.515038074910054));
#2527=DIRECTION('center_axis',(0.,0.,-1.));
#2528=DIRECTION('ref_axis',(1.,0.,0.));
#2529=DIRECTION('center_axis',(0.,0.,-1.));
#2530=DIRECTION('ref_axis',(1.,0.,0.));
#2531=DIRECTION('',(0.,0.,-1.));
#2532=DIRECTION('center_axis',(0.,0.,1.));
#2533=DIRECTION('ref_axis',(1.,0.,0.));
#2534=DIRECTION('center_axis',(0.,0.,-1.));
#2535=DIRECTION('ref_axis',(1.,0.,0.));
#2536=DIRECTION('',(0.857167300702112,-1.04972719113862E-16,-0.515038074910054));
#2537=DIRECTION('center_axis',(0.,0.,-1.));
#2538=DIRECTION('ref_axis',(1.,0.,0.));
#2539=DIRECTION('center_axis',(0.,0.,-1.));
#2540=DIRECTION('ref_axis',(1.,0.,0.));
#2541=DIRECTION('',(0.,0.,-1.));
#2542=DIRECTION('center_axis',(0.,0.,1.));
#2543=DIRECTION('ref_axis',(1.,0.,0.));
#2544=DIRECTION('center_axis',(0.,0.,-1.));
#2545=DIRECTION('ref_axis',(1.,0.,0.));
#2546=DIRECTION('',(0.857167300702112,-1.04972719113862E-16,-0.515038074910054));
#2547=DIRECTION('center_axis',(0.,0.,-1.));
#2548=DIRECTION('ref_axis',(1.,0.,0.));
#2549=DIRECTION('center_axis',(0.,0.,-1.));
#2550=DIRECTION('ref_axis',(1.,0.,0.));
#2551=DIRECTION('',(0.,0.,-1.));
#2552=DIRECTION('center_axis',(0.,0.,1.));
#2553=DIRECTION('ref_axis',(1.,0.,0.));
#2554=DIRECTION('center_axis',(0.,0.,-1.));
#2555=DIRECTION('ref_axis',(1.,0.,0.));
#2556=DIRECTION('',(0.857167300702112,-1.04972719113862E-16,-0.515038074910054));
#2557=DIRECTION('center_axis',(0.,0.,-1.));
#2558=DIRECTION('ref_axis',(1.,0.,0.));
#2559=DIRECTION('center_axis',(0.,0.,-1.));
#2560=DIRECTION('ref_axis',(1.,0.,0.));
#2561=DIRECTION('',(0.,0.,-1.));
#2562=DIRECTION('center_axis',(0.,0.,1.));
#2563=DIRECTION('ref_axis',(1.,0.,0.));
#2564=DIRECTION('center_axis',(0.,0.,-1.));
#2565=DIRECTION('ref_axis',(1.,0.,0.));
#2566=DIRECTION('',(0.857167300702112,-1.04972719113862E-16,-0.515038074910054));
#2567=DIRECTION('center_axis',(0.,0.,-1.));
#2568=DIRECTION('ref_axis',(1.,0.,0.));
#2569=DIRECTION('center_axis',(0.,0.,-1.));
#2570=DIRECTION('ref_axis',(1.,0.,0.));
#2571=DIRECTION('',(0.,0.,-1.));
#2572=DIRECTION('center_axis',(0.,0.,1.));
#2573=DIRECTION('ref_axis',(1.,0.,0.));
#2574=DIRECTION('center_axis',(0.,0.,-1.));
#2575=DIRECTION('ref_axis',(1.,0.,0.));
#2576=DIRECTION('',(0.857167300702112,-1.04972719113862E-16,-0.515038074910054));
#2577=DIRECTION('center_axis',(0.,0.,-1.));
#2578=DIRECTION('ref_axis',(1.,0.,0.));
#2579=DIRECTION('center_axis',(0.,0.,-1.));
#2580=DIRECTION('ref_axis',(1.,0.,0.));
#2581=DIRECTION('',(0.,0.,-1.));
#2582=DIRECTION('center_axis',(0.,0.,1.));
#2583=DIRECTION('ref_axis',(1.,0.,0.));
#2584=DIRECTION('center_axis',(0.,0.,-1.));
#2585=DIRECTION('ref_axis',(1.,0.,0.));
#2586=DIRECTION('',(0.857167300702112,-1.04972719113862E-16,-0.515038074910054));
#2587=DIRECTION('center_axis',(0.,0.,-1.));
#2588=DIRECTION('ref_axis',(1.,0.,0.));
#2589=DIRECTION('center_axis',(0.,0.,-1.));
#2590=DIRECTION('ref_axis',(1.,0.,0.));
#2591=DIRECTION('',(0.,0.,-1.));
#2592=DIRECTION('center_axis',(0.,0.,1.));
#2593=DIRECTION('ref_axis',(1.,0.,0.));
#2594=DIRECTION('center_axis',(0.,0.,-1.));
#2595=DIRECTION('ref_axis',(1.,0.,0.));
#2596=DIRECTION('',(0.857167300702112,-1.04972719113862E-16,-0.515038074910054));
#2597=DIRECTION('center_axis',(0.,0.,-1.));
#2598=DIRECTION('ref_axis',(1.,0.,0.));
#2599=DIRECTION('center_axis',(0.,0.,-1.));
#2600=DIRECTION('ref_axis',(1.,0.,0.));
#2601=DIRECTION('',(0.,0.,-1.));
#2602=DIRECTION('center_axis',(0.,0.,1.));
#2603=DIRECTION('ref_axis',(1.,0.,0.));
#2604=DIRECTION('center_axis',(0.,0.,-1.));
#2605=DIRECTION('ref_axis',(1.,0.,0.));
#2606=DIRECTION('',(0.857167300702112,-1.04972719113862E-16,-0.515038074910054));
#2607=DIRECTION('center_axis',(0.,0.,-1.));
#2608=DIRECTION('ref_axis',(1.,0.,0.));
#2609=DIRECTION('center_axis',(0.,0.,-1.));
#2610=DIRECTION('ref_axis',(1.,0.,0.));
#2611=DIRECTION('',(0.,0.,-1.));
#2612=DIRECTION('center_axis',(0.,0.,1.));
#2613=DIRECTION('ref_axis',(1.,0.,0.));
#2614=DIRECTION('center_axis',(0.,0.,-1.));
#2615=DIRECTION('ref_axis',(1.,0.,0.));
#2616=DIRECTION('',(0.857167300702112,-1.04972719113862E-16,-0.515038074910054));
#2617=DIRECTION('center_axis',(0.,0.,-1.));
#2618=DIRECTION('ref_axis',(1.,0.,0.));
#2619=DIRECTION('center_axis',(0.,0.,-1.));
#2620=DIRECTION('ref_axis',(1.,0.,0.));
#2621=DIRECTION('',(0.,0.,-1.));
#2622=DIRECTION('center_axis',(0.,0.,1.));
#2623=DIRECTION('ref_axis',(1.,0.,0.));
#2624=DIRECTION('center_axis',(0.,0.,-1.));
#2625=DIRECTION('ref_axis',(1.,0.,0.));
#2626=DIRECTION('',(0.857167300702112,-1.04972719113862E-16,-0.515038074910054));
#2627=DIRECTION('center_axis',(0.,0.,-1.));
#2628=DIRECTION('ref_axis',(1.,0.,0.));
#2629=DIRECTION('center_axis',(0.,0.,-1.));
#2630=DIRECTION('ref_axis',(1.,0.,0.));
#2631=DIRECTION('',(0.,0.,-1.));
#2632=DIRECTION('center_axis',(0.,0.,1.));
#2633=DIRECTION('ref_axis',(1.,0.,0.));
#2634=DIRECTION('center_axis',(0.,0.,-1.));
#2635=DIRECTION('ref_axis',(1.,0.,0.));
#2636=DIRECTION('',(0.857167300702112,-1.04972719113862E-16,-0.515038074910054));
#2637=DIRECTION('center_axis',(0.,0.,-1.));
#2638=DIRECTION('ref_axis',(1.,0.,0.));
#2639=DIRECTION('center_axis',(0.,0.,-1.));
#2640=DIRECTION('ref_axis',(1.,0.,0.));
#2641=DIRECTION('',(0.,0.,-1.));
#2642=DIRECTION('center_axis',(0.,0.,1.));
#2643=DIRECTION('ref_axis',(1.,0.,0.));
#2644=DIRECTION('center_axis',(0.,0.,-1.));
#2645=DIRECTION('ref_axis',(1.,0.,0.));
#2646=DIRECTION('',(0.857167300702112,-1.04972719113862E-16,-0.515038074910054));
#2647=DIRECTION('center_axis',(0.,0.,-1.));
#2648=DIRECTION('ref_axis',(1.,0.,0.));
#2649=DIRECTION('center_axis',(0.,0.,-1.));
#2650=DIRECTION('ref_axis',(1.,0.,0.));
#2651=DIRECTION('',(0.,0.,-1.));
#2652=DIRECTION('center_axis',(0.,0.,1.));
#2653=DIRECTION('ref_axis',(1.,0.,0.));
#2654=DIRECTION('center_axis',(0.,0.,-1.));
#2655=DIRECTION('ref_axis',(1.,0.,0.));
#2656=DIRECTION('',(0.857167300702112,-1.04972719113862E-16,-0.515038074910054));
#2657=DIRECTION('center_axis',(0.,0.,-1.));
#2658=DIRECTION('ref_axis',(1.,0.,0.));
#2659=DIRECTION('center_axis',(0.,0.,-1.));
#2660=DIRECTION('ref_axis',(1.,0.,0.));
#2661=DIRECTION('',(0.,0.,-1.));
#2662=DIRECTION('center_axis',(0.,0.,1.));
#2663=DIRECTION('ref_axis',(1.,0.,0.));
#2664=DIRECTION('center_axis',(0.,0.,-1.));
#2665=DIRECTION('ref_axis',(1.,0.,0.));
#2666=DIRECTION('',(0.857167300702112,-1.04972719113862E-16,-0.515038074910054));
#2667=DIRECTION('center_axis',(0.,0.,-1.));
#2668=DIRECTION('ref_axis',(1.,0.,0.));
#2669=DIRECTION('center_axis',(0.,0.,-1.));
#2670=DIRECTION('ref_axis',(1.,0.,0.));
#2671=DIRECTION('',(0.,0.,-1.));
#2672=DIRECTION('center_axis',(0.,0.,1.));
#2673=DIRECTION('ref_axis',(1.,0.,0.));
#2674=DIRECTION('center_axis',(0.,0.,-1.));
#2675=DIRECTION('ref_axis',(1.,0.,0.));
#2676=DIRECTION('',(0.857167300702112,-1.04972719113862E-16,-0.515038074910054));
#2677=DIRECTION('center_axis',(0.,0.,-1.));
#2678=DIRECTION('ref_axis',(1.,0.,0.));
#2679=DIRECTION('center_axis',(0.,0.,-1.));
#2680=DIRECTION('ref_axis',(1.,0.,0.));
#2681=DIRECTION('',(0.,0.,-1.));
#2682=DIRECTION('center_axis',(0.,0.,1.));
#2683=DIRECTION('ref_axis',(1.,0.,0.));
#2684=DIRECTION('center_axis',(0.,0.,-1.));
#2685=DIRECTION('ref_axis',(1.,0.,0.));
#2686=DIRECTION('',(0.857167300702112,-1.04972719113862E-16,-0.515038074910054));
#2687=DIRECTION('center_axis',(0.,0.,-1.));
#2688=DIRECTION('ref_axis',(1.,0.,0.));
#2689=DIRECTION('center_axis',(0.,0.,-1.));
#2690=DIRECTION('ref_axis',(1.,0.,0.));
#2691=DIRECTION('',(0.,0.,-1.));
#2692=DIRECTION('center_axis',(0.,0.,1.));
#2693=DIRECTION('ref_axis',(1.,0.,0.));
#2694=DIRECTION('center_axis',(0.,0.,-1.));
#2695=DIRECTION('ref_axis',(1.,0.,0.));
#2696=DIRECTION('',(0.857167300702112,-1.04972719113862E-16,-0.515038074910054));
#2697=DIRECTION('center_axis',(0.,0.,-1.));
#2698=DIRECTION('ref_axis',(1.,0.,0.));
#2699=DIRECTION('center_axis',(0.,0.,-1.));
#2700=DIRECTION('ref_axis',(1.,0.,0.));
#2701=DIRECTION('',(0.,0.,-1.));
#2702=DIRECTION('center_axis',(0.,0.,1.));
#2703=DIRECTION('ref_axis',(1.,0.,0.));
#2704=DIRECTION('center_axis',(0.,0.,-1.));
#2705=DIRECTION('ref_axis',(1.,0.,0.));
#2706=DIRECTION('',(0.857167300702112,-1.04972719113862E-16,-0.515038074910054));
#2707=DIRECTION('center_axis',(0.,0.,-1.));
#2708=DIRECTION('ref_axis',(1.,0.,0.));
#2709=DIRECTION('center_axis',(0.,0.,-1.));
#2710=DIRECTION('ref_axis',(1.,0.,0.));
#2711=DIRECTION('',(0.,0.,-1.));
#2712=DIRECTION('center_axis',(0.,0.,1.));
#2713=DIRECTION('ref_axis',(1.,0.,0.));
#2714=DIRECTION('center_axis',(0.,0.,-1.));
#2715=DIRECTION('ref_axis',(1.,0.,0.));
#2716=DIRECTION('',(0.857167300702112,-1.04972719113862E-16,-0.515038074910054));
#2717=DIRECTION('center_axis',(0.,0.,-1.));
#2718=DIRECTION('ref_axis',(1.,0.,0.));
#2719=DIRECTION('center_axis',(0.,0.,-1.));
#2720=DIRECTION('ref_axis',(1.,0.,0.));
#2721=DIRECTION('',(0.,0.,-1.));
#2722=DIRECTION('center_axis',(0.,0.,-1.));
#2723=DIRECTION('ref_axis',(-1.,0.,0.));
#2724=DIRECTION('center_axis',(0.,0.,-1.));
#2725=DIRECTION('ref_axis',(-1.,0.,0.));
#2726=DIRECTION('',(0.099503719020998,1.21856911002323E-17,-0.995037190209989));
#2727=DIRECTION('center_axis',(0.,0.,1.));
#2728=DIRECTION('ref_axis',(-1.,0.,0.));
#2729=DIRECTION('center_axis',(0.,0.,1.));
#2730=DIRECTION('ref_axis',(-1.,0.,0.));
#2731=DIRECTION('',(0.,0.,-1.));
#2732=DIRECTION('center_axis',(0.,0.,1.));
#2733=DIRECTION('ref_axis',(-1.,0.,0.));
#2734=DIRECTION('center_axis',(0.,0.,-1.));
#2735=DIRECTION('ref_axis',(-1.,0.,0.));
#2736=DIRECTION('center_axis',(0.,0.,-1.));
#2737=DIRECTION('ref_axis',(-1.,0.,0.));
#2738=DIRECTION('',(0.099503719020998,1.21856911002323E-17,-0.995037190209989));
#2739=DIRECTION('center_axis',(0.,0.,1.));
#2740=DIRECTION('ref_axis',(-1.,0.,0.));
#2741=DIRECTION('center_axis',(0.,0.,1.));
#2742=DIRECTION('ref_axis',(-1.,0.,0.));
#2743=DIRECTION('',(0.,0.,-1.));
#2744=DIRECTION('center_axis',(0.,0.,1.));
#2745=DIRECTION('ref_axis',(-1.,0.,0.));
#2746=DIRECTION('center_axis',(0.,0.,-1.));
#2747=DIRECTION('ref_axis',(-1.,0.,0.));
#2748=DIRECTION('center_axis',(0.,0.,-1.));
#2749=DIRECTION('ref_axis',(-1.,0.,0.));
#2750=DIRECTION('',(0.099503719020998,1.21856911002323E-17,-0.995037190209989));
#2751=DIRECTION('center_axis',(0.,0.,1.));
#2752=DIRECTION('ref_axis',(-1.,0.,0.));
#2753=DIRECTION('center_axis',(0.,0.,1.));
#2754=DIRECTION('ref_axis',(-1.,0.,0.));
#2755=DIRECTION('',(0.,0.,-1.));
#2756=DIRECTION('center_axis',(0.,0.,1.));
#2757=DIRECTION('ref_axis',(-1.,0.,0.));
#2758=DIRECTION('center_axis',(0.,0.,-1.));
#2759=DIRECTION('ref_axis',(-1.,0.,0.));
#2760=DIRECTION('center_axis',(0.,0.,-1.));
#2761=DIRECTION('ref_axis',(-1.,0.,0.));
#2762=DIRECTION('',(0.099503719020998,1.21856911002323E-17,-0.995037190209989));
#2763=DIRECTION('center_axis',(0.,0.,1.));
#2764=DIRECTION('ref_axis',(-1.,0.,0.));
#2765=DIRECTION('center_axis',(0.,0.,1.));
#2766=DIRECTION('ref_axis',(-1.,0.,0.));
#2767=DIRECTION('',(0.,0.,-1.));
#2768=DIRECTION('center_axis',(0.,0.,1.));
#2769=DIRECTION('ref_axis',(-1.,0.,0.));
#2770=DIRECTION('center_axis',(0.,0.,-1.));
#2771=DIRECTION('ref_axis',(-1.,0.,0.));
#2772=DIRECTION('center_axis',(0.,0.,-1.));
#2773=DIRECTION('ref_axis',(-1.,0.,0.));
#2774=DIRECTION('',(0.099503719020998,1.21856911002323E-17,-0.995037190209989));
#2775=DIRECTION('center_axis',(0.,0.,1.));
#2776=DIRECTION('ref_axis',(-1.,0.,0.));
#2777=DIRECTION('center_axis',(0.,0.,1.));
#2778=DIRECTION('ref_axis',(-1.,0.,0.));
#2779=DIRECTION('',(0.,0.,-1.));
#2780=DIRECTION('center_axis',(0.,0.,1.));
#2781=DIRECTION('ref_axis',(-1.,0.,0.));
#2782=DIRECTION('center_axis',(0.,0.,-1.));
#2783=DIRECTION('ref_axis',(-1.,0.,0.));
#2784=DIRECTION('center_axis',(0.,0.,-1.));
#2785=DIRECTION('ref_axis',(-1.,0.,0.));
#2786=DIRECTION('',(0.099503719020998,1.21856911002323E-17,-0.995037190209989));
#2787=DIRECTION('center_axis',(0.,0.,1.));
#2788=DIRECTION('ref_axis',(-1.,0.,0.));
#2789=DIRECTION('center_axis',(0.,0.,1.));
#2790=DIRECTION('ref_axis',(-1.,0.,0.));
#2791=DIRECTION('',(0.,0.,-1.));
#2792=DIRECTION('center_axis',(0.,0.,1.));
#2793=DIRECTION('ref_axis',(-1.,0.,0.));
#2794=DIRECTION('center_axis',(0.,0.,-1.));
#2795=DIRECTION('ref_axis',(-1.,0.,0.));
#2796=DIRECTION('center_axis',(0.,0.,-1.));
#2797=DIRECTION('ref_axis',(-1.,0.,0.));
#2798=DIRECTION('',(0.099503719020998,1.21856911002323E-17,-0.995037190209989));
#2799=DIRECTION('center_axis',(0.,0.,1.));
#2800=DIRECTION('ref_axis',(-1.,0.,0.));
#2801=DIRECTION('center_axis',(0.,0.,1.));
#2802=DIRECTION('ref_axis',(-1.,0.,0.));
#2803=DIRECTION('',(0.,0.,-1.));
#2804=DIRECTION('center_axis',(0.,0.,1.));
#2805=DIRECTION('ref_axis',(-1.,0.,0.));
#2806=DIRECTION('center_axis',(0.,0.,-1.));
#2807=DIRECTION('ref_axis',(-1.,0.,0.));
#2808=DIRECTION('center_axis',(0.,0.,-1.));
#2809=DIRECTION('ref_axis',(-1.,0.,0.));
#2810=DIRECTION('',(0.099503719020998,1.21856911002323E-17,-0.995037190209989));
#2811=DIRECTION('center_axis',(0.,0.,1.));
#2812=DIRECTION('ref_axis',(-1.,0.,0.));
#2813=DIRECTION('center_axis',(0.,0.,1.));
#2814=DIRECTION('ref_axis',(-1.,0.,0.));
#2815=DIRECTION('',(0.,0.,-1.));
#2816=DIRECTION('center_axis',(0.,0.,1.));
#2817=DIRECTION('ref_axis',(-1.,0.,0.));
#2818=DIRECTION('center_axis',(0.,0.,-1.));
#2819=DIRECTION('ref_axis',(-1.,0.,0.));
#2820=DIRECTION('center_axis',(0.,0.,-1.));
#2821=DIRECTION('ref_axis',(-1.,0.,0.));
#2822=DIRECTION('',(0.0995037190209992,1.21856911002324E-17,-0.995037190209989));
#2823=DIRECTION('center_axis',(0.,0.,1.));
#2824=DIRECTION('ref_axis',(-1.,0.,0.));
#2825=DIRECTION('center_axis',(0.,0.,1.));
#2826=DIRECTION('ref_axis',(-1.,0.,0.));
#2827=DIRECTION('',(0.,0.,-1.));
#2828=DIRECTION('center_axis',(0.,0.,1.));
#2829=DIRECTION('ref_axis',(-1.,0.,0.));
#2830=DIRECTION('center_axis',(0.,0.,-1.));
#2831=DIRECTION('ref_axis',(-1.,0.,0.));
#2832=DIRECTION('center_axis',(0.,0.,-1.));
#2833=DIRECTION('ref_axis',(-1.,0.,0.));
#2834=DIRECTION('',(0.0995037190209992,1.21856911002324E-17,-0.995037190209989));
#2835=DIRECTION('center_axis',(0.,0.,1.));
#2836=DIRECTION('ref_axis',(-1.,0.,0.));
#2837=DIRECTION('center_axis',(0.,0.,1.));
#2838=DIRECTION('ref_axis',(-1.,0.,0.));
#2839=DIRECTION('',(0.,0.,-1.));
#2840=DIRECTION('center_axis',(0.,0.,1.));
#2841=DIRECTION('ref_axis',(-1.,0.,0.));
#2842=DIRECTION('center_axis',(0.,0.,-1.));
#2843=DIRECTION('ref_axis',(-1.,0.,0.));
#2844=DIRECTION('center_axis',(0.,0.,-1.));
#2845=DIRECTION('ref_axis',(-1.,0.,0.));
#2846=DIRECTION('',(0.0995037190209992,1.21856911002324E-17,-0.995037190209989));
#2847=DIRECTION('center_axis',(0.,0.,1.));
#2848=DIRECTION('ref_axis',(-1.,0.,0.));
#2849=DIRECTION('center_axis',(0.,0.,1.));
#2850=DIRECTION('ref_axis',(-1.,0.,0.));
#2851=DIRECTION('',(0.,0.,-1.));
#2852=DIRECTION('center_axis',(0.,0.,1.));
#2853=DIRECTION('ref_axis',(-1.,0.,0.));
#2854=DIRECTION('center_axis',(0.,0.,-1.));
#2855=DIRECTION('ref_axis',(-1.,0.,0.));
#2856=DIRECTION('center_axis',(0.,0.,-1.));
#2857=DIRECTION('ref_axis',(-1.,0.,0.));
#2858=DIRECTION('',(0.0995037190209992,1.21856911002324E-17,-0.995037190209989));
#2859=DIRECTION('center_axis',(0.,0.,1.));
#2860=DIRECTION('ref_axis',(-1.,0.,0.));
#2861=DIRECTION('center_axis',(0.,0.,1.));
#2862=DIRECTION('ref_axis',(-1.,0.,0.));
#2863=DIRECTION('',(0.,0.,-1.));
#2864=DIRECTION('center_axis',(0.,0.,1.));
#2865=DIRECTION('ref_axis',(-1.,0.,0.));
#2866=DIRECTION('center_axis',(0.,0.,-1.));
#2867=DIRECTION('ref_axis',(-1.,0.,0.));
#2868=DIRECTION('center_axis',(0.,0.,-1.));
#2869=DIRECTION('ref_axis',(-1.,0.,0.));
#2870=DIRECTION('',(0.0995037190209992,1.21856911002324E-17,-0.995037190209989));
#2871=DIRECTION('center_axis',(0.,0.,1.));
#2872=DIRECTION('ref_axis',(-1.,0.,0.));
#2873=DIRECTION('center_axis',(0.,0.,1.));
#2874=DIRECTION('ref_axis',(-1.,0.,0.));
#2875=DIRECTION('',(0.,0.,-1.));
#2876=DIRECTION('center_axis',(0.,0.,1.));
#2877=DIRECTION('ref_axis',(-1.,0.,0.));
#2878=DIRECTION('center_axis',(0.,0.,-1.));
#2879=DIRECTION('ref_axis',(-1.,0.,0.));
#2880=DIRECTION('center_axis',(0.,0.,-1.));
#2881=DIRECTION('ref_axis',(-1.,0.,0.));
#2882=DIRECTION('',(0.0995037190209992,1.21856911002324E-17,-0.995037190209989));
#2883=DIRECTION('center_axis',(0.,0.,1.));
#2884=DIRECTION('ref_axis',(-1.,0.,0.));
#2885=DIRECTION('center_axis',(0.,0.,1.));
#2886=DIRECTION('ref_axis',(-1.,0.,0.));
#2887=DIRECTION('',(0.,0.,-1.));
#2888=DIRECTION('center_axis',(0.,0.,1.));
#2889=DIRECTION('ref_axis',(-1.,0.,0.));
#2890=DIRECTION('center_axis',(0.,0.,-1.));
#2891=DIRECTION('ref_axis',(-1.,0.,0.));
#2892=DIRECTION('center_axis',(0.,0.,-1.));
#2893=DIRECTION('ref_axis',(-1.,0.,0.));
#2894=DIRECTION('',(0.0995037190209992,1.21856911002324E-17,-0.995037190209989));
#2895=DIRECTION('center_axis',(0.,0.,1.));
#2896=DIRECTION('ref_axis',(-1.,0.,0.));
#2897=DIRECTION('center_axis',(0.,0.,1.));
#2898=DIRECTION('ref_axis',(-1.,0.,0.));
#2899=DIRECTION('',(0.,0.,-1.));
#2900=DIRECTION('center_axis',(0.,0.,1.));
#2901=DIRECTION('ref_axis',(-1.,0.,0.));
#2902=DIRECTION('center_axis',(0.,0.,-1.));
#2903=DIRECTION('ref_axis',(-1.,0.,0.));
#2904=DIRECTION('center_axis',(0.,0.,-1.));
#2905=DIRECTION('ref_axis',(-1.,0.,0.));
#2906=DIRECTION('',(0.0995037190209992,1.21856911002324E-17,-0.995037190209989));
#2907=DIRECTION('center_axis',(0.,0.,1.));
#2908=DIRECTION('ref_axis',(-1.,0.,0.));
#2909=DIRECTION('center_axis',(0.,0.,1.));
#2910=DIRECTION('ref_axis',(-1.,0.,0.));
#2911=DIRECTION('',(0.,0.,-1.));
#2912=DIRECTION('center_axis',(0.,0.,1.));
#2913=DIRECTION('ref_axis',(-1.,0.,0.));
#2914=DIRECTION('center_axis',(0.,0.,-1.));
#2915=DIRECTION('ref_axis',(-1.,0.,0.));
#2916=DIRECTION('center_axis',(0.,0.,-1.));
#2917=DIRECTION('ref_axis',(-1.,0.,0.));
#2918=DIRECTION('',(0.0995037190209992,1.21856911002324E-17,-0.995037190209989));
#2919=DIRECTION('center_axis',(0.,0.,1.));
#2920=DIRECTION('ref_axis',(-1.,0.,0.));
#2921=DIRECTION('center_axis',(0.,0.,1.));
#2922=DIRECTION('ref_axis',(-1.,0.,0.));
#2923=DIRECTION('',(0.,0.,-1.));
#2924=DIRECTION('center_axis',(0.,0.,1.));
#2925=DIRECTION('ref_axis',(-1.,0.,0.));
#2926=DIRECTION('center_axis',(0.,0.,-1.));
#2927=DIRECTION('ref_axis',(-1.,0.,0.));
#2928=DIRECTION('center_axis',(0.,0.,-1.));
#2929=DIRECTION('ref_axis',(-1.,0.,0.));
#2930=DIRECTION('',(0.0995037190209989,1.21856911002324E-17,-0.995037190209989));
#2931=DIRECTION('center_axis',(0.,0.,1.));
#2932=DIRECTION('ref_axis',(-1.,0.,0.));
#2933=DIRECTION('center_axis',(0.,0.,1.));
#2934=DIRECTION('ref_axis',(-1.,0.,0.));
#2935=DIRECTION('',(0.,0.,-1.));
#2936=DIRECTION('center_axis',(0.,0.,1.));
#2937=DIRECTION('ref_axis',(-1.,0.,0.));
#2938=DIRECTION('center_axis',(0.,0.,-1.));
#2939=DIRECTION('ref_axis',(-1.,0.,0.));
#2940=DIRECTION('center_axis',(0.,0.,-1.));
#2941=DIRECTION('ref_axis',(-1.,0.,0.));
#2942=DIRECTION('',(0.0995037190209989,1.21856911002324E-17,-0.995037190209989));
#2943=DIRECTION('center_axis',(0.,0.,1.));
#2944=DIRECTION('ref_axis',(-1.,0.,0.));
#2945=DIRECTION('center_axis',(0.,0.,1.));
#2946=DIRECTION('ref_axis',(-1.,0.,0.));
#2947=DIRECTION('',(0.,0.,-1.));
#2948=DIRECTION('center_axis',(0.,0.,1.));
#2949=DIRECTION('ref_axis',(-1.,0.,0.));
#2950=DIRECTION('center_axis',(0.,0.,-1.));
#2951=DIRECTION('ref_axis',(-1.,0.,0.));
#2952=DIRECTION('center_axis',(0.,0.,-1.));
#2953=DIRECTION('ref_axis',(-1.,0.,0.));
#2954=DIRECTION('',(0.0995037190209989,1.21856911002324E-17,-0.995037190209989));
#2955=DIRECTION('center_axis',(0.,0.,1.));
#2956=DIRECTION('ref_axis',(-1.,0.,0.));
#2957=DIRECTION('center_axis',(0.,0.,1.));
#2958=DIRECTION('ref_axis',(-1.,0.,0.));
#2959=DIRECTION('',(0.,0.,-1.));
#2960=DIRECTION('center_axis',(0.,0.,1.));
#2961=DIRECTION('ref_axis',(-1.,0.,0.));
#2962=DIRECTION('center_axis',(0.,-1.,0.));
#2963=DIRECTION('ref_axis',(1.,0.,0.));
#2964=DIRECTION('',(0.,0.,1.));
#2965=DIRECTION('',(0.,0.,1.));
#2966=DIRECTION('center_axis',(1.,0.,0.));
#2967=DIRECTION('ref_axis',(0.,1.,0.));
#2968=DIRECTION('',(0.,0.,1.));
#2969=DIRECTION('center_axis',(0.,1.,0.));
#2970=DIRECTION('ref_axis',(-1.,0.,0.));
#2971=DIRECTION('',(0.,0.,1.));
#2972=DIRECTION('center_axis',(-1.,0.,0.));
#2973=DIRECTION('ref_axis',(0.,-1.,0.));
#2974=DIRECTION('center_axis',(0.,0.,1.));
#2975=DIRECTION('ref_axis',(1.,0.,0.));
#2976=CARTESIAN_POINT('',(0.,0.,0.));
#2977=CARTESIAN_POINT('Origin',(279.69999377057,-89.1999980285764,-15.));
#2978=CARTESIAN_POINT('',(283.69999377057,-89.1999980285764,8.));
#2979=CARTESIAN_POINT('',(279.69999377057,-93.1999980285764,8.));
#2980=CARTESIAN_POINT('Origin',(279.69999377057,-89.1999980285764,8.));
#2981=CARTESIAN_POINT('',(279.69999377057,-93.1999980285764,-15.));
#2982=CARTESIAN_POINT('',(279.69999377057,-93.1999980285764,-15.));
#2983=CARTESIAN_POINT('',(283.69999377057,-89.1999980285764,-15.));
#2984=CARTESIAN_POINT('Origin',(279.69999377057,-89.1999980285764,-15.));
#2985=CARTESIAN_POINT('',(283.69999377057,-89.1999980285764,-15.));
#2986=CARTESIAN_POINT('Origin',(-17.0000001788139,-93.1999980285764,-15.));
#2987=CARTESIAN_POINT('',(-13.0000001788139,-93.1999980285764,8.));
#2988=CARTESIAN_POINT('',(-17.0000001788139,-93.1999980285764,8.));
#2989=CARTESIAN_POINT('',(-13.0000001788139,-93.1999980285764,-15.));
#2990=CARTESIAN_POINT('',(-13.0000001788139,-93.1999980285764,-15.));
#2991=CARTESIAN_POINT('',(283.69999377057,-93.1999980285764,-15.));
#2992=CARTESIAN_POINT('Origin',(133.393709457204,-38.0999989248812,8.));
#2993=CARTESIAN_POINT('',(283.69999377057,13.0000001788139,8.));
#2994=CARTESIAN_POINT('',(283.69999377057,17.0000001788139,8.));
#2995=CARTESIAN_POINT('',(279.69999377057,17.0000001788139,8.));
#2996=CARTESIAN_POINT('Origin',(279.69999377057,13.0000001788139,8.));
#2997=CARTESIAN_POINT('',(-13.0000001788139,17.0000001788139,8.));
#2998=CARTESIAN_POINT('',(-17.0000001788139,17.0000001788139,8.));
#2999=CARTESIAN_POINT('',(-17.0000001788139,13.0000001788139,8.));
#3000=CARTESIAN_POINT('Origin',(-13.0000001788139,13.0000001788139,8.));
#3001=CARTESIAN_POINT('',(-17.0000001788139,-89.1999980285764,8.));
#3002=CARTESIAN_POINT('',(-17.0000001788139,-88.1999980285764,8.));
#3003=CARTESIAN_POINT('Origin',(-13.0000001788139,-89.1999980285764,8.));
#3004=CARTESIAN_POINT('',(278.69999377057,12.0000001788139,8.));
#3005=CARTESIAN_POINT('',(278.69999377057,-88.1999980285764,8.));
#3006=CARTESIAN_POINT('',(278.69999377057,12.0000001788139,8.));
#3007=CARTESIAN_POINT('',(-12.0000001788139,-88.1999980285764,8.));
#3008=CARTESIAN_POINT('',(278.69999377057,-88.1999980285764,8.));
#3009=CARTESIAN_POINT('',(-12.0000001788139,12.0000001788139,8.));
#3010=CARTESIAN_POINT('',(-12.0000001788139,12.0000001788139,8.));
#3011=CARTESIAN_POINT('',(283.69999377057,12.0000001788139,8.));
#3012=CARTESIAN_POINT('Origin',(-13.0000001788139,-89.1999980285764,-15.));
#3013=CARTESIAN_POINT('',(-17.0000001788139,-89.1999980285764,-15.));
#3014=CARTESIAN_POINT('',(-17.0000001788139,-89.1999980285764,-15.));
#3015=CARTESIAN_POINT('Origin',(-13.0000001788139,-89.1999980285764,-15.));
#3016=CARTESIAN_POINT('Origin',(-17.0000001788139,17.0000001788139,-15.));
#3017=CARTESIAN_POINT('',(-17.0000001788139,13.0000001788139,-15.));
#3018=CARTESIAN_POINT('',(-17.0000001788139,13.0000001788139,-15.));
#3019=CARTESIAN_POINT('',(-17.0000001788139,-93.1999980285764,-15.));
#3020=CARTESIAN_POINT('Origin',(-13.0000001788139,13.0000001788139,-15.));
#3021=CARTESIAN_POINT('',(-13.0000001788139,17.0000001788139,-15.));
#3022=CARTESIAN_POINT('',(-13.0000001788139,17.0000001788139,-15.));
#3023=CARTESIAN_POINT('Origin',(-13.0000001788139,13.0000001788139,-15.));
#3024=CARTESIAN_POINT('Origin',(283.69999377057,17.0000001788139,-15.));
#3025=CARTESIAN_POINT('',(279.69999377057,17.0000001788139,-15.));
#3026=CARTESIAN_POINT('',(279.69999377057,17.0000001788139,-15.));
#3027=CARTESIAN_POINT('',(-17.0000001788139,17.0000001788139,-15.));
#3028=CARTESIAN_POINT('',(35.3479750282547,17.0000001788139,-7.75998141581078));
#3029=CARTESIAN_POINT('',(34.3479750282547,17.0000001788139,-8.75998141581079));
#3030=CARTESIAN_POINT('Origin',(35.3479750282547,17.0000001788139,-8.75998141581079));
#3031=CARTESIAN_POINT('',(34.3479750282547,17.0000001788139,-12.2599814158108));
#3032=CARTESIAN_POINT('',(34.3479750282547,17.0000001788139,-11.8799907079054));
#3033=CARTESIAN_POINT('',(35.3479750282547,17.0000001788139,-13.2599814158108));
#3034=CARTESIAN_POINT('Origin',(35.3479750282547,17.0000001788139,-12.2599814158108));
#3035=CARTESIAN_POINT('',(44.273826820849,17.0000001788139,-13.2599814158108));
#3036=CARTESIAN_POINT('',(159.523984399412,17.0000001788139,-13.2599814158108));
#3037=CARTESIAN_POINT('',(45.273826820849,17.0000001788139,-12.2599814158108));
#3038=CARTESIAN_POINT('Origin',(44.273826820849,17.0000001788139,-12.2599814158108));
#3039=CARTESIAN_POINT('',(45.273826820849,17.0000001788139,-8.75998141581078));
#3040=CARTESIAN_POINT('',(45.273826820849,17.0000001788139,-13.6299907079054));
#3041=CARTESIAN_POINT('',(44.273826820849,17.0000001788139,-7.75998141581078));
#3042=CARTESIAN_POINT('Origin',(44.273826820849,17.0000001788139,-8.75998141581078));
#3043=CARTESIAN_POINT('',(163.986910295709,17.0000001788139,-7.7599814158108));
#3044=CARTESIAN_POINT('Origin',(279.69999377057,13.0000001788139,-15.));
#3045=CARTESIAN_POINT('',(283.69999377057,13.0000001788139,-15.));
#3046=CARTESIAN_POINT('',(283.69999377057,13.0000001788139,-15.));
#3047=CARTESIAN_POINT('Origin',(279.69999377057,13.0000001788139,-15.));
#3048=CARTESIAN_POINT('Origin',(283.69999377057,-93.1999980285764,-15.));
#3049=CARTESIAN_POINT('',(283.69999377057,17.0000001788139,-15.));
#3050=CARTESIAN_POINT('Origin',(34.3479750282547,7.00000017881393,-12.));
#3051=CARTESIAN_POINT('',(34.3479750282547,7.00000017881393,-12.2599814158108));
#3052=CARTESIAN_POINT('',(34.6753886062578,7.00000017881393,-13.));
#3053=CARTESIAN_POINT('Origin',(35.3479750282547,7.00000017881393,-12.2599814158108));
#3054=CARTESIAN_POINT('',(34.3479750282547,7.00000017881393,-13.));
#3055=CARTESIAN_POINT('',(34.3479750282547,7.00000017881393,-12.));
#3056=CARTESIAN_POINT('',(45.273826820849,7.00000017881393,-13.));
#3057=CARTESIAN_POINT('Origin',(34.3479750282547,7.00000017881393,-12.));
#3058=CARTESIAN_POINT('',(44.9464132428459,7.00000017881393,-13.));
#3059=CARTESIAN_POINT('',(45.273826820849,7.00000017881393,-12.2599814158108));
#3060=CARTESIAN_POINT('Origin',(44.273826820849,7.00000017881393,-12.2599814158108));
#3061=CARTESIAN_POINT('',(45.273826820849,7.00000017881393,-13.));
#3062=CARTESIAN_POINT('',(45.273826820849,7.00000017881393,-13.));
#3063=CARTESIAN_POINT('',(45.273826820849,7.00000017881393,-12.));
#3064=CARTESIAN_POINT('Origin',(34.3479750282547,12.0000001788139,-12.));
#3065=CARTESIAN_POINT('',(34.3479750282547,12.0000001788139,-12.2599814158108));
#3066=CARTESIAN_POINT('',(34.3479750282547,17.0000001788139,-12.2599814158108));
#3067=CARTESIAN_POINT('',(34.3479750282547,12.0000001788139,-13.));
#3068=CARTESIAN_POINT('',(34.3479750282547,12.0000001788139,-12.));
#3069=CARTESIAN_POINT('',(34.3479750282547,7.00000017881393,-13.));
#3070=CARTESIAN_POINT('Origin',(53.5074263990835,-48.5007857985458,-12.));
#3071=CARTESIAN_POINT('',(53.5074263990835,-48.5007857985458,-12.));
#3072=CARTESIAN_POINT('',(25.9336586468941,-48.5007857985458,-12.));
#3073=CARTESIAN_POINT('',(93.4287115974807,-48.5007857985458,-12.));
#3074=CARTESIAN_POINT('',(53.5074263990835,-48.5007857985458,-13.));
#3075=CARTESIAN_POINT('',(53.5074263990835,-48.5007857985458,-12.));
#3076=CARTESIAN_POINT('',(25.9336586468941,-48.5007857985458,-13.));
#3077=CARTESIAN_POINT('',(53.5074263990835,-48.5007857985458,-13.));
#3078=CARTESIAN_POINT('',(25.9336586468941,-48.5007857985458,-12.));
#3079=CARTESIAN_POINT('Origin',(53.5074263990835,-20.7018142108106,-12.));
#3080=CARTESIAN_POINT('',(53.5074263990835,-20.7018142108106,-12.));
#3081=CARTESIAN_POINT('',(53.5074263990835,-29.4009065678459,-12.));
#3082=CARTESIAN_POINT('',(53.5074263990835,-20.7018142108106,-13.));
#3083=CARTESIAN_POINT('',(53.5074263990835,-20.7018142108106,-12.));
#3084=CARTESIAN_POINT('',(53.5074263990835,12.0000001788139,-13.));
#3085=CARTESIAN_POINT('Origin',(53.5074263990835,12.0000001788139,-12.));
#3086=CARTESIAN_POINT('',(53.5074263990835,12.0000001788139,-12.));
#3087=CARTESIAN_POINT('',(53.5074263990835,-17.3963344679815,-12.));
#3088=CARTESIAN_POINT('',(53.5074263990835,-13.0499993730336,-12.));
#3089=CARTESIAN_POINT('',(53.5074263990835,12.0000001788139,-13.));
#3090=CARTESIAN_POINT('',(53.5074263990835,12.0000001788139,-12.));
#3091=CARTESIAN_POINT('',(53.5074263990835,-17.3963344679815,-13.));
#3092=CARTESIAN_POINT('',(53.5074263990835,12.0000001788139,-13.));
#3093=CARTESIAN_POINT('',(53.5074263990835,-17.3963344679815,-12.));
#3094=CARTESIAN_POINT('Origin',(45.273826820849,7.00000017881393,-12.));
#3095=CARTESIAN_POINT('',(45.273826820849,12.0000001788139,-12.2599814158108));
#3096=CARTESIAN_POINT('',(45.273826820849,17.0000001788139,-12.2599814158108));
#3097=CARTESIAN_POINT('',(45.273826820849,12.0000001788139,-13.));
#3098=CARTESIAN_POINT('',(45.273826820849,12.0000001788139,-13.));
#3099=CARTESIAN_POINT('',(45.273826820849,12.0000001788139,-12.));
#3100=CARTESIAN_POINT('Origin',(25.9336586468941,-48.5007857985458,-12.));
#3101=CARTESIAN_POINT('',(25.9336586468941,12.0000001788139,-12.));
#3102=CARTESIAN_POINT('',(25.9336586468941,-43.3003923617135,-12.));
#3103=CARTESIAN_POINT('',(25.9336586468941,12.0000001788139,-13.));
#3104=CARTESIAN_POINT('',(25.9336586468941,-48.5007857985458,-13.));
#3105=CARTESIAN_POINT('',(25.9336586468941,12.0000001788139,-12.));
#3106=CARTESIAN_POINT('Origin',(133.349996795878,-38.0999989248812,-13.));
#3107=CARTESIAN_POINT('Origin',(57.1500148904502,-19.049074339396,-13.));
#3108=CARTESIAN_POINT('',(25.9336586468941,12.0000001788139,-13.));
#3109=CARTESIAN_POINT('',(133.349996795878,7.00000017881393,-13.));
#3110=CARTESIAN_POINT('',(25.9336586468941,12.0000001788139,-13.));
#3111=CARTESIAN_POINT('Origin',(133.349996795878,-38.0999989248812,-12.));
#3112=CARTESIAN_POINT('',(-12.0000001788139,12.0000001788139,-12.));
#3113=CARTESIAN_POINT('',(60.6749983085319,12.0000001788139,-12.));
#3114=CARTESIAN_POINT('',(-12.0000001788139,-88.1999980285764,-12.));
#3115=CARTESIAN_POINT('',(-12.0000001788139,-63.1499984767288,-12.));
#3116=CARTESIAN_POINT('',(278.69999377057,-88.1999980285764,-12.));
#3117=CARTESIAN_POINT('',(206.024995283224,-88.1999980285764,-12.));
#3118=CARTESIAN_POINT('',(278.69999377057,12.0000001788139,-12.));
#3119=CARTESIAN_POINT('',(278.69999377057,-13.0499993730336,-12.));
#3120=CARTESIAN_POINT('',(60.6749983085319,12.0000001788139,-12.));
#3121=CARTESIAN_POINT('',(61.1500148904502,-19.049074339396,-12.));
#3122=CARTESIAN_POINT('Origin',(57.1500148904502,-19.049074339396,-12.));
#3123=CARTESIAN_POINT('Origin',(57.1500148904502,-19.049074339396,-12.));
#3124=CARTESIAN_POINT('',(18.2856751174303,-76.1982965806295,-12.));
#3125=CARTESIAN_POINT('Origin',(14.2856751174303,-76.1982965806295,-12.));
#3126=CARTESIAN_POINT('',(165.919831546201,0.00264750056669532,-12.));
#3127=CARTESIAN_POINT('Origin',(161.919831546201,0.00264750056669483,-12.));
#3128=CARTESIAN_POINT('',(24.2376528213543,-38.0949678353027,-12.));
#3129=CARTESIAN_POINT('Origin',(20.2376528213543,-38.0949678353027,-12.));
#3130=CARTESIAN_POINT('',(104.014206034256,-38.0949678353027,-12.));
#3131=CARTESIAN_POINT('Origin',(100.014206034256,-38.0949678353027,-12.));
#3132=CARTESIAN_POINT('',(218.31759006041,-38.0949678353027,-12.));
#3133=CARTESIAN_POINT('Origin',(214.31759006041,-38.0949678353027,-12.));
#3134=CARTESIAN_POINT('',(256.412794844741,-76.1950160797811,-12.));
#3135=CARTESIAN_POINT('Origin',(252.412794844741,-76.1950160797811,-12.));
#3136=CARTESIAN_POINT('',(180.224107076725,-38.0949678353027,-12.));
#3137=CARTESIAN_POINT('Origin',(176.224107076725,-38.0949678353027,-12.));
#3138=CARTESIAN_POINT('',(75.4388854433753,-57.1399091813466,-12.));
#3139=CARTESIAN_POINT('Origin',(71.4388854433753,-57.1399091813466,-12.));
#3140=CARTESIAN_POINT('',(13.5272217274896,0.0051478334029758,-12.));
#3141=CARTESIAN_POINT('Origin',(9.52722172748961,0.00514783340297531,-12.));
#3142=CARTESIAN_POINT('',(194.490129024634,-19.0800490014819,-12.));
#3143=CARTESIAN_POINT('Origin',(190.490129024634,-19.0800490014819,-12.));
#3144=CARTESIAN_POINT('',(254.024088901396,-19.0441099457069,-12.));
#3145=CARTESIAN_POINT('Origin',(250.024088901396,-19.0441099457069,-12.));
#3146=CARTESIAN_POINT('',(137.353532020691,-19.0506053306984,-12.));
#3147=CARTESIAN_POINT('Origin',(133.353532020691,-19.0506053306984,-12.));
#3148=CARTESIAN_POINT('',(154.314796941426,-76.0877884213654,-12.));
#3149=CARTESIAN_POINT('Origin',(150.314796941426,-76.0877884213654,-12.));
#3150=CARTESIAN_POINT('',(231.746698178761,-57.8070341318831,-12.));
#3151=CARTESIAN_POINT('Origin',(227.746698178761,-57.8070341318831,-12.));
#3152=CARTESIAN_POINT('',(208.788050323923,-76.1989210257389,-12.));
#3153=CARTESIAN_POINT('Origin',(204.788050323923,-76.1989210257389,-12.));
#3154=CARTESIAN_POINT('',(151.646123926808,-57.1399091813466,-12.));
#3155=CARTESIAN_POINT('Origin',(147.646123926808,-57.1399091813466,-12.));
#3156=CARTESIAN_POINT('',(96.5653076597917,-76.0877884213654,-12.));
#3157=CARTESIAN_POINT('Origin',(92.5653076597917,-76.0877884213654,-12.));
#3158=CARTESIAN_POINT('',(89.7334741733938,-0.000945663554077279,-12.));
#3159=CARTESIAN_POINT('Origin',(85.7334741733938,-0.000945663554077769,
-12.));
#3160=CARTESIAN_POINT('',(223.084508690169,0.00726379273391635,-12.));
#3161=CARTESIAN_POINT('Origin',(219.084508690169,0.00726379273391586,-12.));
#3162=CARTESIAN_POINT('Origin',(45.273826820849,17.0000001788139,-12.2599814158108));
#3163=CARTESIAN_POINT('',(45.273826820849,12.0000001788139,-8.75998141581078));
#3164=CARTESIAN_POINT('',(45.273826820849,12.0000001788139,-12.1299907079054));
#3165=CARTESIAN_POINT('',(45.273826820849,17.0000001788139,-8.75998141581078));
#3166=CARTESIAN_POINT('',(45.273826820849,17.0000001788139,-12.2599814158108));
#3167=CARTESIAN_POINT('Origin',(34.3479750282547,17.0000001788139,-8.75998141581079));
#3168=CARTESIAN_POINT('',(34.3479750282547,12.0000001788139,-8.75998141581079));
#3169=CARTESIAN_POINT('',(34.3479750282547,12.0000001788139,-10.3799907079054));
#3170=CARTESIAN_POINT('',(34.3479750282547,17.0000001788139,-12.2599814158108));
#3171=CARTESIAN_POINT('',(34.3479750282547,17.0000001788139,-8.75998141581079));
#3172=CARTESIAN_POINT('Origin',(133.349996795878,7.00000017881393,-3.5));
#3173=CARTESIAN_POINT('',(44.273826820849,7.00000017881393,-13.2599814158108));
#3174=CARTESIAN_POINT('Origin',(44.273826820849,7.00000017881393,-12.2599814158108));
#3175=CARTESIAN_POINT('',(35.3479750282547,7.00000017881393,-13.2599814158108));
#3176=CARTESIAN_POINT('',(35.3479750282547,7.00000017881393,-13.2599814158108));
#3177=CARTESIAN_POINT('Origin',(35.3479750282547,7.00000017881393,-12.2599814158108));
#3178=CARTESIAN_POINT('Origin',(35.3479750282547,17.0000001788139,-8.75998141581079));
#3179=CARTESIAN_POINT('',(35.3479750282547,12.0000001788139,-7.75998141581078));
#3180=CARTESIAN_POINT('Origin',(35.3479750282547,12.0000001788139,-8.75998141581079));
#3181=CARTESIAN_POINT('',(35.3479750282547,17.0000001788139,-7.75998141581078));
#3182=CARTESIAN_POINT('Origin',(44.273826820849,17.0000001788139,-7.75998141581078));
#3183=CARTESIAN_POINT('',(44.273826820849,12.0000001788139,-7.75998141581078));
#3184=CARTESIAN_POINT('',(16.1369133210175,12.0000001788139,-7.75998141581078));
#3185=CARTESIAN_POINT('',(44.273826820849,17.0000001788139,-7.75998141581078));
#3186=CARTESIAN_POINT('Origin',(44.273826820849,17.0000001788139,-8.75998141581078));
#3187=CARTESIAN_POINT('Origin',(44.273826820849,12.0000001788139,-8.75998141581078));
#3188=CARTESIAN_POINT('Origin',(44.273826820849,17.0000001788139,-12.2599814158108));
#3189=CARTESIAN_POINT('',(44.273826820849,17.0000001788139,-13.2599814158108));
#3190=CARTESIAN_POINT('Origin',(35.3479750282547,17.0000001788139,-13.2599814158108));
#3191=CARTESIAN_POINT('',(35.3479750282547,17.0000001788139,-13.2599814158108));
#3192=CARTESIAN_POINT('Origin',(35.3479750282547,17.0000001788139,-12.2599814158108));
#3193=CARTESIAN_POINT('Origin',(176.224107076725,-38.0949678353027,-11.935623948795));
#3194=CARTESIAN_POINT('',(174.774107076725,-38.0949678353027,-11.5));
#3195=CARTESIAN_POINT('Origin',(176.224107076725,-38.0949678353027,-11.5));
#3196=CARTESIAN_POINT('',(176.224107076725,-38.0949678353027,-12.37124789759));
#3197=CARTESIAN_POINT('',(175.499107076725,-38.0949678353027,-11.935623948795));
#3198=CARTESIAN_POINT('Origin',(176.224107076725,-38.0949678353027,-4.));
#3199=CARTESIAN_POINT('',(174.774107076725,-38.0949678353027,3.5));
#3200=CARTESIAN_POINT('Origin',(176.224107076725,-38.0949678353027,3.5));
#3201=CARTESIAN_POINT('',(174.774107076725,-38.0949678353027,-4.));
#3202=CARTESIAN_POINT('Origin',(214.31759006041,-38.0949678353027,-11.935623948795));
#3203=CARTESIAN_POINT('',(212.86759006041,-38.0949678353027,-11.5));
#3204=CARTESIAN_POINT('Origin',(214.31759006041,-38.0949678353027,-11.5));
#3205=CARTESIAN_POINT('',(214.31759006041,-38.0949678353027,-12.37124789759));
#3206=CARTESIAN_POINT('',(213.59259006041,-38.0949678353027,-11.935623948795));
#3207=CARTESIAN_POINT('Origin',(214.31759006041,-38.0949678353027,-4.));
#3208=CARTESIAN_POINT('',(212.86759006041,-38.0949678353027,3.5));
#3209=CARTESIAN_POINT('Origin',(214.31759006041,-38.0949678353027,3.5));
#3210=CARTESIAN_POINT('',(212.86759006041,-38.0949678353027,-4.));
#3211=CARTESIAN_POINT('Origin',(227.746698178761,-57.8070341318831,-11.935623948795));
#3212=CARTESIAN_POINT('',(226.296698178761,-57.8070341318831,-11.5));
#3213=CARTESIAN_POINT('Origin',(227.746698178761,-57.8070341318831,-11.5));
#3214=CARTESIAN_POINT('',(227.746698178761,-57.8070341318831,-12.37124789759));
#3215=CARTESIAN_POINT('',(227.021698178761,-57.8070341318831,-11.935623948795));
#3216=CARTESIAN_POINT('Origin',(227.746698178761,-57.8070341318831,-4.));
#3217=CARTESIAN_POINT('',(226.296698178761,-57.8070341318831,3.5));
#3218=CARTESIAN_POINT('Origin',(227.746698178761,-57.8070341318831,3.5));
#3219=CARTESIAN_POINT('',(226.296698178761,-57.8070341318831,-4.));
#3220=CARTESIAN_POINT('Origin',(252.412794844741,-76.1950160797811,-11.935623948795));
#3221=CARTESIAN_POINT('',(250.962794844741,-76.1950160797811,-11.5));
#3222=CARTESIAN_POINT('Origin',(252.412794844741,-76.1950160797811,-11.5));
#3223=CARTESIAN_POINT('',(252.412794844741,-76.1950160797811,-12.37124789759));
#3224=CARTESIAN_POINT('',(251.687794844741,-76.1950160797811,-11.935623948795));
#3225=CARTESIAN_POINT('Origin',(252.412794844741,-76.1950160797811,-4.));
#3226=CARTESIAN_POINT('',(250.962794844741,-76.1950160797811,3.5));
#3227=CARTESIAN_POINT('Origin',(252.412794844741,-76.1950160797811,3.5));
#3228=CARTESIAN_POINT('',(250.962794844741,-76.1950160797811,-4.));
#3229=CARTESIAN_POINT('Origin',(204.788050323923,-76.1989210257389,-11.935623948795));
#3230=CARTESIAN_POINT('',(203.338050323923,-76.1989210257389,-11.5));
#3231=CARTESIAN_POINT('Origin',(204.788050323923,-76.1989210257389,-11.5));
#3232=CARTESIAN_POINT('',(204.788050323923,-76.1989210257389,-12.37124789759));
#3233=CARTESIAN_POINT('',(204.063050323923,-76.1989210257389,-11.935623948795));
#3234=CARTESIAN_POINT('Origin',(204.788050323923,-76.1989210257389,-4.));
#3235=CARTESIAN_POINT('',(203.338050323923,-76.1989210257389,3.5));
#3236=CARTESIAN_POINT('Origin',(204.788050323923,-76.1989210257389,3.5));
#3237=CARTESIAN_POINT('',(203.338050323923,-76.1989210257389,-4.));
#3238=CARTESIAN_POINT('Origin',(150.314796941426,-76.0877884213654,-11.935623948795));
#3239=CARTESIAN_POINT('',(148.864796941426,-76.0877884213654,-11.5));
#3240=CARTESIAN_POINT('Origin',(150.314796941426,-76.0877884213654,-11.5));
#3241=CARTESIAN_POINT('',(150.314796941426,-76.0877884213654,-12.37124789759));
#3242=CARTESIAN_POINT('',(149.589796941426,-76.0877884213654,-11.935623948795));
#3243=CARTESIAN_POINT('Origin',(150.314796941426,-76.0877884213654,-4.));
#3244=CARTESIAN_POINT('',(148.864796941426,-76.0877884213654,3.5));
#3245=CARTESIAN_POINT('Origin',(150.314796941426,-76.0877884213654,3.5));
#3246=CARTESIAN_POINT('',(148.864796941426,-76.0877884213654,-4.));
#3247=CARTESIAN_POINT('Origin',(147.646123926808,-57.1399091813466,-11.935623948795));
#3248=CARTESIAN_POINT('',(146.196123926808,-57.1399091813466,-11.5));
#3249=CARTESIAN_POINT('Origin',(147.646123926808,-57.1399091813466,-11.5));
#3250=CARTESIAN_POINT('',(147.646123926808,-57.1399091813466,-12.37124789759));
#3251=CARTESIAN_POINT('',(146.921123926808,-57.1399091813466,-11.935623948795));
#3252=CARTESIAN_POINT('Origin',(147.646123926808,-57.1399091813466,-4.));
#3253=CARTESIAN_POINT('',(146.196123926808,-57.1399091813466,3.5));
#3254=CARTESIAN_POINT('Origin',(147.646123926808,-57.1399091813466,3.5));
#3255=CARTESIAN_POINT('',(146.196123926808,-57.1399091813466,-4.));
#3256=CARTESIAN_POINT('Origin',(250.024088901396,-19.0441099457069,-11.935623948795));
#3257=CARTESIAN_POINT('',(248.574088901396,-19.0441099457069,-11.5));
#3258=CARTESIAN_POINT('Origin',(250.024088901396,-19.0441099457069,-11.5));
#3259=CARTESIAN_POINT('',(250.024088901396,-19.0441099457069,-12.37124789759));
#3260=CARTESIAN_POINT('',(249.299088901396,-19.0441099457069,-11.935623948795));
#3261=CARTESIAN_POINT('Origin',(250.024088901396,-19.0441099457069,-4.));
#3262=CARTESIAN_POINT('',(248.574088901396,-19.0441099457069,3.5));
#3263=CARTESIAN_POINT('Origin',(250.024088901396,-19.0441099457069,3.5));
#3264=CARTESIAN_POINT('',(248.574088901396,-19.0441099457069,-4.));
#3265=CARTESIAN_POINT('Origin',(219.08450869017,0.00726379273391586,-11.935623948795));
#3266=CARTESIAN_POINT('',(217.63450869017,0.00726379273391604,-11.5));
#3267=CARTESIAN_POINT('Origin',(219.08450869017,0.00726379273391586,-11.5));
#3268=CARTESIAN_POINT('',(219.08450869017,0.00726379273391586,-12.3712478975899));
#3269=CARTESIAN_POINT('',(218.35950869017,0.00726379273391595,-11.935623948795));
#3270=CARTESIAN_POINT('Origin',(219.08450869017,0.00726379273391586,-4.));
#3271=CARTESIAN_POINT('',(217.63450869017,0.00726379273391604,3.5));
#3272=CARTESIAN_POINT('Origin',(219.08450869017,0.00726379273391586,3.5));
#3273=CARTESIAN_POINT('',(217.63450869017,0.00726379273391604,-4.));
#3274=CARTESIAN_POINT('Origin',(190.490129024634,-19.0800490014819,-11.935623948795));
#3275=CARTESIAN_POINT('',(189.040129024634,-19.0800490014819,-11.5));
#3276=CARTESIAN_POINT('Origin',(190.490129024634,-19.0800490014819,-11.5));
#3277=CARTESIAN_POINT('',(190.490129024634,-19.0800490014819,-12.3712478975899));
#3278=CARTESIAN_POINT('',(189.765129024634,-19.0800490014819,-11.935623948795));
#3279=CARTESIAN_POINT('Origin',(190.490129024634,-19.0800490014819,-4.));
#3280=CARTESIAN_POINT('',(189.040129024634,-19.0800490014819,3.5));
#3281=CARTESIAN_POINT('Origin',(190.490129024634,-19.0800490014819,3.5));
#3282=CARTESIAN_POINT('',(189.040129024634,-19.0800490014819,-4.));
#3283=CARTESIAN_POINT('Origin',(161.919831546201,0.00264750056669483,-11.935623948795));
#3284=CARTESIAN_POINT('',(160.469831546201,0.002647500566695,-11.5));
#3285=CARTESIAN_POINT('Origin',(161.919831546201,0.00264750056669483,-11.5));
#3286=CARTESIAN_POINT('',(161.919831546201,0.00264750056669483,-12.37124789759));
#3287=CARTESIAN_POINT('',(161.194831546201,0.00264750056669492,-11.935623948795));
#3288=CARTESIAN_POINT('Origin',(161.919831546201,0.00264750056669483,-4.));
#3289=CARTESIAN_POINT('',(160.469831546201,0.002647500566695,3.5));
#3290=CARTESIAN_POINT('Origin',(161.919831546201,0.00264750056669483,3.5));
#3291=CARTESIAN_POINT('',(160.469831546201,0.002647500566695,-4.));
#3292=CARTESIAN_POINT('Origin',(133.353532020691,-19.0506053306984,-11.935623948795));
#3293=CARTESIAN_POINT('',(131.903532020691,-19.0506053306984,-11.5));
#3294=CARTESIAN_POINT('Origin',(133.353532020691,-19.0506053306984,-11.5));
#3295=CARTESIAN_POINT('',(133.353532020691,-19.0506053306984,-12.37124789759));
#3296=CARTESIAN_POINT('',(132.628532020691,-19.0506053306984,-11.935623948795));
#3297=CARTESIAN_POINT('Origin',(133.353532020691,-19.0506053306984,-4.));
#3298=CARTESIAN_POINT('',(131.903532020691,-19.0506053306984,3.5));
#3299=CARTESIAN_POINT('Origin',(133.353532020691,-19.0506053306984,3.5));
#3300=CARTESIAN_POINT('',(131.903532020691,-19.0506053306984,-4.));
#3301=CARTESIAN_POINT('Origin',(100.014206034256,-38.0949678353027,-11.935623948795));
#3302=CARTESIAN_POINT('',(98.5642060342564,-38.0949678353027,-11.5));
#3303=CARTESIAN_POINT('Origin',(100.014206034256,-38.0949678353027,-11.5));
#3304=CARTESIAN_POINT('',(100.014206034256,-38.0949678353027,-12.37124789759));
#3305=CARTESIAN_POINT('',(99.2892060342564,-38.0949678353027,-11.935623948795));
#3306=CARTESIAN_POINT('Origin',(100.014206034256,-38.0949678353027,-4.));
#3307=CARTESIAN_POINT('',(98.5642060342564,-38.0949678353027,3.5));
#3308=CARTESIAN_POINT('Origin',(100.014206034256,-38.0949678353027,3.5));
#3309=CARTESIAN_POINT('',(98.5642060342564,-38.0949678353027,-4.));
#3310=CARTESIAN_POINT('Origin',(85.7334741733938,-0.000945663554077769,
-11.935623948795));
#3311=CARTESIAN_POINT('',(84.2834741733938,-0.000945663554077592,-11.5));
#3312=CARTESIAN_POINT('Origin',(85.7334741733938,-0.000945663554077769,
-11.5));
#3313=CARTESIAN_POINT('',(85.7334741733938,-0.000945663554077769,-12.37124789759));
#3314=CARTESIAN_POINT('',(85.0084741733938,-0.00094566355407768,-11.935623948795));
#3315=CARTESIAN_POINT('Origin',(85.7334741733938,-0.000945663554077769,
-4.));
#3316=CARTESIAN_POINT('',(84.2834741733938,-0.000945663554077592,3.5));
#3317=CARTESIAN_POINT('Origin',(85.7334741733938,-0.000945663554077769,
3.5));
#3318=CARTESIAN_POINT('',(84.2834741733938,-0.000945663554077592,-4.));
#3319=CARTESIAN_POINT('Origin',(57.1500148904502,-19.049074339396,-11.935623948795));
#3320=CARTESIAN_POINT('',(55.7000148904502,-19.049074339396,-11.5));
#3321=CARTESIAN_POINT('Origin',(57.1500148904502,-19.049074339396,-11.5));
#3322=CARTESIAN_POINT('',(57.1500148904502,-19.049074339396,-12.37124789759));
#3323=CARTESIAN_POINT('',(56.4250148904502,-19.049074339396,-11.935623948795));
#3324=CARTESIAN_POINT('Origin',(57.1500148904502,-19.049074339396,-4.));
#3325=CARTESIAN_POINT('',(55.7000148904502,-19.049074339396,3.5));
#3326=CARTESIAN_POINT('Origin',(57.1500148904502,-19.049074339396,3.5));
#3327=CARTESIAN_POINT('',(55.7000148904502,-19.049074339396,-4.));
#3328=CARTESIAN_POINT('Origin',(92.5653076597917,-76.0877884213654,-11.935623948795));
#3329=CARTESIAN_POINT('',(91.1153076597917,-76.0877884213654,-11.5));
#3330=CARTESIAN_POINT('Origin',(92.5653076597917,-76.0877884213654,-11.5));
#3331=CARTESIAN_POINT('',(92.5653076597917,-76.0877884213654,-12.37124789759));
#3332=CARTESIAN_POINT('',(91.8403076597917,-76.0877884213654,-11.935623948795));
#3333=CARTESIAN_POINT('Origin',(92.5653076597917,-76.0877884213654,-4.));
#3334=CARTESIAN_POINT('',(91.1153076597917,-76.0877884213654,3.5));
#3335=CARTESIAN_POINT('Origin',(92.5653076597917,-76.0877884213654,3.5));
#3336=CARTESIAN_POINT('',(91.1153076597917,-76.0877884213654,-4.));
#3337=CARTESIAN_POINT('Origin',(71.4388854433753,-57.1399091813466,-11.935623948795));
#3338=CARTESIAN_POINT('',(69.9888854433753,-57.1399091813466,-11.5));
#3339=CARTESIAN_POINT('Origin',(71.4388854433753,-57.1399091813466,-11.5));
#3340=CARTESIAN_POINT('',(71.4388854433753,-57.1399091813466,-12.37124789759));
#3341=CARTESIAN_POINT('',(70.7138854433753,-57.1399091813466,-11.935623948795));
#3342=CARTESIAN_POINT('Origin',(71.4388854433753,-57.1399091813466,-4.));
#3343=CARTESIAN_POINT('',(69.9888854433753,-57.1399091813466,3.5));
#3344=CARTESIAN_POINT('Origin',(71.4388854433753,-57.1399091813466,3.5));
#3345=CARTESIAN_POINT('',(69.9888854433753,-57.1399091813466,-4.));
#3346=CARTESIAN_POINT('Origin',(14.2856751174303,-76.1982965806295,-11.935623948795));
#3347=CARTESIAN_POINT('',(12.8356751174303,-76.1982965806295,-11.5));
#3348=CARTESIAN_POINT('Origin',(14.2856751174303,-76.1982965806295,-11.5));
#3349=CARTESIAN_POINT('',(14.2856751174303,-76.1982965806295,-12.37124789759));
#3350=CARTESIAN_POINT('',(13.5606751174303,-76.1982965806295,-11.935623948795));
#3351=CARTESIAN_POINT('Origin',(14.2856751174303,-76.1982965806295,-4.));
#3352=CARTESIAN_POINT('',(12.8356751174303,-76.1982965806295,3.5));
#3353=CARTESIAN_POINT('Origin',(14.2856751174303,-76.1982965806295,3.5));
#3354=CARTESIAN_POINT('',(12.8356751174303,-76.1982965806295,-4.));
#3355=CARTESIAN_POINT('Origin',(20.2376528213543,-38.0949678353027,-11.935623948795));
#3356=CARTESIAN_POINT('',(18.7876528213543,-38.0949678353027,-11.5));
#3357=CARTESIAN_POINT('Origin',(20.2376528213543,-38.0949678353027,-11.5));
#3358=CARTESIAN_POINT('',(20.2376528213543,-38.0949678353027,-12.37124789759));
#3359=CARTESIAN_POINT('',(19.5126528213543,-38.0949678353027,-11.935623948795));
#3360=CARTESIAN_POINT('Origin',(20.2376528213543,-38.0949678353027,-4.));
#3361=CARTESIAN_POINT('',(18.7876528213543,-38.0949678353027,3.5));
#3362=CARTESIAN_POINT('Origin',(20.2376528213543,-38.0949678353027,3.5));
#3363=CARTESIAN_POINT('',(18.7876528213543,-38.0949678353027,-4.));
#3364=CARTESIAN_POINT('Origin',(9.52722172748961,0.00514783340297531,-11.935623948795));
#3365=CARTESIAN_POINT('',(8.07722172748961,0.00514783340297549,-11.5));
#3366=CARTESIAN_POINT('Origin',(9.52722172748961,0.00514783340297531,-11.5));
#3367=CARTESIAN_POINT('',(9.52722172748961,0.00514783340297531,-12.37124789759));
#3368=CARTESIAN_POINT('',(8.80222172748961,0.0051478334029754,-11.935623948795));
#3369=CARTESIAN_POINT('Origin',(9.52722172748961,0.00514783340297531,-4.));
#3370=CARTESIAN_POINT('',(8.07722172748961,0.00514783340297549,3.5));
#3371=CARTESIAN_POINT('Origin',(9.52722172748961,0.00514783340297531,3.5));
#3372=CARTESIAN_POINT('',(8.07722172748961,0.00514783340297549,-4.));
#3373=CARTESIAN_POINT('Origin',(252.412794844741,-76.1950160797811,-4.));
#3374=CARTESIAN_POINT('',(254.912794844741,-76.1950160797811,3.5));
#3375=CARTESIAN_POINT('Origin',(252.412794844741,-76.1950160797811,3.5));
#3376=CARTESIAN_POINT('',(256.412794844741,-76.1950160797811,-11.5));
#3377=CARTESIAN_POINT('',(255.662794844741,-76.1950160797811,-4.));
#3378=CARTESIAN_POINT('Origin',(252.412794844741,-76.1950160797811,-11.5));
#3379=CARTESIAN_POINT('Origin',(252.412794844741,-76.1950160797811,-12.));
#3380=CARTESIAN_POINT('',(256.412794844741,-76.1950160797811,-12.));
#3381=CARTESIAN_POINT('Origin',(133.349996795878,-38.0999989248812,3.5));
#3382=CARTESIAN_POINT('Origin',(250.024088901396,-19.0441099457069,-4.));
#3383=CARTESIAN_POINT('',(252.524088901396,-19.0441099457069,3.5));
#3384=CARTESIAN_POINT('Origin',(250.024088901396,-19.0441099457069,3.5));
#3385=CARTESIAN_POINT('',(254.024088901396,-19.0441099457069,-11.5));
#3386=CARTESIAN_POINT('',(253.274088901396,-19.0441099457069,-4.));
#3387=CARTESIAN_POINT('Origin',(250.024088901396,-19.0441099457069,-11.5));
#3388=CARTESIAN_POINT('Origin',(250.024088901396,-19.0441099457069,-12.));
#3389=CARTESIAN_POINT('',(254.024088901396,-19.0441099457069,-12.));
#3390=CARTESIAN_POINT('Origin',(133.349996795878,-38.0999989248812,3.5));
#3391=CARTESIAN_POINT('Origin',(227.746698178761,-57.8070341318831,-4.));
#3392=CARTESIAN_POINT('',(230.246698178761,-57.8070341318831,3.5));
#3393=CARTESIAN_POINT('Origin',(227.746698178761,-57.8070341318831,3.5));
#3394=CARTESIAN_POINT('',(231.746698178761,-57.8070341318831,-11.5));
#3395=CARTESIAN_POINT('',(230.996698178761,-57.8070341318831,-4.));
#3396=CARTESIAN_POINT('Origin',(227.746698178761,-57.8070341318831,-11.5));
#3397=CARTESIAN_POINT('Origin',(227.746698178761,-57.8070341318831,-12.));
#3398=CARTESIAN_POINT('',(231.746698178761,-57.8070341318831,-12.));
#3399=CARTESIAN_POINT('Origin',(133.349996795878,-38.0999989248812,3.5));
#3400=CARTESIAN_POINT('Origin',(204.788050323923,-76.1989210257389,-4.));
#3401=CARTESIAN_POINT('',(207.288050323923,-76.1989210257389,3.5));
#3402=CARTESIAN_POINT('Origin',(204.788050323923,-76.1989210257389,3.5));
#3403=CARTESIAN_POINT('',(208.788050323923,-76.1989210257389,-11.5));
#3404=CARTESIAN_POINT('',(208.038050323923,-76.1989210257389,-4.));
#3405=CARTESIAN_POINT('Origin',(204.788050323923,-76.1989210257389,-11.5));
#3406=CARTESIAN_POINT('Origin',(204.788050323923,-76.1989210257389,-12.));
#3407=CARTESIAN_POINT('',(208.788050323923,-76.1989210257389,-12.));
#3408=CARTESIAN_POINT('Origin',(133.349996795878,-38.0999989248812,3.5));
#3409=CARTESIAN_POINT('Origin',(214.31759006041,-38.0949678353027,-4.));
#3410=CARTESIAN_POINT('',(216.81759006041,-38.0949678353027,3.5));
#3411=CARTESIAN_POINT('Origin',(214.31759006041,-38.0949678353027,3.5));
#3412=CARTESIAN_POINT('',(218.31759006041,-38.0949678353027,-11.5));
#3413=CARTESIAN_POINT('',(217.56759006041,-38.0949678353027,-4.));
#3414=CARTESIAN_POINT('Origin',(214.31759006041,-38.0949678353027,-11.5));
#3415=CARTESIAN_POINT('Origin',(214.31759006041,-38.0949678353027,-12.));
#3416=CARTESIAN_POINT('',(218.31759006041,-38.0949678353027,-12.));
#3417=CARTESIAN_POINT('Origin',(133.349996795878,-38.0999989248812,3.5));
#3418=CARTESIAN_POINT('Origin',(219.084508690169,0.00726379273391586,-4.));
#3419=CARTESIAN_POINT('',(221.584508690169,0.00726379273391556,3.5));
#3420=CARTESIAN_POINT('Origin',(219.084508690169,0.00726379273391586,3.5));
#3421=CARTESIAN_POINT('',(223.084508690169,0.00726379273391635,-11.5));
#3422=CARTESIAN_POINT('',(222.334508690169,0.00726379273391626,-4.));
#3423=CARTESIAN_POINT('Origin',(219.084508690169,0.00726379273391586,-11.5));
#3424=CARTESIAN_POINT('Origin',(219.084508690169,0.00726379273391586,-12.));
#3425=CARTESIAN_POINT('',(223.084508690169,0.00726379273391635,-12.));
#3426=CARTESIAN_POINT('Origin',(133.349996795878,-38.0999989248812,3.5));
#3427=CARTESIAN_POINT('Origin',(190.490129024634,-19.0800490014819,-4.));
#3428=CARTESIAN_POINT('',(192.990129024634,-19.0800490014819,3.5));
#3429=CARTESIAN_POINT('Origin',(190.490129024634,-19.0800490014819,3.5));
#3430=CARTESIAN_POINT('',(194.490129024634,-19.0800490014819,-11.5));
#3431=CARTESIAN_POINT('',(193.740129024634,-19.0800490014819,-4.));
#3432=CARTESIAN_POINT('Origin',(190.490129024634,-19.0800490014819,-11.5));
#3433=CARTESIAN_POINT('Origin',(190.490129024634,-19.0800490014819,-12.));
#3434=CARTESIAN_POINT('',(194.490129024634,-19.0800490014819,-12.));
#3435=CARTESIAN_POINT('Origin',(133.349996795878,-38.0999989248812,3.5));
#3436=CARTESIAN_POINT('Origin',(176.224107076725,-38.0949678353027,-4.));
#3437=CARTESIAN_POINT('',(178.724107076725,-38.0949678353027,3.5));
#3438=CARTESIAN_POINT('Origin',(176.224107076725,-38.0949678353027,3.5));
#3439=CARTESIAN_POINT('',(180.224107076725,-38.0949678353027,-11.5));
#3440=CARTESIAN_POINT('',(179.474107076725,-38.0949678353027,-4.));
#3441=CARTESIAN_POINT('Origin',(176.224107076725,-38.0949678353027,-11.5));
#3442=CARTESIAN_POINT('Origin',(176.224107076725,-38.0949678353027,-12.));
#3443=CARTESIAN_POINT('',(180.224107076725,-38.0949678353027,-12.));
#3444=CARTESIAN_POINT('Origin',(133.349996795878,-38.0999989248812,3.5));
#3445=CARTESIAN_POINT('Origin',(161.919831546201,0.00264750056669483,-4.));
#3446=CARTESIAN_POINT('',(164.419831546201,0.00264750056669452,3.5));
#3447=CARTESIAN_POINT('Origin',(161.919831546201,0.00264750056669483,3.5));
#3448=CARTESIAN_POINT('',(165.919831546201,0.00264750056669532,-11.5));
#3449=CARTESIAN_POINT('',(165.169831546201,0.00264750056669523,-4.));
#3450=CARTESIAN_POINT('Origin',(161.919831546201,0.00264750056669483,-11.5));
#3451=CARTESIAN_POINT('Origin',(161.919831546201,0.00264750056669483,-12.));
#3452=CARTESIAN_POINT('',(165.919831546201,0.00264750056669532,-12.));
#3453=CARTESIAN_POINT('Origin',(133.349996795878,-38.0999989248812,3.5));
#3454=CARTESIAN_POINT('Origin',(150.314796941426,-76.0877884213654,-4.));
#3455=CARTESIAN_POINT('',(152.814796941426,-76.0877884213654,3.5));
#3456=CARTESIAN_POINT('Origin',(150.314796941426,-76.0877884213654,3.5));
#3457=CARTESIAN_POINT('',(154.314796941426,-76.0877884213654,-11.5));
#3458=CARTESIAN_POINT('',(153.564796941426,-76.0877884213654,-4.));
#3459=CARTESIAN_POINT('Origin',(150.314796941426,-76.0877884213654,-11.5));
#3460=CARTESIAN_POINT('Origin',(150.314796941426,-76.0877884213654,-12.));
#3461=CARTESIAN_POINT('',(154.314796941426,-76.0877884213654,-12.));
#3462=CARTESIAN_POINT('Origin',(133.349996795878,-38.0999989248812,3.5));
#3463=CARTESIAN_POINT('Origin',(147.646123926808,-57.1399091813466,-4.));
#3464=CARTESIAN_POINT('',(150.146123926808,-57.1399091813466,3.5));
#3465=CARTESIAN_POINT('Origin',(147.646123926808,-57.1399091813466,3.5));
#3466=CARTESIAN_POINT('',(151.646123926808,-57.1399091813466,-11.5));
#3467=CARTESIAN_POINT('',(150.896123926808,-57.1399091813466,-4.));
#3468=CARTESIAN_POINT('Origin',(147.646123926808,-57.1399091813466,-11.5));
#3469=CARTESIAN_POINT('Origin',(147.646123926808,-57.1399091813466,-12.));
#3470=CARTESIAN_POINT('',(151.646123926808,-57.1399091813466,-12.));
#3471=CARTESIAN_POINT('Origin',(133.349996795878,-38.0999989248812,3.5));
#3472=CARTESIAN_POINT('Origin',(133.353532020691,-19.0506053306984,-4.));
#3473=CARTESIAN_POINT('',(135.853532020691,-19.0506053306984,3.5));
#3474=CARTESIAN_POINT('Origin',(133.353532020691,-19.0506053306984,3.5));
#3475=CARTESIAN_POINT('',(137.353532020691,-19.0506053306984,-11.5));
#3476=CARTESIAN_POINT('',(136.603532020691,-19.0506053306984,-4.));
#3477=CARTESIAN_POINT('Origin',(133.353532020691,-19.0506053306984,-11.5));
#3478=CARTESIAN_POINT('Origin',(133.353532020691,-19.0506053306984,-12.));
#3479=CARTESIAN_POINT('',(137.353532020691,-19.0506053306984,-12.));
#3480=CARTESIAN_POINT('Origin',(133.349996795878,-38.0999989248812,3.5));
#3481=CARTESIAN_POINT('Origin',(85.7334741733938,-0.000945663554077769,
-4.));
#3482=CARTESIAN_POINT('',(88.2334741733938,-0.000945663554078075,3.5));
#3483=CARTESIAN_POINT('Origin',(85.7334741733938,-0.000945663554077769,
3.5));
#3484=CARTESIAN_POINT('',(89.7334741733938,-0.000945663554077279,-11.5));
#3485=CARTESIAN_POINT('',(88.9834741733938,-0.000945663554077371,-4.));
#3486=CARTESIAN_POINT('Origin',(85.7334741733938,-0.000945663554077769,
-11.5));
#3487=CARTESIAN_POINT('Origin',(85.7334741733938,-0.000945663554077769,
-12.));
#3488=CARTESIAN_POINT('',(89.7334741733938,-0.000945663554077279,-12.));
#3489=CARTESIAN_POINT('Origin',(133.349996795878,-38.0999989248812,3.5));
#3490=CARTESIAN_POINT('Origin',(100.014206034256,-38.0949678353027,-4.));
#3491=CARTESIAN_POINT('',(102.514206034256,-38.0949678353027,3.5));
#3492=CARTESIAN_POINT('Origin',(100.014206034256,-38.0949678353027,3.5));
#3493=CARTESIAN_POINT('',(104.014206034256,-38.0949678353027,-11.5));
#3494=CARTESIAN_POINT('',(103.264206034256,-38.0949678353027,-4.));
#3495=CARTESIAN_POINT('Origin',(100.014206034256,-38.0949678353027,-11.5));
#3496=CARTESIAN_POINT('Origin',(100.014206034256,-38.0949678353027,-12.));
#3497=CARTESIAN_POINT('',(104.014206034256,-38.0949678353027,-12.));
#3498=CARTESIAN_POINT('Origin',(133.349996795878,-38.0999989248812,3.5));
#3499=CARTESIAN_POINT('Origin',(92.5653076597917,-76.0877884213654,-4.));
#3500=CARTESIAN_POINT('',(95.0653076597917,-76.0877884213654,3.5));
#3501=CARTESIAN_POINT('Origin',(92.5653076597917,-76.0877884213654,3.5));
#3502=CARTESIAN_POINT('',(96.5653076597917,-76.0877884213654,-11.5));
#3503=CARTESIAN_POINT('',(95.8153076597917,-76.0877884213654,-4.));
#3504=CARTESIAN_POINT('Origin',(92.5653076597917,-76.0877884213654,-11.5));
#3505=CARTESIAN_POINT('Origin',(92.5653076597917,-76.0877884213654,-12.));
#3506=CARTESIAN_POINT('',(96.5653076597917,-76.0877884213654,-12.));
#3507=CARTESIAN_POINT('Origin',(133.349996795878,-38.0999989248812,3.5));
#3508=CARTESIAN_POINT('Origin',(57.1500148904502,-19.049074339396,-4.));
#3509=CARTESIAN_POINT('',(59.6500148904502,-19.049074339396,3.5));
#3510=CARTESIAN_POINT('Origin',(57.1500148904502,-19.049074339396,3.5));
#3511=CARTESIAN_POINT('',(61.1500148904502,-19.049074339396,-11.5));
#3512=CARTESIAN_POINT('',(60.4000148904502,-19.049074339396,-4.));
#3513=CARTESIAN_POINT('Origin',(57.1500148904502,-19.049074339396,-11.5));
#3514=CARTESIAN_POINT('Origin',(57.1500148904502,-19.049074339396,-12.));
#3515=CARTESIAN_POINT('',(61.1500148904502,-19.049074339396,-12.));
#3516=CARTESIAN_POINT('Origin',(133.349996795878,-38.0999989248812,3.5));
#3517=CARTESIAN_POINT('Origin',(71.4388854433753,-57.1399091813466,-4.));
#3518=CARTESIAN_POINT('',(73.9388854433753,-57.1399091813466,3.5));
#3519=CARTESIAN_POINT('Origin',(71.4388854433753,-57.1399091813466,3.5));
#3520=CARTESIAN_POINT('',(75.4388854433753,-57.1399091813466,-11.5));
#3521=CARTESIAN_POINT('',(74.6888854433753,-57.1399091813466,-4.));
#3522=CARTESIAN_POINT('Origin',(71.4388854433753,-57.1399091813466,-11.5));
#3523=CARTESIAN_POINT('Origin',(71.4388854433753,-57.1399091813466,-12.));
#3524=CARTESIAN_POINT('',(75.4388854433753,-57.1399091813466,-12.));
#3525=CARTESIAN_POINT('Origin',(133.349996795878,-38.0999989248812,3.5));
#3526=CARTESIAN_POINT('Origin',(14.2856751174303,-76.1982965806295,-4.));
#3527=CARTESIAN_POINT('',(16.7856751174303,-76.1982965806295,3.5));
#3528=CARTESIAN_POINT('Origin',(14.2856751174303,-76.1982965806295,3.5));
#3529=CARTESIAN_POINT('',(18.2856751174303,-76.1982965806295,-11.5));
#3530=CARTESIAN_POINT('',(17.5356751174303,-76.1982965806295,-4.));
#3531=CARTESIAN_POINT('Origin',(14.2856751174303,-76.1982965806295,-11.5));
#3532=CARTESIAN_POINT('Origin',(14.2856751174303,-76.1982965806295,-12.));
#3533=CARTESIAN_POINT('',(18.2856751174303,-76.1982965806295,-12.));
#3534=CARTESIAN_POINT('Origin',(133.349996795878,-38.0999989248812,3.5));
#3535=CARTESIAN_POINT('Origin',(20.2376528213543,-38.0949678353027,-4.));
#3536=CARTESIAN_POINT('',(22.7376528213543,-38.0949678353027,3.5));
#3537=CARTESIAN_POINT('Origin',(20.2376528213543,-38.0949678353027,3.5));
#3538=CARTESIAN_POINT('',(24.2376528213543,-38.0949678353027,-11.5));
#3539=CARTESIAN_POINT('',(23.4876528213543,-38.0949678353027,-4.));
#3540=CARTESIAN_POINT('Origin',(20.2376528213543,-38.0949678353027,-11.5));
#3541=CARTESIAN_POINT('Origin',(20.2376528213543,-38.0949678353027,-12.));
#3542=CARTESIAN_POINT('',(24.2376528213543,-38.0949678353027,-12.));
#3543=CARTESIAN_POINT('Origin',(133.349996795878,-38.0999989248812,3.5));
#3544=CARTESIAN_POINT('Origin',(9.52722172748961,0.00514783340297531,-4.));
#3545=CARTESIAN_POINT('',(12.0272217274896,0.00514783340297501,3.5));
#3546=CARTESIAN_POINT('Origin',(9.52722172748961,0.00514783340297531,3.5));
#3547=CARTESIAN_POINT('',(13.5272217274896,0.0051478334029758,-11.5));
#3548=CARTESIAN_POINT('',(12.7772217274896,0.00514783340297571,-4.));
#3549=CARTESIAN_POINT('Origin',(9.52722172748961,0.00514783340297531,-11.5));
#3550=CARTESIAN_POINT('Origin',(9.52722172748961,0.00514783340297531,-12.));
#3551=CARTESIAN_POINT('',(13.5272217274896,0.0051478334029758,-12.));
#3552=CARTESIAN_POINT('Origin',(133.349996795878,-38.0999989248812,3.5));
#3553=CARTESIAN_POINT('Origin',(-12.0000001788139,12.0000001788139,-12.));
#3554=CARTESIAN_POINT('',(278.69999377057,12.0000001788139,-12.));
#3555=CARTESIAN_POINT('',(-12.0000001788139,12.0000001788139,-12.));
#3556=CARTESIAN_POINT('Origin',(-12.0000001788139,-88.1999980285764,-12.));
#3557=CARTESIAN_POINT('',(-12.0000001788139,-88.1999980285764,-12.));
#3558=CARTESIAN_POINT('Origin',(278.69999377057,-88.1999980285764,-12.));
#3559=CARTESIAN_POINT('',(278.69999377057,-88.1999980285764,-12.));
#3560=CARTESIAN_POINT('Origin',(278.69999377057,12.0000001788139,-12.));
#3561=CARTESIAN_POINT('Origin',(133.349996795878,-38.0999989248812,-15.));
#3562=UNCERTAINTY_MEASURE_WITH_UNIT(LENGTH_MEASURE(0.01),#3566,
'DISTANCE_ACCURACY_VALUE',
'Maximum model space distance between geometric entities at asserted c
onnectivities');
#3563=UNCERTAINTY_MEASURE_WITH_UNIT(LENGTH_MEASURE(0.01),#3566,
'DISTANCE_ACCURACY_VALUE',
'Maximum model space distance between geometric entities at asserted c
onnectivities');
#3564=(
GEOMETRIC_REPRESENTATION_CONTEXT(3)
GLOBAL_UNCERTAINTY_ASSIGNED_CONTEXT((#3562))
GLOBAL_UNIT_ASSIGNED_CONTEXT((#3566,#3568,#3569))
REPRESENTATION_CONTEXT('','3D')
);
#3565=(
GEOMETRIC_REPRESENTATION_CONTEXT(3)
GLOBAL_UNCERTAINTY_ASSIGNED_CONTEXT((#3563))
GLOBAL_UNIT_ASSIGNED_CONTEXT((#3566,#3568,#3569))
REPRESENTATION_CONTEXT('','3D')
);
#3566=(
LENGTH_UNIT()
NAMED_UNIT(*)
SI_UNIT(.MILLI.,.METRE.)
);
#3567=(
LENGTH_UNIT()
NAMED_UNIT(*)
SI_UNIT($,.METRE.)
);
#3568=(
NAMED_UNIT(*)
PLANE_ANGLE_UNIT()
SI_UNIT($,.RADIAN.)
);
#3569=(
NAMED_UNIT(*)
SI_UNIT($,.STERADIAN.)
SOLID_ANGLE_UNIT()
);
#3570=SHAPE_DEFINITION_REPRESENTATION(#3571,#3572);
#3571=PRODUCT_DEFINITION_SHAPE('',$,#3574);
#3572=SHAPE_REPRESENTATION('',(#2062),#3564);
#3573=PRODUCT_DEFINITION_CONTEXT('part definition',#3578,'design');
#3574=PRODUCT_DEFINITION('2026-08-22-14-33-27-371','snow60 case',#3575,
#3573);
#3575=PRODUCT_DEFINITION_FORMATION('',$,#3580);
#3576=PRODUCT_RELATED_PRODUCT_CATEGORY('snow60 case','snow60 case',(#3580));
#3577=APPLICATION_PROTOCOL_DEFINITION('international standard',
'automotive_design',2009,#3578);
#3578=APPLICATION_CONTEXT(
'Core Data for Automotive Mechanical Design Process');
#3579=PRODUCT_CONTEXT('part definition',#3578,'mechanical');
#3580=PRODUCT('2026-08-22-14-33-27-371','snow60 case',$,(#3579));
#3581=PRESENTATION_STYLE_ASSIGNMENT((#3582));
#3582=SURFACE_STYLE_USAGE(.BOTH.,#3583);
#3583=SURFACE_SIDE_STYLE('',(#3584));
#3584=SURFACE_STYLE_FILL_AREA(#3585);
#3585=FILL_AREA_STYLE('Steel - Satin',(#3586));
#3586=FILL_AREA_STYLE_COLOUR('Steel - Satin',#3587);
#3587=COLOUR_RGB('Steel - Satin',0.627450980392157,0.627450980392157,0.627450980392157);
ENDSEC;
END-ISO-10303-21;
