ISO-10303-21;
HEADER;
/* Generated by software containing ST-Developer
 * from STEP Tools, Inc. (www.steptools.com) 
 */

FILE_DESCRIPTION(
/* description */ (''),
/* implementation_level */ '2;1');

FILE_NAME(
/* name */ 'snow60 plate.step',
/* time_stamp */ '2026-08-22T21:57:17-04:00',
/* author */ (''),
/* organization */ (''),
/* preprocessor_version */ 'ST-DEVELOPER v20.1',
/* originating_system */ 'Autodesk Translation Framework v15.8.0.0',
/* authorisation */ '');

FILE_SCHEMA (('AUTOMOTIVE_DESIGN { 1 0 10303 214 3 1 1 }'));
ENDSEC;

DATA;
#10=MECHANICAL_DESIGN_GEOMETRIC_PRESENTATION_REPRESENTATION('',(#13),#23033);
#11=SHAPE_REPRESENTATION_RELATIONSHIP('SRR','None',#23040,#12);
#12=ADVANCED_BREP_SHAPE_REPRESENTATION('',(#14),#23032);
#13=STYLED_ITEM('',(#23049),#14);
#14=MANIFOLD_SOLID_BREP('plate',#14593);
#15=FACE_BOUND('',#1652,.T.);
#16=FACE_BOUND('',#1655,.T.);
#17=FACE_BOUND('',#1658,.T.);
#18=FACE_BOUND('',#1660,.T.);
#19=FACE_BOUND('',#1663,.T.);
#20=FACE_BOUND('',#1666,.T.);
#21=FACE_BOUND('',#1669,.T.);
#22=FACE_BOUND('',#1672,.T.);
#23=FACE_BOUND('',#1676,.T.);
#24=FACE_BOUND('',#1679,.T.);
#25=FACE_BOUND('',#1682,.T.);
#26=FACE_BOUND('',#1685,.T.);
#27=FACE_BOUND('',#1688,.T.);
#28=FACE_BOUND('',#1691,.T.);
#29=FACE_BOUND('',#1693,.T.);
#30=FACE_BOUND('',#1696,.T.);
#31=FACE_BOUND('',#1699,.T.);
#32=FACE_BOUND('',#1702,.T.);
#33=FACE_BOUND('',#1706,.T.);
#34=FACE_BOUND('',#1709,.T.);
#35=FACE_BOUND('',#1711,.T.);
#36=FACE_BOUND('',#1714,.T.);
#37=FACE_BOUND('',#1718,.T.);
#38=FACE_BOUND('',#1721,.T.);
#39=FACE_BOUND('',#1724,.T.);
#40=FACE_BOUND('',#1727,.T.);
#41=FACE_BOUND('',#1730,.T.);
#42=FACE_BOUND('',#1733,.T.);
#43=FACE_BOUND('',#1736,.T.);
#44=FACE_BOUND('',#1739,.T.);
#45=FACE_BOUND('',#1742,.T.);
#46=FACE_BOUND('',#1744,.T.);
#47=FACE_BOUND('',#1771,.T.);
#48=FACE_BOUND('',#1777,.T.);
#49=FACE_BOUND('',#1783,.T.);
#50=FACE_BOUND('',#1789,.T.);
#51=FACE_BOUND('',#1795,.T.);
#52=FACE_BOUND('',#1801,.T.);
#53=FACE_BOUND('',#1807,.T.);
#54=FACE_BOUND('',#1813,.T.);
#55=FACE_BOUND('',#1819,.T.);
#56=FACE_BOUND('',#1825,.T.);
#57=FACE_BOUND('',#1847,.T.);
#58=FACE_BOUND('',#1851,.T.);
#59=FACE_BOUND('',#1855,.T.);
#60=FACE_BOUND('',#2085,.T.);
#61=FACE_BOUND('',#2086,.T.);
#62=FACE_BOUND('',#2087,.T.);
#63=FACE_BOUND('',#2088,.T.);
#64=FACE_BOUND('',#2089,.T.);
#65=FACE_BOUND('',#2090,.T.);
#66=FACE_BOUND('',#2091,.T.);
#67=FACE_BOUND('',#2092,.T.);
#68=FACE_BOUND('',#2093,.T.);
#69=FACE_BOUND('',#2094,.T.);
#70=FACE_BOUND('',#2095,.T.);
#71=FACE_BOUND('',#2096,.T.);
#72=FACE_BOUND('',#2097,.T.);
#73=FACE_BOUND('',#2098,.T.);
#74=FACE_BOUND('',#2099,.T.);
#75=FACE_BOUND('',#2100,.T.);
#76=FACE_BOUND('',#2101,.T.);
#77=FACE_BOUND('',#2102,.T.);
#78=FACE_BOUND('',#2103,.T.);
#79=FACE_BOUND('',#2104,.T.);
#80=FACE_BOUND('',#2105,.T.);
#81=FACE_BOUND('',#2106,.T.);
#82=FACE_BOUND('',#2107,.T.);
#83=FACE_BOUND('',#2108,.T.);
#84=FACE_BOUND('',#2109,.T.);
#85=FACE_BOUND('',#2110,.T.);
#86=FACE_BOUND('',#2111,.T.);
#87=FACE_BOUND('',#2112,.T.);
#88=FACE_BOUND('',#2113,.T.);
#89=FACE_BOUND('',#2114,.T.);
#90=FACE_BOUND('',#2115,.T.);
#91=FACE_BOUND('',#2116,.T.);
#92=FACE_BOUND('',#2117,.T.);
#93=FACE_BOUND('',#2118,.T.);
#94=FACE_BOUND('',#2119,.T.);
#95=FACE_BOUND('',#2120,.T.);
#96=FACE_BOUND('',#2121,.T.);
#97=FACE_BOUND('',#2122,.T.);
#98=FACE_BOUND('',#2123,.T.);
#99=FACE_BOUND('',#2124,.T.);
#100=FACE_BOUND('',#2125,.T.);
#101=FACE_BOUND('',#2126,.T.);
#102=FACE_BOUND('',#2127,.T.);
#103=FACE_BOUND('',#2128,.T.);
#104=FACE_BOUND('',#2129,.T.);
#105=FACE_BOUND('',#2130,.T.);
#106=FACE_BOUND('',#2131,.T.);
#107=FACE_BOUND('',#2132,.T.);
#108=FACE_BOUND('',#2133,.T.);
#109=FACE_BOUND('',#2134,.T.);
#110=FACE_BOUND('',#2135,.T.);
#111=FACE_BOUND('',#2136,.T.);
#112=FACE_BOUND('',#2137,.T.);
#113=FACE_BOUND('',#2138,.T.);
#114=FACE_BOUND('',#2139,.T.);
#115=FACE_BOUND('',#2140,.T.);
#116=FACE_BOUND('',#2141,.T.);
#117=FACE_BOUND('',#2142,.T.);
#118=FACE_BOUND('',#2143,.T.);
#119=FACE_BOUND('',#2144,.T.);
#120=FACE_BOUND('',#2145,.T.);
#121=FACE_BOUND('',#2146,.T.);
#122=FACE_BOUND('',#2147,.T.);
#123=FACE_BOUND('',#2148,.T.);
#124=FACE_BOUND('',#2149,.T.);
#125=FACE_BOUND('',#2150,.T.);
#126=FACE_BOUND('',#2151,.T.);
#127=FACE_BOUND('',#2152,.T.);
#128=FACE_BOUND('',#2153,.T.);
#129=FACE_BOUND('',#2154,.T.);
#130=FACE_BOUND('',#2155,.T.);
#131=FACE_BOUND('',#2156,.T.);
#132=FACE_BOUND('',#2157,.T.);
#133=FACE_BOUND('',#2158,.T.);
#134=FACE_BOUND('',#2159,.T.);
#135=FACE_BOUND('',#2160,.T.);
#136=FACE_BOUND('',#2161,.T.);
#137=FACE_BOUND('',#2162,.T.);
#138=FACE_BOUND('',#2163,.T.);
#139=FACE_BOUND('',#2164,.T.);
#140=FACE_BOUND('',#2165,.T.);
#141=FACE_BOUND('',#2166,.T.);
#142=FACE_BOUND('',#2167,.T.);
#143=FACE_BOUND('',#2169,.T.);
#144=FACE_BOUND('',#2171,.T.);
#145=FACE_BOUND('',#2173,.T.);
#146=FACE_BOUND('',#2175,.T.);
#147=FACE_BOUND('',#2177,.T.);
#148=FACE_BOUND('',#2179,.T.);
#149=FACE_BOUND('',#2181,.T.);
#150=FACE_BOUND('',#2183,.T.);
#151=FACE_BOUND('',#2185,.T.);
#152=FACE_BOUND('',#2187,.T.);
#153=FACE_BOUND('',#2189,.T.);
#154=FACE_BOUND('',#2191,.T.);
#155=FACE_BOUND('',#2193,.T.);
#156=FACE_BOUND('',#2195,.T.);
#157=FACE_BOUND('',#2197,.T.);
#158=FACE_BOUND('',#2199,.T.);
#159=FACE_BOUND('',#2201,.T.);
#160=FACE_BOUND('',#2203,.T.);
#161=FACE_BOUND('',#2205,.T.);
#162=FACE_BOUND('',#2207,.T.);
#163=FACE_BOUND('',#2209,.T.);
#164=FACE_BOUND('',#2211,.T.);
#165=FACE_BOUND('',#2213,.T.);
#166=FACE_BOUND('',#2215,.T.);
#167=FACE_BOUND('',#2217,.T.);
#168=FACE_BOUND('',#2219,.T.);
#169=FACE_BOUND('',#2221,.T.);
#170=FACE_BOUND('',#2223,.T.);
#171=FACE_BOUND('',#2225,.T.);
#172=FACE_BOUND('',#2227,.T.);
#173=FACE_BOUND('',#2229,.T.);
#174=FACE_BOUND('',#2231,.T.);
#175=FACE_BOUND('',#2233,.T.);
#176=FACE_BOUND('',#2235,.T.);
#177=FACE_BOUND('',#2237,.T.);
#178=FACE_BOUND('',#2239,.T.);
#179=FACE_BOUND('',#2241,.T.);
#180=FACE_BOUND('',#2243,.T.);
#181=FACE_BOUND('',#2245,.T.);
#182=FACE_BOUND('',#2247,.T.);
#183=FACE_BOUND('',#2249,.T.);
#184=FACE_BOUND('',#2251,.T.);
#185=FACE_BOUND('',#2253,.T.);
#186=FACE_BOUND('',#2255,.T.);
#187=FACE_BOUND('',#2257,.T.);
#188=FACE_BOUND('',#2259,.T.);
#189=FACE_BOUND('',#2529,.T.);
#190=FACE_BOUND('',#2530,.T.);
#191=FACE_BOUND('',#2531,.T.);
#192=FACE_BOUND('',#2532,.T.);
#193=FACE_BOUND('',#2533,.T.);
#194=FACE_BOUND('',#2534,.T.);
#195=FACE_BOUND('',#2535,.T.);
#196=FACE_BOUND('',#2536,.T.);
#197=FACE_BOUND('',#2537,.T.);
#198=FACE_BOUND('',#2538,.T.);
#199=FACE_BOUND('',#2539,.T.);
#200=FACE_BOUND('',#2540,.T.);
#201=FACE_BOUND('',#2541,.T.);
#202=FACE_BOUND('',#2542,.T.);
#203=FACE_BOUND('',#2543,.T.);
#204=FACE_BOUND('',#2544,.T.);
#205=FACE_BOUND('',#2545,.T.);
#206=FACE_BOUND('',#2546,.T.);
#207=FACE_BOUND('',#2547,.T.);
#208=FACE_BOUND('',#2548,.T.);
#209=FACE_BOUND('',#2549,.T.);
#210=FACE_BOUND('',#2550,.T.);
#211=FACE_BOUND('',#2551,.T.);
#212=FACE_BOUND('',#2552,.T.);
#213=FACE_BOUND('',#2553,.T.);
#214=FACE_BOUND('',#2554,.T.);
#215=FACE_BOUND('',#2555,.T.);
#216=FACE_BOUND('',#2556,.T.);
#217=FACE_BOUND('',#2557,.T.);
#218=FACE_BOUND('',#2558,.T.);
#219=FACE_BOUND('',#2559,.T.);
#220=FACE_BOUND('',#2560,.T.);
#221=FACE_BOUND('',#2561,.T.);
#222=FACE_BOUND('',#2562,.T.);
#223=FACE_BOUND('',#2563,.T.);
#224=FACE_BOUND('',#2564,.T.);
#225=FACE_BOUND('',#2565,.T.);
#226=FACE_BOUND('',#2566,.T.);
#227=FACE_BOUND('',#2567,.T.);
#228=FACE_BOUND('',#2568,.T.);
#229=FACE_BOUND('',#2569,.T.);
#230=FACE_BOUND('',#2570,.T.);
#231=FACE_BOUND('',#2571,.T.);
#232=FACE_BOUND('',#2572,.T.);
#233=FACE_BOUND('',#2573,.T.);
#234=FACE_BOUND('',#2574,.T.);
#235=FACE_BOUND('',#2575,.T.);
#236=FACE_BOUND('',#2576,.T.);
#237=FACE_BOUND('',#2577,.T.);
#238=FACE_BOUND('',#2578,.T.);
#239=FACE_BOUND('',#2579,.T.);
#240=FACE_BOUND('',#2580,.T.);
#241=FACE_BOUND('',#2581,.T.);
#242=FACE_BOUND('',#2582,.T.);
#243=FACE_BOUND('',#2583,.T.);
#244=FACE_BOUND('',#2584,.T.);
#245=FACE_BOUND('',#2585,.T.);
#246=FACE_BOUND('',#2586,.T.);
#247=FACE_BOUND('',#2587,.T.);
#248=FACE_BOUND('',#2588,.T.);
#249=FACE_BOUND('',#2589,.T.);
#250=FACE_BOUND('',#2590,.T.);
#251=FACE_BOUND('',#2591,.T.);
#252=FACE_BOUND('',#2592,.T.);
#253=FACE_BOUND('',#2593,.T.);
#254=FACE_BOUND('',#2594,.T.);
#255=FACE_BOUND('',#2595,.T.);
#256=FACE_BOUND('',#2596,.T.);
#257=FACE_BOUND('',#2597,.T.);
#258=FACE_BOUND('',#2598,.T.);
#259=FACE_BOUND('',#2599,.T.);
#260=FACE_BOUND('',#2600,.T.);
#261=FACE_BOUND('',#2601,.T.);
#262=FACE_BOUND('',#2602,.T.);
#263=FACE_BOUND('',#2603,.T.);
#264=FACE_BOUND('',#2604,.T.);
#265=FACE_BOUND('',#2605,.T.);
#266=FACE_BOUND('',#2606,.T.);
#267=FACE_BOUND('',#2607,.T.);
#268=FACE_BOUND('',#2608,.T.);
#269=FACE_BOUND('',#2609,.T.);
#270=FACE_BOUND('',#2610,.T.);
#271=FACE_BOUND('',#2611,.T.);
#272=FACE_BOUND('',#2612,.T.);
#273=FACE_BOUND('',#2613,.T.);
#274=FACE_BOUND('',#2614,.T.);
#275=FACE_BOUND('',#2615,.T.);
#276=FACE_BOUND('',#2616,.T.);
#277=FACE_BOUND('',#2617,.T.);
#278=FACE_BOUND('',#2618,.T.);
#279=FACE_BOUND('',#2619,.T.);
#280=PLANE('',#14610);
#281=PLANE('',#14619);
#282=PLANE('',#14628);
#283=PLANE('',#14630);
#284=PLANE('',#14639);
#285=PLANE('',#14648);
#286=PLANE('',#14657);
#287=PLANE('',#14666);
#288=PLANE('',#14678);
#289=PLANE('',#14683);
#290=PLANE('',#14688);
#291=PLANE('',#14693);
#292=PLANE('',#14698);
#293=PLANE('',#14703);
#294=PLANE('',#14705);
#295=PLANE('',#14714);
#296=PLANE('',#14723);
#297=PLANE('',#14732);
#298=PLANE('',#14748);
#299=PLANE('',#14753);
#300=PLANE('',#14755);
#301=PLANE('',#14756);
#302=PLANE('',#14757);
#303=PLANE('',#14758);
#304=PLANE('',#14759);
#305=PLANE('',#14760);
#306=PLANE('',#14761);
#307=PLANE('',#14762);
#308=PLANE('',#14763);
#309=PLANE('',#14764);
#310=PLANE('',#14765);
#311=PLANE('',#14766);
#312=PLANE('',#14767);
#313=PLANE('',#14768);
#314=PLANE('',#14769);
#315=PLANE('',#14770);
#316=PLANE('',#14771);
#317=PLANE('',#14772);
#318=PLANE('',#14773);
#319=PLANE('',#14774);
#320=PLANE('',#14775);
#321=PLANE('',#14776);
#322=PLANE('',#14777);
#323=PLANE('',#14778);
#324=PLANE('',#14819);
#325=PLANE('',#14820);
#326=PLANE('',#14821);
#327=PLANE('',#14822);
#328=PLANE('',#14823);
#329=PLANE('',#14824);
#330=PLANE('',#14825);
#331=PLANE('',#14826);
#332=PLANE('',#14827);
#333=PLANE('',#14828);
#334=PLANE('',#14829);
#335=PLANE('',#14830);
#336=PLANE('',#14831);
#337=PLANE('',#14832);
#338=PLANE('',#14833);
#339=PLANE('',#14834);
#340=PLANE('',#14835);
#341=PLANE('',#14836);
#342=PLANE('',#14837);
#343=PLANE('',#14838);
#344=PLANE('',#14839);
#345=PLANE('',#14840);
#346=PLANE('',#14841);
#347=PLANE('',#14842);
#348=PLANE('',#14843);
#349=PLANE('',#14844);
#350=PLANE('',#14845);
#351=PLANE('',#14846);
#352=PLANE('',#14847);
#353=PLANE('',#14848);
#354=PLANE('',#14849);
#355=PLANE('',#14850);
#356=PLANE('',#14851);
#357=PLANE('',#14852);
#358=PLANE('',#14853);
#359=PLANE('',#14854);
#360=PLANE('',#14855);
#361=PLANE('',#14856);
#362=PLANE('',#14857);
#363=PLANE('',#14858);
#364=PLANE('',#14859);
#365=PLANE('',#14860);
#366=PLANE('',#14861);
#367=PLANE('',#14862);
#368=PLANE('',#14863);
#369=PLANE('',#14864);
#370=PLANE('',#14865);
#371=PLANE('',#14866);
#372=PLANE('',#14867);
#373=PLANE('',#14868);
#374=PLANE('',#14869);
#375=PLANE('',#14870);
#376=PLANE('',#14871);
#377=PLANE('',#14872);
#378=PLANE('',#14873);
#379=PLANE('',#14874);
#380=PLANE('',#14875);
#381=PLANE('',#14876);
#382=PLANE('',#14877);
#383=PLANE('',#14878);
#384=PLANE('',#14879);
#385=PLANE('',#14880);
#386=PLANE('',#14881);
#387=PLANE('',#14882);
#388=PLANE('',#14883);
#389=PLANE('',#14884);
#390=PLANE('',#14885);
#391=PLANE('',#14886);
#392=PLANE('',#14887);
#393=PLANE('',#14888);
#394=PLANE('',#14889);
#395=PLANE('',#14890);
#396=PLANE('',#14891);
#397=PLANE('',#14892);
#398=PLANE('',#14893);
#399=PLANE('',#14894);
#400=PLANE('',#14895);
#401=PLANE('',#14896);
#402=PLANE('',#14897);
#403=PLANE('',#14898);
#404=PLANE('',#14899);
#405=PLANE('',#14900);
#406=PLANE('',#14901);
#407=PLANE('',#14902);
#408=PLANE('',#14903);
#409=PLANE('',#14904);
#410=PLANE('',#14905);
#411=PLANE('',#14906);
#412=PLANE('',#14907);
#413=PLANE('',#14908);
#414=PLANE('',#14909);
#415=PLANE('',#14910);
#416=PLANE('',#14911);
#417=PLANE('',#14912);
#418=PLANE('',#14913);
#419=PLANE('',#14914);
#420=PLANE('',#14915);
#421=PLANE('',#14916);
#422=PLANE('',#14917);
#423=PLANE('',#14918);
#424=PLANE('',#14919);
#425=PLANE('',#14920);
#426=PLANE('',#14921);
#427=PLANE('',#14922);
#428=PLANE('',#14923);
#429=PLANE('',#14924);
#430=PLANE('',#14925);
#431=PLANE('',#14926);
#432=PLANE('',#14927);
#433=PLANE('',#14928);
#434=PLANE('',#14929);
#435=PLANE('',#14930);
#436=PLANE('',#14931);
#437=PLANE('',#14932);
#438=PLANE('',#14933);
#439=PLANE('',#14934);
#440=PLANE('',#14935);
#441=PLANE('',#14936);
#442=PLANE('',#14937);
#443=PLANE('',#14938);
#444=PLANE('',#14939);
#445=PLANE('',#14940);
#446=PLANE('',#14941);
#447=PLANE('',#14942);
#448=PLANE('',#14943);
#449=PLANE('',#14944);
#450=PLANE('',#14945);
#451=PLANE('',#14946);
#452=PLANE('',#14947);
#453=PLANE('',#14948);
#454=PLANE('',#14949);
#455=PLANE('',#14950);
#456=PLANE('',#14951);
#457=PLANE('',#14952);
#458=PLANE('',#14953);
#459=PLANE('',#14954);
#460=PLANE('',#14955);
#461=PLANE('',#14956);
#462=PLANE('',#14957);
#463=PLANE('',#14958);
#464=PLANE('',#14959);
#465=PLANE('',#14960);
#466=PLANE('',#14961);
#467=PLANE('',#14962);
#468=PLANE('',#14963);
#469=PLANE('',#14964);
#470=PLANE('',#14965);
#471=PLANE('',#14966);
#472=PLANE('',#14967);
#473=PLANE('',#14968);
#474=PLANE('',#14969);
#475=PLANE('',#14970);
#476=PLANE('',#14971);
#477=PLANE('',#14972);
#478=PLANE('',#14973);
#479=PLANE('',#14974);
#480=PLANE('',#14975);
#481=PLANE('',#14976);
#482=PLANE('',#14977);
#483=PLANE('',#14978);
#484=PLANE('',#14979);
#485=PLANE('',#14980);
#486=PLANE('',#14981);
#487=PLANE('',#14982);
#488=PLANE('',#14983);
#489=PLANE('',#14984);
#490=PLANE('',#14985);
#491=PLANE('',#14986);
#492=PLANE('',#14987);
#493=PLANE('',#14988);
#494=PLANE('',#14989);
#495=PLANE('',#14990);
#496=PLANE('',#14991);
#497=PLANE('',#14992);
#498=PLANE('',#14993);
#499=PLANE('',#14994);
#500=PLANE('',#14995);
#501=PLANE('',#14996);
#502=PLANE('',#14997);
#503=PLANE('',#14998);
#504=PLANE('',#14999);
#505=PLANE('',#15000);
#506=PLANE('',#15001);
#507=PLANE('',#15002);
#508=PLANE('',#15003);
#509=PLANE('',#15004);
#510=PLANE('',#15005);
#511=PLANE('',#15006);
#512=PLANE('',#15007);
#513=PLANE('',#15008);
#514=PLANE('',#15009);
#515=PLANE('',#15010);
#516=PLANE('',#15011);
#517=PLANE('',#15012);
#518=PLANE('',#15013);
#519=PLANE('',#15014);
#520=PLANE('',#15015);
#521=PLANE('',#15016);
#522=PLANE('',#15017);
#523=PLANE('',#15018);
#524=PLANE('',#15019);
#525=PLANE('',#15020);
#526=PLANE('',#15021);
#527=PLANE('',#15022);
#528=PLANE('',#15023);
#529=PLANE('',#15024);
#530=PLANE('',#15025);
#531=PLANE('',#15026);
#532=PLANE('',#15027);
#533=PLANE('',#15028);
#534=PLANE('',#15029);
#535=PLANE('',#15030);
#536=PLANE('',#15031);
#537=PLANE('',#15032);
#538=PLANE('',#15033);
#539=PLANE('',#15034);
#540=PLANE('',#15035);
#541=PLANE('',#15036);
#542=PLANE('',#15037);
#543=PLANE('',#15038);
#544=PLANE('',#15039);
#545=PLANE('',#15040);
#546=PLANE('',#15041);
#547=PLANE('',#15042);
#548=PLANE('',#15043);
#549=PLANE('',#15044);
#550=PLANE('',#15045);
#551=PLANE('',#15046);
#552=PLANE('',#15047);
#553=PLANE('',#15048);
#554=PLANE('',#15049);
#555=PLANE('',#15050);
#556=PLANE('',#15051);
#557=PLANE('',#15052);
#558=PLANE('',#15053);
#559=PLANE('',#15054);
#560=PLANE('',#15055);
#561=PLANE('',#15056);
#562=PLANE('',#15057);
#563=PLANE('',#15058);
#564=PLANE('',#15059);
#565=PLANE('',#15060);
#566=PLANE('',#15061);
#567=PLANE('',#15062);
#568=PLANE('',#15063);
#569=PLANE('',#15064);
#570=PLANE('',#15065);
#571=PLANE('',#15066);
#572=PLANE('',#15067);
#573=PLANE('',#15068);
#574=PLANE('',#15069);
#575=PLANE('',#15070);
#576=PLANE('',#15071);
#577=PLANE('',#15072);
#578=PLANE('',#15073);
#579=PLANE('',#15074);
#580=PLANE('',#15075);
#581=PLANE('',#15076);
#582=PLANE('',#15077);
#583=PLANE('',#15078);
#584=PLANE('',#15079);
#585=PLANE('',#15080);
#586=PLANE('',#15081);
#587=PLANE('',#15082);
#588=PLANE('',#15083);
#589=PLANE('',#15084);
#590=PLANE('',#15085);
#591=PLANE('',#15086);
#592=PLANE('',#15087);
#593=PLANE('',#15088);
#594=PLANE('',#15089);
#595=PLANE('',#15090);
#596=PLANE('',#15091);
#597=PLANE('',#15092);
#598=PLANE('',#15093);
#599=PLANE('',#15094);
#600=PLANE('',#15095);
#601=PLANE('',#15096);
#602=PLANE('',#15097);
#603=PLANE('',#15098);
#604=PLANE('',#15099);
#605=PLANE('',#15100);
#606=PLANE('',#15101);
#607=PLANE('',#15102);
#608=PLANE('',#15103);
#609=PLANE('',#15104);
#610=PLANE('',#15105);
#611=PLANE('',#15106);
#612=PLANE('',#15107);
#613=PLANE('',#15108);
#614=PLANE('',#15109);
#615=PLANE('',#15110);
#616=PLANE('',#15111);
#617=PLANE('',#15112);
#618=PLANE('',#15113);
#619=PLANE('',#15114);
#620=PLANE('',#15115);
#621=PLANE('',#15116);
#622=PLANE('',#15117);
#623=PLANE('',#15118);
#624=PLANE('',#15119);
#625=PLANE('',#15120);
#626=PLANE('',#15121);
#627=PLANE('',#15122);
#628=PLANE('',#15123);
#629=PLANE('',#15124);
#630=PLANE('',#15125);
#631=PLANE('',#15126);
#632=PLANE('',#15127);
#633=PLANE('',#15128);
#634=PLANE('',#15129);
#635=PLANE('',#15130);
#636=PLANE('',#15131);
#637=PLANE('',#15132);
#638=PLANE('',#15133);
#639=PLANE('',#15134);
#640=PLANE('',#15135);
#641=PLANE('',#15136);
#642=PLANE('',#15137);
#643=PLANE('',#15138);
#644=PLANE('',#15139);
#645=PLANE('',#15140);
#646=PLANE('',#15141);
#647=PLANE('',#15142);
#648=PLANE('',#15143);
#649=PLANE('',#15144);
#650=PLANE('',#15145);
#651=PLANE('',#15146);
#652=PLANE('',#15147);
#653=PLANE('',#15148);
#654=PLANE('',#15149);
#655=PLANE('',#15150);
#656=PLANE('',#15151);
#657=PLANE('',#15152);
#658=PLANE('',#15153);
#659=PLANE('',#15154);
#660=PLANE('',#15155);
#661=PLANE('',#15156);
#662=PLANE('',#15157);
#663=PLANE('',#15158);
#664=PLANE('',#15159);
#665=PLANE('',#15160);
#666=PLANE('',#15161);
#667=PLANE('',#15162);
#668=PLANE('',#15163);
#669=PLANE('',#15164);
#670=PLANE('',#15165);
#671=PLANE('',#15166);
#672=PLANE('',#15167);
#673=PLANE('',#15168);
#674=PLANE('',#15169);
#675=PLANE('',#15170);
#676=PLANE('',#15171);
#677=PLANE('',#15172);
#678=PLANE('',#15173);
#679=PLANE('',#15174);
#680=PLANE('',#15175);
#681=PLANE('',#15176);
#682=PLANE('',#15177);
#683=PLANE('',#15178);
#684=PLANE('',#15179);
#685=PLANE('',#15180);
#686=PLANE('',#15181);
#687=PLANE('',#15182);
#688=PLANE('',#15183);
#689=PLANE('',#15184);
#690=PLANE('',#15185);
#691=PLANE('',#15186);
#692=PLANE('',#15187);
#693=PLANE('',#15188);
#694=PLANE('',#15189);
#695=PLANE('',#15190);
#696=PLANE('',#15191);
#697=PLANE('',#15192);
#698=PLANE('',#15193);
#699=PLANE('',#15194);
#700=PLANE('',#15195);
#701=PLANE('',#15196);
#702=PLANE('',#15197);
#703=PLANE('',#15198);
#704=PLANE('',#15199);
#705=PLANE('',#15200);
#706=PLANE('',#15201);
#707=PLANE('',#15202);
#708=PLANE('',#15203);
#709=PLANE('',#15204);
#710=PLANE('',#15205);
#711=PLANE('',#15206);
#712=PLANE('',#15207);
#713=PLANE('',#15208);
#714=PLANE('',#15209);
#715=PLANE('',#15210);
#716=PLANE('',#15211);
#717=PLANE('',#15212);
#718=PLANE('',#15213);
#719=PLANE('',#15214);
#720=PLANE('',#15215);
#721=PLANE('',#15216);
#722=PLANE('',#15217);
#723=PLANE('',#15218);
#724=PLANE('',#15219);
#725=PLANE('',#15220);
#726=PLANE('',#15221);
#727=PLANE('',#15222);
#728=PLANE('',#15223);
#729=PLANE('',#15224);
#730=PLANE('',#15225);
#731=PLANE('',#15226);
#732=PLANE('',#15227);
#733=PLANE('',#15228);
#734=PLANE('',#15229);
#735=PLANE('',#15230);
#736=PLANE('',#15231);
#737=PLANE('',#15232);
#738=PLANE('',#15233);
#739=PLANE('',#15234);
#740=PLANE('',#15235);
#741=PLANE('',#15236);
#742=PLANE('',#15237);
#743=PLANE('',#15238);
#744=PLANE('',#15239);
#745=PLANE('',#15240);
#746=PLANE('',#15241);
#747=PLANE('',#15242);
#748=PLANE('',#15243);
#749=PLANE('',#15244);
#750=PLANE('',#15245);
#751=PLANE('',#15246);
#752=PLANE('',#15247);
#753=PLANE('',#15248);
#754=PLANE('',#15249);
#755=PLANE('',#15250);
#756=PLANE('',#15251);
#757=PLANE('',#15252);
#758=PLANE('',#15253);
#759=PLANE('',#15254);
#760=PLANE('',#15255);
#761=PLANE('',#15256);
#762=PLANE('',#15257);
#763=PLANE('',#15258);
#764=PLANE('',#15259);
#765=PLANE('',#15260);
#766=PLANE('',#15261);
#767=PLANE('',#15262);
#768=PLANE('',#15263);
#769=PLANE('',#15264);
#770=PLANE('',#15265);
#771=PLANE('',#15266);
#772=PLANE('',#15267);
#773=PLANE('',#15268);
#774=PLANE('',#15269);
#775=PLANE('',#15270);
#776=PLANE('',#15271);
#777=PLANE('',#15272);
#778=PLANE('',#15273);
#779=PLANE('',#15274);
#780=PLANE('',#15275);
#781=PLANE('',#15276);
#782=PLANE('',#15277);
#783=PLANE('',#15278);
#784=PLANE('',#15279);
#785=PLANE('',#15280);
#786=PLANE('',#15281);
#787=PLANE('',#15282);
#788=PLANE('',#15283);
#789=PLANE('',#15284);
#790=PLANE('',#15285);
#791=PLANE('',#15286);
#792=PLANE('',#15287);
#793=PLANE('',#15288);
#794=PLANE('',#15289);
#795=PLANE('',#15290);
#796=PLANE('',#15291);
#797=PLANE('',#15292);
#798=PLANE('',#15293);
#799=PLANE('',#15294);
#800=PLANE('',#15295);
#801=PLANE('',#15296);
#802=PLANE('',#15297);
#803=PLANE('',#15298);
#804=PLANE('',#15299);
#805=PLANE('',#15300);
#806=PLANE('',#15301);
#807=PLANE('',#15302);
#808=PLANE('',#15303);
#809=PLANE('',#15304);
#810=PLANE('',#15305);
#811=PLANE('',#15306);
#812=PLANE('',#15307);
#813=PLANE('',#15308);
#814=PLANE('',#15309);
#815=PLANE('',#15310);
#816=PLANE('',#15311);
#817=PLANE('',#15312);
#818=PLANE('',#15313);
#819=PLANE('',#15314);
#820=PLANE('',#15315);
#821=PLANE('',#15316);
#822=PLANE('',#15317);
#823=PLANE('',#15318);
#824=PLANE('',#15319);
#825=PLANE('',#15320);
#826=PLANE('',#15321);
#827=PLANE('',#15322);
#828=PLANE('',#15323);
#829=PLANE('',#15324);
#830=PLANE('',#15325);
#831=PLANE('',#15326);
#832=PLANE('',#15327);
#833=PLANE('',#15328);
#834=PLANE('',#15329);
#835=PLANE('',#15330);
#836=PLANE('',#15331);
#837=PLANE('',#15332);
#838=PLANE('',#15333);
#839=PLANE('',#15334);
#840=PLANE('',#15335);
#841=PLANE('',#15336);
#842=PLANE('',#15337);
#843=PLANE('',#15338);
#844=PLANE('',#15339);
#845=PLANE('',#15340);
#846=PLANE('',#15341);
#847=PLANE('',#15342);
#848=PLANE('',#15343);
#849=PLANE('',#15344);
#850=PLANE('',#15345);
#851=PLANE('',#15346);
#852=PLANE('',#15347);
#853=PLANE('',#15348);
#854=PLANE('',#15349);
#855=PLANE('',#15350);
#856=PLANE('',#15351);
#857=PLANE('',#15352);
#858=PLANE('',#15353);
#859=PLANE('',#15354);
#860=PLANE('',#15355);
#861=PLANE('',#15356);
#862=PLANE('',#15357);
#863=PLANE('',#15358);
#864=PLANE('',#15359);
#865=PLANE('',#15360);
#866=PLANE('',#15361);
#867=PLANE('',#15362);
#868=PLANE('',#15363);
#869=PLANE('',#15364);
#870=PLANE('',#15365);
#871=PLANE('',#15366);
#872=PLANE('',#15367);
#873=PLANE('',#15368);
#874=PLANE('',#15369);
#875=PLANE('',#15370);
#876=PLANE('',#15371);
#877=PLANE('',#15372);
#878=PLANE('',#15373);
#879=PLANE('',#15374);
#880=PLANE('',#15375);
#881=PLANE('',#15376);
#882=PLANE('',#15377);
#883=PLANE('',#15378);
#884=PLANE('',#15379);
#885=PLANE('',#15380);
#886=PLANE('',#15381);
#887=PLANE('',#15382);
#888=PLANE('',#15383);
#889=PLANE('',#15384);
#890=PLANE('',#15385);
#891=PLANE('',#15386);
#892=PLANE('',#15387);
#893=PLANE('',#15388);
#894=PLANE('',#15389);
#895=PLANE('',#15390);
#896=PLANE('',#15391);
#897=PLANE('',#15392);
#898=PLANE('',#15393);
#899=PLANE('',#15394);
#900=PLANE('',#15395);
#901=PLANE('',#15396);
#902=PLANE('',#15397);
#903=PLANE('',#15398);
#904=PLANE('',#15399);
#905=PLANE('',#15400);
#906=PLANE('',#15401);
#907=PLANE('',#15402);
#908=PLANE('',#15403);
#909=PLANE('',#15404);
#910=PLANE('',#15405);
#911=PLANE('',#15406);
#912=PLANE('',#15407);
#913=PLANE('',#15408);
#914=PLANE('',#15409);
#915=PLANE('',#15410);
#916=PLANE('',#15411);
#917=PLANE('',#15412);
#918=PLANE('',#15413);
#919=PLANE('',#15414);
#920=PLANE('',#15415);
#921=PLANE('',#15416);
#922=PLANE('',#15417);
#923=PLANE('',#15418);
#924=PLANE('',#15419);
#925=PLANE('',#15420);
#926=PLANE('',#15421);
#927=PLANE('',#15422);
#928=PLANE('',#15423);
#929=PLANE('',#15424);
#930=PLANE('',#15425);
#931=PLANE('',#15426);
#932=PLANE('',#15427);
#933=PLANE('',#15428);
#934=PLANE('',#15429);
#935=PLANE('',#15430);
#936=PLANE('',#15431);
#937=PLANE('',#15432);
#938=PLANE('',#15433);
#939=PLANE('',#15434);
#940=PLANE('',#15435);
#941=PLANE('',#15436);
#942=PLANE('',#15437);
#943=PLANE('',#15438);
#944=PLANE('',#15439);
#945=FACE_OUTER_BOUND('',#1650,.T.);
#946=FACE_OUTER_BOUND('',#1651,.T.);
#947=FACE_OUTER_BOUND('',#1653,.T.);
#948=FACE_OUTER_BOUND('',#1654,.T.);
#949=FACE_OUTER_BOUND('',#1656,.T.);
#950=FACE_OUTER_BOUND('',#1657,.T.);
#951=FACE_OUTER_BOUND('',#1659,.T.);
#952=FACE_OUTER_BOUND('',#1661,.T.);
#953=FACE_OUTER_BOUND('',#1662,.T.);
#954=FACE_OUTER_BOUND('',#1664,.T.);
#955=FACE_OUTER_BOUND('',#1665,.T.);
#956=FACE_OUTER_BOUND('',#1667,.T.);
#957=FACE_OUTER_BOUND('',#1668,.T.);
#958=FACE_OUTER_BOUND('',#1670,.T.);
#959=FACE_OUTER_BOUND('',#1671,.T.);
#960=FACE_OUTER_BOUND('',#1673,.T.);
#961=FACE_OUTER_BOUND('',#1674,.T.);
#962=FACE_OUTER_BOUND('',#1675,.T.);
#963=FACE_OUTER_BOUND('',#1677,.T.);
#964=FACE_OUTER_BOUND('',#1678,.T.);
#965=FACE_OUTER_BOUND('',#1680,.T.);
#966=FACE_OUTER_BOUND('',#1681,.T.);
#967=FACE_OUTER_BOUND('',#1683,.T.);
#968=FACE_OUTER_BOUND('',#1684,.T.);
#969=FACE_OUTER_BOUND('',#1686,.T.);
#970=FACE_OUTER_BOUND('',#1687,.T.);
#971=FACE_OUTER_BOUND('',#1689,.T.);
#972=FACE_OUTER_BOUND('',#1690,.T.);
#973=FACE_OUTER_BOUND('',#1692,.T.);
#974=FACE_OUTER_BOUND('',#1694,.T.);
#975=FACE_OUTER_BOUND('',#1695,.T.);
#976=FACE_OUTER_BOUND('',#1697,.T.);
#977=FACE_OUTER_BOUND('',#1698,.T.);
#978=FACE_OUTER_BOUND('',#1700,.T.);
#979=FACE_OUTER_BOUND('',#1701,.T.);
#980=FACE_OUTER_BOUND('',#1703,.T.);
#981=FACE_OUTER_BOUND('',#1704,.T.);
#982=FACE_OUTER_BOUND('',#1705,.T.);
#983=FACE_OUTER_BOUND('',#1707,.T.);
#984=FACE_OUTER_BOUND('',#1708,.T.);
#985=FACE_OUTER_BOUND('',#1710,.T.);
#986=FACE_OUTER_BOUND('',#1712,.T.);
#987=FACE_OUTER_BOUND('',#1713,.T.);
#988=FACE_OUTER_BOUND('',#1715,.T.);
#989=FACE_OUTER_BOUND('',#1716,.T.);
#990=FACE_OUTER_BOUND('',#1717,.T.);
#991=FACE_OUTER_BOUND('',#1719,.T.);
#992=FACE_OUTER_BOUND('',#1720,.T.);
#993=FACE_OUTER_BOUND('',#1722,.T.);
#994=FACE_OUTER_BOUND('',#1723,.T.);
#995=FACE_OUTER_BOUND('',#1725,.T.);
#996=FACE_OUTER_BOUND('',#1726,.T.);
#997=FACE_OUTER_BOUND('',#1728,.T.);
#998=FACE_OUTER_BOUND('',#1729,.T.);
#999=FACE_OUTER_BOUND('',#1731,.T.);
#1000=FACE_OUTER_BOUND('',#1732,.T.);
#1001=FACE_OUTER_BOUND('',#1734,.T.);
#1002=FACE_OUTER_BOUND('',#1735,.T.);
#1003=FACE_OUTER_BOUND('',#1737,.T.);
#1004=FACE_OUTER_BOUND('',#1738,.T.);
#1005=FACE_OUTER_BOUND('',#1740,.T.);
#1006=FACE_OUTER_BOUND('',#1741,.T.);
#1007=FACE_OUTER_BOUND('',#1743,.T.);
#1008=FACE_OUTER_BOUND('',#1745,.T.);
#1009=FACE_OUTER_BOUND('',#1746,.T.);
#1010=FACE_OUTER_BOUND('',#1747,.T.);
#1011=FACE_OUTER_BOUND('',#1748,.T.);
#1012=FACE_OUTER_BOUND('',#1749,.T.);
#1013=FACE_OUTER_BOUND('',#1750,.T.);
#1014=FACE_OUTER_BOUND('',#1751,.T.);
#1015=FACE_OUTER_BOUND('',#1752,.T.);
#1016=FACE_OUTER_BOUND('',#1753,.T.);
#1017=FACE_OUTER_BOUND('',#1754,.T.);
#1018=FACE_OUTER_BOUND('',#1755,.T.);
#1019=FACE_OUTER_BOUND('',#1756,.T.);
#1020=FACE_OUTER_BOUND('',#1757,.T.);
#1021=FACE_OUTER_BOUND('',#1758,.T.);
#1022=FACE_OUTER_BOUND('',#1759,.T.);
#1023=FACE_OUTER_BOUND('',#1760,.T.);
#1024=FACE_OUTER_BOUND('',#1761,.T.);
#1025=FACE_OUTER_BOUND('',#1762,.T.);
#1026=FACE_OUTER_BOUND('',#1763,.T.);
#1027=FACE_OUTER_BOUND('',#1764,.T.);
#1028=FACE_OUTER_BOUND('',#1765,.T.);
#1029=FACE_OUTER_BOUND('',#1766,.T.);
#1030=FACE_OUTER_BOUND('',#1767,.T.);
#1031=FACE_OUTER_BOUND('',#1768,.T.);
#1032=FACE_OUTER_BOUND('',#1769,.T.);
#1033=FACE_OUTER_BOUND('',#1770,.T.);
#1034=FACE_OUTER_BOUND('',#1772,.T.);
#1035=FACE_OUTER_BOUND('',#1773,.T.);
#1036=FACE_OUTER_BOUND('',#1774,.T.);
#1037=FACE_OUTER_BOUND('',#1775,.T.);
#1038=FACE_OUTER_BOUND('',#1776,.T.);
#1039=FACE_OUTER_BOUND('',#1778,.T.);
#1040=FACE_OUTER_BOUND('',#1779,.T.);
#1041=FACE_OUTER_BOUND('',#1780,.T.);
#1042=FACE_OUTER_BOUND('',#1781,.T.);
#1043=FACE_OUTER_BOUND('',#1782,.T.);
#1044=FACE_OUTER_BOUND('',#1784,.T.);
#1045=FACE_OUTER_BOUND('',#1785,.T.);
#1046=FACE_OUTER_BOUND('',#1786,.T.);
#1047=FACE_OUTER_BOUND('',#1787,.T.);
#1048=FACE_OUTER_BOUND('',#1788,.T.);
#1049=FACE_OUTER_BOUND('',#1790,.T.);
#1050=FACE_OUTER_BOUND('',#1791,.T.);
#1051=FACE_OUTER_BOUND('',#1792,.T.);
#1052=FACE_OUTER_BOUND('',#1793,.T.);
#1053=FACE_OUTER_BOUND('',#1794,.T.);
#1054=FACE_OUTER_BOUND('',#1796,.T.);
#1055=FACE_OUTER_BOUND('',#1797,.T.);
#1056=FACE_OUTER_BOUND('',#1798,.T.);
#1057=FACE_OUTER_BOUND('',#1799,.T.);
#1058=FACE_OUTER_BOUND('',#1800,.T.);
#1059=FACE_OUTER_BOUND('',#1802,.T.);
#1060=FACE_OUTER_BOUND('',#1803,.T.);
#1061=FACE_OUTER_BOUND('',#1804,.T.);
#1062=FACE_OUTER_BOUND('',#1805,.T.);
#1063=FACE_OUTER_BOUND('',#1806,.T.);
#1064=FACE_OUTER_BOUND('',#1808,.T.);
#1065=FACE_OUTER_BOUND('',#1809,.T.);
#1066=FACE_OUTER_BOUND('',#1810,.T.);
#1067=FACE_OUTER_BOUND('',#1811,.T.);
#1068=FACE_OUTER_BOUND('',#1812,.T.);
#1069=FACE_OUTER_BOUND('',#1814,.T.);
#1070=FACE_OUTER_BOUND('',#1815,.T.);
#1071=FACE_OUTER_BOUND('',#1816,.T.);
#1072=FACE_OUTER_BOUND('',#1817,.T.);
#1073=FACE_OUTER_BOUND('',#1818,.T.);
#1074=FACE_OUTER_BOUND('',#1820,.T.);
#1075=FACE_OUTER_BOUND('',#1821,.T.);
#1076=FACE_OUTER_BOUND('',#1822,.T.);
#1077=FACE_OUTER_BOUND('',#1823,.T.);
#1078=FACE_OUTER_BOUND('',#1824,.T.);
#1079=FACE_OUTER_BOUND('',#1826,.T.);
#1080=FACE_OUTER_BOUND('',#1827,.T.);
#1081=FACE_OUTER_BOUND('',#1828,.T.);
#1082=FACE_OUTER_BOUND('',#1829,.T.);
#1083=FACE_OUTER_BOUND('',#1830,.T.);
#1084=FACE_OUTER_BOUND('',#1831,.T.);
#1085=FACE_OUTER_BOUND('',#1832,.T.);
#1086=FACE_OUTER_BOUND('',#1833,.T.);
#1087=FACE_OUTER_BOUND('',#1834,.T.);
#1088=FACE_OUTER_BOUND('',#1835,.T.);
#1089=FACE_OUTER_BOUND('',#1836,.T.);
#1090=FACE_OUTER_BOUND('',#1837,.T.);
#1091=FACE_OUTER_BOUND('',#1838,.T.);
#1092=FACE_OUTER_BOUND('',#1839,.T.);
#1093=FACE_OUTER_BOUND('',#1840,.T.);
#1094=FACE_OUTER_BOUND('',#1841,.T.);
#1095=FACE_OUTER_BOUND('',#1842,.T.);
#1096=FACE_OUTER_BOUND('',#1843,.T.);
#1097=FACE_OUTER_BOUND('',#1844,.T.);
#1098=FACE_OUTER_BOUND('',#1845,.T.);
#1099=FACE_OUTER_BOUND('',#1846,.T.);
#1100=FACE_OUTER_BOUND('',#1848,.T.);
#1101=FACE_OUTER_BOUND('',#1849,.T.);
#1102=FACE_OUTER_BOUND('',#1850,.T.);
#1103=FACE_OUTER_BOUND('',#1852,.T.);
#1104=FACE_OUTER_BOUND('',#1853,.T.);
#1105=FACE_OUTER_BOUND('',#1854,.T.);
#1106=FACE_OUTER_BOUND('',#1856,.T.);
#1107=FACE_OUTER_BOUND('',#1857,.T.);
#1108=FACE_OUTER_BOUND('',#1858,.T.);
#1109=FACE_OUTER_BOUND('',#1859,.T.);
#1110=FACE_OUTER_BOUND('',#1860,.T.);
#1111=FACE_OUTER_BOUND('',#1861,.T.);
#1112=FACE_OUTER_BOUND('',#1862,.T.);
#1113=FACE_OUTER_BOUND('',#1863,.T.);
#1114=FACE_OUTER_BOUND('',#1864,.T.);
#1115=FACE_OUTER_BOUND('',#1865,.T.);
#1116=FACE_OUTER_BOUND('',#1866,.T.);
#1117=FACE_OUTER_BOUND('',#1867,.T.);
#1118=FACE_OUTER_BOUND('',#1868,.T.);
#1119=FACE_OUTER_BOUND('',#1869,.T.);
#1120=FACE_OUTER_BOUND('',#1870,.T.);
#1121=FACE_OUTER_BOUND('',#1871,.T.);
#1122=FACE_OUTER_BOUND('',#1872,.T.);
#1123=FACE_OUTER_BOUND('',#1873,.T.);
#1124=FACE_OUTER_BOUND('',#1874,.T.);
#1125=FACE_OUTER_BOUND('',#1875,.T.);
#1126=FACE_OUTER_BOUND('',#1876,.T.);
#1127=FACE_OUTER_BOUND('',#1877,.T.);
#1128=FACE_OUTER_BOUND('',#1878,.T.);
#1129=FACE_OUTER_BOUND('',#1879,.T.);
#1130=FACE_OUTER_BOUND('',#1880,.T.);
#1131=FACE_OUTER_BOUND('',#1881,.T.);
#1132=FACE_OUTER_BOUND('',#1882,.T.);
#1133=FACE_OUTER_BOUND('',#1883,.T.);
#1134=FACE_OUTER_BOUND('',#1884,.T.);
#1135=FACE_OUTER_BOUND('',#1885,.T.);
#1136=FACE_OUTER_BOUND('',#1886,.T.);
#1137=FACE_OUTER_BOUND('',#1887,.T.);
#1138=FACE_OUTER_BOUND('',#1888,.T.);
#1139=FACE_OUTER_BOUND('',#1889,.T.);
#1140=FACE_OUTER_BOUND('',#1890,.T.);
#1141=FACE_OUTER_BOUND('',#1891,.T.);
#1142=FACE_OUTER_BOUND('',#1892,.T.);
#1143=FACE_OUTER_BOUND('',#1893,.T.);
#1144=FACE_OUTER_BOUND('',#1894,.T.);
#1145=FACE_OUTER_BOUND('',#1895,.T.);
#1146=FACE_OUTER_BOUND('',#1896,.T.);
#1147=FACE_OUTER_BOUND('',#1897,.T.);
#1148=FACE_OUTER_BOUND('',#1898,.T.);
#1149=FACE_OUTER_BOUND('',#1899,.T.);
#1150=FACE_OUTER_BOUND('',#1900,.T.);
#1151=FACE_OUTER_BOUND('',#1901,.T.);
#1152=FACE_OUTER_BOUND('',#1902,.T.);
#1153=FACE_OUTER_BOUND('',#1903,.T.);
#1154=FACE_OUTER_BOUND('',#1904,.T.);
#1155=FACE_OUTER_BOUND('',#1905,.T.);
#1156=FACE_OUTER_BOUND('',#1906,.T.);
#1157=FACE_OUTER_BOUND('',#1907,.T.);
#1158=FACE_OUTER_BOUND('',#1908,.T.);
#1159=FACE_OUTER_BOUND('',#1909,.T.);
#1160=FACE_OUTER_BOUND('',#1910,.T.);
#1161=FACE_OUTER_BOUND('',#1911,.T.);
#1162=FACE_OUTER_BOUND('',#1912,.T.);
#1163=FACE_OUTER_BOUND('',#1913,.T.);
#1164=FACE_OUTER_BOUND('',#1914,.T.);
#1165=FACE_OUTER_BOUND('',#1915,.T.);
#1166=FACE_OUTER_BOUND('',#1916,.T.);
#1167=FACE_OUTER_BOUND('',#1917,.T.);
#1168=FACE_OUTER_BOUND('',#1918,.T.);
#1169=FACE_OUTER_BOUND('',#1919,.T.);
#1170=FACE_OUTER_BOUND('',#1920,.T.);
#1171=FACE_OUTER_BOUND('',#1921,.T.);
#1172=FACE_OUTER_BOUND('',#1922,.T.);
#1173=FACE_OUTER_BOUND('',#1923,.T.);
#1174=FACE_OUTER_BOUND('',#1924,.T.);
#1175=FACE_OUTER_BOUND('',#1925,.T.);
#1176=FACE_OUTER_BOUND('',#1926,.T.);
#1177=FACE_OUTER_BOUND('',#1927,.T.);
#1178=FACE_OUTER_BOUND('',#1928,.T.);
#1179=FACE_OUTER_BOUND('',#1929,.T.);
#1180=FACE_OUTER_BOUND('',#1930,.T.);
#1181=FACE_OUTER_BOUND('',#1931,.T.);
#1182=FACE_OUTER_BOUND('',#1932,.T.);
#1183=FACE_OUTER_BOUND('',#1933,.T.);
#1184=FACE_OUTER_BOUND('',#1934,.T.);
#1185=FACE_OUTER_BOUND('',#1935,.T.);
#1186=FACE_OUTER_BOUND('',#1936,.T.);
#1187=FACE_OUTER_BOUND('',#1937,.T.);
#1188=FACE_OUTER_BOUND('',#1938,.T.);
#1189=FACE_OUTER_BOUND('',#1939,.T.);
#1190=FACE_OUTER_BOUND('',#1940,.T.);
#1191=FACE_OUTER_BOUND('',#1941,.T.);
#1192=FACE_OUTER_BOUND('',#1942,.T.);
#1193=FACE_OUTER_BOUND('',#1943,.T.);
#1194=FACE_OUTER_BOUND('',#1944,.T.);
#1195=FACE_OUTER_BOUND('',#1945,.T.);
#1196=FACE_OUTER_BOUND('',#1946,.T.);
#1197=FACE_OUTER_BOUND('',#1947,.T.);
#1198=FACE_OUTER_BOUND('',#1948,.T.);
#1199=FACE_OUTER_BOUND('',#1949,.T.);
#1200=FACE_OUTER_BOUND('',#1950,.T.);
#1201=FACE_OUTER_BOUND('',#1951,.T.);
#1202=FACE_OUTER_BOUND('',#1952,.T.);
#1203=FACE_OUTER_BOUND('',#1953,.T.);
#1204=FACE_OUTER_BOUND('',#1954,.T.);
#1205=FACE_OUTER_BOUND('',#1955,.T.);
#1206=FACE_OUTER_BOUND('',#1956,.T.);
#1207=FACE_OUTER_BOUND('',#1957,.T.);
#1208=FACE_OUTER_BOUND('',#1958,.T.);
#1209=FACE_OUTER_BOUND('',#1959,.T.);
#1210=FACE_OUTER_BOUND('',#1960,.T.);
#1211=FACE_OUTER_BOUND('',#1961,.T.);
#1212=FACE_OUTER_BOUND('',#1962,.T.);
#1213=FACE_OUTER_BOUND('',#1963,.T.);
#1214=FACE_OUTER_BOUND('',#1964,.T.);
#1215=FACE_OUTER_BOUND('',#1965,.T.);
#1216=FACE_OUTER_BOUND('',#1966,.T.);
#1217=FACE_OUTER_BOUND('',#1967,.T.);
#1218=FACE_OUTER_BOUND('',#1968,.T.);
#1219=FACE_OUTER_BOUND('',#1969,.T.);
#1220=FACE_OUTER_BOUND('',#1970,.T.);
#1221=FACE_OUTER_BOUND('',#1971,.T.);
#1222=FACE_OUTER_BOUND('',#1972,.T.);
#1223=FACE_OUTER_BOUND('',#1973,.T.);
#1224=FACE_OUTER_BOUND('',#1974,.T.);
#1225=FACE_OUTER_BOUND('',#1975,.T.);
#1226=FACE_OUTER_BOUND('',#1976,.T.);
#1227=FACE_OUTER_BOUND('',#1977,.T.);
#1228=FACE_OUTER_BOUND('',#1978,.T.);
#1229=FACE_OUTER_BOUND('',#1979,.T.);
#1230=FACE_OUTER_BOUND('',#1980,.T.);
#1231=FACE_OUTER_BOUND('',#1981,.T.);
#1232=FACE_OUTER_BOUND('',#1982,.T.);
#1233=FACE_OUTER_BOUND('',#1983,.T.);
#1234=FACE_OUTER_BOUND('',#1984,.T.);
#1235=FACE_OUTER_BOUND('',#1985,.T.);
#1236=FACE_OUTER_BOUND('',#1986,.T.);
#1237=FACE_OUTER_BOUND('',#1987,.T.);
#1238=FACE_OUTER_BOUND('',#1988,.T.);
#1239=FACE_OUTER_BOUND('',#1989,.T.);
#1240=FACE_OUTER_BOUND('',#1990,.T.);
#1241=FACE_OUTER_BOUND('',#1991,.T.);
#1242=FACE_OUTER_BOUND('',#1992,.T.);
#1243=FACE_OUTER_BOUND('',#1993,.T.);
#1244=FACE_OUTER_BOUND('',#1994,.T.);
#1245=FACE_OUTER_BOUND('',#1995,.T.);
#1246=FACE_OUTER_BOUND('',#1996,.T.);
#1247=FACE_OUTER_BOUND('',#1997,.T.);
#1248=FACE_OUTER_BOUND('',#1998,.T.);
#1249=FACE_OUTER_BOUND('',#1999,.T.);
#1250=FACE_OUTER_BOUND('',#2000,.T.);
#1251=FACE_OUTER_BOUND('',#2001,.T.);
#1252=FACE_OUTER_BOUND('',#2002,.T.);
#1253=FACE_OUTER_BOUND('',#2003,.T.);
#1254=FACE_OUTER_BOUND('',#2004,.T.);
#1255=FACE_OUTER_BOUND('',#2005,.T.);
#1256=FACE_OUTER_BOUND('',#2006,.T.);
#1257=FACE_OUTER_BOUND('',#2007,.T.);
#1258=FACE_OUTER_BOUND('',#2008,.T.);
#1259=FACE_OUTER_BOUND('',#2009,.T.);
#1260=FACE_OUTER_BOUND('',#2010,.T.);
#1261=FACE_OUTER_BOUND('',#2011,.T.);
#1262=FACE_OUTER_BOUND('',#2012,.T.);
#1263=FACE_OUTER_BOUND('',#2013,.T.);
#1264=FACE_OUTER_BOUND('',#2014,.T.);
#1265=FACE_OUTER_BOUND('',#2015,.T.);
#1266=FACE_OUTER_BOUND('',#2016,.T.);
#1267=FACE_OUTER_BOUND('',#2017,.T.);
#1268=FACE_OUTER_BOUND('',#2018,.T.);
#1269=FACE_OUTER_BOUND('',#2019,.T.);
#1270=FACE_OUTER_BOUND('',#2020,.T.);
#1271=FACE_OUTER_BOUND('',#2021,.T.);
#1272=FACE_OUTER_BOUND('',#2022,.T.);
#1273=FACE_OUTER_BOUND('',#2023,.T.);
#1274=FACE_OUTER_BOUND('',#2024,.T.);
#1275=FACE_OUTER_BOUND('',#2025,.T.);
#1276=FACE_OUTER_BOUND('',#2026,.T.);
#1277=FACE_OUTER_BOUND('',#2027,.T.);
#1278=FACE_OUTER_BOUND('',#2028,.T.);
#1279=FACE_OUTER_BOUND('',#2029,.T.);
#1280=FACE_OUTER_BOUND('',#2030,.T.);
#1281=FACE_OUTER_BOUND('',#2031,.T.);
#1282=FACE_OUTER_BOUND('',#2032,.T.);
#1283=FACE_OUTER_BOUND('',#2033,.T.);
#1284=FACE_OUTER_BOUND('',#2034,.T.);
#1285=FACE_OUTER_BOUND('',#2035,.T.);
#1286=FACE_OUTER_BOUND('',#2036,.T.);
#1287=FACE_OUTER_BOUND('',#2037,.T.);
#1288=FACE_OUTER_BOUND('',#2038,.T.);
#1289=FACE_OUTER_BOUND('',#2039,.T.);
#1290=FACE_OUTER_BOUND('',#2040,.T.);
#1291=FACE_OUTER_BOUND('',#2041,.T.);
#1292=FACE_OUTER_BOUND('',#2042,.T.);
#1293=FACE_OUTER_BOUND('',#2043,.T.);
#1294=FACE_OUTER_BOUND('',#2044,.T.);
#1295=FACE_OUTER_BOUND('',#2045,.T.);
#1296=FACE_OUTER_BOUND('',#2046,.T.);
#1297=FACE_OUTER_BOUND('',#2047,.T.);
#1298=FACE_OUTER_BOUND('',#2048,.T.);
#1299=FACE_OUTER_BOUND('',#2049,.T.);
#1300=FACE_OUTER_BOUND('',#2050,.T.);
#1301=FACE_OUTER_BOUND('',#2051,.T.);
#1302=FACE_OUTER_BOUND('',#2052,.T.);
#1303=FACE_OUTER_BOUND('',#2053,.T.);
#1304=FACE_OUTER_BOUND('',#2054,.T.);
#1305=FACE_OUTER_BOUND('',#2055,.T.);
#1306=FACE_OUTER_BOUND('',#2056,.T.);
#1307=FACE_OUTER_BOUND('',#2057,.T.);
#1308=FACE_OUTER_BOUND('',#2058,.T.);
#1309=FACE_OUTER_BOUND('',#2059,.T.);
#1310=FACE_OUTER_BOUND('',#2060,.T.);
#1311=FACE_OUTER_BOUND('',#2061,.T.);
#1312=FACE_OUTER_BOUND('',#2062,.T.);
#1313=FACE_OUTER_BOUND('',#2063,.T.);
#1314=FACE_OUTER_BOUND('',#2064,.T.);
#1315=FACE_OUTER_BOUND('',#2065,.T.);
#1316=FACE_OUTER_BOUND('',#2066,.T.);
#1317=FACE_OUTER_BOUND('',#2067,.T.);
#1318=FACE_OUTER_BOUND('',#2068,.T.);
#1319=FACE_OUTER_BOUND('',#2069,.T.);
#1320=FACE_OUTER_BOUND('',#2070,.T.);
#1321=FACE_OUTER_BOUND('',#2071,.T.);
#1322=FACE_OUTER_BOUND('',#2072,.T.);
#1323=FACE_OUTER_BOUND('',#2073,.T.);
#1324=FACE_OUTER_BOUND('',#2074,.T.);
#1325=FACE_OUTER_BOUND('',#2075,.T.);
#1326=FACE_OUTER_BOUND('',#2076,.T.);
#1327=FACE_OUTER_BOUND('',#2077,.T.);
#1328=FACE_OUTER_BOUND('',#2078,.T.);
#1329=FACE_OUTER_BOUND('',#2079,.T.);
#1330=FACE_OUTER_BOUND('',#2080,.T.);
#1331=FACE_OUTER_BOUND('',#2081,.T.);
#1332=FACE_OUTER_BOUND('',#2082,.T.);
#1333=FACE_OUTER_BOUND('',#2083,.T.);
#1334=FACE_OUTER_BOUND('',#2084,.T.);
#1335=FACE_OUTER_BOUND('',#2168,.T.);
#1336=FACE_OUTER_BOUND('',#2170,.T.);
#1337=FACE_OUTER_BOUND('',#2172,.T.);
#1338=FACE_OUTER_BOUND('',#2174,.T.);
#1339=FACE_OUTER_BOUND('',#2176,.T.);
#1340=FACE_OUTER_BOUND('',#2178,.T.);
#1341=FACE_OUTER_BOUND('',#2180,.T.);
#1342=FACE_OUTER_BOUND('',#2182,.T.);
#1343=FACE_OUTER_BOUND('',#2184,.T.);
#1344=FACE_OUTER_BOUND('',#2186,.T.);
#1345=FACE_OUTER_BOUND('',#2188,.T.);
#1346=FACE_OUTER_BOUND('',#2190,.T.);
#1347=FACE_OUTER_BOUND('',#2192,.T.);
#1348=FACE_OUTER_BOUND('',#2194,.T.);
#1349=FACE_OUTER_BOUND('',#2196,.T.);
#1350=FACE_OUTER_BOUND('',#2198,.T.);
#1351=FACE_OUTER_BOUND('',#2200,.T.);
#1352=FACE_OUTER_BOUND('',#2202,.T.);
#1353=FACE_OUTER_BOUND('',#2204,.T.);
#1354=FACE_OUTER_BOUND('',#2206,.T.);
#1355=FACE_OUTER_BOUND('',#2208,.T.);
#1356=FACE_OUTER_BOUND('',#2210,.T.);
#1357=FACE_OUTER_BOUND('',#2212,.T.);
#1358=FACE_OUTER_BOUND('',#2214,.T.);
#1359=FACE_OUTER_BOUND('',#2216,.T.);
#1360=FACE_OUTER_BOUND('',#2218,.T.);
#1361=FACE_OUTER_BOUND('',#2220,.T.);
#1362=FACE_OUTER_BOUND('',#2222,.T.);
#1363=FACE_OUTER_BOUND('',#2224,.T.);
#1364=FACE_OUTER_BOUND('',#2226,.T.);
#1365=FACE_OUTER_BOUND('',#2228,.T.);
#1366=FACE_OUTER_BOUND('',#2230,.T.);
#1367=FACE_OUTER_BOUND('',#2232,.T.);
#1368=FACE_OUTER_BOUND('',#2234,.T.);
#1369=FACE_OUTER_BOUND('',#2236,.T.);
#1370=FACE_OUTER_BOUND('',#2238,.T.);
#1371=FACE_OUTER_BOUND('',#2240,.T.);
#1372=FACE_OUTER_BOUND('',#2242,.T.);
#1373=FACE_OUTER_BOUND('',#2244,.T.);
#1374=FACE_OUTER_BOUND('',#2246,.T.);
#1375=FACE_OUTER_BOUND('',#2248,.T.);
#1376=FACE_OUTER_BOUND('',#2250,.T.);
#1377=FACE_OUTER_BOUND('',#2252,.T.);
#1378=FACE_OUTER_BOUND('',#2254,.T.);
#1379=FACE_OUTER_BOUND('',#2256,.T.);
#1380=FACE_OUTER_BOUND('',#2258,.T.);
#1381=FACE_OUTER_BOUND('',#2260,.T.);
#1382=FACE_OUTER_BOUND('',#2261,.T.);
#1383=FACE_OUTER_BOUND('',#2262,.T.);
#1384=FACE_OUTER_BOUND('',#2263,.T.);
#1385=FACE_OUTER_BOUND('',#2264,.T.);
#1386=FACE_OUTER_BOUND('',#2265,.T.);
#1387=FACE_OUTER_BOUND('',#2266,.T.);
#1388=FACE_OUTER_BOUND('',#2267,.T.);
#1389=FACE_OUTER_BOUND('',#2268,.T.);
#1390=FACE_OUTER_BOUND('',#2269,.T.);
#1391=FACE_OUTER_BOUND('',#2270,.T.);
#1392=FACE_OUTER_BOUND('',#2271,.T.);
#1393=FACE_OUTER_BOUND('',#2272,.T.);
#1394=FACE_OUTER_BOUND('',#2273,.T.);
#1395=FACE_OUTER_BOUND('',#2274,.T.);
#1396=FACE_OUTER_BOUND('',#2275,.T.);
#1397=FACE_OUTER_BOUND('',#2276,.T.);
#1398=FACE_OUTER_BOUND('',#2277,.T.);
#1399=FACE_OUTER_BOUND('',#2278,.T.);
#1400=FACE_OUTER_BOUND('',#2279,.T.);
#1401=FACE_OUTER_BOUND('',#2280,.T.);
#1402=FACE_OUTER_BOUND('',#2281,.T.);
#1403=FACE_OUTER_BOUND('',#2282,.T.);
#1404=FACE_OUTER_BOUND('',#2283,.T.);
#1405=FACE_OUTER_BOUND('',#2284,.T.);
#1406=FACE_OUTER_BOUND('',#2285,.T.);
#1407=FACE_OUTER_BOUND('',#2286,.T.);
#1408=FACE_OUTER_BOUND('',#2287,.T.);
#1409=FACE_OUTER_BOUND('',#2288,.T.);
#1410=FACE_OUTER_BOUND('',#2289,.T.);
#1411=FACE_OUTER_BOUND('',#2290,.T.);
#1412=FACE_OUTER_BOUND('',#2291,.T.);
#1413=FACE_OUTER_BOUND('',#2292,.T.);
#1414=FACE_OUTER_BOUND('',#2293,.T.);
#1415=FACE_OUTER_BOUND('',#2294,.T.);
#1416=FACE_OUTER_BOUND('',#2295,.T.);
#1417=FACE_OUTER_BOUND('',#2296,.T.);
#1418=FACE_OUTER_BOUND('',#2297,.T.);
#1419=FACE_OUTER_BOUND('',#2298,.T.);
#1420=FACE_OUTER_BOUND('',#2299,.T.);
#1421=FACE_OUTER_BOUND('',#2300,.T.);
#1422=FACE_OUTER_BOUND('',#2301,.T.);
#1423=FACE_OUTER_BOUND('',#2302,.T.);
#1424=FACE_OUTER_BOUND('',#2303,.T.);
#1425=FACE_OUTER_BOUND('',#2304,.T.);
#1426=FACE_OUTER_BOUND('',#2305,.T.);
#1427=FACE_OUTER_BOUND('',#2306,.T.);
#1428=FACE_OUTER_BOUND('',#2307,.T.);
#1429=FACE_OUTER_BOUND('',#2308,.T.);
#1430=FACE_OUTER_BOUND('',#2309,.T.);
#1431=FACE_OUTER_BOUND('',#2310,.T.);
#1432=FACE_OUTER_BOUND('',#2311,.T.);
#1433=FACE_OUTER_BOUND('',#2312,.T.);
#1434=FACE_OUTER_BOUND('',#2313,.T.);
#1435=FACE_OUTER_BOUND('',#2314,.T.);
#1436=FACE_OUTER_BOUND('',#2315,.T.);
#1437=FACE_OUTER_BOUND('',#2316,.T.);
#1438=FACE_OUTER_BOUND('',#2317,.T.);
#1439=FACE_OUTER_BOUND('',#2318,.T.);
#1440=FACE_OUTER_BOUND('',#2319,.T.);
#1441=FACE_OUTER_BOUND('',#2320,.T.);
#1442=FACE_OUTER_BOUND('',#2321,.T.);
#1443=FACE_OUTER_BOUND('',#2322,.T.);
#1444=FACE_OUTER_BOUND('',#2323,.T.);
#1445=FACE_OUTER_BOUND('',#2324,.T.);
#1446=FACE_OUTER_BOUND('',#2325,.T.);
#1447=FACE_OUTER_BOUND('',#2326,.T.);
#1448=FACE_OUTER_BOUND('',#2327,.T.);
#1449=FACE_OUTER_BOUND('',#2328,.T.);
#1450=FACE_OUTER_BOUND('',#2329,.T.);
#1451=FACE_OUTER_BOUND('',#2330,.T.);
#1452=FACE_OUTER_BOUND('',#2331,.T.);
#1453=FACE_OUTER_BOUND('',#2332,.T.);
#1454=FACE_OUTER_BOUND('',#2333,.T.);
#1455=FACE_OUTER_BOUND('',#2334,.T.);
#1456=FACE_OUTER_BOUND('',#2335,.T.);
#1457=FACE_OUTER_BOUND('',#2336,.T.);
#1458=FACE_OUTER_BOUND('',#2337,.T.);
#1459=FACE_OUTER_BOUND('',#2338,.T.);
#1460=FACE_OUTER_BOUND('',#2339,.T.);
#1461=FACE_OUTER_BOUND('',#2340,.T.);
#1462=FACE_OUTER_BOUND('',#2341,.T.);
#1463=FACE_OUTER_BOUND('',#2342,.T.);
#1464=FACE_OUTER_BOUND('',#2343,.T.);
#1465=FACE_OUTER_BOUND('',#2344,.T.);
#1466=FACE_OUTER_BOUND('',#2345,.T.);
#1467=FACE_OUTER_BOUND('',#2346,.T.);
#1468=FACE_OUTER_BOUND('',#2347,.T.);
#1469=FACE_OUTER_BOUND('',#2348,.T.);
#1470=FACE_OUTER_BOUND('',#2349,.T.);
#1471=FACE_OUTER_BOUND('',#2350,.T.);
#1472=FACE_OUTER_BOUND('',#2351,.T.);
#1473=FACE_OUTER_BOUND('',#2352,.T.);
#1474=FACE_OUTER_BOUND('',#2353,.T.);
#1475=FACE_OUTER_BOUND('',#2354,.T.);
#1476=FACE_OUTER_BOUND('',#2355,.T.);
#1477=FACE_OUTER_BOUND('',#2356,.T.);
#1478=FACE_OUTER_BOUND('',#2357,.T.);
#1479=FACE_OUTER_BOUND('',#2358,.T.);
#1480=FACE_OUTER_BOUND('',#2359,.T.);
#1481=FACE_OUTER_BOUND('',#2360,.T.);
#1482=FACE_OUTER_BOUND('',#2361,.T.);
#1483=FACE_OUTER_BOUND('',#2362,.T.);
#1484=FACE_OUTER_BOUND('',#2363,.T.);
#1485=FACE_OUTER_BOUND('',#2364,.T.);
#1486=FACE_OUTER_BOUND('',#2365,.T.);
#1487=FACE_OUTER_BOUND('',#2366,.T.);
#1488=FACE_OUTER_BOUND('',#2367,.T.);
#1489=FACE_OUTER_BOUND('',#2368,.T.);
#1490=FACE_OUTER_BOUND('',#2369,.T.);
#1491=FACE_OUTER_BOUND('',#2370,.T.);
#1492=FACE_OUTER_BOUND('',#2371,.T.);
#1493=FACE_OUTER_BOUND('',#2372,.T.);
#1494=FACE_OUTER_BOUND('',#2373,.T.);
#1495=FACE_OUTER_BOUND('',#2374,.T.);
#1496=FACE_OUTER_BOUND('',#2375,.T.);
#1497=FACE_OUTER_BOUND('',#2376,.T.);
#1498=FACE_OUTER_BOUND('',#2377,.T.);
#1499=FACE_OUTER_BOUND('',#2378,.T.);
#1500=FACE_OUTER_BOUND('',#2379,.T.);
#1501=FACE_OUTER_BOUND('',#2380,.T.);
#1502=FACE_OUTER_BOUND('',#2381,.T.);
#1503=FACE_OUTER_BOUND('',#2382,.T.);
#1504=FACE_OUTER_BOUND('',#2383,.T.);
#1505=FACE_OUTER_BOUND('',#2384,.T.);
#1506=FACE_OUTER_BOUND('',#2385,.T.);
#1507=FACE_OUTER_BOUND('',#2386,.T.);
#1508=FACE_OUTER_BOUND('',#2387,.T.);
#1509=FACE_OUTER_BOUND('',#2388,.T.);
#1510=FACE_OUTER_BOUND('',#2389,.T.);
#1511=FACE_OUTER_BOUND('',#2390,.T.);
#1512=FACE_OUTER_BOUND('',#2391,.T.);
#1513=FACE_OUTER_BOUND('',#2392,.T.);
#1514=FACE_OUTER_BOUND('',#2393,.T.);
#1515=FACE_OUTER_BOUND('',#2394,.T.);
#1516=FACE_OUTER_BOUND('',#2395,.T.);
#1517=FACE_OUTER_BOUND('',#2396,.T.);
#1518=FACE_OUTER_BOUND('',#2397,.T.);
#1519=FACE_OUTER_BOUND('',#2398,.T.);
#1520=FACE_OUTER_BOUND('',#2399,.T.);
#1521=FACE_OUTER_BOUND('',#2400,.T.);
#1522=FACE_OUTER_BOUND('',#2401,.T.);
#1523=FACE_OUTER_BOUND('',#2402,.T.);
#1524=FACE_OUTER_BOUND('',#2403,.T.);
#1525=FACE_OUTER_BOUND('',#2404,.T.);
#1526=FACE_OUTER_BOUND('',#2405,.T.);
#1527=FACE_OUTER_BOUND('',#2406,.T.);
#1528=FACE_OUTER_BOUND('',#2407,.T.);
#1529=FACE_OUTER_BOUND('',#2408,.T.);
#1530=FACE_OUTER_BOUND('',#2409,.T.);
#1531=FACE_OUTER_BOUND('',#2410,.T.);
#1532=FACE_OUTER_BOUND('',#2411,.T.);
#1533=FACE_OUTER_BOUND('',#2412,.T.);
#1534=FACE_OUTER_BOUND('',#2413,.T.);
#1535=FACE_OUTER_BOUND('',#2414,.T.);
#1536=FACE_OUTER_BOUND('',#2415,.T.);
#1537=FACE_OUTER_BOUND('',#2416,.T.);
#1538=FACE_OUTER_BOUND('',#2417,.T.);
#1539=FACE_OUTER_BOUND('',#2418,.T.);
#1540=FACE_OUTER_BOUND('',#2419,.T.);
#1541=FACE_OUTER_BOUND('',#2420,.T.);
#1542=FACE_OUTER_BOUND('',#2421,.T.);
#1543=FACE_OUTER_BOUND('',#2422,.T.);
#1544=FACE_OUTER_BOUND('',#2423,.T.);
#1545=FACE_OUTER_BOUND('',#2424,.T.);
#1546=FACE_OUTER_BOUND('',#2425,.T.);
#1547=FACE_OUTER_BOUND('',#2426,.T.);
#1548=FACE_OUTER_BOUND('',#2427,.T.);
#1549=FACE_OUTER_BOUND('',#2428,.T.);
#1550=FACE_OUTER_BOUND('',#2429,.T.);
#1551=FACE_OUTER_BOUND('',#2430,.T.);
#1552=FACE_OUTER_BOUND('',#2431,.T.);
#1553=FACE_OUTER_BOUND('',#2432,.T.);
#1554=FACE_OUTER_BOUND('',#2433,.T.);
#1555=FACE_OUTER_BOUND('',#2434,.T.);
#1556=FACE_OUTER_BOUND('',#2435,.T.);
#1557=FACE_OUTER_BOUND('',#2436,.T.);
#1558=FACE_OUTER_BOUND('',#2437,.T.);
#1559=FACE_OUTER_BOUND('',#2438,.T.);
#1560=FACE_OUTER_BOUND('',#2439,.T.);
#1561=FACE_OUTER_BOUND('',#2440,.T.);
#1562=FACE_OUTER_BOUND('',#2441,.T.);
#1563=FACE_OUTER_BOUND('',#2442,.T.);
#1564=FACE_OUTER_BOUND('',#2443,.T.);
#1565=FACE_OUTER_BOUND('',#2444,.T.);
#1566=FACE_OUTER_BOUND('',#2445,.T.);
#1567=FACE_OUTER_BOUND('',#2446,.T.);
#1568=FACE_OUTER_BOUND('',#2447,.T.);
#1569=FACE_OUTER_BOUND('',#2448,.T.);
#1570=FACE_OUTER_BOUND('',#2449,.T.);
#1571=FACE_OUTER_BOUND('',#2450,.T.);
#1572=FACE_OUTER_BOUND('',#2451,.T.);
#1573=FACE_OUTER_BOUND('',#2452,.T.);
#1574=FACE_OUTER_BOUND('',#2453,.T.);
#1575=FACE_OUTER_BOUND('',#2454,.T.);
#1576=FACE_OUTER_BOUND('',#2455,.T.);
#1577=FACE_OUTER_BOUND('',#2456,.T.);
#1578=FACE_OUTER_BOUND('',#2457,.T.);
#1579=FACE_OUTER_BOUND('',#2458,.T.);
#1580=FACE_OUTER_BOUND('',#2459,.T.);
#1581=FACE_OUTER_BOUND('',#2460,.T.);
#1582=FACE_OUTER_BOUND('',#2461,.T.);
#1583=FACE_OUTER_BOUND('',#2462,.T.);
#1584=FACE_OUTER_BOUND('',#2463,.T.);
#1585=FACE_OUTER_BOUND('',#2464,.T.);
#1586=FACE_OUTER_BOUND('',#2465,.T.);
#1587=FACE_OUTER_BOUND('',#2466,.T.);
#1588=FACE_OUTER_BOUND('',#2467,.T.);
#1589=FACE_OUTER_BOUND('',#2468,.T.);
#1590=FACE_OUTER_BOUND('',#2469,.T.);
#1591=FACE_OUTER_BOUND('',#2470,.T.);
#1592=FACE_OUTER_BOUND('',#2471,.T.);
#1593=FACE_OUTER_BOUND('',#2472,.T.);
#1594=FACE_OUTER_BOUND('',#2473,.T.);
#1595=FACE_OUTER_BOUND('',#2474,.T.);
#1596=FACE_OUTER_BOUND('',#2475,.T.);
#1597=FACE_OUTER_BOUND('',#2476,.T.);
#1598=FACE_OUTER_BOUND('',#2477,.T.);
#1599=FACE_OUTER_BOUND('',#2478,.T.);
#1600=FACE_OUTER_BOUND('',#2479,.T.);
#1601=FACE_OUTER_BOUND('',#2480,.T.);
#1602=FACE_OUTER_BOUND('',#2481,.T.);
#1603=FACE_OUTER_BOUND('',#2482,.T.);
#1604=FACE_OUTER_BOUND('',#2483,.T.);
#1605=FACE_OUTER_BOUND('',#2484,.T.);
#1606=FACE_OUTER_BOUND('',#2485,.T.);
#1607=FACE_OUTER_BOUND('',#2486,.T.);
#1608=FACE_OUTER_BOUND('',#2487,.T.);
#1609=FACE_OUTER_BOUND('',#2488,.T.);
#1610=FACE_OUTER_BOUND('',#2489,.T.);
#1611=FACE_OUTER_BOUND('',#2490,.T.);
#1612=FACE_OUTER_BOUND('',#2491,.T.);
#1613=FACE_OUTER_BOUND('',#2492,.T.);
#1614=FACE_OUTER_BOUND('',#2493,.T.);
#1615=FACE_OUTER_BOUND('',#2494,.T.);
#1616=FACE_OUTER_BOUND('',#2495,.T.);
#1617=FACE_OUTER_BOUND('',#2496,.T.);
#1618=FACE_OUTER_BOUND('',#2497,.T.);
#1619=FACE_OUTER_BOUND('',#2498,.T.);
#1620=FACE_OUTER_BOUND('',#2499,.T.);
#1621=FACE_OUTER_BOUND('',#2500,.T.);
#1622=FACE_OUTER_BOUND('',#2501,.T.);
#1623=FACE_OUTER_BOUND('',#2502,.T.);
#1624=FACE_OUTER_BOUND('',#2503,.T.);
#1625=FACE_OUTER_BOUND('',#2504,.T.);
#1626=FACE_OUTER_BOUND('',#2505,.T.);
#1627=FACE_OUTER_BOUND('',#2506,.T.);
#1628=FACE_OUTER_BOUND('',#2507,.T.);
#1629=FACE_OUTER_BOUND('',#2508,.T.);
#1630=FACE_OUTER_BOUND('',#2509,.T.);
#1631=FACE_OUTER_BOUND('',#2510,.T.);
#1632=FACE_OUTER_BOUND('',#2511,.T.);
#1633=FACE_OUTER_BOUND('',#2512,.T.);
#1634=FACE_OUTER_BOUND('',#2513,.T.);
#1635=FACE_OUTER_BOUND('',#2514,.T.);
#1636=FACE_OUTER_BOUND('',#2515,.T.);
#1637=FACE_OUTER_BOUND('',#2516,.T.);
#1638=FACE_OUTER_BOUND('',#2517,.T.);
#1639=FACE_OUTER_BOUND('',#2518,.T.);
#1640=FACE_OUTER_BOUND('',#2519,.T.);
#1641=FACE_OUTER_BOUND('',#2520,.T.);
#1642=FACE_OUTER_BOUND('',#2521,.T.);
#1643=FACE_OUTER_BOUND('',#2522,.T.);
#1644=FACE_OUTER_BOUND('',#2523,.T.);
#1645=FACE_OUTER_BOUND('',#2524,.T.);
#1646=FACE_OUTER_BOUND('',#2525,.T.);
#1647=FACE_OUTER_BOUND('',#2526,.T.);
#1648=FACE_OUTER_BOUND('',#2527,.T.);
#1649=FACE_OUTER_BOUND('',#2528,.T.);
#1650=EDGE_LOOP('',(#9840,#9841,#9842,#9843));
#1651=EDGE_LOOP('',(#9844));
#1652=EDGE_LOOP('',(#9845));
#1653=EDGE_LOOP('',(#9846,#9847,#9848,#9849,#9850,#9851,#9852,#9853,#9854,
#9855,#9856,#9857));
#1654=EDGE_LOOP('',(#9858,#9859,#9860,#9861));
#1655=EDGE_LOOP('',(#9862));
#1656=EDGE_LOOP('',(#9863,#9864,#9865,#9866,#9867,#9868,#9869,#9870,#9871,
#9872,#9873,#9874));
#1657=EDGE_LOOP('',(#9875,#9876,#9877,#9878));
#1658=EDGE_LOOP('',(#9879));
#1659=EDGE_LOOP('',(#9880,#9881,#9882,#9883));
#1660=EDGE_LOOP('',(#9884));
#1661=EDGE_LOOP('',(#9885,#9886,#9887,#9888,#9889,#9890,#9891,#9892,#9893,
#9894,#9895,#9896));
#1662=EDGE_LOOP('',(#9897,#9898,#9899,#9900));
#1663=EDGE_LOOP('',(#9901));
#1664=EDGE_LOOP('',(#9902,#9903,#9904,#9905,#9906,#9907,#9908,#9909,#9910,
#9911,#9912,#9913));
#1665=EDGE_LOOP('',(#9914,#9915,#9916,#9917));
#1666=EDGE_LOOP('',(#9918));
#1667=EDGE_LOOP('',(#9919,#9920,#9921,#9922,#9923,#9924,#9925,#9926,#9927,
#9928,#9929,#9930));
#1668=EDGE_LOOP('',(#9931,#9932,#9933,#9934));
#1669=EDGE_LOOP('',(#9935));
#1670=EDGE_LOOP('',(#9936,#9937,#9938,#9939,#9940,#9941,#9942,#9943,#9944,
#9945,#9946,#9947));
#1671=EDGE_LOOP('',(#9948,#9949,#9950,#9951));
#1672=EDGE_LOOP('',(#9952));
#1673=EDGE_LOOP('',(#9953,#9954,#9955,#9956,#9957,#9958,#9959,#9960,#9961,
#9962,#9963,#9964));
#1674=EDGE_LOOP('',(#9965,#9966,#9967,#9968));
#1675=EDGE_LOOP('',(#9969));
#1676=EDGE_LOOP('',(#9970));
#1677=EDGE_LOOP('',(#9971,#9972,#9973,#9974));
#1678=EDGE_LOOP('',(#9975));
#1679=EDGE_LOOP('',(#9976));
#1680=EDGE_LOOP('',(#9977,#9978,#9979,#9980));
#1681=EDGE_LOOP('',(#9981));
#1682=EDGE_LOOP('',(#9982));
#1683=EDGE_LOOP('',(#9983,#9984,#9985,#9986));
#1684=EDGE_LOOP('',(#9987));
#1685=EDGE_LOOP('',(#9988));
#1686=EDGE_LOOP('',(#9989,#9990,#9991,#9992));
#1687=EDGE_LOOP('',(#9993));
#1688=EDGE_LOOP('',(#9994));
#1689=EDGE_LOOP('',(#9995,#9996,#9997,#9998));
#1690=EDGE_LOOP('',(#9999));
#1691=EDGE_LOOP('',(#10000));
#1692=EDGE_LOOP('',(#10001,#10002,#10003,#10004));
#1693=EDGE_LOOP('',(#10005));
#1694=EDGE_LOOP('',(#10006,#10007,#10008,#10009,#10010,#10011,#10012,#10013,
#10014,#10015,#10016,#10017));
#1695=EDGE_LOOP('',(#10018,#10019,#10020,#10021));
#1696=EDGE_LOOP('',(#10022));
#1697=EDGE_LOOP('',(#10023,#10024,#10025,#10026,#10027,#10028,#10029,#10030,
#10031,#10032,#10033,#10034));
#1698=EDGE_LOOP('',(#10035,#10036,#10037,#10038));
#1699=EDGE_LOOP('',(#10039));
#1700=EDGE_LOOP('',(#10040,#10041,#10042,#10043,#10044,#10045,#10046,#10047,
#10048,#10049,#10050,#10051));
#1701=EDGE_LOOP('',(#10052,#10053,#10054,#10055));
#1702=EDGE_LOOP('',(#10056));
#1703=EDGE_LOOP('',(#10057,#10058,#10059,#10060,#10061,#10062,#10063,#10064,
#10065,#10066,#10067,#10068));
#1704=EDGE_LOOP('',(#10069,#10070,#10071,#10072,#10073,#10074,#10075,#10076,
#10077,#10078,#10079,#10080));
#1705=EDGE_LOOP('',(#10081,#10082,#10083,#10084));
#1706=EDGE_LOOP('',(#10085));
#1707=EDGE_LOOP('',(#10086,#10087,#10088,#10089));
#1708=EDGE_LOOP('',(#10090));
#1709=EDGE_LOOP('',(#10091));
#1710=EDGE_LOOP('',(#10092,#10093,#10094,#10095,#10096,#10097));
#1711=EDGE_LOOP('',(#10098,#10099,#10100,#10101));
#1712=EDGE_LOOP('',(#10102,#10103,#10104,#10105,#10106,#10107,#10108,#10109));
#1713=EDGE_LOOP('',(#10110,#10111,#10112,#10113,#10114,#10115));
#1714=EDGE_LOOP('',(#10116,#10117,#10118,#10119));
#1715=EDGE_LOOP('',(#10120,#10121,#10122,#10123,#10124,#10125,#10126,#10127));
#1716=EDGE_LOOP('',(#10128,#10129,#10130,#10131,#10132,#10133,#10134,#10135));
#1717=EDGE_LOOP('',(#10136,#10137,#10138,#10139,#10140,#10141));
#1718=EDGE_LOOP('',(#10142,#10143,#10144,#10145));
#1719=EDGE_LOOP('',(#10146,#10147,#10148,#10149,#10150,#10151,#10152,#10153));
#1720=EDGE_LOOP('',(#10154,#10155,#10156,#10157,#10158,#10159));
#1721=EDGE_LOOP('',(#10160,#10161,#10162,#10163));
#1722=EDGE_LOOP('',(#10164,#10165,#10166,#10167,#10168,#10169,#10170,#10171));
#1723=EDGE_LOOP('',(#10172,#10173,#10174,#10175,#10176,#10177));
#1724=EDGE_LOOP('',(#10178,#10179,#10180,#10181));
#1725=EDGE_LOOP('',(#10182,#10183,#10184,#10185,#10186,#10187,#10188,#10189));
#1726=EDGE_LOOP('',(#10190,#10191,#10192,#10193,#10194,#10195));
#1727=EDGE_LOOP('',(#10196,#10197,#10198,#10199));
#1728=EDGE_LOOP('',(#10200,#10201,#10202,#10203,#10204,#10205,#10206,#10207));
#1729=EDGE_LOOP('',(#10208,#10209,#10210,#10211,#10212,#10213));
#1730=EDGE_LOOP('',(#10214,#10215,#10216,#10217));
#1731=EDGE_LOOP('',(#10218,#10219,#10220,#10221,#10222,#10223,#10224,#10225));
#1732=EDGE_LOOP('',(#10226,#10227,#10228,#10229,#10230,#10231));
#1733=EDGE_LOOP('',(#10232,#10233,#10234,#10235));
#1734=EDGE_LOOP('',(#10236,#10237,#10238,#10239,#10240,#10241,#10242,#10243));
#1735=EDGE_LOOP('',(#10244,#10245,#10246,#10247,#10248,#10249));
#1736=EDGE_LOOP('',(#10250,#10251,#10252,#10253));
#1737=EDGE_LOOP('',(#10254,#10255,#10256,#10257,#10258,#10259,#10260,#10261));
#1738=EDGE_LOOP('',(#10262,#10263,#10264,#10265,#10266,#10267));
#1739=EDGE_LOOP('',(#10268,#10269,#10270,#10271));
#1740=EDGE_LOOP('',(#10272,#10273,#10274,#10275,#10276,#10277,#10278,#10279));
#1741=EDGE_LOOP('',(#10280,#10281,#10282,#10283,#10284,#10285));
#1742=EDGE_LOOP('',(#10286,#10287,#10288,#10289));
#1743=EDGE_LOOP('',(#10290,#10291,#10292,#10293,#10294,#10295));
#1744=EDGE_LOOP('',(#10296,#10297,#10298,#10299));
#1745=EDGE_LOOP('',(#10300,#10301,#10302,#10303,#10304,#10305,#10306,#10307));
#1746=EDGE_LOOP('',(#10308,#10309,#10310,#10311));
#1747=EDGE_LOOP('',(#10312,#10313,#10314,#10315));
#1748=EDGE_LOOP('',(#10316,#10317,#10318,#10319));
#1749=EDGE_LOOP('',(#10320,#10321,#10322,#10323));
#1750=EDGE_LOOP('',(#10324,#10325,#10326,#10327));
#1751=EDGE_LOOP('',(#10328,#10329,#10330,#10331));
#1752=EDGE_LOOP('',(#10332,#10333,#10334,#10335));
#1753=EDGE_LOOP('',(#10336,#10337,#10338,#10339));
#1754=EDGE_LOOP('',(#10340,#10341,#10342,#10343));
#1755=EDGE_LOOP('',(#10344,#10345,#10346,#10347));
#1756=EDGE_LOOP('',(#10348,#10349,#10350,#10351));
#1757=EDGE_LOOP('',(#10352,#10353,#10354,#10355));
#1758=EDGE_LOOP('',(#10356,#10357,#10358,#10359));
#1759=EDGE_LOOP('',(#10360,#10361,#10362,#10363));
#1760=EDGE_LOOP('',(#10364,#10365,#10366,#10367));
#1761=EDGE_LOOP('',(#10368,#10369,#10370,#10371));
#1762=EDGE_LOOP('',(#10372,#10373,#10374,#10375));
#1763=EDGE_LOOP('',(#10376,#10377,#10378,#10379));
#1764=EDGE_LOOP('',(#10380,#10381,#10382,#10383));
#1765=EDGE_LOOP('',(#10384,#10385,#10386,#10387));
#1766=EDGE_LOOP('',(#10388,#10389,#10390,#10391));
#1767=EDGE_LOOP('',(#10392,#10393,#10394,#10395));
#1768=EDGE_LOOP('',(#10396,#10397,#10398,#10399));
#1769=EDGE_LOOP('',(#10400,#10401,#10402,#10403));
#1770=EDGE_LOOP('',(#10404,#10405,#10406,#10407));
#1771=EDGE_LOOP('',(#10408,#10409,#10410,#10411));
#1772=EDGE_LOOP('',(#10412,#10413,#10414,#10415));
#1773=EDGE_LOOP('',(#10416,#10417,#10418,#10419));
#1774=EDGE_LOOP('',(#10420,#10421,#10422,#10423,#10424,#10425));
#1775=EDGE_LOOP('',(#10426,#10427,#10428,#10429,#10430,#10431));
#1776=EDGE_LOOP('',(#10432,#10433,#10434,#10435));
#1777=EDGE_LOOP('',(#10436,#10437,#10438,#10439));
#1778=EDGE_LOOP('',(#10440,#10441,#10442,#10443,#10444,#10445));
#1779=EDGE_LOOP('',(#10446,#10447,#10448,#10449,#10450,#10451));
#1780=EDGE_LOOP('',(#10452,#10453,#10454,#10455));
#1781=EDGE_LOOP('',(#10456,#10457,#10458,#10459));
#1782=EDGE_LOOP('',(#10460,#10461,#10462,#10463));
#1783=EDGE_LOOP('',(#10464,#10465,#10466,#10467));
#1784=EDGE_LOOP('',(#10468,#10469,#10470,#10471,#10472,#10473));
#1785=EDGE_LOOP('',(#10474,#10475,#10476,#10477,#10478,#10479));
#1786=EDGE_LOOP('',(#10480,#10481,#10482,#10483));
#1787=EDGE_LOOP('',(#10484,#10485,#10486,#10487));
#1788=EDGE_LOOP('',(#10488,#10489,#10490,#10491));
#1789=EDGE_LOOP('',(#10492,#10493,#10494,#10495));
#1790=EDGE_LOOP('',(#10496,#10497,#10498,#10499,#10500,#10501));
#1791=EDGE_LOOP('',(#10502,#10503,#10504,#10505,#10506,#10507));
#1792=EDGE_LOOP('',(#10508,#10509,#10510,#10511));
#1793=EDGE_LOOP('',(#10512,#10513,#10514,#10515));
#1794=EDGE_LOOP('',(#10516,#10517,#10518,#10519));
#1795=EDGE_LOOP('',(#10520,#10521,#10522,#10523));
#1796=EDGE_LOOP('',(#10524,#10525,#10526,#10527));
#1797=EDGE_LOOP('',(#10528,#10529,#10530,#10531));
#1798=EDGE_LOOP('',(#10532,#10533,#10534,#10535));
#1799=EDGE_LOOP('',(#10536,#10537,#10538,#10539));
#1800=EDGE_LOOP('',(#10540,#10541,#10542,#10543));
#1801=EDGE_LOOP('',(#10544,#10545,#10546,#10547));
#1802=EDGE_LOOP('',(#10548,#10549,#10550,#10551,#10552,#10553));
#1803=EDGE_LOOP('',(#10554,#10555,#10556,#10557,#10558,#10559));
#1804=EDGE_LOOP('',(#10560,#10561,#10562,#10563));
#1805=EDGE_LOOP('',(#10564,#10565,#10566,#10567));
#1806=EDGE_LOOP('',(#10568,#10569,#10570,#10571));
#1807=EDGE_LOOP('',(#10572,#10573,#10574,#10575));
#1808=EDGE_LOOP('',(#10576,#10577,#10578,#10579));
#1809=EDGE_LOOP('',(#10580,#10581,#10582,#10583));
#1810=EDGE_LOOP('',(#10584,#10585,#10586,#10587,#10588,#10589));
#1811=EDGE_LOOP('',(#10590,#10591,#10592,#10593,#10594,#10595));
#1812=EDGE_LOOP('',(#10596,#10597,#10598,#10599));
#1813=EDGE_LOOP('',(#10600,#10601,#10602,#10603));
#1814=EDGE_LOOP('',(#10604,#10605,#10606,#10607));
#1815=EDGE_LOOP('',(#10608,#10609,#10610,#10611));
#1816=EDGE_LOOP('',(#10612,#10613,#10614,#10615,#10616,#10617));
#1817=EDGE_LOOP('',(#10618,#10619,#10620,#10621,#10622,#10623));
#1818=EDGE_LOOP('',(#10624,#10625,#10626,#10627));
#1819=EDGE_LOOP('',(#10628,#10629,#10630,#10631));
#1820=EDGE_LOOP('',(#10632,#10633,#10634,#10635));
#1821=EDGE_LOOP('',(#10636,#10637,#10638,#10639));
#1822=EDGE_LOOP('',(#10640,#10641,#10642,#10643,#10644,#10645));
#1823=EDGE_LOOP('',(#10646,#10647,#10648,#10649,#10650,#10651));
#1824=EDGE_LOOP('',(#10652,#10653,#10654,#10655));
#1825=EDGE_LOOP('',(#10656,#10657,#10658,#10659));
#1826=EDGE_LOOP('',(#10660,#10661,#10662,#10663));
#1827=EDGE_LOOP('',(#10664,#10665,#10666,#10667));
#1828=EDGE_LOOP('',(#10668,#10669,#10670,#10671));
#1829=EDGE_LOOP('',(#10672,#10673,#10674,#10675));
#1830=EDGE_LOOP('',(#10676,#10677,#10678,#10679));
#1831=EDGE_LOOP('',(#10680,#10681,#10682,#10683));
#1832=EDGE_LOOP('',(#10684,#10685,#10686,#10687));
#1833=EDGE_LOOP('',(#10688,#10689,#10690,#10691));
#1834=EDGE_LOOP('',(#10692,#10693,#10694,#10695));
#1835=EDGE_LOOP('',(#10696,#10697,#10698,#10699));
#1836=EDGE_LOOP('',(#10700,#10701,#10702,#10703));
#1837=EDGE_LOOP('',(#10704,#10705,#10706,#10707));
#1838=EDGE_LOOP('',(#10708,#10709,#10710,#10711));
#1839=EDGE_LOOP('',(#10712,#10713,#10714,#10715));
#1840=EDGE_LOOP('',(#10716,#10717,#10718,#10719));
#1841=EDGE_LOOP('',(#10720,#10721,#10722,#10723));
#1842=EDGE_LOOP('',(#10724,#10725,#10726,#10727));
#1843=EDGE_LOOP('',(#10728,#10729,#10730,#10731));
#1844=EDGE_LOOP('',(#10732,#10733,#10734,#10735));
#1845=EDGE_LOOP('',(#10736,#10737,#10738,#10739));
#1846=EDGE_LOOP('',(#10740,#10741,#10742,#10743,#10744,#10745,#10746,#10747));
#1847=EDGE_LOOP('',(#10748,#10749,#10750,#10751));
#1848=EDGE_LOOP('',(#10752,#10753,#10754,#10755));
#1849=EDGE_LOOP('',(#10756,#10757,#10758,#10759));
#1850=EDGE_LOOP('',(#10760,#10761,#10762,#10763,#10764,#10765,#10766,#10767));
#1851=EDGE_LOOP('',(#10768,#10769,#10770,#10771));
#1852=EDGE_LOOP('',(#10772,#10773,#10774,#10775));
#1853=EDGE_LOOP('',(#10776,#10777,#10778,#10779));
#1854=EDGE_LOOP('',(#10780,#10781,#10782,#10783,#10784,#10785,#10786,#10787));
#1855=EDGE_LOOP('',(#10788,#10789,#10790,#10791));
#1856=EDGE_LOOP('',(#10792,#10793,#10794,#10795));
#1857=EDGE_LOOP('',(#10796,#10797,#10798,#10799));
#1858=EDGE_LOOP('',(#10800,#10801,#10802,#10803));
#1859=EDGE_LOOP('',(#10804,#10805,#10806,#10807));
#1860=EDGE_LOOP('',(#10808,#10809,#10810,#10811));
#1861=EDGE_LOOP('',(#10812,#10813,#10814,#10815));
#1862=EDGE_LOOP('',(#10816,#10817,#10818,#10819));
#1863=EDGE_LOOP('',(#10820,#10821,#10822,#10823));
#1864=EDGE_LOOP('',(#10824,#10825,#10826,#10827));
#1865=EDGE_LOOP('',(#10828,#10829,#10830,#10831));
#1866=EDGE_LOOP('',(#10832,#10833,#10834,#10835));
#1867=EDGE_LOOP('',(#10836,#10837,#10838,#10839));
#1868=EDGE_LOOP('',(#10840,#10841,#10842,#10843));
#1869=EDGE_LOOP('',(#10844,#10845,#10846,#10847));
#1870=EDGE_LOOP('',(#10848,#10849,#10850,#10851));
#1871=EDGE_LOOP('',(#10852,#10853,#10854,#10855));
#1872=EDGE_LOOP('',(#10856,#10857,#10858,#10859));
#1873=EDGE_LOOP('',(#10860,#10861,#10862,#10863));
#1874=EDGE_LOOP('',(#10864,#10865,#10866,#10867));
#1875=EDGE_LOOP('',(#10868,#10869,#10870,#10871));
#1876=EDGE_LOOP('',(#10872,#10873,#10874,#10875));
#1877=EDGE_LOOP('',(#10876,#10877,#10878,#10879));
#1878=EDGE_LOOP('',(#10880,#10881,#10882,#10883));
#1879=EDGE_LOOP('',(#10884,#10885,#10886,#10887));
#1880=EDGE_LOOP('',(#10888,#10889,#10890,#10891));
#1881=EDGE_LOOP('',(#10892,#10893,#10894,#10895));
#1882=EDGE_LOOP('',(#10896,#10897,#10898,#10899));
#1883=EDGE_LOOP('',(#10900,#10901,#10902,#10903));
#1884=EDGE_LOOP('',(#10904,#10905,#10906,#10907));
#1885=EDGE_LOOP('',(#10908,#10909,#10910,#10911));
#1886=EDGE_LOOP('',(#10912,#10913,#10914,#10915));
#1887=EDGE_LOOP('',(#10916,#10917,#10918,#10919));
#1888=EDGE_LOOP('',(#10920,#10921,#10922,#10923));
#1889=EDGE_LOOP('',(#10924,#10925,#10926,#10927));
#1890=EDGE_LOOP('',(#10928,#10929,#10930,#10931));
#1891=EDGE_LOOP('',(#10932,#10933,#10934,#10935));
#1892=EDGE_LOOP('',(#10936,#10937,#10938,#10939));
#1893=EDGE_LOOP('',(#10940,#10941,#10942,#10943));
#1894=EDGE_LOOP('',(#10944,#10945,#10946,#10947));
#1895=EDGE_LOOP('',(#10948,#10949,#10950,#10951));
#1896=EDGE_LOOP('',(#10952,#10953,#10954,#10955));
#1897=EDGE_LOOP('',(#10956,#10957,#10958,#10959));
#1898=EDGE_LOOP('',(#10960,#10961,#10962,#10963));
#1899=EDGE_LOOP('',(#10964,#10965,#10966,#10967));
#1900=EDGE_LOOP('',(#10968,#10969,#10970,#10971));
#1901=EDGE_LOOP('',(#10972,#10973,#10974,#10975));
#1902=EDGE_LOOP('',(#10976,#10977,#10978,#10979));
#1903=EDGE_LOOP('',(#10980,#10981,#10982,#10983));
#1904=EDGE_LOOP('',(#10984,#10985,#10986,#10987));
#1905=EDGE_LOOP('',(#10988,#10989,#10990,#10991));
#1906=EDGE_LOOP('',(#10992,#10993,#10994,#10995));
#1907=EDGE_LOOP('',(#10996,#10997,#10998,#10999));
#1908=EDGE_LOOP('',(#11000,#11001,#11002,#11003));
#1909=EDGE_LOOP('',(#11004,#11005,#11006,#11007));
#1910=EDGE_LOOP('',(#11008,#11009,#11010,#11011));
#1911=EDGE_LOOP('',(#11012,#11013,#11014,#11015));
#1912=EDGE_LOOP('',(#11016,#11017,#11018,#11019));
#1913=EDGE_LOOP('',(#11020,#11021,#11022,#11023));
#1914=EDGE_LOOP('',(#11024,#11025,#11026,#11027));
#1915=EDGE_LOOP('',(#11028,#11029,#11030,#11031));
#1916=EDGE_LOOP('',(#11032,#11033,#11034,#11035));
#1917=EDGE_LOOP('',(#11036,#11037,#11038,#11039));
#1918=EDGE_LOOP('',(#11040,#11041,#11042,#11043));
#1919=EDGE_LOOP('',(#11044,#11045,#11046,#11047));
#1920=EDGE_LOOP('',(#11048,#11049,#11050,#11051));
#1921=EDGE_LOOP('',(#11052,#11053,#11054,#11055));
#1922=EDGE_LOOP('',(#11056,#11057,#11058,#11059));
#1923=EDGE_LOOP('',(#11060,#11061,#11062,#11063));
#1924=EDGE_LOOP('',(#11064,#11065,#11066,#11067,#11068,#11069,#11070,#11071));
#1925=EDGE_LOOP('',(#11072,#11073,#11074,#11075));
#1926=EDGE_LOOP('',(#11076,#11077,#11078,#11079));
#1927=EDGE_LOOP('',(#11080,#11081,#11082,#11083));
#1928=EDGE_LOOP('',(#11084,#11085,#11086,#11087));
#1929=EDGE_LOOP('',(#11088,#11089,#11090,#11091));
#1930=EDGE_LOOP('',(#11092,#11093,#11094,#11095));
#1931=EDGE_LOOP('',(#11096,#11097,#11098,#11099,#11100,#11101,#11102,#11103));
#1932=EDGE_LOOP('',(#11104,#11105,#11106,#11107));
#1933=EDGE_LOOP('',(#11108,#11109,#11110,#11111));
#1934=EDGE_LOOP('',(#11112,#11113,#11114,#11115));
#1935=EDGE_LOOP('',(#11116,#11117,#11118,#11119));
#1936=EDGE_LOOP('',(#11120,#11121,#11122,#11123));
#1937=EDGE_LOOP('',(#11124,#11125,#11126,#11127));
#1938=EDGE_LOOP('',(#11128,#11129,#11130,#11131));
#1939=EDGE_LOOP('',(#11132,#11133,#11134,#11135));
#1940=EDGE_LOOP('',(#11136,#11137,#11138,#11139));
#1941=EDGE_LOOP('',(#11140,#11141,#11142,#11143));
#1942=EDGE_LOOP('',(#11144,#11145,#11146,#11147));
#1943=EDGE_LOOP('',(#11148,#11149,#11150,#11151));
#1944=EDGE_LOOP('',(#11152,#11153,#11154,#11155));
#1945=EDGE_LOOP('',(#11156,#11157,#11158,#11159));
#1946=EDGE_LOOP('',(#11160,#11161,#11162,#11163));
#1947=EDGE_LOOP('',(#11164,#11165,#11166,#11167));
#1948=EDGE_LOOP('',(#11168,#11169,#11170,#11171));
#1949=EDGE_LOOP('',(#11172,#11173,#11174,#11175));
#1950=EDGE_LOOP('',(#11176,#11177,#11178,#11179));
#1951=EDGE_LOOP('',(#11180,#11181,#11182,#11183));
#1952=EDGE_LOOP('',(#11184,#11185,#11186,#11187));
#1953=EDGE_LOOP('',(#11188,#11189,#11190,#11191));
#1954=EDGE_LOOP('',(#11192,#11193,#11194,#11195));
#1955=EDGE_LOOP('',(#11196,#11197,#11198,#11199));
#1956=EDGE_LOOP('',(#11200,#11201,#11202,#11203));
#1957=EDGE_LOOP('',(#11204,#11205,#11206,#11207));
#1958=EDGE_LOOP('',(#11208,#11209,#11210,#11211));
#1959=EDGE_LOOP('',(#11212,#11213,#11214,#11215));
#1960=EDGE_LOOP('',(#11216,#11217,#11218,#11219));
#1961=EDGE_LOOP('',(#11220,#11221,#11222,#11223));
#1962=EDGE_LOOP('',(#11224,#11225,#11226,#11227));
#1963=EDGE_LOOP('',(#11228,#11229,#11230,#11231,#11232,#11233,#11234,#11235));
#1964=EDGE_LOOP('',(#11236,#11237,#11238,#11239));
#1965=EDGE_LOOP('',(#11240,#11241,#11242,#11243));
#1966=EDGE_LOOP('',(#11244,#11245,#11246,#11247));
#1967=EDGE_LOOP('',(#11248,#11249,#11250,#11251,#11252,#11253,#11254,#11255));
#1968=EDGE_LOOP('',(#11256,#11257,#11258,#11259));
#1969=EDGE_LOOP('',(#11260,#11261,#11262,#11263));
#1970=EDGE_LOOP('',(#11264,#11265,#11266,#11267));
#1971=EDGE_LOOP('',(#11268,#11269,#11270,#11271));
#1972=EDGE_LOOP('',(#11272,#11273,#11274,#11275));
#1973=EDGE_LOOP('',(#11276,#11277,#11278,#11279));
#1974=EDGE_LOOP('',(#11280,#11281,#11282,#11283));
#1975=EDGE_LOOP('',(#11284,#11285,#11286,#11287,#11288,#11289,#11290,#11291));
#1976=EDGE_LOOP('',(#11292,#11293,#11294,#11295));
#1977=EDGE_LOOP('',(#11296,#11297,#11298,#11299));
#1978=EDGE_LOOP('',(#11300,#11301,#11302,#11303));
#1979=EDGE_LOOP('',(#11304,#11305,#11306,#11307));
#1980=EDGE_LOOP('',(#11308,#11309,#11310,#11311));
#1981=EDGE_LOOP('',(#11312,#11313,#11314,#11315));
#1982=EDGE_LOOP('',(#11316,#11317,#11318,#11319));
#1983=EDGE_LOOP('',(#11320,#11321,#11322,#11323));
#1984=EDGE_LOOP('',(#11324,#11325,#11326,#11327));
#1985=EDGE_LOOP('',(#11328,#11329,#11330,#11331));
#1986=EDGE_LOOP('',(#11332,#11333,#11334,#11335));
#1987=EDGE_LOOP('',(#11336,#11337,#11338,#11339));
#1988=EDGE_LOOP('',(#11340,#11341,#11342,#11343));
#1989=EDGE_LOOP('',(#11344,#11345,#11346,#11347));
#1990=EDGE_LOOP('',(#11348,#11349,#11350,#11351));
#1991=EDGE_LOOP('',(#11352,#11353,#11354,#11355));
#1992=EDGE_LOOP('',(#11356,#11357,#11358,#11359));
#1993=EDGE_LOOP('',(#11360,#11361,#11362,#11363));
#1994=EDGE_LOOP('',(#11364,#11365,#11366,#11367));
#1995=EDGE_LOOP('',(#11368,#11369,#11370,#11371));
#1996=EDGE_LOOP('',(#11372,#11373,#11374,#11375));
#1997=EDGE_LOOP('',(#11376,#11377,#11378,#11379));
#1998=EDGE_LOOP('',(#11380,#11381,#11382,#11383));
#1999=EDGE_LOOP('',(#11384,#11385,#11386,#11387));
#2000=EDGE_LOOP('',(#11388,#11389,#11390,#11391));
#2001=EDGE_LOOP('',(#11392,#11393,#11394,#11395));
#2002=EDGE_LOOP('',(#11396,#11397,#11398,#11399,#11400,#11401,#11402,#11403));
#2003=EDGE_LOOP('',(#11404,#11405,#11406,#11407));
#2004=EDGE_LOOP('',(#11408,#11409,#11410,#11411));
#2005=EDGE_LOOP('',(#11412,#11413,#11414,#11415));
#2006=EDGE_LOOP('',(#11416,#11417,#11418,#11419));
#2007=EDGE_LOOP('',(#11420,#11421,#11422,#11423));
#2008=EDGE_LOOP('',(#11424,#11425,#11426,#11427));
#2009=EDGE_LOOP('',(#11428,#11429,#11430,#11431));
#2010=EDGE_LOOP('',(#11432,#11433,#11434,#11435));
#2011=EDGE_LOOP('',(#11436,#11437,#11438,#11439));
#2012=EDGE_LOOP('',(#11440,#11441,#11442,#11443));
#2013=EDGE_LOOP('',(#11444,#11445,#11446,#11447));
#2014=EDGE_LOOP('',(#11448,#11449,#11450,#11451));
#2015=EDGE_LOOP('',(#11452,#11453,#11454,#11455));
#2016=EDGE_LOOP('',(#11456,#11457,#11458,#11459));
#2017=EDGE_LOOP('',(#11460,#11461,#11462,#11463,#11464,#11465,#11466,#11467));
#2018=EDGE_LOOP('',(#11468,#11469,#11470,#11471));
#2019=EDGE_LOOP('',(#11472,#11473,#11474,#11475));
#2020=EDGE_LOOP('',(#11476,#11477,#11478,#11479));
#2021=EDGE_LOOP('',(#11480,#11481,#11482,#11483));
#2022=EDGE_LOOP('',(#11484,#11485,#11486,#11487));
#2023=EDGE_LOOP('',(#11488,#11489,#11490,#11491));
#2024=EDGE_LOOP('',(#11492,#11493,#11494,#11495));
#2025=EDGE_LOOP('',(#11496,#11497,#11498,#11499));
#2026=EDGE_LOOP('',(#11500,#11501,#11502,#11503));
#2027=EDGE_LOOP('',(#11504,#11505,#11506,#11507));
#2028=EDGE_LOOP('',(#11508,#11509,#11510,#11511,#11512,#11513,#11514,#11515));
#2029=EDGE_LOOP('',(#11516,#11517,#11518,#11519));
#2030=EDGE_LOOP('',(#11520,#11521,#11522,#11523));
#2031=EDGE_LOOP('',(#11524,#11525,#11526,#11527));
#2032=EDGE_LOOP('',(#11528,#11529,#11530,#11531));
#2033=EDGE_LOOP('',(#11532,#11533,#11534,#11535));
#2034=EDGE_LOOP('',(#11536,#11537,#11538,#11539));
#2035=EDGE_LOOP('',(#11540,#11541,#11542,#11543));
#2036=EDGE_LOOP('',(#11544,#11545,#11546,#11547));
#2037=EDGE_LOOP('',(#11548,#11549,#11550,#11551));
#2038=EDGE_LOOP('',(#11552,#11553,#11554,#11555));
#2039=EDGE_LOOP('',(#11556,#11557,#11558,#11559));
#2040=EDGE_LOOP('',(#11560,#11561,#11562,#11563));
#2041=EDGE_LOOP('',(#11564,#11565,#11566,#11567));
#2042=EDGE_LOOP('',(#11568,#11569,#11570,#11571));
#2043=EDGE_LOOP('',(#11572,#11573,#11574,#11575));
#2044=EDGE_LOOP('',(#11576,#11577,#11578,#11579));
#2045=EDGE_LOOP('',(#11580,#11581,#11582,#11583));
#2046=EDGE_LOOP('',(#11584,#11585,#11586,#11587));
#2047=EDGE_LOOP('',(#11588,#11589,#11590,#11591));
#2048=EDGE_LOOP('',(#11592,#11593,#11594,#11595));
#2049=EDGE_LOOP('',(#11596,#11597,#11598,#11599));
#2050=EDGE_LOOP('',(#11600,#11601,#11602,#11603,#11604,#11605,#11606,#11607));
#2051=EDGE_LOOP('',(#11608,#11609,#11610,#11611));
#2052=EDGE_LOOP('',(#11612,#11613,#11614,#11615));
#2053=EDGE_LOOP('',(#11616,#11617,#11618,#11619));
#2054=EDGE_LOOP('',(#11620,#11621,#11622,#11623));
#2055=EDGE_LOOP('',(#11624,#11625,#11626,#11627));
#2056=EDGE_LOOP('',(#11628,#11629,#11630,#11631));
#2057=EDGE_LOOP('',(#11632,#11633,#11634,#11635));
#2058=EDGE_LOOP('',(#11636,#11637,#11638,#11639));
#2059=EDGE_LOOP('',(#11640,#11641,#11642,#11643));
#2060=EDGE_LOOP('',(#11644,#11645,#11646,#11647));
#2061=EDGE_LOOP('',(#11648,#11649,#11650,#11651));
#2062=EDGE_LOOP('',(#11652,#11653,#11654,#11655));
#2063=EDGE_LOOP('',(#11656,#11657,#11658,#11659,#11660,#11661,#11662,#11663));
#2064=EDGE_LOOP('',(#11664,#11665,#11666,#11667));
#2065=EDGE_LOOP('',(#11668,#11669,#11670,#11671));
#2066=EDGE_LOOP('',(#11672,#11673,#11674,#11675));
#2067=EDGE_LOOP('',(#11676,#11677,#11678,#11679));
#2068=EDGE_LOOP('',(#11680,#11681,#11682,#11683));
#2069=EDGE_LOOP('',(#11684,#11685,#11686,#11687));
#2070=EDGE_LOOP('',(#11688,#11689,#11690,#11691));
#2071=EDGE_LOOP('',(#11692,#11693,#11694,#11695));
#2072=EDGE_LOOP('',(#11696,#11697,#11698,#11699));
#2073=EDGE_LOOP('',(#11700,#11701,#11702,#11703));
#2074=EDGE_LOOP('',(#11704,#11705,#11706,#11707));
#2075=EDGE_LOOP('',(#11708,#11709,#11710,#11711));
#2076=EDGE_LOOP('',(#11712,#11713,#11714,#11715));
#2077=EDGE_LOOP('',(#11716,#11717,#11718,#11719));
#2078=EDGE_LOOP('',(#11720,#11721,#11722,#11723));
#2079=EDGE_LOOP('',(#11724,#11725,#11726,#11727,#11728,#11729,#11730,#11731));
#2080=EDGE_LOOP('',(#11732,#11733,#11734,#11735));
#2081=EDGE_LOOP('',(#11736,#11737,#11738,#11739,#11740,#11741,#11742,#11743));
#2082=EDGE_LOOP('',(#11744,#11745,#11746,#11747));
#2083=EDGE_LOOP('',(#11748,#11749,#11750,#11751));
#2084=EDGE_LOOP('',(#11752,#11753,#11754,#11755));
#2085=EDGE_LOOP('',(#11756,#11757,#11758,#11759,#11760,#11761,#11762,#11763,
#11764,#11765,#11766,#11767));
#2086=EDGE_LOOP('',(#11768,#11769,#11770,#11771,#11772,#11773,#11774,#11775,
#11776,#11777,#11778,#11779));
#2087=EDGE_LOOP('',(#11780,#11781,#11782,#11783,#11784,#11785,#11786,#11787,
#11788,#11789,#11790,#11791));
#2088=EDGE_LOOP('',(#11792,#11793,#11794,#11795,#11796,#11797,#11798,#11799,
#11800,#11801,#11802,#11803));
#2089=EDGE_LOOP('',(#11804,#11805,#11806,#11807));
#2090=EDGE_LOOP('',(#11808,#11809,#11810,#11811));
#2091=EDGE_LOOP('',(#11812,#11813,#11814,#11815));
#2092=EDGE_LOOP('',(#11816,#11817,#11818,#11819));
#2093=EDGE_LOOP('',(#11820,#11821,#11822,#11823));
#2094=EDGE_LOOP('',(#11824,#11825,#11826,#11827));
#2095=EDGE_LOOP('',(#11828,#11829,#11830,#11831));
#2096=EDGE_LOOP('',(#11832,#11833,#11834,#11835));
#2097=EDGE_LOOP('',(#11836,#11837,#11838,#11839));
#2098=EDGE_LOOP('',(#11840,#11841,#11842,#11843));
#2099=EDGE_LOOP('',(#11844,#11845,#11846,#11847));
#2100=EDGE_LOOP('',(#11848,#11849,#11850,#11851));
#2101=EDGE_LOOP('',(#11852,#11853,#11854,#11855));
#2102=EDGE_LOOP('',(#11856,#11857,#11858,#11859));
#2103=EDGE_LOOP('',(#11860,#11861,#11862,#11863));
#2104=EDGE_LOOP('',(#11864,#11865,#11866,#11867));
#2105=EDGE_LOOP('',(#11868,#11869,#11870,#11871));
#2106=EDGE_LOOP('',(#11872,#11873,#11874,#11875));
#2107=EDGE_LOOP('',(#11876,#11877,#11878,#11879));
#2108=EDGE_LOOP('',(#11880,#11881,#11882,#11883));
#2109=EDGE_LOOP('',(#11884,#11885,#11886,#11887));
#2110=EDGE_LOOP('',(#11888,#11889,#11890,#11891));
#2111=EDGE_LOOP('',(#11892,#11893,#11894,#11895));
#2112=EDGE_LOOP('',(#11896,#11897,#11898,#11899));
#2113=EDGE_LOOP('',(#11900,#11901,#11902,#11903));
#2114=EDGE_LOOP('',(#11904,#11905,#11906,#11907));
#2115=EDGE_LOOP('',(#11908,#11909,#11910,#11911));
#2116=EDGE_LOOP('',(#11912,#11913,#11914,#11915));
#2117=EDGE_LOOP('',(#11916,#11917,#11918,#11919));
#2118=EDGE_LOOP('',(#11920,#11921,#11922,#11923));
#2119=EDGE_LOOP('',(#11924,#11925,#11926,#11927));
#2120=EDGE_LOOP('',(#11928,#11929,#11930,#11931));
#2121=EDGE_LOOP('',(#11932,#11933,#11934,#11935));
#2122=EDGE_LOOP('',(#11936,#11937,#11938,#11939));
#2123=EDGE_LOOP('',(#11940,#11941,#11942,#11943));
#2124=EDGE_LOOP('',(#11944,#11945,#11946,#11947));
#2125=EDGE_LOOP('',(#11948,#11949,#11950,#11951));
#2126=EDGE_LOOP('',(#11952,#11953,#11954,#11955));
#2127=EDGE_LOOP('',(#11956,#11957,#11958,#11959));
#2128=EDGE_LOOP('',(#11960,#11961,#11962,#11963));
#2129=EDGE_LOOP('',(#11964,#11965,#11966,#11967));
#2130=EDGE_LOOP('',(#11968,#11969,#11970,#11971));
#2131=EDGE_LOOP('',(#11972,#11973,#11974,#11975));
#2132=EDGE_LOOP('',(#11976,#11977,#11978,#11979));
#2133=EDGE_LOOP('',(#11980,#11981,#11982,#11983));
#2134=EDGE_LOOP('',(#11984,#11985,#11986,#11987));
#2135=EDGE_LOOP('',(#11988,#11989,#11990,#11991));
#2136=EDGE_LOOP('',(#11992,#11993,#11994,#11995));
#2137=EDGE_LOOP('',(#11996,#11997,#11998,#11999));
#2138=EDGE_LOOP('',(#12000,#12001,#12002,#12003));
#2139=EDGE_LOOP('',(#12004,#12005,#12006,#12007));
#2140=EDGE_LOOP('',(#12008,#12009,#12010,#12011));
#2141=EDGE_LOOP('',(#12012,#12013,#12014,#12015));
#2142=EDGE_LOOP('',(#12016,#12017,#12018,#12019));
#2143=EDGE_LOOP('',(#12020,#12021,#12022,#12023));
#2144=EDGE_LOOP('',(#12024,#12025,#12026,#12027));
#2145=EDGE_LOOP('',(#12028,#12029,#12030,#12031));
#2146=EDGE_LOOP('',(#12032,#12033,#12034,#12035));
#2147=EDGE_LOOP('',(#12036,#12037,#12038,#12039));
#2148=EDGE_LOOP('',(#12040));
#2149=EDGE_LOOP('',(#12041));
#2150=EDGE_LOOP('',(#12042));
#2151=EDGE_LOOP('',(#12043));
#2152=EDGE_LOOP('',(#12044));
#2153=EDGE_LOOP('',(#12045));
#2154=EDGE_LOOP('',(#12046));
#2155=EDGE_LOOP('',(#12047));
#2156=EDGE_LOOP('',(#12048));
#2157=EDGE_LOOP('',(#12049));
#2158=EDGE_LOOP('',(#12050));
#2159=EDGE_LOOP('',(#12051));
#2160=EDGE_LOOP('',(#12052));
#2161=EDGE_LOOP('',(#12053));
#2162=EDGE_LOOP('',(#12054));
#2163=EDGE_LOOP('',(#12055));
#2164=EDGE_LOOP('',(#12056));
#2165=EDGE_LOOP('',(#12057));
#2166=EDGE_LOOP('',(#12058));
#2167=EDGE_LOOP('',(#12059));
#2168=EDGE_LOOP('',(#12060,#12061,#12062,#12063));
#2169=EDGE_LOOP('',(#12064,#12065,#12066,#12067));
#2170=EDGE_LOOP('',(#12068,#12069,#12070,#12071,#12072,#12073,#12074));
#2171=EDGE_LOOP('',(#12075,#12076,#12077,#12078));
#2172=EDGE_LOOP('',(#12079,#12080,#12081,#12082));
#2173=EDGE_LOOP('',(#12083,#12084,#12085,#12086));
#2174=EDGE_LOOP('',(#12087,#12088,#12089,#12090));
#2175=EDGE_LOOP('',(#12091,#12092,#12093,#12094));
#2176=EDGE_LOOP('',(#12095,#12096,#12097,#12098,#12099,#12100,#12101));
#2177=EDGE_LOOP('',(#12102,#12103,#12104,#12105));
#2178=EDGE_LOOP('',(#12106,#12107,#12108,#12109,#12110,#12111,#12112));
#2179=EDGE_LOOP('',(#12113,#12114,#12115,#12116));
#2180=EDGE_LOOP('',(#12117,#12118,#12119,#12120,#12121,#12122,#12123));
#2181=EDGE_LOOP('',(#12124,#12125,#12126,#12127));
#2182=EDGE_LOOP('',(#12128,#12129,#12130,#12131));
#2183=EDGE_LOOP('',(#12132,#12133,#12134,#12135));
#2184=EDGE_LOOP('',(#12136,#12137,#12138,#12139));
#2185=EDGE_LOOP('',(#12140,#12141,#12142,#12143));
#2186=EDGE_LOOP('',(#12144,#12145,#12146,#12147));
#2187=EDGE_LOOP('',(#12148,#12149,#12150,#12151));
#2188=EDGE_LOOP('',(#12152,#12153,#12154,#12155,#12156,#12157,#12158));
#2189=EDGE_LOOP('',(#12159,#12160,#12161,#12162));
#2190=EDGE_LOOP('',(#12163,#12164,#12165,#12166));
#2191=EDGE_LOOP('',(#12167,#12168,#12169,#12170));
#2192=EDGE_LOOP('',(#12171,#12172,#12173,#12174));
#2193=EDGE_LOOP('',(#12175,#12176,#12177,#12178));
#2194=EDGE_LOOP('',(#12179,#12180,#12181,#12182,#12183,#12184,#12185));
#2195=EDGE_LOOP('',(#12186,#12187,#12188,#12189));
#2196=EDGE_LOOP('',(#12190,#12191,#12192,#12193));
#2197=EDGE_LOOP('',(#12194,#12195,#12196,#12197));
#2198=EDGE_LOOP('',(#12198,#12199,#12200,#12201,#12202,#12203,#12204));
#2199=EDGE_LOOP('',(#12205,#12206,#12207,#12208));
#2200=EDGE_LOOP('',(#12209,#12210,#12211,#12212));
#2201=EDGE_LOOP('',(#12213,#12214,#12215,#12216));
#2202=EDGE_LOOP('',(#12217,#12218,#12219,#12220));
#2203=EDGE_LOOP('',(#12221,#12222,#12223,#12224));
#2204=EDGE_LOOP('',(#12225,#12226,#12227,#12228));
#2205=EDGE_LOOP('',(#12229,#12230,#12231,#12232));
#2206=EDGE_LOOP('',(#12233,#12234,#12235,#12236));
#2207=EDGE_LOOP('',(#12237,#12238,#12239,#12240));
#2208=EDGE_LOOP('',(#12241,#12242,#12243,#12244));
#2209=EDGE_LOOP('',(#12245,#12246,#12247,#12248));
#2210=EDGE_LOOP('',(#12249,#12250,#12251,#12252,#12253,#12254,#12255));
#2211=EDGE_LOOP('',(#12256,#12257,#12258,#12259));
#2212=EDGE_LOOP('',(#12260,#12261,#12262,#12263));
#2213=EDGE_LOOP('',(#12264,#12265,#12266,#12267));
#2214=EDGE_LOOP('',(#12268,#12269,#12270,#12271,#12272,#12273,#12274));
#2215=EDGE_LOOP('',(#12275,#12276,#12277,#12278));
#2216=EDGE_LOOP('',(#12279,#12280,#12281,#12282));
#2217=EDGE_LOOP('',(#12283,#12284,#12285,#12286));
#2218=EDGE_LOOP('',(#12287,#12288,#12289,#12290,#12291,#12292,#12293));
#2219=EDGE_LOOP('',(#12294,#12295,#12296,#12297));
#2220=EDGE_LOOP('',(#12298,#12299,#12300,#12301));
#2221=EDGE_LOOP('',(#12302,#12303,#12304,#12305));
#2222=EDGE_LOOP('',(#12306,#12307,#12308,#12309,#12310,#12311,#12312));
#2223=EDGE_LOOP('',(#12313,#12314,#12315,#12316));
#2224=EDGE_LOOP('',(#12317,#12318,#12319,#12320));
#2225=EDGE_LOOP('',(#12321,#12322,#12323,#12324));
#2226=EDGE_LOOP('',(#12325,#12326,#12327,#12328));
#2227=EDGE_LOOP('',(#12329,#12330,#12331,#12332));
#2228=EDGE_LOOP('',(#12333,#12334,#12335,#12336,#12337,#12338,#12339));
#2229=EDGE_LOOP('',(#12340,#12341,#12342,#12343));
#2230=EDGE_LOOP('',(#12344,#12345,#12346,#12347));
#2231=EDGE_LOOP('',(#12348,#12349,#12350,#12351));
#2232=EDGE_LOOP('',(#12352,#12353,#12354,#12355));
#2233=EDGE_LOOP('',(#12356,#12357,#12358,#12359));
#2234=EDGE_LOOP('',(#12360,#12361,#12362,#12363));
#2235=EDGE_LOOP('',(#12364,#12365,#12366,#12367));
#2236=EDGE_LOOP('',(#12368,#12369,#12370,#12371));
#2237=EDGE_LOOP('',(#12372,#12373,#12374,#12375));
#2238=EDGE_LOOP('',(#12376,#12377,#12378,#12379));
#2239=EDGE_LOOP('',(#12380,#12381,#12382,#12383));
#2240=EDGE_LOOP('',(#12384,#12385,#12386,#12387));
#2241=EDGE_LOOP('',(#12388,#12389,#12390,#12391));
#2242=EDGE_LOOP('',(#12392,#12393,#12394,#12395));
#2243=EDGE_LOOP('',(#12396,#12397,#12398,#12399));
#2244=EDGE_LOOP('',(#12400,#12401,#12402,#12403));
#2245=EDGE_LOOP('',(#12404,#12405,#12406,#12407));
#2246=EDGE_LOOP('',(#12408,#12409,#12410,#12411));
#2247=EDGE_LOOP('',(#12412,#12413,#12414,#12415));
#2248=EDGE_LOOP('',(#12416,#12417,#12418,#12419));
#2249=EDGE_LOOP('',(#12420,#12421,#12422,#12423));
#2250=EDGE_LOOP('',(#12424,#12425,#12426,#12427));
#2251=EDGE_LOOP('',(#12428,#12429,#12430,#12431));
#2252=EDGE_LOOP('',(#12432,#12433,#12434,#12435));
#2253=EDGE_LOOP('',(#12436,#12437,#12438,#12439));
#2254=EDGE_LOOP('',(#12440,#12441,#12442,#12443));
#2255=EDGE_LOOP('',(#12444,#12445,#12446,#12447));
#2256=EDGE_LOOP('',(#12448,#12449,#12450,#12451,#12452,#12453,#12454,#12455));
#2257=EDGE_LOOP('',(#12456,#12457,#12458,#12459));
#2258=EDGE_LOOP('',(#12460,#12461,#12462,#12463));
#2259=EDGE_LOOP('',(#12464,#12465,#12466,#12467));
#2260=EDGE_LOOP('',(#12468,#12469,#12470,#12471));
#2261=EDGE_LOOP('',(#12472,#12473,#12474,#12475));
#2262=EDGE_LOOP('',(#12476,#12477,#12478,#12479));
#2263=EDGE_LOOP('',(#12480,#12481,#12482,#12483));
#2264=EDGE_LOOP('',(#12484,#12485,#12486,#12487));
#2265=EDGE_LOOP('',(#12488,#12489,#12490,#12491));
#2266=EDGE_LOOP('',(#12492,#12493,#12494,#12495));
#2267=EDGE_LOOP('',(#12496,#12497,#12498,#12499));
#2268=EDGE_LOOP('',(#12500,#12501,#12502,#12503));
#2269=EDGE_LOOP('',(#12504,#12505,#12506,#12507));
#2270=EDGE_LOOP('',(#12508,#12509,#12510,#12511));
#2271=EDGE_LOOP('',(#12512,#12513,#12514,#12515));
#2272=EDGE_LOOP('',(#12516,#12517,#12518,#12519));
#2273=EDGE_LOOP('',(#12520,#12521,#12522,#12523));
#2274=EDGE_LOOP('',(#12524,#12525,#12526,#12527));
#2275=EDGE_LOOP('',(#12528,#12529,#12530,#12531));
#2276=EDGE_LOOP('',(#12532,#12533,#12534,#12535));
#2277=EDGE_LOOP('',(#12536,#12537,#12538,#12539));
#2278=EDGE_LOOP('',(#12540,#12541,#12542,#12543));
#2279=EDGE_LOOP('',(#12544,#12545,#12546,#12547));
#2280=EDGE_LOOP('',(#12548,#12549,#12550,#12551));
#2281=EDGE_LOOP('',(#12552,#12553,#12554,#12555));
#2282=EDGE_LOOP('',(#12556,#12557,#12558,#12559));
#2283=EDGE_LOOP('',(#12560,#12561,#12562,#12563));
#2284=EDGE_LOOP('',(#12564,#12565,#12566,#12567));
#2285=EDGE_LOOP('',(#12568,#12569,#12570,#12571));
#2286=EDGE_LOOP('',(#12572,#12573,#12574,#12575));
#2287=EDGE_LOOP('',(#12576,#12577,#12578,#12579));
#2288=EDGE_LOOP('',(#12580,#12581,#12582,#12583));
#2289=EDGE_LOOP('',(#12584,#12585,#12586,#12587));
#2290=EDGE_LOOP('',(#12588,#12589,#12590,#12591));
#2291=EDGE_LOOP('',(#12592,#12593,#12594,#12595));
#2292=EDGE_LOOP('',(#12596,#12597,#12598,#12599));
#2293=EDGE_LOOP('',(#12600,#12601,#12602,#12603));
#2294=EDGE_LOOP('',(#12604,#12605,#12606,#12607));
#2295=EDGE_LOOP('',(#12608,#12609,#12610,#12611));
#2296=EDGE_LOOP('',(#12612,#12613,#12614,#12615));
#2297=EDGE_LOOP('',(#12616,#12617,#12618,#12619));
#2298=EDGE_LOOP('',(#12620,#12621,#12622,#12623));
#2299=EDGE_LOOP('',(#12624,#12625,#12626,#12627));
#2300=EDGE_LOOP('',(#12628,#12629,#12630,#12631));
#2301=EDGE_LOOP('',(#12632,#12633,#12634,#12635));
#2302=EDGE_LOOP('',(#12636,#12637,#12638,#12639));
#2303=EDGE_LOOP('',(#12640,#12641,#12642,#12643));
#2304=EDGE_LOOP('',(#12644,#12645,#12646,#12647));
#2305=EDGE_LOOP('',(#12648,#12649,#12650,#12651));
#2306=EDGE_LOOP('',(#12652,#12653,#12654,#12655));
#2307=EDGE_LOOP('',(#12656,#12657,#12658,#12659));
#2308=EDGE_LOOP('',(#12660,#12661,#12662,#12663));
#2309=EDGE_LOOP('',(#12664,#12665,#12666,#12667));
#2310=EDGE_LOOP('',(#12668,#12669,#12670,#12671));
#2311=EDGE_LOOP('',(#12672,#12673,#12674,#12675));
#2312=EDGE_LOOP('',(#12676,#12677,#12678,#12679));
#2313=EDGE_LOOP('',(#12680,#12681,#12682,#12683));
#2314=EDGE_LOOP('',(#12684,#12685,#12686,#12687));
#2315=EDGE_LOOP('',(#12688,#12689,#12690,#12691));
#2316=EDGE_LOOP('',(#12692,#12693,#12694,#12695));
#2317=EDGE_LOOP('',(#12696,#12697,#12698,#12699));
#2318=EDGE_LOOP('',(#12700,#12701,#12702,#12703));
#2319=EDGE_LOOP('',(#12704,#12705,#12706,#12707));
#2320=EDGE_LOOP('',(#12708,#12709,#12710,#12711));
#2321=EDGE_LOOP('',(#12712,#12713,#12714,#12715));
#2322=EDGE_LOOP('',(#12716,#12717,#12718,#12719));
#2323=EDGE_LOOP('',(#12720,#12721,#12722,#12723));
#2324=EDGE_LOOP('',(#12724,#12725,#12726,#12727));
#2325=EDGE_LOOP('',(#12728,#12729,#12730,#12731));
#2326=EDGE_LOOP('',(#12732,#12733,#12734,#12735));
#2327=EDGE_LOOP('',(#12736,#12737,#12738,#12739));
#2328=EDGE_LOOP('',(#12740,#12741,#12742,#12743));
#2329=EDGE_LOOP('',(#12744,#12745,#12746,#12747));
#2330=EDGE_LOOP('',(#12748,#12749,#12750,#12751));
#2331=EDGE_LOOP('',(#12752,#12753,#12754,#12755));
#2332=EDGE_LOOP('',(#12756,#12757,#12758,#12759));
#2333=EDGE_LOOP('',(#12760,#12761,#12762,#12763));
#2334=EDGE_LOOP('',(#12764,#12765,#12766,#12767));
#2335=EDGE_LOOP('',(#12768,#12769,#12770,#12771));
#2336=EDGE_LOOP('',(#12772,#12773,#12774,#12775));
#2337=EDGE_LOOP('',(#12776,#12777,#12778,#12779));
#2338=EDGE_LOOP('',(#12780,#12781,#12782,#12783));
#2339=EDGE_LOOP('',(#12784,#12785,#12786,#12787));
#2340=EDGE_LOOP('',(#12788,#12789,#12790,#12791));
#2341=EDGE_LOOP('',(#12792,#12793,#12794,#12795));
#2342=EDGE_LOOP('',(#12796,#12797,#12798,#12799));
#2343=EDGE_LOOP('',(#12800,#12801,#12802,#12803));
#2344=EDGE_LOOP('',(#12804,#12805,#12806,#12807));
#2345=EDGE_LOOP('',(#12808,#12809,#12810,#12811));
#2346=EDGE_LOOP('',(#12812,#12813,#12814,#12815));
#2347=EDGE_LOOP('',(#12816,#12817,#12818,#12819));
#2348=EDGE_LOOP('',(#12820,#12821,#12822,#12823));
#2349=EDGE_LOOP('',(#12824,#12825,#12826,#12827));
#2350=EDGE_LOOP('',(#12828,#12829,#12830,#12831));
#2351=EDGE_LOOP('',(#12832,#12833,#12834,#12835));
#2352=EDGE_LOOP('',(#12836,#12837,#12838,#12839));
#2353=EDGE_LOOP('',(#12840,#12841,#12842,#12843));
#2354=EDGE_LOOP('',(#12844,#12845,#12846,#12847));
#2355=EDGE_LOOP('',(#12848,#12849,#12850,#12851));
#2356=EDGE_LOOP('',(#12852,#12853,#12854,#12855));
#2357=EDGE_LOOP('',(#12856,#12857,#12858,#12859));
#2358=EDGE_LOOP('',(#12860,#12861,#12862,#12863));
#2359=EDGE_LOOP('',(#12864,#12865,#12866,#12867));
#2360=EDGE_LOOP('',(#12868,#12869,#12870,#12871));
#2361=EDGE_LOOP('',(#12872,#12873,#12874,#12875));
#2362=EDGE_LOOP('',(#12876,#12877,#12878,#12879));
#2363=EDGE_LOOP('',(#12880,#12881,#12882,#12883));
#2364=EDGE_LOOP('',(#12884,#12885,#12886,#12887));
#2365=EDGE_LOOP('',(#12888,#12889,#12890,#12891));
#2366=EDGE_LOOP('',(#12892,#12893,#12894,#12895));
#2367=EDGE_LOOP('',(#12896,#12897,#12898,#12899));
#2368=EDGE_LOOP('',(#12900,#12901,#12902,#12903));
#2369=EDGE_LOOP('',(#12904,#12905,#12906,#12907));
#2370=EDGE_LOOP('',(#12908,#12909,#12910,#12911));
#2371=EDGE_LOOP('',(#12912,#12913,#12914,#12915));
#2372=EDGE_LOOP('',(#12916,#12917,#12918,#12919));
#2373=EDGE_LOOP('',(#12920,#12921,#12922,#12923));
#2374=EDGE_LOOP('',(#12924,#12925,#12926,#12927));
#2375=EDGE_LOOP('',(#12928,#12929,#12930,#12931));
#2376=EDGE_LOOP('',(#12932,#12933,#12934,#12935));
#2377=EDGE_LOOP('',(#12936,#12937,#12938,#12939));
#2378=EDGE_LOOP('',(#12940,#12941,#12942,#12943));
#2379=EDGE_LOOP('',(#12944,#12945,#12946,#12947));
#2380=EDGE_LOOP('',(#12948,#12949,#12950,#12951));
#2381=EDGE_LOOP('',(#12952,#12953,#12954,#12955));
#2382=EDGE_LOOP('',(#12956,#12957,#12958,#12959));
#2383=EDGE_LOOP('',(#12960,#12961,#12962,#12963));
#2384=EDGE_LOOP('',(#12964,#12965,#12966,#12967));
#2385=EDGE_LOOP('',(#12968,#12969,#12970,#12971));
#2386=EDGE_LOOP('',(#12972,#12973,#12974,#12975));
#2387=EDGE_LOOP('',(#12976,#12977,#12978,#12979));
#2388=EDGE_LOOP('',(#12980,#12981,#12982,#12983));
#2389=EDGE_LOOP('',(#12984,#12985,#12986,#12987));
#2390=EDGE_LOOP('',(#12988,#12989,#12990,#12991));
#2391=EDGE_LOOP('',(#12992,#12993,#12994,#12995));
#2392=EDGE_LOOP('',(#12996,#12997,#12998,#12999));
#2393=EDGE_LOOP('',(#13000,#13001,#13002,#13003));
#2394=EDGE_LOOP('',(#13004,#13005,#13006,#13007));
#2395=EDGE_LOOP('',(#13008,#13009,#13010,#13011));
#2396=EDGE_LOOP('',(#13012,#13013,#13014,#13015));
#2397=EDGE_LOOP('',(#13016,#13017,#13018,#13019));
#2398=EDGE_LOOP('',(#13020,#13021,#13022,#13023));
#2399=EDGE_LOOP('',(#13024,#13025,#13026,#13027));
#2400=EDGE_LOOP('',(#13028,#13029,#13030,#13031));
#2401=EDGE_LOOP('',(#13032,#13033,#13034,#13035));
#2402=EDGE_LOOP('',(#13036,#13037,#13038,#13039));
#2403=EDGE_LOOP('',(#13040,#13041,#13042,#13043));
#2404=EDGE_LOOP('',(#13044,#13045,#13046,#13047));
#2405=EDGE_LOOP('',(#13048,#13049,#13050,#13051));
#2406=EDGE_LOOP('',(#13052,#13053,#13054,#13055));
#2407=EDGE_LOOP('',(#13056,#13057,#13058,#13059));
#2408=EDGE_LOOP('',(#13060,#13061,#13062,#13063));
#2409=EDGE_LOOP('',(#13064,#13065,#13066,#13067));
#2410=EDGE_LOOP('',(#13068,#13069,#13070,#13071));
#2411=EDGE_LOOP('',(#13072,#13073,#13074,#13075));
#2412=EDGE_LOOP('',(#13076,#13077,#13078,#13079));
#2413=EDGE_LOOP('',(#13080,#13081,#13082,#13083));
#2414=EDGE_LOOP('',(#13084,#13085,#13086,#13087));
#2415=EDGE_LOOP('',(#13088,#13089,#13090,#13091));
#2416=EDGE_LOOP('',(#13092,#13093,#13094,#13095));
#2417=EDGE_LOOP('',(#13096,#13097,#13098,#13099));
#2418=EDGE_LOOP('',(#13100,#13101,#13102,#13103));
#2419=EDGE_LOOP('',(#13104,#13105,#13106,#13107));
#2420=EDGE_LOOP('',(#13108,#13109,#13110,#13111));
#2421=EDGE_LOOP('',(#13112,#13113,#13114,#13115));
#2422=EDGE_LOOP('',(#13116,#13117,#13118,#13119));
#2423=EDGE_LOOP('',(#13120,#13121,#13122,#13123));
#2424=EDGE_LOOP('',(#13124,#13125,#13126,#13127));
#2425=EDGE_LOOP('',(#13128,#13129,#13130,#13131));
#2426=EDGE_LOOP('',(#13132,#13133,#13134,#13135));
#2427=EDGE_LOOP('',(#13136,#13137,#13138,#13139));
#2428=EDGE_LOOP('',(#13140,#13141,#13142,#13143));
#2429=EDGE_LOOP('',(#13144,#13145,#13146,#13147));
#2430=EDGE_LOOP('',(#13148,#13149,#13150,#13151));
#2431=EDGE_LOOP('',(#13152,#13153,#13154,#13155));
#2432=EDGE_LOOP('',(#13156,#13157,#13158,#13159));
#2433=EDGE_LOOP('',(#13160,#13161,#13162,#13163));
#2434=EDGE_LOOP('',(#13164,#13165,#13166,#13167));
#2435=EDGE_LOOP('',(#13168,#13169,#13170,#13171));
#2436=EDGE_LOOP('',(#13172,#13173,#13174,#13175));
#2437=EDGE_LOOP('',(#13176,#13177,#13178,#13179));
#2438=EDGE_LOOP('',(#13180,#13181,#13182,#13183));
#2439=EDGE_LOOP('',(#13184,#13185,#13186,#13187));
#2440=EDGE_LOOP('',(#13188,#13189,#13190,#13191));
#2441=EDGE_LOOP('',(#13192,#13193,#13194,#13195));
#2442=EDGE_LOOP('',(#13196,#13197,#13198,#13199));
#2443=EDGE_LOOP('',(#13200,#13201,#13202,#13203));
#2444=EDGE_LOOP('',(#13204,#13205,#13206,#13207));
#2445=EDGE_LOOP('',(#13208,#13209,#13210,#13211));
#2446=EDGE_LOOP('',(#13212,#13213,#13214,#13215));
#2447=EDGE_LOOP('',(#13216,#13217,#13218,#13219));
#2448=EDGE_LOOP('',(#13220,#13221,#13222,#13223));
#2449=EDGE_LOOP('',(#13224,#13225,#13226,#13227));
#2450=EDGE_LOOP('',(#13228,#13229,#13230,#13231));
#2451=EDGE_LOOP('',(#13232,#13233,#13234,#13235));
#2452=EDGE_LOOP('',(#13236,#13237,#13238,#13239));
#2453=EDGE_LOOP('',(#13240,#13241,#13242,#13243));
#2454=EDGE_LOOP('',(#13244,#13245,#13246,#13247));
#2455=EDGE_LOOP('',(#13248,#13249,#13250,#13251));
#2456=EDGE_LOOP('',(#13252,#13253,#13254,#13255));
#2457=EDGE_LOOP('',(#13256,#13257,#13258,#13259));
#2458=EDGE_LOOP('',(#13260,#13261,#13262,#13263));
#2459=EDGE_LOOP('',(#13264,#13265,#13266,#13267));
#2460=EDGE_LOOP('',(#13268,#13269,#13270,#13271));
#2461=EDGE_LOOP('',(#13272,#13273,#13274,#13275));
#2462=EDGE_LOOP('',(#13276,#13277,#13278,#13279));
#2463=EDGE_LOOP('',(#13280,#13281,#13282,#13283));
#2464=EDGE_LOOP('',(#13284,#13285,#13286,#13287));
#2465=EDGE_LOOP('',(#13288,#13289,#13290,#13291));
#2466=EDGE_LOOP('',(#13292,#13293,#13294,#13295));
#2467=EDGE_LOOP('',(#13296,#13297,#13298,#13299));
#2468=EDGE_LOOP('',(#13300,#13301,#13302,#13303));
#2469=EDGE_LOOP('',(#13304,#13305,#13306,#13307));
#2470=EDGE_LOOP('',(#13308,#13309,#13310,#13311));
#2471=EDGE_LOOP('',(#13312,#13313,#13314,#13315));
#2472=EDGE_LOOP('',(#13316,#13317,#13318,#13319));
#2473=EDGE_LOOP('',(#13320,#13321,#13322,#13323));
#2474=EDGE_LOOP('',(#13324,#13325,#13326,#13327));
#2475=EDGE_LOOP('',(#13328,#13329,#13330,#13331));
#2476=EDGE_LOOP('',(#13332,#13333,#13334,#13335));
#2477=EDGE_LOOP('',(#13336,#13337,#13338,#13339));
#2478=EDGE_LOOP('',(#13340,#13341,#13342,#13343));
#2479=EDGE_LOOP('',(#13344,#13345,#13346,#13347));
#2480=EDGE_LOOP('',(#13348,#13349,#13350,#13351));
#2481=EDGE_LOOP('',(#13352,#13353,#13354,#13355));
#2482=EDGE_LOOP('',(#13356,#13357,#13358,#13359));
#2483=EDGE_LOOP('',(#13360,#13361,#13362,#13363));
#2484=EDGE_LOOP('',(#13364,#13365,#13366,#13367));
#2485=EDGE_LOOP('',(#13368,#13369,#13370,#13371));
#2486=EDGE_LOOP('',(#13372,#13373,#13374,#13375));
#2487=EDGE_LOOP('',(#13376,#13377,#13378,#13379));
#2488=EDGE_LOOP('',(#13380,#13381,#13382,#13383));
#2489=EDGE_LOOP('',(#13384,#13385,#13386,#13387));
#2490=EDGE_LOOP('',(#13388,#13389,#13390,#13391));
#2491=EDGE_LOOP('',(#13392,#13393,#13394,#13395));
#2492=EDGE_LOOP('',(#13396,#13397,#13398,#13399));
#2493=EDGE_LOOP('',(#13400,#13401,#13402,#13403));
#2494=EDGE_LOOP('',(#13404,#13405,#13406,#13407));
#2495=EDGE_LOOP('',(#13408,#13409,#13410,#13411));
#2496=EDGE_LOOP('',(#13412,#13413,#13414,#13415));
#2497=EDGE_LOOP('',(#13416,#13417,#13418,#13419));
#2498=EDGE_LOOP('',(#13420,#13421,#13422,#13423));
#2499=EDGE_LOOP('',(#13424,#13425,#13426,#13427));
#2500=EDGE_LOOP('',(#13428,#13429,#13430,#13431));
#2501=EDGE_LOOP('',(#13432,#13433,#13434,#13435));
#2502=EDGE_LOOP('',(#13436,#13437,#13438,#13439));
#2503=EDGE_LOOP('',(#13440,#13441,#13442,#13443));
#2504=EDGE_LOOP('',(#13444,#13445,#13446,#13447));
#2505=EDGE_LOOP('',(#13448,#13449,#13450,#13451));
#2506=EDGE_LOOP('',(#13452,#13453,#13454,#13455));
#2507=EDGE_LOOP('',(#13456,#13457,#13458,#13459));
#2508=EDGE_LOOP('',(#13460,#13461,#13462,#13463));
#2509=EDGE_LOOP('',(#13464,#13465,#13466,#13467));
#2510=EDGE_LOOP('',(#13468,#13469,#13470,#13471));
#2511=EDGE_LOOP('',(#13472,#13473,#13474,#13475));
#2512=EDGE_LOOP('',(#13476,#13477,#13478,#13479));
#2513=EDGE_LOOP('',(#13480,#13481,#13482,#13483));
#2514=EDGE_LOOP('',(#13484,#13485,#13486,#13487));
#2515=EDGE_LOOP('',(#13488,#13489,#13490,#13491));
#2516=EDGE_LOOP('',(#13492,#13493,#13494,#13495));
#2517=EDGE_LOOP('',(#13496,#13497,#13498,#13499));
#2518=EDGE_LOOP('',(#13500,#13501,#13502,#13503));
#2519=EDGE_LOOP('',(#13504,#13505,#13506,#13507));
#2520=EDGE_LOOP('',(#13508,#13509,#13510,#13511));
#2521=EDGE_LOOP('',(#13512,#13513,#13514,#13515));
#2522=EDGE_LOOP('',(#13516,#13517,#13518,#13519));
#2523=EDGE_LOOP('',(#13520,#13521,#13522,#13523));
#2524=EDGE_LOOP('',(#13524,#13525,#13526,#13527));
#2525=EDGE_LOOP('',(#13528,#13529,#13530,#13531));
#2526=EDGE_LOOP('',(#13532,#13533,#13534,#13535));
#2527=EDGE_LOOP('',(#13536,#13537,#13538,#13539));
#2528=EDGE_LOOP('',(#13540,#13541,#13542,#13543));
#2529=EDGE_LOOP('',(#13544,#13545,#13546,#13547));
#2530=EDGE_LOOP('',(#13548,#13549,#13550,#13551));
#2531=EDGE_LOOP('',(#13552,#13553,#13554,#13555));
#2532=EDGE_LOOP('',(#13556,#13557,#13558,#13559));
#2533=EDGE_LOOP('',(#13560,#13561,#13562,#13563));
#2534=EDGE_LOOP('',(#13564,#13565,#13566,#13567));
#2535=EDGE_LOOP('',(#13568,#13569,#13570,#13571));
#2536=EDGE_LOOP('',(#13572,#13573,#13574,#13575));
#2537=EDGE_LOOP('',(#13576,#13577,#13578,#13579));
#2538=EDGE_LOOP('',(#13580,#13581,#13582,#13583));
#2539=EDGE_LOOP('',(#13584,#13585,#13586,#13587));
#2540=EDGE_LOOP('',(#13588,#13589,#13590,#13591));
#2541=EDGE_LOOP('',(#13592,#13593,#13594,#13595));
#2542=EDGE_LOOP('',(#13596,#13597,#13598,#13599));
#2543=EDGE_LOOP('',(#13600,#13601,#13602,#13603));
#2544=EDGE_LOOP('',(#13604,#13605,#13606,#13607));
#2545=EDGE_LOOP('',(#13608,#13609,#13610,#13611));
#2546=EDGE_LOOP('',(#13612,#13613,#13614,#13615));
#2547=EDGE_LOOP('',(#13616,#13617,#13618,#13619));
#2548=EDGE_LOOP('',(#13620,#13621,#13622,#13623));
#2549=EDGE_LOOP('',(#13624,#13625,#13626,#13627));
#2550=EDGE_LOOP('',(#13628,#13629,#13630,#13631));
#2551=EDGE_LOOP('',(#13632,#13633,#13634,#13635));
#2552=EDGE_LOOP('',(#13636,#13637,#13638,#13639));
#2553=EDGE_LOOP('',(#13640,#13641,#13642,#13643));
#2554=EDGE_LOOP('',(#13644,#13645,#13646,#13647));
#2555=EDGE_LOOP('',(#13648,#13649,#13650,#13651));
#2556=EDGE_LOOP('',(#13652,#13653,#13654,#13655));
#2557=EDGE_LOOP('',(#13656,#13657,#13658,#13659));
#2558=EDGE_LOOP('',(#13660,#13661,#13662,#13663));
#2559=EDGE_LOOP('',(#13664,#13665,#13666,#13667));
#2560=EDGE_LOOP('',(#13668,#13669,#13670,#13671));
#2561=EDGE_LOOP('',(#13672,#13673,#13674,#13675));
#2562=EDGE_LOOP('',(#13676,#13677,#13678,#13679));
#2563=EDGE_LOOP('',(#13680,#13681,#13682,#13683));
#2564=EDGE_LOOP('',(#13684,#13685,#13686,#13687));
#2565=EDGE_LOOP('',(#13688,#13689,#13690,#13691));
#2566=EDGE_LOOP('',(#13692,#13693,#13694,#13695));
#2567=EDGE_LOOP('',(#13696,#13697,#13698,#13699));
#2568=EDGE_LOOP('',(#13700,#13701,#13702,#13703));
#2569=EDGE_LOOP('',(#13704,#13705,#13706,#13707));
#2570=EDGE_LOOP('',(#13708,#13709,#13710,#13711));
#2571=EDGE_LOOP('',(#13712,#13713,#13714,#13715));
#2572=EDGE_LOOP('',(#13716,#13717,#13718,#13719));
#2573=EDGE_LOOP('',(#13720,#13721,#13722,#13723));
#2574=EDGE_LOOP('',(#13724,#13725,#13726,#13727));
#2575=EDGE_LOOP('',(#13728,#13729,#13730,#13731));
#2576=EDGE_LOOP('',(#13732,#13733,#13734,#13735));
#2577=EDGE_LOOP('',(#13736,#13737,#13738,#13739));
#2578=EDGE_LOOP('',(#13740,#13741,#13742,#13743));
#2579=EDGE_LOOP('',(#13744,#13745,#13746,#13747));
#2580=EDGE_LOOP('',(#13748,#13749,#13750,#13751));
#2581=EDGE_LOOP('',(#13752,#13753,#13754,#13755));
#2582=EDGE_LOOP('',(#13756,#13757,#13758,#13759));
#2583=EDGE_LOOP('',(#13760,#13761,#13762,#13763));
#2584=EDGE_LOOP('',(#13764,#13765,#13766,#13767));
#2585=EDGE_LOOP('',(#13768,#13769,#13770,#13771));
#2586=EDGE_LOOP('',(#13772,#13773,#13774,#13775));
#2587=EDGE_LOOP('',(#13776,#13777,#13778,#13779));
#2588=EDGE_LOOP('',(#13780,#13781,#13782,#13783));
#2589=EDGE_LOOP('',(#13784,#13785,#13786,#13787));
#2590=EDGE_LOOP('',(#13788,#13789,#13790,#13791));
#2591=EDGE_LOOP('',(#13792,#13793,#13794,#13795));
#2592=EDGE_LOOP('',(#13796,#13797,#13798,#13799));
#2593=EDGE_LOOP('',(#13800,#13801,#13802,#13803));
#2594=EDGE_LOOP('',(#13804,#13805,#13806,#13807));
#2595=EDGE_LOOP('',(#13808,#13809,#13810,#13811));
#2596=EDGE_LOOP('',(#13812,#13813,#13814,#13815));
#2597=EDGE_LOOP('',(#13816,#13817,#13818,#13819));
#2598=EDGE_LOOP('',(#13820,#13821,#13822,#13823));
#2599=EDGE_LOOP('',(#13824,#13825,#13826,#13827));
#2600=EDGE_LOOP('',(#13828));
#2601=EDGE_LOOP('',(#13829));
#2602=EDGE_LOOP('',(#13830));
#2603=EDGE_LOOP('',(#13831));
#2604=EDGE_LOOP('',(#13832));
#2605=EDGE_LOOP('',(#13833));
#2606=EDGE_LOOP('',(#13834));
#2607=EDGE_LOOP('',(#13835));
#2608=EDGE_LOOP('',(#13836));
#2609=EDGE_LOOP('',(#13837));
#2610=EDGE_LOOP('',(#13838));
#2611=EDGE_LOOP('',(#13839));
#2612=EDGE_LOOP('',(#13840));
#2613=EDGE_LOOP('',(#13841));
#2614=EDGE_LOOP('',(#13842));
#2615=EDGE_LOOP('',(#13843));
#2616=EDGE_LOOP('',(#13844));
#2617=EDGE_LOOP('',(#13845));
#2618=EDGE_LOOP('',(#13846));
#2619=EDGE_LOOP('',(#13847));
#2620=LINE('',#18989,#4496);
#2621=LINE('',#18998,#4497);
#2622=LINE('',#19002,#4498);
#2623=LINE('',#19006,#4499);
#2624=LINE('',#19010,#4500);
#2625=LINE('',#19014,#4501);
#2626=LINE('',#19017,#4502);
#2627=LINE('',#19018,#4503);
#2628=LINE('',#19025,#4504);
#2629=LINE('',#19029,#4505);
#2630=LINE('',#19033,#4506);
#2631=LINE('',#19037,#4507);
#2632=LINE('',#19041,#4508);
#2633=LINE('',#19044,#4509);
#2634=LINE('',#19045,#4510);
#2635=LINE('',#19051,#4511);
#2636=LINE('',#19055,#4512);
#2637=LINE('',#19063,#4513);
#2638=LINE('',#19066,#4514);
#2639=LINE('',#19068,#4515);
#2640=LINE('',#19071,#4516);
#2641=LINE('',#19073,#4517);
#2642=LINE('',#19078,#4518);
#2643=LINE('',#19082,#4519);
#2644=LINE('',#19090,#4520);
#2645=LINE('',#19093,#4521);
#2646=LINE('',#19095,#4522);
#2647=LINE('',#19098,#4523);
#2648=LINE('',#19100,#4524);
#2649=LINE('',#19105,#4525);
#2650=LINE('',#19109,#4526);
#2651=LINE('',#19117,#4527);
#2652=LINE('',#19120,#4528);
#2653=LINE('',#19122,#4529);
#2654=LINE('',#19125,#4530);
#2655=LINE('',#19127,#4531);
#2656=LINE('',#19132,#4532);
#2657=LINE('',#19136,#4533);
#2658=LINE('',#19144,#4534);
#2659=LINE('',#19147,#4535);
#2660=LINE('',#19149,#4536);
#2661=LINE('',#19152,#4537);
#2662=LINE('',#19154,#4538);
#2663=LINE('',#19159,#4539);
#2664=LINE('',#19163,#4540);
#2665=LINE('',#19171,#4541);
#2666=LINE('',#19174,#4542);
#2667=LINE('',#19176,#4543);
#2668=LINE('',#19179,#4544);
#2669=LINE('',#19181,#4545);
#2670=LINE('',#19187,#4546);
#2671=LINE('',#19196,#4547);
#2672=LINE('',#19205,#4548);
#2673=LINE('',#19214,#4549);
#2674=LINE('',#19223,#4550);
#2675=LINE('',#19232,#4551);
#2676=LINE('',#19240,#4552);
#2677=LINE('',#19244,#4553);
#2678=LINE('',#19252,#4554);
#2679=LINE('',#19255,#4555);
#2680=LINE('',#19257,#4556);
#2681=LINE('',#19260,#4557);
#2682=LINE('',#19262,#4558);
#2683=LINE('',#19267,#4559);
#2684=LINE('',#19271,#4560);
#2685=LINE('',#19279,#4561);
#2686=LINE('',#19282,#4562);
#2687=LINE('',#19284,#4563);
#2688=LINE('',#19287,#4564);
#2689=LINE('',#19289,#4565);
#2690=LINE('',#19294,#4566);
#2691=LINE('',#19298,#4567);
#2692=LINE('',#19306,#4568);
#2693=LINE('',#19309,#4569);
#2694=LINE('',#19311,#4570);
#2695=LINE('',#19314,#4571);
#2696=LINE('',#19316,#4572);
#2697=LINE('',#19321,#4573);
#2698=LINE('',#19325,#4574);
#2699=LINE('',#19333,#4575);
#2700=LINE('',#19336,#4576);
#2701=LINE('',#19338,#4577);
#2702=LINE('',#19341,#4578);
#2703=LINE('',#19343,#4579);
#2704=LINE('',#19349,#4580);
#2705=LINE('',#19353,#4581);
#2706=LINE('',#19357,#4582);
#2707=LINE('',#19361,#4583);
#2708=LINE('',#19365,#4584);
#2709=LINE('',#19368,#4585);
#2710=LINE('',#19369,#4586);
#2711=LINE('',#19376,#4587);
#2712=LINE('',#19383,#4588);
#2713=LINE('',#19385,#4589);
#2714=LINE('',#19387,#4590);
#2715=LINE('',#19389,#4591);
#2716=LINE('',#19390,#4592);
#2717=LINE('',#19393,#4593);
#2718=LINE('',#19395,#4594);
#2719=LINE('',#19397,#4595);
#2720=LINE('',#19398,#4596);
#2721=LINE('',#19401,#4597);
#2722=LINE('',#19403,#4598);
#2723=LINE('',#19405,#4599);
#2724=LINE('',#19407,#4600);
#2725=LINE('',#19408,#4601);
#2726=LINE('',#19411,#4602);
#2727=LINE('',#19413,#4603);
#2728=LINE('',#19415,#4604);
#2729=LINE('',#19417,#4605);
#2730=LINE('',#19418,#4606);
#2731=LINE('',#19421,#4607);
#2732=LINE('',#19423,#4608);
#2733=LINE('',#19425,#4609);
#2734=LINE('',#19426,#4610);
#2735=LINE('',#19429,#4611);
#2736=LINE('',#19431,#4612);
#2737=LINE('',#19433,#4613);
#2738=LINE('',#19435,#4614);
#2739=LINE('',#19436,#4615);
#2740=LINE('',#19439,#4616);
#2741=LINE('',#19441,#4617);
#2742=LINE('',#19443,#4618);
#2743=LINE('',#19445,#4619);
#2744=LINE('',#19446,#4620);
#2745=LINE('',#19449,#4621);
#2746=LINE('',#19451,#4622);
#2747=LINE('',#19453,#4623);
#2748=LINE('',#19455,#4624);
#2749=LINE('',#19456,#4625);
#2750=LINE('',#19459,#4626);
#2751=LINE('',#19461,#4627);
#2752=LINE('',#19463,#4628);
#2753=LINE('',#19464,#4629);
#2754=LINE('',#19467,#4630);
#2755=LINE('',#19469,#4631);
#2756=LINE('',#19471,#4632);
#2757=LINE('',#19473,#4633);
#2758=LINE('',#19474,#4634);
#2759=LINE('',#19477,#4635);
#2760=LINE('',#19479,#4636);
#2761=LINE('',#19481,#4637);
#2762=LINE('',#19483,#4638);
#2763=LINE('',#19484,#4639);
#2764=LINE('',#19487,#4640);
#2765=LINE('',#19489,#4641);
#2766=LINE('',#19491,#4642);
#2767=LINE('',#19492,#4643);
#2768=LINE('',#19495,#4644);
#2769=LINE('',#19497,#4645);
#2770=LINE('',#19499,#4646);
#2771=LINE('',#19501,#4647);
#2772=LINE('',#19502,#4648);
#2773=LINE('',#19505,#4649);
#2774=LINE('',#19507,#4650);
#2775=LINE('',#19509,#4651);
#2776=LINE('',#19511,#4652);
#2777=LINE('',#19512,#4653);
#2778=LINE('',#19515,#4654);
#2779=LINE('',#19517,#4655);
#2780=LINE('',#19519,#4656);
#2781=LINE('',#19520,#4657);
#2782=LINE('',#19523,#4658);
#2783=LINE('',#19525,#4659);
#2784=LINE('',#19527,#4660);
#2785=LINE('',#19529,#4661);
#2786=LINE('',#19530,#4662);
#2787=LINE('',#19533,#4663);
#2788=LINE('',#19535,#4664);
#2789=LINE('',#19537,#4665);
#2790=LINE('',#19539,#4666);
#2791=LINE('',#19540,#4667);
#2792=LINE('',#19543,#4668);
#2793=LINE('',#19545,#4669);
#2794=LINE('',#19547,#4670);
#2795=LINE('',#19548,#4671);
#2796=LINE('',#19551,#4672);
#2797=LINE('',#19553,#4673);
#2798=LINE('',#19555,#4674);
#2799=LINE('',#19557,#4675);
#2800=LINE('',#19558,#4676);
#2801=LINE('',#19561,#4677);
#2802=LINE('',#19563,#4678);
#2803=LINE('',#19565,#4679);
#2804=LINE('',#19567,#4680);
#2805=LINE('',#19568,#4681);
#2806=LINE('',#19571,#4682);
#2807=LINE('',#19573,#4683);
#2808=LINE('',#19575,#4684);
#2809=LINE('',#19576,#4685);
#2810=LINE('',#19579,#4686);
#2811=LINE('',#19581,#4687);
#2812=LINE('',#19583,#4688);
#2813=LINE('',#19585,#4689);
#2814=LINE('',#19586,#4690);
#2815=LINE('',#19589,#4691);
#2816=LINE('',#19591,#4692);
#2817=LINE('',#19593,#4693);
#2818=LINE('',#19595,#4694);
#2819=LINE('',#19596,#4695);
#2820=LINE('',#19599,#4696);
#2821=LINE('',#19601,#4697);
#2822=LINE('',#19603,#4698);
#2823=LINE('',#19604,#4699);
#2824=LINE('',#19607,#4700);
#2825=LINE('',#19609,#4701);
#2826=LINE('',#19611,#4702);
#2827=LINE('',#19613,#4703);
#2828=LINE('',#19614,#4704);
#2829=LINE('',#19617,#4705);
#2830=LINE('',#19619,#4706);
#2831=LINE('',#19621,#4707);
#2832=LINE('',#19623,#4708);
#2833=LINE('',#19624,#4709);
#2834=LINE('',#19627,#4710);
#2835=LINE('',#19629,#4711);
#2836=LINE('',#19631,#4712);
#2837=LINE('',#19632,#4713);
#2838=LINE('',#19635,#4714);
#2839=LINE('',#19637,#4715);
#2840=LINE('',#19639,#4716);
#2841=LINE('',#19641,#4717);
#2842=LINE('',#19642,#4718);
#2843=LINE('',#19645,#4719);
#2844=LINE('',#19647,#4720);
#2845=LINE('',#19649,#4721);
#2846=LINE('',#19651,#4722);
#2847=LINE('',#19652,#4723);
#2848=LINE('',#19655,#4724);
#2849=LINE('',#19657,#4725);
#2850=LINE('',#19659,#4726);
#2851=LINE('',#19660,#4727);
#2852=LINE('',#19663,#4728);
#2853=LINE('',#19665,#4729);
#2854=LINE('',#19667,#4730);
#2855=LINE('',#19669,#4731);
#2856=LINE('',#19670,#4732);
#2857=LINE('',#19673,#4733);
#2858=LINE('',#19675,#4734);
#2859=LINE('',#19677,#4735);
#2860=LINE('',#19679,#4736);
#2861=LINE('',#19680,#4737);
#2862=LINE('',#19683,#4738);
#2863=LINE('',#19685,#4739);
#2864=LINE('',#19687,#4740);
#2865=LINE('',#19688,#4741);
#2866=LINE('',#19691,#4742);
#2867=LINE('',#19693,#4743);
#2868=LINE('',#19695,#4744);
#2869=LINE('',#19697,#4745);
#2870=LINE('',#19698,#4746);
#2871=LINE('',#19701,#4747);
#2872=LINE('',#19703,#4748);
#2873=LINE('',#19705,#4749);
#2874=LINE('',#19706,#4750);
#2875=LINE('',#19709,#4751);
#2876=LINE('',#19711,#4752);
#2877=LINE('',#19713,#4753);
#2878=LINE('',#19715,#4754);
#2879=LINE('',#19716,#4755);
#2880=LINE('',#19719,#4756);
#2881=LINE('',#19723,#4757);
#2882=LINE('',#19727,#4758);
#2883=LINE('',#19731,#4759);
#2884=LINE('',#19735,#4760);
#2885=LINE('',#19739,#4761);
#2886=LINE('',#19743,#4762);
#2887=LINE('',#19747,#4763);
#2888=LINE('',#19751,#4764);
#2889=LINE('',#19755,#4765);
#2890=LINE('',#19759,#4766);
#2891=LINE('',#19763,#4767);
#2892=LINE('',#19767,#4768);
#2893=LINE('',#19771,#4769);
#2894=LINE('',#19775,#4770);
#2895=LINE('',#19779,#4771);
#2896=LINE('',#19783,#4772);
#2897=LINE('',#19787,#4773);
#2898=LINE('',#19791,#4774);
#2899=LINE('',#19795,#4775);
#2900=LINE('',#19800,#4776);
#2901=LINE('',#19802,#4777);
#2902=LINE('',#19804,#4778);
#2903=LINE('',#19805,#4779);
#2904=LINE('',#19808,#4780);
#2905=LINE('',#19810,#4781);
#2906=LINE('',#19811,#4782);
#2907=LINE('',#19814,#4783);
#2908=LINE('',#19816,#4784);
#2909=LINE('',#19817,#4785);
#2910=LINE('',#19819,#4786);
#2911=LINE('',#19820,#4787);
#2912=LINE('',#19824,#4788);
#2913=LINE('',#19826,#4789);
#2914=LINE('',#19828,#4790);
#2915=LINE('',#19829,#4791);
#2916=LINE('',#19833,#4792);
#2917=LINE('',#19835,#4793);
#2918=LINE('',#19837,#4794);
#2919=LINE('',#19838,#4795);
#2920=LINE('',#19841,#4796);
#2921=LINE('',#19843,#4797);
#2922=LINE('',#19844,#4798);
#2923=LINE('',#19848,#4799);
#2924=LINE('',#19850,#4800);
#2925=LINE('',#19852,#4801);
#2926=LINE('',#19853,#4802);
#2927=LINE('',#19854,#4803);
#2928=LINE('',#19857,#4804);
#2929=LINE('',#19859,#4805);
#2930=LINE('',#19860,#4806);
#2931=LINE('',#19861,#4807);
#2932=LINE('',#19865,#4808);
#2933=LINE('',#19867,#4809);
#2934=LINE('',#19869,#4810);
#2935=LINE('',#19870,#4811);
#2936=LINE('',#19874,#4812);
#2937=LINE('',#19876,#4813);
#2938=LINE('',#19878,#4814);
#2939=LINE('',#19880,#4815);
#2940=LINE('',#19882,#4816);
#2941=LINE('',#19883,#4817);
#2942=LINE('',#19886,#4818);
#2943=LINE('',#19888,#4819);
#2944=LINE('',#19890,#4820);
#2945=LINE('',#19892,#4821);
#2946=LINE('',#19893,#4822);
#2947=LINE('',#19896,#4823);
#2948=LINE('',#19898,#4824);
#2949=LINE('',#19899,#4825);
#2950=LINE('',#19901,#4826);
#2951=LINE('',#19902,#4827);
#2952=LINE('',#19906,#4828);
#2953=LINE('',#19908,#4829);
#2954=LINE('',#19910,#4830);
#2955=LINE('',#19911,#4831);
#2956=LINE('',#19915,#4832);
#2957=LINE('',#19917,#4833);
#2958=LINE('',#19919,#4834);
#2959=LINE('',#19921,#4835);
#2960=LINE('',#19923,#4836);
#2961=LINE('',#19924,#4837);
#2962=LINE('',#19927,#4838);
#2963=LINE('',#19929,#4839);
#2964=LINE('',#19931,#4840);
#2965=LINE('',#19933,#4841);
#2966=LINE('',#19934,#4842);
#2967=LINE('',#19937,#4843);
#2968=LINE('',#19939,#4844);
#2969=LINE('',#19940,#4845);
#2970=LINE('',#19942,#4846);
#2971=LINE('',#19943,#4847);
#2972=LINE('',#19947,#4848);
#2973=LINE('',#19949,#4849);
#2974=LINE('',#19951,#4850);
#2975=LINE('',#19952,#4851);
#2976=LINE('',#19956,#4852);
#2977=LINE('',#19958,#4853);
#2978=LINE('',#19960,#4854);
#2979=LINE('',#19962,#4855);
#2980=LINE('',#19964,#4856);
#2981=LINE('',#19965,#4857);
#2982=LINE('',#19968,#4858);
#2983=LINE('',#19970,#4859);
#2984=LINE('',#19972,#4860);
#2985=LINE('',#19974,#4861);
#2986=LINE('',#19975,#4862);
#2987=LINE('',#19978,#4863);
#2988=LINE('',#19980,#4864);
#2989=LINE('',#19981,#4865);
#2990=LINE('',#19983,#4866);
#2991=LINE('',#19984,#4867);
#2992=LINE('',#19988,#4868);
#2993=LINE('',#19990,#4869);
#2994=LINE('',#19992,#4870);
#2995=LINE('',#19993,#4871);
#2996=LINE('',#19997,#4872);
#2997=LINE('',#19999,#4873);
#2998=LINE('',#20001,#4874);
#2999=LINE('',#20002,#4875);
#3000=LINE('',#20005,#4876);
#3001=LINE('',#20007,#4877);
#3002=LINE('',#20008,#4878);
#3003=LINE('',#20011,#4879);
#3004=LINE('',#20013,#4880);
#3005=LINE('',#20014,#4881);
#3006=LINE('',#20016,#4882);
#3007=LINE('',#20017,#4883);
#3008=LINE('',#20021,#4884);
#3009=LINE('',#20023,#4885);
#3010=LINE('',#20025,#4886);
#3011=LINE('',#20026,#4887);
#3012=LINE('',#20030,#4888);
#3013=LINE('',#20032,#4889);
#3014=LINE('',#20034,#4890);
#3015=LINE('',#20036,#4891);
#3016=LINE('',#20038,#4892);
#3017=LINE('',#20039,#4893);
#3018=LINE('',#20042,#4894);
#3019=LINE('',#20044,#4895);
#3020=LINE('',#20046,#4896);
#3021=LINE('',#20048,#4897);
#3022=LINE('',#20049,#4898);
#3023=LINE('',#20052,#4899);
#3024=LINE('',#20054,#4900);
#3025=LINE('',#20055,#4901);
#3026=LINE('',#20057,#4902);
#3027=LINE('',#20058,#4903);
#3028=LINE('',#20062,#4904);
#3029=LINE('',#20064,#4905);
#3030=LINE('',#20066,#4906);
#3031=LINE('',#20067,#4907);
#3032=LINE('',#20071,#4908);
#3033=LINE('',#20073,#4909);
#3034=LINE('',#20075,#4910);
#3035=LINE('',#20076,#4911);
#3036=LINE('',#20079,#4912);
#3037=LINE('',#20081,#4913);
#3038=LINE('',#20082,#4914);
#3039=LINE('',#20086,#4915);
#3040=LINE('',#20088,#4916);
#3041=LINE('',#20090,#4917);
#3042=LINE('',#20091,#4918);
#3043=LINE('',#20092,#4919);
#3044=LINE('',#20095,#4920);
#3045=LINE('',#20097,#4921);
#3046=LINE('',#20098,#4922);
#3047=LINE('',#20099,#4923);
#3048=LINE('',#20103,#4924);
#3049=LINE('',#20105,#4925);
#3050=LINE('',#20107,#4926);
#3051=LINE('',#20108,#4927);
#3052=LINE('',#20112,#4928);
#3053=LINE('',#20114,#4929);
#3054=LINE('',#20116,#4930);
#3055=LINE('',#20117,#4931);
#3056=LINE('',#20120,#4932);
#3057=LINE('',#20122,#4933);
#3058=LINE('',#20123,#4934);
#3059=LINE('',#20127,#4935);
#3060=LINE('',#20129,#4936);
#3061=LINE('',#20131,#4937);
#3062=LINE('',#20132,#4938);
#3063=LINE('',#20133,#4939);
#3064=LINE('',#20136,#4940);
#3065=LINE('',#20138,#4941);
#3066=LINE('',#20139,#4942);
#3067=LINE('',#20140,#4943);
#3068=LINE('',#20144,#4944);
#3069=LINE('',#20146,#4945);
#3070=LINE('',#20148,#4946);
#3071=LINE('',#20149,#4947);
#3072=LINE('',#20153,#4948);
#3073=LINE('',#20155,#4949);
#3074=LINE('',#20157,#4950);
#3075=LINE('',#20158,#4951);
#3076=LINE('',#20161,#4952);
#3077=LINE('',#20163,#4953);
#3078=LINE('',#20164,#4954);
#3079=LINE('',#20168,#4955);
#3080=LINE('',#20170,#4956);
#3081=LINE('',#20172,#4957);
#3082=LINE('',#20173,#4958);
#3083=LINE('',#20174,#4959);
#3084=LINE('',#20177,#4960);
#3085=LINE('',#20179,#4961);
#3086=LINE('',#20180,#4962);
#3087=LINE('',#20181,#4963);
#3088=LINE('',#20185,#4964);
#3089=LINE('',#20187,#4965);
#3090=LINE('',#20189,#4966);
#3091=LINE('',#20190,#4967);
#3092=LINE('',#20193,#4968);
#3093=LINE('',#20195,#4969);
#3094=LINE('',#20196,#4970);
#3095=LINE('',#20199,#4971);
#3096=LINE('',#20200,#4972);
#3097=LINE('',#20203,#4973);
#3098=LINE('',#20205,#4974);
#3099=LINE('',#20206,#4975);
#3100=LINE('',#20209,#4976);
#3101=LINE('',#20210,#4977);
#3102=LINE('',#20213,#4978);
#3103=LINE('',#20215,#4979);
#3104=LINE('',#20216,#4980);
#3105=LINE('',#20219,#4981);
#3106=LINE('',#20220,#4982);
#3107=LINE('',#20223,#4983);
#3108=LINE('',#20225,#4984);
#3109=LINE('',#20226,#4985);
#3110=LINE('',#20229,#4986);
#3111=LINE('',#20231,#4987);
#3112=LINE('',#20232,#4988);
#3113=LINE('',#20235,#4989);
#3114=LINE('',#20236,#4990);
#3115=LINE('',#20239,#4991);
#3116=LINE('',#20241,#4992);
#3117=LINE('',#20242,#4993);
#3118=LINE('',#20245,#4994);
#3119=LINE('',#20247,#4995);
#3120=LINE('',#20248,#4996);
#3121=LINE('',#20251,#4997);
#3122=LINE('',#20252,#4998);
#3123=LINE('',#20255,#4999);
#3124=LINE('',#20257,#5000);
#3125=LINE('',#20258,#5001);
#3126=LINE('',#20261,#5002);
#3127=LINE('',#20263,#5003);
#3128=LINE('',#20264,#5004);
#3129=LINE('',#20267,#5005);
#3130=LINE('',#20268,#5006);
#3131=LINE('',#20271,#5007);
#3132=LINE('',#20273,#5008);
#3133=LINE('',#20274,#5009);
#3134=LINE('',#20277,#5010);
#3135=LINE('',#20278,#5011);
#3136=LINE('',#20281,#5012);
#3137=LINE('',#20283,#5013);
#3138=LINE('',#20284,#5014);
#3139=LINE('',#20287,#5015);
#3140=LINE('',#20289,#5016);
#3141=LINE('',#20290,#5017);
#3142=LINE('',#20293,#5018);
#3143=LINE('',#20294,#5019);
#3144=LINE('',#20296,#5020);
#3145=LINE('',#20298,#5021);
#3146=LINE('',#20299,#5022);
#3147=LINE('',#20302,#5023);
#3148=LINE('',#20304,#5024);
#3149=LINE('',#20306,#5025);
#3150=LINE('',#20307,#5026);
#3151=LINE('',#20310,#5027);
#3152=LINE('',#20312,#5028);
#3153=LINE('',#20313,#5029);
#3154=LINE('',#20316,#5030);
#3155=LINE('',#20317,#5031);
#3156=LINE('',#20319,#5032);
#3157=LINE('',#20321,#5033);
#3158=LINE('',#20322,#5034);
#3159=LINE('',#20325,#5035);
#3160=LINE('',#20327,#5036);
#3161=LINE('',#20329,#5037);
#3162=LINE('',#20330,#5038);
#3163=LINE('',#20333,#5039);
#3164=LINE('',#20335,#5040);
#3165=LINE('',#20336,#5041);
#3166=LINE('',#20339,#5042);
#3167=LINE('',#20340,#5043);
#3168=LINE('',#20342,#5044);
#3169=LINE('',#20344,#5045);
#3170=LINE('',#20345,#5046);
#3171=LINE('',#20348,#5047);
#3172=LINE('',#20350,#5048);
#3173=LINE('',#20352,#5049);
#3174=LINE('',#20353,#5050);
#3175=LINE('',#20357,#5051);
#3176=LINE('',#20359,#5052);
#3177=LINE('',#20361,#5053);
#3178=LINE('',#20362,#5054);
#3179=LINE('',#20365,#5055);
#3180=LINE('',#20367,#5056);
#3181=LINE('',#20368,#5057);
#3182=LINE('',#20371,#5058);
#3183=LINE('',#20373,#5059);
#3184=LINE('',#20374,#5060);
#3185=LINE('',#20376,#5061);
#3186=LINE('',#20377,#5062);
#3187=LINE('',#20380,#5063);
#3188=LINE('',#20381,#5064);
#3189=LINE('',#20383,#5065);
#3190=LINE('',#20385,#5066);
#3191=LINE('',#20387,#5067);
#3192=LINE('',#20390,#5068);
#3193=LINE('',#20391,#5069);
#3194=LINE('',#20393,#5070);
#3195=LINE('',#20395,#5071);
#3196=LINE('',#20396,#5072);
#3197=LINE('',#20399,#5073);
#3198=LINE('',#20401,#5074);
#3199=LINE('',#20402,#5075);
#3200=LINE('',#20404,#5076);
#3201=LINE('',#20405,#5077);
#3202=LINE('',#20407,#5078);
#3203=LINE('',#20410,#5079);
#3204=LINE('',#20411,#5080);
#3205=LINE('',#20413,#5081);
#3206=LINE('',#20417,#5082);
#3207=LINE('',#20419,#5083);
#3208=LINE('',#20421,#5084);
#3209=LINE('',#20422,#5085);
#3210=LINE('',#20425,#5086);
#3211=LINE('',#20427,#5087);
#3212=LINE('',#20428,#5088);
#3213=LINE('',#20431,#5089);
#3214=LINE('',#20433,#5090);
#3215=LINE('',#20434,#5091);
#3216=LINE('',#20436,#5092);
#3217=LINE('',#20437,#5093);
#3218=LINE('',#20441,#5094);
#3219=LINE('',#20443,#5095);
#3220=LINE('',#20445,#5096);
#3221=LINE('',#20446,#5097);
#3222=LINE('',#20449,#5098);
#3223=LINE('',#20451,#5099);
#3224=LINE('',#20452,#5100);
#3225=LINE('',#20455,#5101);
#3226=LINE('',#20457,#5102);
#3227=LINE('',#20458,#5103);
#3228=LINE('',#20460,#5104);
#3229=LINE('',#20461,#5105);
#3230=LINE('',#20465,#5106);
#3231=LINE('',#20467,#5107);
#3232=LINE('',#20469,#5108);
#3233=LINE('',#20470,#5109);
#3234=LINE('',#20473,#5110);
#3235=LINE('',#20475,#5111);
#3236=LINE('',#20476,#5112);
#3237=LINE('',#20479,#5113);
#3238=LINE('',#20481,#5114);
#3239=LINE('',#20482,#5115);
#3240=LINE('',#20484,#5116);
#3241=LINE('',#20485,#5117);
#3242=LINE('',#20489,#5118);
#3243=LINE('',#20491,#5119);
#3244=LINE('',#20493,#5120);
#3245=LINE('',#20494,#5121);
#3246=LINE('',#20497,#5122);
#3247=LINE('',#20499,#5123);
#3248=LINE('',#20500,#5124);
#3249=LINE('',#20503,#5125);
#3250=LINE('',#20505,#5126);
#3251=LINE('',#20506,#5127);
#3252=LINE('',#20508,#5128);
#3253=LINE('',#20509,#5129);
#3254=LINE('',#20513,#5130);
#3255=LINE('',#20515,#5131);
#3256=LINE('',#20517,#5132);
#3257=LINE('',#20518,#5133);
#3258=LINE('',#20521,#5134);
#3259=LINE('',#20523,#5135);
#3260=LINE('',#20524,#5136);
#3261=LINE('',#20527,#5137);
#3262=LINE('',#20529,#5138);
#3263=LINE('',#20530,#5139);
#3264=LINE('',#20532,#5140);
#3265=LINE('',#20533,#5141);
#3266=LINE('',#20537,#5142);
#3267=LINE('',#20539,#5143);
#3268=LINE('',#20541,#5144);
#3269=LINE('',#20542,#5145);
#3270=LINE('',#20545,#5146);
#3271=LINE('',#20547,#5147);
#3272=LINE('',#20548,#5148);
#3273=LINE('',#20551,#5149);
#3274=LINE('',#20553,#5150);
#3275=LINE('',#20554,#5151);
#3276=LINE('',#20556,#5152);
#3277=LINE('',#20557,#5153);
#3278=LINE('',#20561,#5154);
#3279=LINE('',#20563,#5155);
#3280=LINE('',#20565,#5156);
#3281=LINE('',#20566,#5157);
#3282=LINE('',#20569,#5158);
#3283=LINE('',#20571,#5159);
#3284=LINE('',#20572,#5160);
#3285=LINE('',#20575,#5161);
#3286=LINE('',#20577,#5162);
#3287=LINE('',#20578,#5163);
#3288=LINE('',#20580,#5164);
#3289=LINE('',#20581,#5165);
#3290=LINE('',#20585,#5166);
#3291=LINE('',#20587,#5167);
#3292=LINE('',#20589,#5168);
#3293=LINE('',#20590,#5169);
#3294=LINE('',#20593,#5170);
#3295=LINE('',#20595,#5171);
#3296=LINE('',#20596,#5172);
#3297=LINE('',#20599,#5173);
#3298=LINE('',#20601,#5174);
#3299=LINE('',#20602,#5175);
#3300=LINE('',#20604,#5176);
#3301=LINE('',#20605,#5177);
#3302=LINE('',#20609,#5178);
#3303=LINE('',#20611,#5179);
#3304=LINE('',#20613,#5180);
#3305=LINE('',#20614,#5181);
#3306=LINE('',#20617,#5182);
#3307=LINE('',#20619,#5183);
#3308=LINE('',#20620,#5184);
#3309=LINE('',#20623,#5185);
#3310=LINE('',#20625,#5186);
#3311=LINE('',#20626,#5187);
#3312=LINE('',#20628,#5188);
#3313=LINE('',#20629,#5189);
#3314=LINE('',#20633,#5190);
#3315=LINE('',#20635,#5191);
#3316=LINE('',#20637,#5192);
#3317=LINE('',#20638,#5193);
#3318=LINE('',#20641,#5194);
#3319=LINE('',#20643,#5195);
#3320=LINE('',#20644,#5196);
#3321=LINE('',#20647,#5197);
#3322=LINE('',#20649,#5198);
#3323=LINE('',#20650,#5199);
#3324=LINE('',#20652,#5200);
#3325=LINE('',#20653,#5201);
#3326=LINE('',#20657,#5202);
#3327=LINE('',#20659,#5203);
#3328=LINE('',#20661,#5204);
#3329=LINE('',#20662,#5205);
#3330=LINE('',#20665,#5206);
#3331=LINE('',#20667,#5207);
#3332=LINE('',#20668,#5208);
#3333=LINE('',#20671,#5209);
#3334=LINE('',#20673,#5210);
#3335=LINE('',#20674,#5211);
#3336=LINE('',#20676,#5212);
#3337=LINE('',#20677,#5213);
#3338=LINE('',#20681,#5214);
#3339=LINE('',#20683,#5215);
#3340=LINE('',#20685,#5216);
#3341=LINE('',#20686,#5217);
#3342=LINE('',#20689,#5218);
#3343=LINE('',#20691,#5219);
#3344=LINE('',#20692,#5220);
#3345=LINE('',#20695,#5221);
#3346=LINE('',#20697,#5222);
#3347=LINE('',#20698,#5223);
#3348=LINE('',#20700,#5224);
#3349=LINE('',#20701,#5225);
#3350=LINE('',#20705,#5226);
#3351=LINE('',#20707,#5227);
#3352=LINE('',#20709,#5228);
#3353=LINE('',#20710,#5229);
#3354=LINE('',#20713,#5230);
#3355=LINE('',#20715,#5231);
#3356=LINE('',#20716,#5232);
#3357=LINE('',#20719,#5233);
#3358=LINE('',#20721,#5234);
#3359=LINE('',#20722,#5235);
#3360=LINE('',#20724,#5236);
#3361=LINE('',#20725,#5237);
#3362=LINE('',#20728,#5238);
#3363=LINE('',#20730,#5239);
#3364=LINE('',#20731,#5240);
#3365=LINE('',#20734,#5241);
#3366=LINE('',#20735,#5242);
#3367=LINE('',#20738,#5243);
#3368=LINE('',#20739,#5244);
#3369=LINE('',#20741,#5245);
#3370=LINE('',#20745,#5246);
#3371=LINE('',#20747,#5247);
#3372=LINE('',#20749,#5248);
#3373=LINE('',#20750,#5249);
#3374=LINE('',#20752,#5250);
#3375=LINE('',#20753,#5251);
#3376=LINE('',#20755,#5252);
#3377=LINE('',#20756,#5253);
#3378=LINE('',#20759,#5254);
#3379=LINE('',#20761,#5255);
#3380=LINE('',#20762,#5256);
#3381=LINE('',#20765,#5257);
#3382=LINE('',#20766,#5258);
#3383=LINE('',#20769,#5259);
#3384=LINE('',#20770,#5260);
#3385=LINE('',#20772,#5261);
#3386=LINE('',#20776,#5262);
#3387=LINE('',#20778,#5263);
#3388=LINE('',#20780,#5264);
#3389=LINE('',#20781,#5265);
#3390=LINE('',#20784,#5266);
#3391=LINE('',#20786,#5267);
#3392=LINE('',#20787,#5268);
#3393=LINE('',#20790,#5269);
#3394=LINE('',#20792,#5270);
#3395=LINE('',#20793,#5271);
#3396=LINE('',#20795,#5272);
#3397=LINE('',#20796,#5273);
#3398=LINE('',#20800,#5274);
#3399=LINE('',#20802,#5275);
#3400=LINE('',#20804,#5276);
#3401=LINE('',#20805,#5277);
#3402=LINE('',#20808,#5278);
#3403=LINE('',#20810,#5279);
#3404=LINE('',#20811,#5280);
#3405=LINE('',#20814,#5281);
#3406=LINE('',#20816,#5282);
#3407=LINE('',#20817,#5283);
#3408=LINE('',#20819,#5284);
#3409=LINE('',#20820,#5285);
#3410=LINE('',#20824,#5286);
#3411=LINE('',#20826,#5287);
#3412=LINE('',#20828,#5288);
#3413=LINE('',#20829,#5289);
#3414=LINE('',#20831,#5290);
#3415=LINE('',#20832,#5291);
#3416=LINE('',#20834,#5292);
#3417=LINE('',#20835,#5293);
#3418=LINE('',#20839,#5294);
#3419=LINE('',#20841,#5295);
#3420=LINE('',#20843,#5296);
#3421=LINE('',#20844,#5297);
#3422=LINE('',#20847,#5298);
#3423=LINE('',#20849,#5299);
#3424=LINE('',#20850,#5300);
#3425=LINE('',#20853,#5301);
#3426=LINE('',#20855,#5302);
#3427=LINE('',#20856,#5303);
#3428=LINE('',#20858,#5304);
#3429=LINE('',#20859,#5305);
#3430=LINE('',#20862,#5306);
#3431=LINE('',#20864,#5307);
#3432=LINE('',#20865,#5308);
#3433=LINE('',#20868,#5309);
#3434=LINE('',#20870,#5310);
#3435=LINE('',#20871,#5311);
#3436=LINE('',#20873,#5312);
#3437=LINE('',#20874,#5313);
#3438=LINE('',#20878,#5314);
#3439=LINE('',#20880,#5315);
#3440=LINE('',#20882,#5316);
#3441=LINE('',#20883,#5317);
#3442=LINE('',#20886,#5318);
#3443=LINE('',#20888,#5319);
#3444=LINE('',#20889,#5320);
#3445=LINE('',#20892,#5321);
#3446=LINE('',#20894,#5322);
#3447=LINE('',#20895,#5323);
#3448=LINE('',#20897,#5324);
#3449=LINE('',#20898,#5325);
#3450=LINE('',#20901,#5326);
#3451=LINE('',#20903,#5327);
#3452=LINE('',#20904,#5328);
#3453=LINE('',#20907,#5329);
#3454=LINE('',#20909,#5330);
#3455=LINE('',#20910,#5331);
#3456=LINE('',#20912,#5332);
#3457=LINE('',#20913,#5333);
#3458=LINE('',#20916,#5334);
#3459=LINE('',#20918,#5335);
#3460=LINE('',#20919,#5336);
#3461=LINE('',#20922,#5337);
#3462=LINE('',#20923,#5338);
#3463=LINE('',#20926,#5339);
#3464=LINE('',#20927,#5340);
#3465=LINE('',#20929,#5341);
#3466=LINE('',#20932,#5342);
#3467=LINE('',#20934,#5343);
#3468=LINE('',#20935,#5344);
#3469=LINE('',#20938,#5345);
#3470=LINE('',#20939,#5346);
#3471=LINE('',#20942,#5347);
#3472=LINE('',#20943,#5348);
#3473=LINE('',#20945,#5349);
#3474=LINE('',#20949,#5350);
#3475=LINE('',#20951,#5351);
#3476=LINE('',#20953,#5352);
#3477=LINE('',#20954,#5353);
#3478=LINE('',#20957,#5354);
#3479=LINE('',#20959,#5355);
#3480=LINE('',#20960,#5356);
#3481=LINE('',#20963,#5357);
#3482=LINE('',#20965,#5358);
#3483=LINE('',#20966,#5359);
#3484=LINE('',#20968,#5360);
#3485=LINE('',#20969,#5361);
#3486=LINE('',#20972,#5362);
#3487=LINE('',#20974,#5363);
#3488=LINE('',#20975,#5364);
#3489=LINE('',#20978,#5365);
#3490=LINE('',#20979,#5366);
#3491=LINE('',#20982,#5367);
#3492=LINE('',#20983,#5368);
#3493=LINE('',#20985,#5369);
#3494=LINE('',#20988,#5370);
#3495=LINE('',#20990,#5371);
#3496=LINE('',#20991,#5372);
#3497=LINE('',#20994,#5373);
#3498=LINE('',#20996,#5374);
#3499=LINE('',#20997,#5375);
#3500=LINE('',#20999,#5376);
#3501=LINE('',#21000,#5377);
#3502=LINE('',#21004,#5378);
#3503=LINE('',#21006,#5379);
#3504=LINE('',#21008,#5380);
#3505=LINE('',#21009,#5381);
#3506=LINE('',#21012,#5382);
#3507=LINE('',#21014,#5383);
#3508=LINE('',#21015,#5384);
#3509=LINE('',#21018,#5385);
#3510=LINE('',#21020,#5386);
#3511=LINE('',#21021,#5387);
#3512=LINE('',#21023,#5388);
#3513=LINE('',#21024,#5389);
#3514=LINE('',#21028,#5390);
#3515=LINE('',#21030,#5391);
#3516=LINE('',#21032,#5392);
#3517=LINE('',#21033,#5393);
#3518=LINE('',#21036,#5394);
#3519=LINE('',#21038,#5395);
#3520=LINE('',#21039,#5396);
#3521=LINE('',#21042,#5397);
#3522=LINE('',#21044,#5398);
#3523=LINE('',#21045,#5399);
#3524=LINE('',#21047,#5400);
#3525=LINE('',#21048,#5401);
#3526=LINE('',#21052,#5402);
#3527=LINE('',#21054,#5403);
#3528=LINE('',#21056,#5404);
#3529=LINE('',#21057,#5405);
#3530=LINE('',#21060,#5406);
#3531=LINE('',#21062,#5407);
#3532=LINE('',#21063,#5408);
#3533=LINE('',#21066,#5409);
#3534=LINE('',#21068,#5410);
#3535=LINE('',#21069,#5411);
#3536=LINE('',#21071,#5412);
#3537=LINE('',#21072,#5413);
#3538=LINE('',#21076,#5414);
#3539=LINE('',#21078,#5415);
#3540=LINE('',#21080,#5416);
#3541=LINE('',#21081,#5417);
#3542=LINE('',#21084,#5418);
#3543=LINE('',#21086,#5419);
#3544=LINE('',#21087,#5420);
#3545=LINE('',#21090,#5421);
#3546=LINE('',#21092,#5422);
#3547=LINE('',#21093,#5423);
#3548=LINE('',#21095,#5424);
#3549=LINE('',#21096,#5425);
#3550=LINE('',#21100,#5426);
#3551=LINE('',#21102,#5427);
#3552=LINE('',#21104,#5428);
#3553=LINE('',#21105,#5429);
#3554=LINE('',#21108,#5430);
#3555=LINE('',#21110,#5431);
#3556=LINE('',#21111,#5432);
#3557=LINE('',#21114,#5433);
#3558=LINE('',#21116,#5434);
#3559=LINE('',#21117,#5435);
#3560=LINE('',#21119,#5436);
#3561=LINE('',#21120,#5437);
#3562=LINE('',#21124,#5438);
#3563=LINE('',#21126,#5439);
#3564=LINE('',#21128,#5440);
#3565=LINE('',#21129,#5441);
#3566=LINE('',#21131,#5442);
#3567=LINE('',#21132,#5443);
#3568=LINE('',#21134,#5444);
#3569=LINE('',#21135,#5445);
#3570=LINE('',#21138,#5446);
#3571=LINE('',#21140,#5447);
#3572=LINE('',#21141,#5448);
#3573=LINE('',#21144,#5449);
#3574=LINE('',#21145,#5450);
#3575=LINE('',#21148,#5451);
#3576=LINE('',#21149,#5452);
#3577=LINE('',#21151,#5453);
#3578=LINE('',#21155,#5454);
#3579=LINE('',#21157,#5455);
#3580=LINE('',#21159,#5456);
#3581=LINE('',#21160,#5457);
#3582=LINE('',#21163,#5458);
#3583=LINE('',#21165,#5459);
#3584=LINE('',#21166,#5460);
#3585=LINE('',#21169,#5461);
#3586=LINE('',#21171,#5462);
#3587=LINE('',#21172,#5463);
#3588=LINE('',#21174,#5464);
#3589=LINE('',#21175,#5465);
#3590=LINE('',#21179,#5466);
#3591=LINE('',#21181,#5467);
#3592=LINE('',#21183,#5468);
#3593=LINE('',#21184,#5469);
#3594=LINE('',#21186,#5470);
#3595=LINE('',#21187,#5471);
#3596=LINE('',#21189,#5472);
#3597=LINE('',#21190,#5473);
#3598=LINE('',#21194,#5474);
#3599=LINE('',#21196,#5475);
#3600=LINE('',#21198,#5476);
#3601=LINE('',#21199,#5477);
#3602=LINE('',#21202,#5478);
#3603=LINE('',#21204,#5479);
#3604=LINE('',#21205,#5480);
#3605=LINE('',#21208,#5481);
#3606=LINE('',#21210,#5482);
#3607=LINE('',#21211,#5483);
#3608=LINE('',#21213,#5484);
#3609=LINE('',#21214,#5485);
#3610=LINE('',#21217,#5486);
#3611=LINE('',#21219,#5487);
#3612=LINE('',#21220,#5488);
#3613=LINE('',#21223,#5489);
#3614=LINE('',#21224,#5490);
#3615=LINE('',#21227,#5491);
#3616=LINE('',#21228,#5492);
#3617=LINE('',#21230,#5493);
#3618=LINE('',#21234,#5494);
#3619=LINE('',#21236,#5495);
#3620=LINE('',#21238,#5496);
#3621=LINE('',#21239,#5497);
#3622=LINE('',#21242,#5498);
#3623=LINE('',#21244,#5499);
#3624=LINE('',#21245,#5500);
#3625=LINE('',#21248,#5501);
#3626=LINE('',#21250,#5502);
#3627=LINE('',#21251,#5503);
#3628=LINE('',#21253,#5504);
#3629=LINE('',#21254,#5505);
#3630=LINE('',#21258,#5506);
#3631=LINE('',#21260,#5507);
#3632=LINE('',#21262,#5508);
#3633=LINE('',#21263,#5509);
#3634=LINE('',#21265,#5510);
#3635=LINE('',#21266,#5511);
#3636=LINE('',#21268,#5512);
#3637=LINE('',#21269,#5513);
#3638=LINE('',#21272,#5514);
#3639=LINE('',#21274,#5515);
#3640=LINE('',#21275,#5516);
#3641=LINE('',#21278,#5517);
#3642=LINE('',#21279,#5518);
#3643=LINE('',#21282,#5519);
#3644=LINE('',#21283,#5520);
#3645=LINE('',#21285,#5521);
#3646=LINE('',#21289,#5522);
#3647=LINE('',#21291,#5523);
#3648=LINE('',#21293,#5524);
#3649=LINE('',#21294,#5525);
#3650=LINE('',#21297,#5526);
#3651=LINE('',#21299,#5527);
#3652=LINE('',#21300,#5528);
#3653=LINE('',#21303,#5529);
#3654=LINE('',#21305,#5530);
#3655=LINE('',#21306,#5531);
#3656=LINE('',#21308,#5532);
#3657=LINE('',#21309,#5533);
#3658=LINE('',#21313,#5534);
#3659=LINE('',#21315,#5535);
#3660=LINE('',#21317,#5536);
#3661=LINE('',#21318,#5537);
#3662=LINE('',#21321,#5538);
#3663=LINE('',#21323,#5539);
#3664=LINE('',#21324,#5540);
#3665=LINE('',#21327,#5541);
#3666=LINE('',#21329,#5542);
#3667=LINE('',#21330,#5543);
#3668=LINE('',#21332,#5544);
#3669=LINE('',#21333,#5545);
#3670=LINE('',#21337,#5546);
#3671=LINE('',#21339,#5547);
#3672=LINE('',#21341,#5548);
#3673=LINE('',#21342,#5549);
#3674=LINE('',#21345,#5550);
#3675=LINE('',#21347,#5551);
#3676=LINE('',#21348,#5552);
#3677=LINE('',#21351,#5553);
#3678=LINE('',#21353,#5554);
#3679=LINE('',#21354,#5555);
#3680=LINE('',#21356,#5556);
#3681=LINE('',#21357,#5557);
#3682=LINE('',#21361,#5558);
#3683=LINE('',#21363,#5559);
#3684=LINE('',#21365,#5560);
#3685=LINE('',#21366,#5561);
#3686=LINE('',#21368,#5562);
#3687=LINE('',#21369,#5563);
#3688=LINE('',#21371,#5564);
#3689=LINE('',#21372,#5565);
#3690=LINE('',#21376,#5566);
#3691=LINE('',#21378,#5567);
#3692=LINE('',#21380,#5568);
#3693=LINE('',#21381,#5569);
#3694=LINE('',#21383,#5570);
#3695=LINE('',#21384,#5571);
#3696=LINE('',#21386,#5572);
#3697=LINE('',#21387,#5573);
#3698=LINE('',#21390,#5574);
#3699=LINE('',#21392,#5575);
#3700=LINE('',#21393,#5576);
#3701=LINE('',#21396,#5577);
#3702=LINE('',#21397,#5578);
#3703=LINE('',#21400,#5579);
#3704=LINE('',#21401,#5580);
#3705=LINE('',#21403,#5581);
#3706=LINE('',#21406,#5582);
#3707=LINE('',#21408,#5583);
#3708=LINE('',#21409,#5584);
#3709=LINE('',#21412,#5585);
#3710=LINE('',#21414,#5586);
#3711=LINE('',#21415,#5587);
#3712=LINE('',#21417,#5588);
#3713=LINE('',#21418,#5589);
#3714=LINE('',#21422,#5590);
#3715=LINE('',#21424,#5591);
#3716=LINE('',#21426,#5592);
#3717=LINE('',#21427,#5593);
#3718=LINE('',#21430,#5594);
#3719=LINE('',#21432,#5595);
#3720=LINE('',#21433,#5596);
#3721=LINE('',#21436,#5597);
#3722=LINE('',#21438,#5598);
#3723=LINE('',#21439,#5599);
#3724=LINE('',#21441,#5600);
#3725=LINE('',#21442,#5601);
#3726=LINE('',#21445,#5602);
#3727=LINE('',#21447,#5603);
#3728=LINE('',#21448,#5604);
#3729=LINE('',#21451,#5605);
#3730=LINE('',#21452,#5606);
#3731=LINE('',#21455,#5607);
#3732=LINE('',#21456,#5608);
#3733=LINE('',#21458,#5609);
#3734=LINE('',#21462,#5610);
#3735=LINE('',#21464,#5611);
#3736=LINE('',#21466,#5612);
#3737=LINE('',#21467,#5613);
#3738=LINE('',#21470,#5614);
#3739=LINE('',#21472,#5615);
#3740=LINE('',#21473,#5616);
#3741=LINE('',#21476,#5617);
#3742=LINE('',#21478,#5618);
#3743=LINE('',#21479,#5619);
#3744=LINE('',#21481,#5620);
#3745=LINE('',#21482,#5621);
#3746=LINE('',#21485,#5622);
#3747=LINE('',#21487,#5623);
#3748=LINE('',#21488,#5624);
#3749=LINE('',#21491,#5625);
#3750=LINE('',#21493,#5626);
#3751=LINE('',#21494,#5627);
#3752=LINE('',#21496,#5628);
#3753=LINE('',#21497,#5629);
#3754=LINE('',#21501,#5630);
#3755=LINE('',#21503,#5631);
#3756=LINE('',#21505,#5632);
#3757=LINE('',#21506,#5633);
#3758=LINE('',#21509,#5634);
#3759=LINE('',#21511,#5635);
#3760=LINE('',#21512,#5636);
#3761=LINE('',#21515,#5637);
#3762=LINE('',#21517,#5638);
#3763=LINE('',#21518,#5639);
#3764=LINE('',#21520,#5640);
#3765=LINE('',#21521,#5641);
#3766=LINE('',#21524,#5642);
#3767=LINE('',#21526,#5643);
#3768=LINE('',#21527,#5644);
#3769=LINE('',#21530,#5645);
#3770=LINE('',#21531,#5646);
#3771=LINE('',#21534,#5647);
#3772=LINE('',#21535,#5648);
#3773=LINE('',#21537,#5649);
#3774=LINE('',#21540,#5650);
#3775=LINE('',#21542,#5651);
#3776=LINE('',#21543,#5652);
#3777=LINE('',#21546,#5653);
#3778=LINE('',#21547,#5654);
#3779=LINE('',#21550,#5655);
#3780=LINE('',#21551,#5656);
#3781=LINE('',#21553,#5657);
#3782=LINE('',#21557,#5658);
#3783=LINE('',#21559,#5659);
#3784=LINE('',#21561,#5660);
#3785=LINE('',#21562,#5661);
#3786=LINE('',#21566,#5662);
#3787=LINE('',#21568,#5663);
#3788=LINE('',#21570,#5664);
#3789=LINE('',#21571,#5665);
#3790=LINE('',#21575,#5666);
#3791=LINE('',#21577,#5667);
#3792=LINE('',#21579,#5668);
#3793=LINE('',#21580,#5669);
#3794=LINE('',#21584,#5670);
#3795=LINE('',#21586,#5671);
#3796=LINE('',#21588,#5672);
#3797=LINE('',#21589,#5673);
#3798=LINE('',#21593,#5674);
#3799=LINE('',#21595,#5675);
#3800=LINE('',#21597,#5676);
#3801=LINE('',#21598,#5677);
#3802=LINE('',#21602,#5678);
#3803=LINE('',#21604,#5679);
#3804=LINE('',#21606,#5680);
#3805=LINE('',#21607,#5681);
#3806=LINE('',#21611,#5682);
#3807=LINE('',#21613,#5683);
#3808=LINE('',#21615,#5684);
#3809=LINE('',#21616,#5685);
#3810=LINE('',#21620,#5686);
#3811=LINE('',#21622,#5687);
#3812=LINE('',#21624,#5688);
#3813=LINE('',#21625,#5689);
#3814=LINE('',#21629,#5690);
#3815=LINE('',#21631,#5691);
#3816=LINE('',#21633,#5692);
#3817=LINE('',#21634,#5693);
#3818=LINE('',#21638,#5694);
#3819=LINE('',#21640,#5695);
#3820=LINE('',#21642,#5696);
#3821=LINE('',#21643,#5697);
#3822=LINE('',#21647,#5698);
#3823=LINE('',#21649,#5699);
#3824=LINE('',#21651,#5700);
#3825=LINE('',#21652,#5701);
#3826=LINE('',#21656,#5702);
#3827=LINE('',#21658,#5703);
#3828=LINE('',#21660,#5704);
#3829=LINE('',#21661,#5705);
#3830=LINE('',#21665,#5706);
#3831=LINE('',#21667,#5707);
#3832=LINE('',#21669,#5708);
#3833=LINE('',#21670,#5709);
#3834=LINE('',#21674,#5710);
#3835=LINE('',#21676,#5711);
#3836=LINE('',#21678,#5712);
#3837=LINE('',#21679,#5713);
#3838=LINE('',#21683,#5714);
#3839=LINE('',#21685,#5715);
#3840=LINE('',#21687,#5716);
#3841=LINE('',#21688,#5717);
#3842=LINE('',#21692,#5718);
#3843=LINE('',#21694,#5719);
#3844=LINE('',#21696,#5720);
#3845=LINE('',#21697,#5721);
#3846=LINE('',#21701,#5722);
#3847=LINE('',#21703,#5723);
#3848=LINE('',#21705,#5724);
#3849=LINE('',#21706,#5725);
#3850=LINE('',#21710,#5726);
#3851=LINE('',#21712,#5727);
#3852=LINE('',#21714,#5728);
#3853=LINE('',#21715,#5729);
#3854=LINE('',#21719,#5730);
#3855=LINE('',#21721,#5731);
#3856=LINE('',#21723,#5732);
#3857=LINE('',#21724,#5733);
#3858=LINE('',#21728,#5734);
#3859=LINE('',#21730,#5735);
#3860=LINE('',#21732,#5736);
#3861=LINE('',#21733,#5737);
#3862=LINE('',#21737,#5738);
#3863=LINE('',#21739,#5739);
#3864=LINE('',#21741,#5740);
#3865=LINE('',#21742,#5741);
#3866=LINE('',#21746,#5742);
#3867=LINE('',#21748,#5743);
#3868=LINE('',#21750,#5744);
#3869=LINE('',#21751,#5745);
#3870=LINE('',#21755,#5746);
#3871=LINE('',#21757,#5747);
#3872=LINE('',#21759,#5748);
#3873=LINE('',#21760,#5749);
#3874=LINE('',#21764,#5750);
#3875=LINE('',#21766,#5751);
#3876=LINE('',#21768,#5752);
#3877=LINE('',#21769,#5753);
#3878=LINE('',#21773,#5754);
#3879=LINE('',#21775,#5755);
#3880=LINE('',#21777,#5756);
#3881=LINE('',#21778,#5757);
#3882=LINE('',#21782,#5758);
#3883=LINE('',#21784,#5759);
#3884=LINE('',#21786,#5760);
#3885=LINE('',#21787,#5761);
#3886=LINE('',#21791,#5762);
#3887=LINE('',#21793,#5763);
#3888=LINE('',#21795,#5764);
#3889=LINE('',#21796,#5765);
#3890=LINE('',#21800,#5766);
#3891=LINE('',#21802,#5767);
#3892=LINE('',#21804,#5768);
#3893=LINE('',#21805,#5769);
#3894=LINE('',#21809,#5770);
#3895=LINE('',#21811,#5771);
#3896=LINE('',#21813,#5772);
#3897=LINE('',#21814,#5773);
#3898=LINE('',#21818,#5774);
#3899=LINE('',#21820,#5775);
#3900=LINE('',#21822,#5776);
#3901=LINE('',#21823,#5777);
#3902=LINE('',#21827,#5778);
#3903=LINE('',#21829,#5779);
#3904=LINE('',#21831,#5780);
#3905=LINE('',#21832,#5781);
#3906=LINE('',#21836,#5782);
#3907=LINE('',#21838,#5783);
#3908=LINE('',#21840,#5784);
#3909=LINE('',#21841,#5785);
#3910=LINE('',#21845,#5786);
#3911=LINE('',#21847,#5787);
#3912=LINE('',#21849,#5788);
#3913=LINE('',#21850,#5789);
#3914=LINE('',#21854,#5790);
#3915=LINE('',#21856,#5791);
#3916=LINE('',#21858,#5792);
#3917=LINE('',#21859,#5793);
#3918=LINE('',#21863,#5794);
#3919=LINE('',#21865,#5795);
#3920=LINE('',#21867,#5796);
#3921=LINE('',#21868,#5797);
#3922=LINE('',#21872,#5798);
#3923=LINE('',#21874,#5799);
#3924=LINE('',#21876,#5800);
#3925=LINE('',#21877,#5801);
#3926=LINE('',#21881,#5802);
#3927=LINE('',#21883,#5803);
#3928=LINE('',#21885,#5804);
#3929=LINE('',#21886,#5805);
#3930=LINE('',#21890,#5806);
#3931=LINE('',#21892,#5807);
#3932=LINE('',#21894,#5808);
#3933=LINE('',#21895,#5809);
#3934=LINE('',#21899,#5810);
#3935=LINE('',#21901,#5811);
#3936=LINE('',#21903,#5812);
#3937=LINE('',#21904,#5813);
#3938=LINE('',#21908,#5814);
#3939=LINE('',#21910,#5815);
#3940=LINE('',#21912,#5816);
#3941=LINE('',#21913,#5817);
#3942=LINE('',#21917,#5818);
#3943=LINE('',#21919,#5819);
#3944=LINE('',#21921,#5820);
#3945=LINE('',#21922,#5821);
#3946=LINE('',#21926,#5822);
#3947=LINE('',#21928,#5823);
#3948=LINE('',#21930,#5824);
#3949=LINE('',#21931,#5825);
#3950=LINE('',#21935,#5826);
#3951=LINE('',#21937,#5827);
#3952=LINE('',#21939,#5828);
#3953=LINE('',#21940,#5829);
#3954=LINE('',#21944,#5830);
#3955=LINE('',#21946,#5831);
#3956=LINE('',#21948,#5832);
#3957=LINE('',#21949,#5833);
#3958=LINE('',#21953,#5834);
#3959=LINE('',#21955,#5835);
#3960=LINE('',#21957,#5836);
#3961=LINE('',#21958,#5837);
#3962=LINE('',#21962,#5838);
#3963=LINE('',#21964,#5839);
#3964=LINE('',#21966,#5840);
#3965=LINE('',#21967,#5841);
#3966=LINE('',#21971,#5842);
#3967=LINE('',#21973,#5843);
#3968=LINE('',#21975,#5844);
#3969=LINE('',#21976,#5845);
#3970=LINE('',#21979,#5846);
#3971=LINE('',#21981,#5847);
#3972=LINE('',#21982,#5848);
#3973=LINE('',#21985,#5849);
#3974=LINE('',#21986,#5850);
#3975=LINE('',#21989,#5851);
#3976=LINE('',#21990,#5852);
#3977=LINE('',#21992,#5853);
#3978=LINE('',#21995,#5854);
#3979=LINE('',#21996,#5855);
#3980=LINE('',#21998,#5856);
#3981=LINE('',#22001,#5857);
#3982=LINE('',#22002,#5858);
#3983=LINE('',#22004,#5859);
#3984=LINE('',#22007,#5860);
#3985=LINE('',#22008,#5861);
#3986=LINE('',#22010,#5862);
#3987=LINE('',#22013,#5863);
#3988=LINE('',#22014,#5864);
#3989=LINE('',#22016,#5865);
#3990=LINE('',#22019,#5866);
#3991=LINE('',#22020,#5867);
#3992=LINE('',#22022,#5868);
#3993=LINE('',#22025,#5869);
#3994=LINE('',#22026,#5870);
#3995=LINE('',#22028,#5871);
#3996=LINE('',#22031,#5872);
#3997=LINE('',#22032,#5873);
#3998=LINE('',#22034,#5874);
#3999=LINE('',#22037,#5875);
#4000=LINE('',#22038,#5876);
#4001=LINE('',#22040,#5877);
#4002=LINE('',#22043,#5878);
#4003=LINE('',#22045,#5879);
#4004=LINE('',#22046,#5880);
#4005=LINE('',#22049,#5881);
#4006=LINE('',#22050,#5882);
#4007=LINE('',#22053,#5883);
#4008=LINE('',#22054,#5884);
#4009=LINE('',#22056,#5885);
#4010=LINE('',#22059,#5886);
#4011=LINE('',#22060,#5887);
#4012=LINE('',#22062,#5888);
#4013=LINE('',#22065,#5889);
#4014=LINE('',#22066,#5890);
#4015=LINE('',#22068,#5891);
#4016=LINE('',#22071,#5892);
#4017=LINE('',#22073,#5893);
#4018=LINE('',#22074,#5894);
#4019=LINE('',#22077,#5895);
#4020=LINE('',#22078,#5896);
#4021=LINE('',#22081,#5897);
#4022=LINE('',#22082,#5898);
#4023=LINE('',#22084,#5899);
#4024=LINE('',#22087,#5900);
#4025=LINE('',#22089,#5901);
#4026=LINE('',#22090,#5902);
#4027=LINE('',#22093,#5903);
#4028=LINE('',#22094,#5904);
#4029=LINE('',#22097,#5905);
#4030=LINE('',#22098,#5906);
#4031=LINE('',#22100,#5907);
#4032=LINE('',#22103,#5908);
#4033=LINE('',#22105,#5909);
#4034=LINE('',#22106,#5910);
#4035=LINE('',#22109,#5911);
#4036=LINE('',#22110,#5912);
#4037=LINE('',#22113,#5913);
#4038=LINE('',#22114,#5914);
#4039=LINE('',#22116,#5915);
#4040=LINE('',#22119,#5916);
#4041=LINE('',#22121,#5917);
#4042=LINE('',#22122,#5918);
#4043=LINE('',#22125,#5919);
#4044=LINE('',#22126,#5920);
#4045=LINE('',#22129,#5921);
#4046=LINE('',#22130,#5922);
#4047=LINE('',#22132,#5923);
#4048=LINE('',#22135,#5924);
#4049=LINE('',#22137,#5925);
#4050=LINE('',#22138,#5926);
#4051=LINE('',#22141,#5927);
#4052=LINE('',#22142,#5928);
#4053=LINE('',#22145,#5929);
#4054=LINE('',#22146,#5930);
#4055=LINE('',#22148,#5931);
#4056=LINE('',#22151,#5932);
#4057=LINE('',#22153,#5933);
#4058=LINE('',#22154,#5934);
#4059=LINE('',#22157,#5935);
#4060=LINE('',#22158,#5936);
#4061=LINE('',#22161,#5937);
#4062=LINE('',#22162,#5938);
#4063=LINE('',#22164,#5939);
#4064=LINE('',#22167,#5940);
#4065=LINE('',#22169,#5941);
#4066=LINE('',#22170,#5942);
#4067=LINE('',#22173,#5943);
#4068=LINE('',#22174,#5944);
#4069=LINE('',#22177,#5945);
#4070=LINE('',#22178,#5946);
#4071=LINE('',#22180,#5947);
#4072=LINE('',#22183,#5948);
#4073=LINE('',#22185,#5949);
#4074=LINE('',#22186,#5950);
#4075=LINE('',#22189,#5951);
#4076=LINE('',#22190,#5952);
#4077=LINE('',#22193,#5953);
#4078=LINE('',#22194,#5954);
#4079=LINE('',#22196,#5955);
#4080=LINE('',#22199,#5956);
#4081=LINE('',#22201,#5957);
#4082=LINE('',#22202,#5958);
#4083=LINE('',#22205,#5959);
#4084=LINE('',#22206,#5960);
#4085=LINE('',#22209,#5961);
#4086=LINE('',#22210,#5962);
#4087=LINE('',#22212,#5963);
#4088=LINE('',#22215,#5964);
#4089=LINE('',#22217,#5965);
#4090=LINE('',#22218,#5966);
#4091=LINE('',#22221,#5967);
#4092=LINE('',#22222,#5968);
#4093=LINE('',#22225,#5969);
#4094=LINE('',#22226,#5970);
#4095=LINE('',#22228,#5971);
#4096=LINE('',#22231,#5972);
#4097=LINE('',#22233,#5973);
#4098=LINE('',#22234,#5974);
#4099=LINE('',#22237,#5975);
#4100=LINE('',#22238,#5976);
#4101=LINE('',#22241,#5977);
#4102=LINE('',#22242,#5978);
#4103=LINE('',#22244,#5979);
#4104=LINE('',#22247,#5980);
#4105=LINE('',#22249,#5981);
#4106=LINE('',#22250,#5982);
#4107=LINE('',#22253,#5983);
#4108=LINE('',#22254,#5984);
#4109=LINE('',#22257,#5985);
#4110=LINE('',#22258,#5986);
#4111=LINE('',#22260,#5987);
#4112=LINE('',#22263,#5988);
#4113=LINE('',#22265,#5989);
#4114=LINE('',#22266,#5990);
#4115=LINE('',#22269,#5991);
#4116=LINE('',#22270,#5992);
#4117=LINE('',#22273,#5993);
#4118=LINE('',#22274,#5994);
#4119=LINE('',#22276,#5995);
#4120=LINE('',#22279,#5996);
#4121=LINE('',#22281,#5997);
#4122=LINE('',#22282,#5998);
#4123=LINE('',#22285,#5999);
#4124=LINE('',#22286,#6000);
#4125=LINE('',#22289,#6001);
#4126=LINE('',#22290,#6002);
#4127=LINE('',#22292,#6003);
#4128=LINE('',#22295,#6004);
#4129=LINE('',#22297,#6005);
#4130=LINE('',#22298,#6006);
#4131=LINE('',#22301,#6007);
#4132=LINE('',#22302,#6008);
#4133=LINE('',#22305,#6009);
#4134=LINE('',#22306,#6010);
#4135=LINE('',#22308,#6011);
#4136=LINE('',#22311,#6012);
#4137=LINE('',#22313,#6013);
#4138=LINE('',#22314,#6014);
#4139=LINE('',#22317,#6015);
#4140=LINE('',#22318,#6016);
#4141=LINE('',#22321,#6017);
#4142=LINE('',#22322,#6018);
#4143=LINE('',#22324,#6019);
#4144=LINE('',#22327,#6020);
#4145=LINE('',#22329,#6021);
#4146=LINE('',#22330,#6022);
#4147=LINE('',#22333,#6023);
#4148=LINE('',#22334,#6024);
#4149=LINE('',#22337,#6025);
#4150=LINE('',#22338,#6026);
#4151=LINE('',#22340,#6027);
#4152=LINE('',#22343,#6028);
#4153=LINE('',#22345,#6029);
#4154=LINE('',#22346,#6030);
#4155=LINE('',#22349,#6031);
#4156=LINE('',#22350,#6032);
#4157=LINE('',#22353,#6033);
#4158=LINE('',#22354,#6034);
#4159=LINE('',#22356,#6035);
#4160=LINE('',#22359,#6036);
#4161=LINE('',#22361,#6037);
#4162=LINE('',#22362,#6038);
#4163=LINE('',#22365,#6039);
#4164=LINE('',#22366,#6040);
#4165=LINE('',#22369,#6041);
#4166=LINE('',#22370,#6042);
#4167=LINE('',#22372,#6043);
#4168=LINE('',#22375,#6044);
#4169=LINE('',#22377,#6045);
#4170=LINE('',#22378,#6046);
#4171=LINE('',#22381,#6047);
#4172=LINE('',#22382,#6048);
#4173=LINE('',#22385,#6049);
#4174=LINE('',#22386,#6050);
#4175=LINE('',#22388,#6051);
#4176=LINE('',#22391,#6052);
#4177=LINE('',#22393,#6053);
#4178=LINE('',#22394,#6054);
#4179=LINE('',#22397,#6055);
#4180=LINE('',#22398,#6056);
#4181=LINE('',#22401,#6057);
#4182=LINE('',#22402,#6058);
#4183=LINE('',#22404,#6059);
#4184=LINE('',#22407,#6060);
#4185=LINE('',#22409,#6061);
#4186=LINE('',#22410,#6062);
#4187=LINE('',#22413,#6063);
#4188=LINE('',#22414,#6064);
#4189=LINE('',#22417,#6065);
#4190=LINE('',#22418,#6066);
#4191=LINE('',#22420,#6067);
#4192=LINE('',#22423,#6068);
#4193=LINE('',#22425,#6069);
#4194=LINE('',#22426,#6070);
#4195=LINE('',#22429,#6071);
#4196=LINE('',#22430,#6072);
#4197=LINE('',#22433,#6073);
#4198=LINE('',#22434,#6074);
#4199=LINE('',#22436,#6075);
#4200=LINE('',#22439,#6076);
#4201=LINE('',#22441,#6077);
#4202=LINE('',#22442,#6078);
#4203=LINE('',#22445,#6079);
#4204=LINE('',#22446,#6080);
#4205=LINE('',#22449,#6081);
#4206=LINE('',#22450,#6082);
#4207=LINE('',#22452,#6083);
#4208=LINE('',#22455,#6084);
#4209=LINE('',#22457,#6085);
#4210=LINE('',#22458,#6086);
#4211=LINE('',#22461,#6087);
#4212=LINE('',#22462,#6088);
#4213=LINE('',#22465,#6089);
#4214=LINE('',#22466,#6090);
#4215=LINE('',#22468,#6091);
#4216=LINE('',#22471,#6092);
#4217=LINE('',#22473,#6093);
#4218=LINE('',#22474,#6094);
#4219=LINE('',#22477,#6095);
#4220=LINE('',#22478,#6096);
#4221=LINE('',#22481,#6097);
#4222=LINE('',#22482,#6098);
#4223=LINE('',#22484,#6099);
#4224=LINE('',#22487,#6100);
#4225=LINE('',#22489,#6101);
#4226=LINE('',#22490,#6102);
#4227=LINE('',#22493,#6103);
#4228=LINE('',#22494,#6104);
#4229=LINE('',#22497,#6105);
#4230=LINE('',#22498,#6106);
#4231=LINE('',#22500,#6107);
#4232=LINE('',#22503,#6108);
#4233=LINE('',#22505,#6109);
#4234=LINE('',#22506,#6110);
#4235=LINE('',#22509,#6111);
#4236=LINE('',#22510,#6112);
#4237=LINE('',#22513,#6113);
#4238=LINE('',#22514,#6114);
#4239=LINE('',#22516,#6115);
#4240=LINE('',#22519,#6116);
#4241=LINE('',#22521,#6117);
#4242=LINE('',#22522,#6118);
#4243=LINE('',#22525,#6119);
#4244=LINE('',#22526,#6120);
#4245=LINE('',#22529,#6121);
#4246=LINE('',#22530,#6122);
#4247=LINE('',#22532,#6123);
#4248=LINE('',#22535,#6124);
#4249=LINE('',#22537,#6125);
#4250=LINE('',#22538,#6126);
#4251=LINE('',#22541,#6127);
#4252=LINE('',#22542,#6128);
#4253=LINE('',#22545,#6129);
#4254=LINE('',#22546,#6130);
#4255=LINE('',#22548,#6131);
#4256=LINE('',#22551,#6132);
#4257=LINE('',#22553,#6133);
#4258=LINE('',#22554,#6134);
#4259=LINE('',#22557,#6135);
#4260=LINE('',#22558,#6136);
#4261=LINE('',#22561,#6137);
#4262=LINE('',#22562,#6138);
#4263=LINE('',#22564,#6139);
#4264=LINE('',#22567,#6140);
#4265=LINE('',#22569,#6141);
#4266=LINE('',#22570,#6142);
#4267=LINE('',#22573,#6143);
#4268=LINE('',#22574,#6144);
#4269=LINE('',#22577,#6145);
#4270=LINE('',#22578,#6146);
#4271=LINE('',#22580,#6147);
#4272=LINE('',#22583,#6148);
#4273=LINE('',#22585,#6149);
#4274=LINE('',#22586,#6150);
#4275=LINE('',#22589,#6151);
#4276=LINE('',#22590,#6152);
#4277=LINE('',#22593,#6153);
#4278=LINE('',#22594,#6154);
#4279=LINE('',#22596,#6155);
#4280=LINE('',#22599,#6156);
#4281=LINE('',#22601,#6157);
#4282=LINE('',#22602,#6158);
#4283=LINE('',#22605,#6159);
#4284=LINE('',#22606,#6160);
#4285=LINE('',#22609,#6161);
#4286=LINE('',#22610,#6162);
#4287=LINE('',#22612,#6163);
#4288=LINE('',#22615,#6164);
#4289=LINE('',#22617,#6165);
#4290=LINE('',#22618,#6166);
#4291=LINE('',#22621,#6167);
#4292=LINE('',#22622,#6168);
#4293=LINE('',#22625,#6169);
#4294=LINE('',#22626,#6170);
#4295=LINE('',#22628,#6171);
#4296=LINE('',#22631,#6172);
#4297=LINE('',#22633,#6173);
#4298=LINE('',#22634,#6174);
#4299=LINE('',#22637,#6175);
#4300=LINE('',#22638,#6176);
#4301=LINE('',#22641,#6177);
#4302=LINE('',#22642,#6178);
#4303=LINE('',#22644,#6179);
#4304=LINE('',#22647,#6180);
#4305=LINE('',#22649,#6181);
#4306=LINE('',#22650,#6182);
#4307=LINE('',#22653,#6183);
#4308=LINE('',#22654,#6184);
#4309=LINE('',#22657,#6185);
#4310=LINE('',#22658,#6186);
#4311=LINE('',#22660,#6187);
#4312=LINE('',#22663,#6188);
#4313=LINE('',#22665,#6189);
#4314=LINE('',#22666,#6190);
#4315=LINE('',#22669,#6191);
#4316=LINE('',#22670,#6192);
#4317=LINE('',#22673,#6193);
#4318=LINE('',#22674,#6194);
#4319=LINE('',#22676,#6195);
#4320=LINE('',#22679,#6196);
#4321=LINE('',#22681,#6197);
#4322=LINE('',#22682,#6198);
#4323=LINE('',#22685,#6199);
#4324=LINE('',#22686,#6200);
#4325=LINE('',#22689,#6201);
#4326=LINE('',#22690,#6202);
#4327=LINE('',#22692,#6203);
#4328=LINE('',#22695,#6204);
#4329=LINE('',#22697,#6205);
#4330=LINE('',#22698,#6206);
#4331=LINE('',#22701,#6207);
#4332=LINE('',#22702,#6208);
#4333=LINE('',#22705,#6209);
#4334=LINE('',#22706,#6210);
#4335=LINE('',#22708,#6211);
#4336=LINE('',#22711,#6212);
#4337=LINE('',#22713,#6213);
#4338=LINE('',#22714,#6214);
#4339=LINE('',#22717,#6215);
#4340=LINE('',#22718,#6216);
#4341=LINE('',#22721,#6217);
#4342=LINE('',#22722,#6218);
#4343=LINE('',#22724,#6219);
#4344=LINE('',#22727,#6220);
#4345=LINE('',#22729,#6221);
#4346=LINE('',#22730,#6222);
#4347=LINE('',#22733,#6223);
#4348=LINE('',#22734,#6224);
#4349=LINE('',#22737,#6225);
#4350=LINE('',#22738,#6226);
#4351=LINE('',#22740,#6227);
#4352=LINE('',#22743,#6228);
#4353=LINE('',#22745,#6229);
#4354=LINE('',#22746,#6230);
#4355=LINE('',#22749,#6231);
#4356=LINE('',#22750,#6232);
#4357=LINE('',#22753,#6233);
#4358=LINE('',#22754,#6234);
#4359=LINE('',#22756,#6235);
#4360=LINE('',#22759,#6236);
#4361=LINE('',#22761,#6237);
#4362=LINE('',#22762,#6238);
#4363=LINE('',#22765,#6239);
#4364=LINE('',#22766,#6240);
#4365=LINE('',#22769,#6241);
#4366=LINE('',#22770,#6242);
#4367=LINE('',#22772,#6243);
#4368=LINE('',#22775,#6244);
#4369=LINE('',#22777,#6245);
#4370=LINE('',#22778,#6246);
#4371=LINE('',#22781,#6247);
#4372=LINE('',#22782,#6248);
#4373=LINE('',#22785,#6249);
#4374=LINE('',#22786,#6250);
#4375=LINE('',#22788,#6251);
#4376=LINE('',#22791,#6252);
#4377=LINE('',#22793,#6253);
#4378=LINE('',#22794,#6254);
#4379=LINE('',#22797,#6255);
#4380=LINE('',#22798,#6256);
#4381=LINE('',#22801,#6257);
#4382=LINE('',#22802,#6258);
#4383=LINE('',#22804,#6259);
#4384=LINE('',#22807,#6260);
#4385=LINE('',#22809,#6261);
#4386=LINE('',#22810,#6262);
#4387=LINE('',#22813,#6263);
#4388=LINE('',#22814,#6264);
#4389=LINE('',#22817,#6265);
#4390=LINE('',#22818,#6266);
#4391=LINE('',#22820,#6267);
#4392=LINE('',#22823,#6268);
#4393=LINE('',#22825,#6269);
#4394=LINE('',#22826,#6270);
#4395=LINE('',#22829,#6271);
#4396=LINE('',#22830,#6272);
#4397=LINE('',#22833,#6273);
#4398=LINE('',#22834,#6274);
#4399=LINE('',#22836,#6275);
#4400=LINE('',#22839,#6276);
#4401=LINE('',#22841,#6277);
#4402=LINE('',#22842,#6278);
#4403=LINE('',#22845,#6279);
#4404=LINE('',#22846,#6280);
#4405=LINE('',#22849,#6281);
#4406=LINE('',#22850,#6282);
#4407=LINE('',#22852,#6283);
#4408=LINE('',#22855,#6284);
#4409=LINE('',#22857,#6285);
#4410=LINE('',#22858,#6286);
#4411=LINE('',#22861,#6287);
#4412=LINE('',#22862,#6288);
#4413=LINE('',#22865,#6289);
#4414=LINE('',#22866,#6290);
#4415=LINE('',#22868,#6291);
#4416=LINE('',#22871,#6292);
#4417=LINE('',#22873,#6293);
#4418=LINE('',#22874,#6294);
#4419=LINE('',#22877,#6295);
#4420=LINE('',#22878,#6296);
#4421=LINE('',#22881,#6297);
#4422=LINE('',#22882,#6298);
#4423=LINE('',#22884,#6299);
#4424=LINE('',#22887,#6300);
#4425=LINE('',#22889,#6301);
#4426=LINE('',#22890,#6302);
#4427=LINE('',#22893,#6303);
#4428=LINE('',#22894,#6304);
#4429=LINE('',#22897,#6305);
#4430=LINE('',#22898,#6306);
#4431=LINE('',#22900,#6307);
#4432=LINE('',#22903,#6308);
#4433=LINE('',#22905,#6309);
#4434=LINE('',#22906,#6310);
#4435=LINE('',#22909,#6311);
#4436=LINE('',#22910,#6312);
#4437=LINE('',#22913,#6313);
#4438=LINE('',#22914,#6314);
#4439=LINE('',#22916,#6315);
#4440=LINE('',#22919,#6316);
#4441=LINE('',#22921,#6317);
#4442=LINE('',#22922,#6318);
#4443=LINE('',#22925,#6319);
#4444=LINE('',#22926,#6320);
#4445=LINE('',#22929,#6321);
#4446=LINE('',#22930,#6322);
#4447=LINE('',#22932,#6323);
#4448=LINE('',#22935,#6324);
#4449=LINE('',#22937,#6325);
#4450=LINE('',#22938,#6326);
#4451=LINE('',#22941,#6327);
#4452=LINE('',#22942,#6328);
#4453=LINE('',#22945,#6329);
#4454=LINE('',#22946,#6330);
#4455=LINE('',#22948,#6331);
#4456=LINE('',#22951,#6332);
#4457=LINE('',#22953,#6333);
#4458=LINE('',#22954,#6334);
#4459=LINE('',#22957,#6335);
#4460=LINE('',#22958,#6336);
#4461=LINE('',#22961,#6337);
#4462=LINE('',#22962,#6338);
#4463=LINE('',#22964,#6339);
#4464=LINE('',#22967,#6340);
#4465=LINE('',#22969,#6341);
#4466=LINE('',#22970,#6342);
#4467=LINE('',#22973,#6343);
#4468=LINE('',#22974,#6344);
#4469=LINE('',#22977,#6345);
#4470=LINE('',#22978,#6346);
#4471=LINE('',#22980,#6347);
#4472=LINE('',#22983,#6348);
#4473=LINE('',#22985,#6349);
#4474=LINE('',#22986,#6350);
#4475=LINE('',#22989,#6351);
#4476=LINE('',#22990,#6352);
#4477=LINE('',#22993,#6353);
#4478=LINE('',#22994,#6354);
#4479=LINE('',#22996,#6355);
#4480=LINE('',#22999,#6356);
#4481=LINE('',#23001,#6357);
#4482=LINE('',#23002,#6358);
#4483=LINE('',#23005,#6359);
#4484=LINE('',#23006,#6360);
#4485=LINE('',#23009,#6361);
#4486=LINE('',#23010,#6362);
#4487=LINE('',#23012,#6363);
#4488=LINE('',#23015,#6364);
#4489=LINE('',#23017,#6365);
#4490=LINE('',#23018,#6366);
#4491=LINE('',#23021,#6367);
#4492=LINE('',#23022,#6368);
#4493=LINE('',#23025,#6369);
#4494=LINE('',#23026,#6370);
#4495=LINE('',#23028,#6371);
#4496=VECTOR('',#15446,2.00000000000001);
#4497=VECTOR('',#15457,1.99999999999999);
#4498=VECTOR('',#15460,10.);
#4499=VECTOR('',#15463,10.);
#4500=VECTOR('',#15466,10.);
#4501=VECTOR('',#15469,10.);
#4502=VECTOR('',#15474,10.);
#4503=VECTOR('',#15475,10.);
#4504=VECTOR('',#15482,1.99999999999999);
#4505=VECTOR('',#15485,10.);
#4506=VECTOR('',#15488,10.);
#4507=VECTOR('',#15491,10.);
#4508=VECTOR('',#15494,10.);
#4509=VECTOR('',#15499,10.);
#4510=VECTOR('',#15500,10.);
#4511=VECTOR('',#15505,10.);
#4512=VECTOR('',#15508,10.);
#4513=VECTOR('',#15517,1.99999999999999);
#4514=VECTOR('',#15520,10.);
#4515=VECTOR('',#15521,10.);
#4516=VECTOR('',#15524,10.);
#4517=VECTOR('',#15525,10.);
#4518=VECTOR('',#15530,10.);
#4519=VECTOR('',#15533,10.);
#4520=VECTOR('',#15542,1.99999999999999);
#4521=VECTOR('',#15545,10.);
#4522=VECTOR('',#15546,10.);
#4523=VECTOR('',#15549,10.);
#4524=VECTOR('',#15550,10.);
#4525=VECTOR('',#15555,10.);
#4526=VECTOR('',#15558,10.);
#4527=VECTOR('',#15567,1.99999999999999);
#4528=VECTOR('',#15570,10.);
#4529=VECTOR('',#15571,10.);
#4530=VECTOR('',#15574,10.);
#4531=VECTOR('',#15575,10.);
#4532=VECTOR('',#15580,10.);
#4533=VECTOR('',#15583,10.);
#4534=VECTOR('',#15592,2.00000000000001);
#4535=VECTOR('',#15595,10.);
#4536=VECTOR('',#15596,10.);
#4537=VECTOR('',#15599,10.);
#4538=VECTOR('',#15600,10.);
#4539=VECTOR('',#15605,10.);
#4540=VECTOR('',#15608,10.);
#4541=VECTOR('',#15617,1.99999999999999);
#4542=VECTOR('',#15620,10.);
#4543=VECTOR('',#15621,10.);
#4544=VECTOR('',#15624,10.);
#4545=VECTOR('',#15625,10.);
#4546=VECTOR('',#15632,1.99999999999999);
#4547=VECTOR('',#15643,1.99999999999999);
#4548=VECTOR('',#15654,2.);
#4549=VECTOR('',#15665,2.00000000000003);
#4550=VECTOR('',#15676,2.);
#4551=VECTOR('',#15687,1.99999999999999);
#4552=VECTOR('',#15696,10.);
#4553=VECTOR('',#15699,10.);
#4554=VECTOR('',#15708,2.);
#4555=VECTOR('',#15711,10.);
#4556=VECTOR('',#15712,10.);
#4557=VECTOR('',#15715,10.);
#4558=VECTOR('',#15716,10.);
#4559=VECTOR('',#15721,10.);
#4560=VECTOR('',#15724,10.);
#4561=VECTOR('',#15733,1.99999999999999);
#4562=VECTOR('',#15736,10.);
#4563=VECTOR('',#15737,10.);
#4564=VECTOR('',#15740,10.);
#4565=VECTOR('',#15741,10.);
#4566=VECTOR('',#15746,10.);
#4567=VECTOR('',#15749,10.);
#4568=VECTOR('',#15758,2.);
#4569=VECTOR('',#15761,10.);
#4570=VECTOR('',#15762,10.);
#4571=VECTOR('',#15765,10.);
#4572=VECTOR('',#15766,10.);
#4573=VECTOR('',#15771,10.);
#4574=VECTOR('',#15774,10.);
#4575=VECTOR('',#15783,1.99999999999999);
#4576=VECTOR('',#15786,10.);
#4577=VECTOR('',#15787,10.);
#4578=VECTOR('',#15790,10.);
#4579=VECTOR('',#15791,10.);
#4580=VECTOR('',#15798,2.);
#4581=VECTOR('',#15801,10.);
#4582=VECTOR('',#15804,10.);
#4583=VECTOR('',#15807,10.);
#4584=VECTOR('',#15810,10.);
#4585=VECTOR('',#15815,10.);
#4586=VECTOR('',#15816,10.);
#4587=VECTOR('',#15823,1.99999999999999);
#4588=VECTOR('',#15832,10.);
#4589=VECTOR('',#15833,10.);
#4590=VECTOR('',#15834,10.);
#4591=VECTOR('',#15835,10.);
#4592=VECTOR('',#15836,10.);
#4593=VECTOR('',#15837,10.);
#4594=VECTOR('',#15838,10.);
#4595=VECTOR('',#15839,10.);
#4596=VECTOR('',#15840,10.);
#4597=VECTOR('',#15843,10.);
#4598=VECTOR('',#15844,10.);
#4599=VECTOR('',#15845,10.);
#4600=VECTOR('',#15846,10.);
#4601=VECTOR('',#15847,10.);
#4602=VECTOR('',#15850,10.);
#4603=VECTOR('',#15851,10.);
#4604=VECTOR('',#15852,10.);
#4605=VECTOR('',#15853,10.);
#4606=VECTOR('',#15854,10.);
#4607=VECTOR('',#15855,10.);
#4608=VECTOR('',#15856,10.);
#4609=VECTOR('',#15857,10.);
#4610=VECTOR('',#15858,10.);
#4611=VECTOR('',#15861,10.);
#4612=VECTOR('',#15862,10.);
#4613=VECTOR('',#15863,10.);
#4614=VECTOR('',#15864,10.);
#4615=VECTOR('',#15865,10.);
#4616=VECTOR('',#15868,10.);
#4617=VECTOR('',#15869,10.);
#4618=VECTOR('',#15870,10.);
#4619=VECTOR('',#15871,10.);
#4620=VECTOR('',#15872,10.);
#4621=VECTOR('',#15875,10.);
#4622=VECTOR('',#15876,10.);
#4623=VECTOR('',#15877,10.);
#4624=VECTOR('',#15878,10.);
#4625=VECTOR('',#15879,10.);
#4626=VECTOR('',#15880,10.);
#4627=VECTOR('',#15881,10.);
#4628=VECTOR('',#15882,10.);
#4629=VECTOR('',#15883,10.);
#4630=VECTOR('',#15886,10.);
#4631=VECTOR('',#15887,10.);
#4632=VECTOR('',#15888,10.);
#4633=VECTOR('',#15889,10.);
#4634=VECTOR('',#15890,10.);
#4635=VECTOR('',#15893,10.);
#4636=VECTOR('',#15894,10.);
#4637=VECTOR('',#15895,10.);
#4638=VECTOR('',#15896,10.);
#4639=VECTOR('',#15897,10.);
#4640=VECTOR('',#15898,10.);
#4641=VECTOR('',#15899,10.);
#4642=VECTOR('',#15900,10.);
#4643=VECTOR('',#15901,10.);
#4644=VECTOR('',#15904,10.);
#4645=VECTOR('',#15905,10.);
#4646=VECTOR('',#15906,10.);
#4647=VECTOR('',#15907,10.);
#4648=VECTOR('',#15908,10.);
#4649=VECTOR('',#15911,10.);
#4650=VECTOR('',#15912,10.);
#4651=VECTOR('',#15913,10.);
#4652=VECTOR('',#15914,10.);
#4653=VECTOR('',#15915,10.);
#4654=VECTOR('',#15916,10.);
#4655=VECTOR('',#15917,10.);
#4656=VECTOR('',#15918,10.);
#4657=VECTOR('',#15919,10.);
#4658=VECTOR('',#15922,10.);
#4659=VECTOR('',#15923,10.);
#4660=VECTOR('',#15924,10.);
#4661=VECTOR('',#15925,10.);
#4662=VECTOR('',#15926,10.);
#4663=VECTOR('',#15929,10.);
#4664=VECTOR('',#15930,10.);
#4665=VECTOR('',#15931,10.);
#4666=VECTOR('',#15932,10.);
#4667=VECTOR('',#15933,10.);
#4668=VECTOR('',#15934,10.);
#4669=VECTOR('',#15935,10.);
#4670=VECTOR('',#15936,10.);
#4671=VECTOR('',#15937,10.);
#4672=VECTOR('',#15940,10.);
#4673=VECTOR('',#15941,10.);
#4674=VECTOR('',#15942,10.);
#4675=VECTOR('',#15943,10.);
#4676=VECTOR('',#15944,10.);
#4677=VECTOR('',#15947,10.);
#4678=VECTOR('',#15948,10.);
#4679=VECTOR('',#15949,10.);
#4680=VECTOR('',#15950,10.);
#4681=VECTOR('',#15951,10.);
#4682=VECTOR('',#15952,10.);
#4683=VECTOR('',#15953,10.);
#4684=VECTOR('',#15954,10.);
#4685=VECTOR('',#15955,10.);
#4686=VECTOR('',#15958,10.);
#4687=VECTOR('',#15959,10.);
#4688=VECTOR('',#15960,10.);
#4689=VECTOR('',#15961,10.);
#4690=VECTOR('',#15962,10.);
#4691=VECTOR('',#15965,10.);
#4692=VECTOR('',#15966,10.);
#4693=VECTOR('',#15967,10.);
#4694=VECTOR('',#15968,10.);
#4695=VECTOR('',#15969,10.);
#4696=VECTOR('',#15970,10.);
#4697=VECTOR('',#15971,10.);
#4698=VECTOR('',#15972,10.);
#4699=VECTOR('',#15973,10.);
#4700=VECTOR('',#15976,10.);
#4701=VECTOR('',#15977,10.);
#4702=VECTOR('',#15978,10.);
#4703=VECTOR('',#15979,10.);
#4704=VECTOR('',#15980,10.);
#4705=VECTOR('',#15983,10.);
#4706=VECTOR('',#15984,10.);
#4707=VECTOR('',#15985,10.);
#4708=VECTOR('',#15986,10.);
#4709=VECTOR('',#15987,10.);
#4710=VECTOR('',#15988,10.);
#4711=VECTOR('',#15989,10.);
#4712=VECTOR('',#15990,10.);
#4713=VECTOR('',#15991,10.);
#4714=VECTOR('',#15994,10.);
#4715=VECTOR('',#15995,10.);
#4716=VECTOR('',#15996,10.);
#4717=VECTOR('',#15997,10.);
#4718=VECTOR('',#15998,10.);
#4719=VECTOR('',#16001,10.);
#4720=VECTOR('',#16002,10.);
#4721=VECTOR('',#16003,10.);
#4722=VECTOR('',#16004,10.);
#4723=VECTOR('',#16005,10.);
#4724=VECTOR('',#16006,10.);
#4725=VECTOR('',#16007,10.);
#4726=VECTOR('',#16008,10.);
#4727=VECTOR('',#16009,10.);
#4728=VECTOR('',#16012,10.);
#4729=VECTOR('',#16013,10.);
#4730=VECTOR('',#16014,10.);
#4731=VECTOR('',#16015,10.);
#4732=VECTOR('',#16016,10.);
#4733=VECTOR('',#16019,10.);
#4734=VECTOR('',#16020,10.);
#4735=VECTOR('',#16021,10.);
#4736=VECTOR('',#16022,10.);
#4737=VECTOR('',#16023,10.);
#4738=VECTOR('',#16024,10.);
#4739=VECTOR('',#16025,10.);
#4740=VECTOR('',#16026,10.);
#4741=VECTOR('',#16027,10.);
#4742=VECTOR('',#16030,10.);
#4743=VECTOR('',#16031,10.);
#4744=VECTOR('',#16032,10.);
#4745=VECTOR('',#16033,10.);
#4746=VECTOR('',#16034,10.);
#4747=VECTOR('',#16035,10.);
#4748=VECTOR('',#16036,10.);
#4749=VECTOR('',#16037,10.);
#4750=VECTOR('',#16038,10.);
#4751=VECTOR('',#16041,10.);
#4752=VECTOR('',#16042,10.);
#4753=VECTOR('',#16043,10.);
#4754=VECTOR('',#16044,10.);
#4755=VECTOR('',#16045,10.);
#4756=VECTOR('',#16048,1.20000000000001);
#4757=VECTOR('',#16053,1.20000000000001);
#4758=VECTOR('',#16058,1.19999999999999);
#4759=VECTOR('',#16063,1.20000000000001);
#4760=VECTOR('',#16068,1.20000000000001);
#4761=VECTOR('',#16073,1.2);
#4762=VECTOR('',#16078,1.20000000000001);
#4763=VECTOR('',#16083,1.20000000000001);
#4764=VECTOR('',#16088,1.2);
#4765=VECTOR('',#16093,1.20000000000001);
#4766=VECTOR('',#16098,1.19999999999999);
#4767=VECTOR('',#16103,1.20000000000001);
#4768=VECTOR('',#16108,1.2);
#4769=VECTOR('',#16113,1.20000000000001);
#4770=VECTOR('',#16118,1.20000000000001);
#4771=VECTOR('',#16123,1.19999999999999);
#4772=VECTOR('',#16128,1.2);
#4773=VECTOR('',#16133,1.20000000000001);
#4774=VECTOR('',#16138,1.2);
#4775=VECTOR('',#16143,1.20000000000001);
#4776=VECTOR('',#16148,10.);
#4777=VECTOR('',#16149,10.);
#4778=VECTOR('',#16150,10.);
#4779=VECTOR('',#16151,10.);
#4780=VECTOR('',#16154,10.);
#4781=VECTOR('',#16155,10.);
#4782=VECTOR('',#16156,10.);
#4783=VECTOR('',#16159,10.);
#4784=VECTOR('',#16160,10.);
#4785=VECTOR('',#16161,10.);
#4786=VECTOR('',#16164,10.);
#4787=VECTOR('',#16165,10.);
#4788=VECTOR('',#16168,10.);
#4789=VECTOR('',#16169,10.);
#4790=VECTOR('',#16170,10.);
#4791=VECTOR('',#16171,10.);
#4792=VECTOR('',#16174,10.);
#4793=VECTOR('',#16175,10.);
#4794=VECTOR('',#16176,10.);
#4795=VECTOR('',#16177,10.);
#4796=VECTOR('',#16180,10.);
#4797=VECTOR('',#16181,10.);
#4798=VECTOR('',#16182,10.);
#4799=VECTOR('',#16185,10.);
#4800=VECTOR('',#16186,10.);
#4801=VECTOR('',#16187,10.);
#4802=VECTOR('',#16188,10.);
#4803=VECTOR('',#16189,10.);
#4804=VECTOR('',#16192,10.);
#4805=VECTOR('',#16193,10.);
#4806=VECTOR('',#16194,10.);
#4807=VECTOR('',#16195,10.);
#4808=VECTOR('',#16198,10.);
#4809=VECTOR('',#16199,10.);
#4810=VECTOR('',#16200,10.);
#4811=VECTOR('',#16201,10.);
#4812=VECTOR('',#16204,10.);
#4813=VECTOR('',#16205,10.);
#4814=VECTOR('',#16206,10.);
#4815=VECTOR('',#16207,10.);
#4816=VECTOR('',#16208,10.);
#4817=VECTOR('',#16209,10.);
#4818=VECTOR('',#16212,10.);
#4819=VECTOR('',#16213,10.);
#4820=VECTOR('',#16214,10.);
#4821=VECTOR('',#16215,10.);
#4822=VECTOR('',#16216,10.);
#4823=VECTOR('',#16219,10.);
#4824=VECTOR('',#16220,10.);
#4825=VECTOR('',#16221,10.);
#4826=VECTOR('',#16224,10.);
#4827=VECTOR('',#16225,10.);
#4828=VECTOR('',#16228,10.);
#4829=VECTOR('',#16229,10.);
#4830=VECTOR('',#16230,10.);
#4831=VECTOR('',#16231,10.);
#4832=VECTOR('',#16234,10.);
#4833=VECTOR('',#16235,10.);
#4834=VECTOR('',#16236,10.);
#4835=VECTOR('',#16237,10.);
#4836=VECTOR('',#16238,10.);
#4837=VECTOR('',#16239,10.);
#4838=VECTOR('',#16242,10.);
#4839=VECTOR('',#16243,10.);
#4840=VECTOR('',#16244,10.);
#4841=VECTOR('',#16245,10.);
#4842=VECTOR('',#16246,10.);
#4843=VECTOR('',#16249,10.);
#4844=VECTOR('',#16250,10.);
#4845=VECTOR('',#16251,10.);
#4846=VECTOR('',#16254,10.);
#4847=VECTOR('',#16255,10.);
#4848=VECTOR('',#16258,10.);
#4849=VECTOR('',#16259,10.);
#4850=VECTOR('',#16260,10.);
#4851=VECTOR('',#16261,10.);
#4852=VECTOR('',#16264,10.);
#4853=VECTOR('',#16265,10.);
#4854=VECTOR('',#16266,10.);
#4855=VECTOR('',#16267,10.);
#4856=VECTOR('',#16268,10.);
#4857=VECTOR('',#16269,10.);
#4858=VECTOR('',#16272,10.);
#4859=VECTOR('',#16273,10.);
#4860=VECTOR('',#16274,10.);
#4861=VECTOR('',#16275,10.);
#4862=VECTOR('',#16276,10.);
#4863=VECTOR('',#16279,10.);
#4864=VECTOR('',#16280,10.);
#4865=VECTOR('',#16281,10.);
#4866=VECTOR('',#16284,10.);
#4867=VECTOR('',#16285,10.);
#4868=VECTOR('',#16288,10.);
#4869=VECTOR('',#16289,10.);
#4870=VECTOR('',#16290,10.);
#4871=VECTOR('',#16291,10.);
#4872=VECTOR('',#16294,10.);
#4873=VECTOR('',#16295,10.);
#4874=VECTOR('',#16296,10.);
#4875=VECTOR('',#16297,10.);
#4876=VECTOR('',#16300,10.);
#4877=VECTOR('',#16301,10.);
#4878=VECTOR('',#16302,10.);
#4879=VECTOR('',#16305,10.);
#4880=VECTOR('',#16306,10.);
#4881=VECTOR('',#16307,10.);
#4882=VECTOR('',#16310,10.);
#4883=VECTOR('',#16311,10.);
#4884=VECTOR('',#16314,10.);
#4885=VECTOR('',#16315,10.);
#4886=VECTOR('',#16316,10.);
#4887=VECTOR('',#16317,10.);
#4888=VECTOR('',#16320,10.);
#4889=VECTOR('',#16321,10.);
#4890=VECTOR('',#16322,10.);
#4891=VECTOR('',#16323,10.);
#4892=VECTOR('',#16324,10.);
#4893=VECTOR('',#16325,10.);
#4894=VECTOR('',#16328,10.);
#4895=VECTOR('',#16329,10.);
#4896=VECTOR('',#16330,10.);
#4897=VECTOR('',#16331,10.);
#4898=VECTOR('',#16332,10.);
#4899=VECTOR('',#16335,10.);
#4900=VECTOR('',#16336,10.);
#4901=VECTOR('',#16337,10.);
#4902=VECTOR('',#16340,10.);
#4903=VECTOR('',#16341,10.);
#4904=VECTOR('',#16344,10.);
#4905=VECTOR('',#16345,10.);
#4906=VECTOR('',#16346,10.);
#4907=VECTOR('',#16347,10.);
#4908=VECTOR('',#16350,10.);
#4909=VECTOR('',#16351,10.);
#4910=VECTOR('',#16352,10.);
#4911=VECTOR('',#16353,10.);
#4912=VECTOR('',#16356,10.);
#4913=VECTOR('',#16357,10.);
#4914=VECTOR('',#16358,10.);
#4915=VECTOR('',#16361,10.);
#4916=VECTOR('',#16362,10.);
#4917=VECTOR('',#16363,10.);
#4918=VECTOR('',#16364,10.);
#4919=VECTOR('',#16365,10.);
#4920=VECTOR('',#16368,10.);
#4921=VECTOR('',#16369,10.);
#4922=VECTOR('',#16370,10.);
#4923=VECTOR('',#16371,10.);
#4924=VECTOR('',#16374,10.);
#4925=VECTOR('',#16375,10.);
#4926=VECTOR('',#16376,10.);
#4927=VECTOR('',#16377,10.);
#4928=VECTOR('',#16380,10.);
#4929=VECTOR('',#16381,10.);
#4930=VECTOR('',#16382,10.);
#4931=VECTOR('',#16383,10.);
#4932=VECTOR('',#16386,10.);
#4933=VECTOR('',#16387,10.);
#4934=VECTOR('',#16388,10.);
#4935=VECTOR('',#16391,10.);
#4936=VECTOR('',#16392,10.);
#4937=VECTOR('',#16393,10.);
#4938=VECTOR('',#16394,10.);
#4939=VECTOR('',#16395,10.);
#4940=VECTOR('',#16398,10.);
#4941=VECTOR('',#16399,10.);
#4942=VECTOR('',#16400,10.);
#4943=VECTOR('',#16401,10.);
#4944=VECTOR('',#16404,10.);
#4945=VECTOR('',#16405,10.);
#4946=VECTOR('',#16406,10.);
#4947=VECTOR('',#16407,10.);
#4948=VECTOR('',#16410,10.);
#4949=VECTOR('',#16411,10.);
#4950=VECTOR('',#16412,10.);
#4951=VECTOR('',#16413,10.);
#4952=VECTOR('',#16416,10.);
#4953=VECTOR('',#16417,10.);
#4954=VECTOR('',#16418,10.);
#4955=VECTOR('',#16421,10.);
#4956=VECTOR('',#16422,10.);
#4957=VECTOR('',#16423,10.);
#4958=VECTOR('',#16424,10.);
#4959=VECTOR('',#16425,10.);
#4960=VECTOR('',#16428,10.);
#4961=VECTOR('',#16429,10.);
#4962=VECTOR('',#16430,10.);
#4963=VECTOR('',#16431,10.);
#4964=VECTOR('',#16434,10.);
#4965=VECTOR('',#16435,10.);
#4966=VECTOR('',#16436,10.);
#4967=VECTOR('',#16437,10.);
#4968=VECTOR('',#16440,10.);
#4969=VECTOR('',#16441,10.);
#4970=VECTOR('',#16442,10.);
#4971=VECTOR('',#16445,10.);
#4972=VECTOR('',#16446,10.);
#4973=VECTOR('',#16449,10.);
#4974=VECTOR('',#16450,10.);
#4975=VECTOR('',#16451,10.);
#4976=VECTOR('',#16454,10.);
#4977=VECTOR('',#16455,10.);
#4978=VECTOR('',#16458,10.);
#4979=VECTOR('',#16459,10.);
#4980=VECTOR('',#16460,10.);
#4981=VECTOR('',#16463,10.);
#4982=VECTOR('',#16464,10.);
#4983=VECTOR('',#16467,10.);
#4984=VECTOR('',#16468,10.);
#4985=VECTOR('',#16469,10.);
#4986=VECTOR('',#16472,10.);
#4987=VECTOR('',#16473,10.);
#4988=VECTOR('',#16474,10.);
#4989=VECTOR('',#16477,10.);
#4990=VECTOR('',#16478,10.);
#4991=VECTOR('',#16481,10.);
#4992=VECTOR('',#16482,10.);
#4993=VECTOR('',#16483,10.);
#4994=VECTOR('',#16486,10.);
#4995=VECTOR('',#16487,10.);
#4996=VECTOR('',#16488,10.);
#4997=VECTOR('',#16491,10.);
#4998=VECTOR('',#16492,10.);
#4999=VECTOR('',#16495,10.);
#5000=VECTOR('',#16496,10.);
#5001=VECTOR('',#16497,10.);
#5002=VECTOR('',#16500,10.);
#5003=VECTOR('',#16501,10.);
#5004=VECTOR('',#16502,10.);
#5005=VECTOR('',#16505,10.);
#5006=VECTOR('',#16506,10.);
#5007=VECTOR('',#16509,10.);
#5008=VECTOR('',#16510,10.);
#5009=VECTOR('',#16511,10.);
#5010=VECTOR('',#16514,10.);
#5011=VECTOR('',#16515,10.);
#5012=VECTOR('',#16518,10.);
#5013=VECTOR('',#16519,10.);
#5014=VECTOR('',#16520,10.);
#5015=VECTOR('',#16523,10.);
#5016=VECTOR('',#16524,10.);
#5017=VECTOR('',#16525,10.);
#5018=VECTOR('',#16528,10.);
#5019=VECTOR('',#16529,10.);
#5020=VECTOR('',#16532,10.);
#5021=VECTOR('',#16533,10.);
#5022=VECTOR('',#16534,10.);
#5023=VECTOR('',#16535,10.);
#5024=VECTOR('',#16536,10.);
#5025=VECTOR('',#16537,10.);
#5026=VECTOR('',#16538,10.);
#5027=VECTOR('',#16541,10.);
#5028=VECTOR('',#16542,10.);
#5029=VECTOR('',#16543,10.);
#5030=VECTOR('',#16546,10.);
#5031=VECTOR('',#16547,10.);
#5032=VECTOR('',#16550,10.);
#5033=VECTOR('',#16551,10.);
#5034=VECTOR('',#16552,10.);
#5035=VECTOR('',#16553,10.);
#5036=VECTOR('',#16554,10.);
#5037=VECTOR('',#16555,10.);
#5038=VECTOR('',#16556,10.);
#5039=VECTOR('',#16559,10.);
#5040=VECTOR('',#16560,10.);
#5041=VECTOR('',#16561,10.);
#5042=VECTOR('',#16564,10.);
#5043=VECTOR('',#16565,10.);
#5044=VECTOR('',#16568,10.);
#5045=VECTOR('',#16569,10.);
#5046=VECTOR('',#16570,10.);
#5047=VECTOR('',#16571,10.);
#5048=VECTOR('',#16572,10.);
#5049=VECTOR('',#16573,10.);
#5050=VECTOR('',#16574,10.);
#5051=VECTOR('',#16577,10.);
#5052=VECTOR('',#16578,10.);
#5053=VECTOR('',#16579,10.);
#5054=VECTOR('',#16580,10.);
#5055=VECTOR('',#16583,10.);
#5056=VECTOR('',#16584,10.);
#5057=VECTOR('',#16585,10.);
#5058=VECTOR('',#16588,10.);
#5059=VECTOR('',#16589,10.);
#5060=VECTOR('',#16590,10.);
#5061=VECTOR('',#16593,10.);
#5062=VECTOR('',#16594,10.);
#5063=VECTOR('',#16597,10.);
#5064=VECTOR('',#16598,10.);
#5065=VECTOR('',#16601,10.);
#5066=VECTOR('',#16604,10.);
#5067=VECTOR('',#16607,10.);
#5068=VECTOR('',#16610,10.);
#5069=VECTOR('',#16611,10.);
#5070=VECTOR('',#16614,10.);
#5071=VECTOR('',#16617,10.);
#5072=VECTOR('',#16618,10.);
#5073=VECTOR('',#16621,10.);
#5074=VECTOR('',#16622,10.);
#5075=VECTOR('',#16623,10.);
#5076=VECTOR('',#16626,10.);
#5077=VECTOR('',#16627,10.);
#5078=VECTOR('',#16630,10.);
#5079=VECTOR('',#16633,10.);
#5080=VECTOR('',#16634,10.);
#5081=VECTOR('',#16637,10.);
#5082=VECTOR('',#16640,10.);
#5083=VECTOR('',#16641,10.);
#5084=VECTOR('',#16642,10.);
#5085=VECTOR('',#16643,10.);
#5086=VECTOR('',#16646,10.);
#5087=VECTOR('',#16647,10.);
#5088=VECTOR('',#16648,10.);
#5089=VECTOR('',#16651,10.);
#5090=VECTOR('',#16652,10.);
#5091=VECTOR('',#16653,10.);
#5092=VECTOR('',#16656,10.);
#5093=VECTOR('',#16657,10.);
#5094=VECTOR('',#16660,10.);
#5095=VECTOR('',#16661,10.);
#5096=VECTOR('',#16662,10.);
#5097=VECTOR('',#16663,10.);
#5098=VECTOR('',#16666,10.);
#5099=VECTOR('',#16667,10.);
#5100=VECTOR('',#16668,10.);
#5101=VECTOR('',#16671,10.);
#5102=VECTOR('',#16672,10.);
#5103=VECTOR('',#16673,10.);
#5104=VECTOR('',#16676,10.);
#5105=VECTOR('',#16677,10.);
#5106=VECTOR('',#16680,10.);
#5107=VECTOR('',#16681,10.);
#5108=VECTOR('',#16682,10.);
#5109=VECTOR('',#16683,10.);
#5110=VECTOR('',#16686,10.);
#5111=VECTOR('',#16687,10.);
#5112=VECTOR('',#16688,10.);
#5113=VECTOR('',#16691,10.);
#5114=VECTOR('',#16692,10.);
#5115=VECTOR('',#16693,10.);
#5116=VECTOR('',#16696,10.);
#5117=VECTOR('',#16697,10.);
#5118=VECTOR('',#16700,10.);
#5119=VECTOR('',#16701,10.);
#5120=VECTOR('',#16702,10.);
#5121=VECTOR('',#16703,10.);
#5122=VECTOR('',#16706,10.);
#5123=VECTOR('',#16707,10.);
#5124=VECTOR('',#16708,10.);
#5125=VECTOR('',#16711,10.);
#5126=VECTOR('',#16712,10.);
#5127=VECTOR('',#16713,10.);
#5128=VECTOR('',#16716,10.);
#5129=VECTOR('',#16717,10.);
#5130=VECTOR('',#16720,10.);
#5131=VECTOR('',#16721,10.);
#5132=VECTOR('',#16722,10.);
#5133=VECTOR('',#16723,10.);
#5134=VECTOR('',#16726,10.);
#5135=VECTOR('',#16727,10.);
#5136=VECTOR('',#16728,10.);
#5137=VECTOR('',#16731,10.);
#5138=VECTOR('',#16732,10.);
#5139=VECTOR('',#16733,10.);
#5140=VECTOR('',#16736,10.);
#5141=VECTOR('',#16737,10.);
#5142=VECTOR('',#16740,10.);
#5143=VECTOR('',#16741,10.);
#5144=VECTOR('',#16742,10.);
#5145=VECTOR('',#16743,10.);
#5146=VECTOR('',#16746,10.);
#5147=VECTOR('',#16747,10.);
#5148=VECTOR('',#16748,10.);
#5149=VECTOR('',#16751,10.);
#5150=VECTOR('',#16752,10.);
#5151=VECTOR('',#16753,10.);
#5152=VECTOR('',#16756,10.);
#5153=VECTOR('',#16757,10.);
#5154=VECTOR('',#16760,10.);
#5155=VECTOR('',#16761,10.);
#5156=VECTOR('',#16762,10.);
#5157=VECTOR('',#16763,10.);
#5158=VECTOR('',#16766,10.);
#5159=VECTOR('',#16767,10.);
#5160=VECTOR('',#16768,10.);
#5161=VECTOR('',#16771,10.);
#5162=VECTOR('',#16772,10.);
#5163=VECTOR('',#16773,10.);
#5164=VECTOR('',#16776,10.);
#5165=VECTOR('',#16777,10.);
#5166=VECTOR('',#16780,10.);
#5167=VECTOR('',#16781,10.);
#5168=VECTOR('',#16782,10.);
#5169=VECTOR('',#16783,10.);
#5170=VECTOR('',#16786,10.);
#5171=VECTOR('',#16787,10.);
#5172=VECTOR('',#16788,10.);
#5173=VECTOR('',#16791,10.);
#5174=VECTOR('',#16792,10.);
#5175=VECTOR('',#16793,10.);
#5176=VECTOR('',#16796,10.);
#5177=VECTOR('',#16797,10.);
#5178=VECTOR('',#16800,10.);
#5179=VECTOR('',#16801,10.);
#5180=VECTOR('',#16802,10.);
#5181=VECTOR('',#16803,10.);
#5182=VECTOR('',#16806,10.);
#5183=VECTOR('',#16807,10.);
#5184=VECTOR('',#16808,10.);
#5185=VECTOR('',#16811,10.);
#5186=VECTOR('',#16812,10.);
#5187=VECTOR('',#16813,10.);
#5188=VECTOR('',#16816,10.);
#5189=VECTOR('',#16817,10.);
#5190=VECTOR('',#16820,10.);
#5191=VECTOR('',#16821,10.);
#5192=VECTOR('',#16822,10.);
#5193=VECTOR('',#16823,10.);
#5194=VECTOR('',#16826,10.);
#5195=VECTOR('',#16827,10.);
#5196=VECTOR('',#16828,10.);
#5197=VECTOR('',#16831,10.);
#5198=VECTOR('',#16832,10.);
#5199=VECTOR('',#16833,10.);
#5200=VECTOR('',#16836,10.);
#5201=VECTOR('',#16837,10.);
#5202=VECTOR('',#16840,10.);
#5203=VECTOR('',#16841,10.);
#5204=VECTOR('',#16842,10.);
#5205=VECTOR('',#16843,10.);
#5206=VECTOR('',#16846,10.);
#5207=VECTOR('',#16847,10.);
#5208=VECTOR('',#16848,10.);
#5209=VECTOR('',#16851,10.);
#5210=VECTOR('',#16852,10.);
#5211=VECTOR('',#16853,10.);
#5212=VECTOR('',#16856,10.);
#5213=VECTOR('',#16857,10.);
#5214=VECTOR('',#16860,10.);
#5215=VECTOR('',#16861,10.);
#5216=VECTOR('',#16862,10.);
#5217=VECTOR('',#16863,10.);
#5218=VECTOR('',#16866,10.);
#5219=VECTOR('',#16867,10.);
#5220=VECTOR('',#16868,10.);
#5221=VECTOR('',#16871,10.);
#5222=VECTOR('',#16872,10.);
#5223=VECTOR('',#16873,10.);
#5224=VECTOR('',#16876,10.);
#5225=VECTOR('',#16877,10.);
#5226=VECTOR('',#16880,10.);
#5227=VECTOR('',#16881,10.);
#5228=VECTOR('',#16882,10.);
#5229=VECTOR('',#16883,10.);
#5230=VECTOR('',#16886,10.);
#5231=VECTOR('',#16887,10.);
#5232=VECTOR('',#16888,10.);
#5233=VECTOR('',#16891,10.);
#5234=VECTOR('',#16892,10.);
#5235=VECTOR('',#16893,10.);
#5236=VECTOR('',#16896,10.);
#5237=VECTOR('',#16897,10.);
#5238=VECTOR('',#16900,10.);
#5239=VECTOR('',#16901,10.);
#5240=VECTOR('',#16902,10.);
#5241=VECTOR('',#16905,10.);
#5242=VECTOR('',#16906,10.);
#5243=VECTOR('',#16909,10.);
#5244=VECTOR('',#16910,10.);
#5245=VECTOR('',#16913,10.);
#5246=VECTOR('',#16916,10.);
#5247=VECTOR('',#16917,10.);
#5248=VECTOR('',#16918,10.);
#5249=VECTOR('',#16919,10.);
#5250=VECTOR('',#16922,10.);
#5251=VECTOR('',#16923,10.);
#5252=VECTOR('',#16926,10.);
#5253=VECTOR('',#16927,10.);
#5254=VECTOR('',#16930,10.);
#5255=VECTOR('',#16931,10.);
#5256=VECTOR('',#16932,10.);
#5257=VECTOR('',#16935,10.);
#5258=VECTOR('',#16936,10.);
#5259=VECTOR('',#16939,10.);
#5260=VECTOR('',#16940,10.);
#5261=VECTOR('',#16943,10.);
#5262=VECTOR('',#16946,10.);
#5263=VECTOR('',#16947,10.);
#5264=VECTOR('',#16948,10.);
#5265=VECTOR('',#16949,10.);
#5266=VECTOR('',#16952,10.);
#5267=VECTOR('',#16953,10.);
#5268=VECTOR('',#16954,10.);
#5269=VECTOR('',#16957,10.);
#5270=VECTOR('',#16958,10.);
#5271=VECTOR('',#16959,10.);
#5272=VECTOR('',#16962,10.);
#5273=VECTOR('',#16963,10.);
#5274=VECTOR('',#16966,10.);
#5275=VECTOR('',#16967,10.);
#5276=VECTOR('',#16968,10.);
#5277=VECTOR('',#16969,10.);
#5278=VECTOR('',#16972,10.);
#5279=VECTOR('',#16973,10.);
#5280=VECTOR('',#16974,10.);
#5281=VECTOR('',#16977,10.);
#5282=VECTOR('',#16978,10.);
#5283=VECTOR('',#16979,10.);
#5284=VECTOR('',#16982,10.);
#5285=VECTOR('',#16983,10.);
#5286=VECTOR('',#16986,10.);
#5287=VECTOR('',#16987,10.);
#5288=VECTOR('',#16988,10.);
#5289=VECTOR('',#16989,10.);
#5290=VECTOR('',#16992,10.);
#5291=VECTOR('',#16993,10.);
#5292=VECTOR('',#16996,10.);
#5293=VECTOR('',#16997,10.);
#5294=VECTOR('',#17000,10.);
#5295=VECTOR('',#17001,10.);
#5296=VECTOR('',#17002,10.);
#5297=VECTOR('',#17003,10.);
#5298=VECTOR('',#17006,10.);
#5299=VECTOR('',#17007,10.);
#5300=VECTOR('',#17008,10.);
#5301=VECTOR('',#17011,10.);
#5302=VECTOR('',#17012,10.);
#5303=VECTOR('',#17013,10.);
#5304=VECTOR('',#17016,10.);
#5305=VECTOR('',#17017,10.);
#5306=VECTOR('',#17020,10.);
#5307=VECTOR('',#17021,10.);
#5308=VECTOR('',#17022,10.);
#5309=VECTOR('',#17025,10.);
#5310=VECTOR('',#17026,10.);
#5311=VECTOR('',#17027,10.);
#5312=VECTOR('',#17030,10.);
#5313=VECTOR('',#17031,10.);
#5314=VECTOR('',#17034,10.);
#5315=VECTOR('',#17035,10.);
#5316=VECTOR('',#17036,10.);
#5317=VECTOR('',#17037,10.);
#5318=VECTOR('',#17040,10.);
#5319=VECTOR('',#17041,10.);
#5320=VECTOR('',#17042,10.);
#5321=VECTOR('',#17045,10.);
#5322=VECTOR('',#17046,10.);
#5323=VECTOR('',#17047,10.);
#5324=VECTOR('',#17050,10.);
#5325=VECTOR('',#17051,10.);
#5326=VECTOR('',#17054,10.);
#5327=VECTOR('',#17055,10.);
#5328=VECTOR('',#17056,10.);
#5329=VECTOR('',#17059,10.);
#5330=VECTOR('',#17060,10.);
#5331=VECTOR('',#17061,10.);
#5332=VECTOR('',#17064,10.);
#5333=VECTOR('',#17065,10.);
#5334=VECTOR('',#17068,10.);
#5335=VECTOR('',#17069,10.);
#5336=VECTOR('',#17070,10.);
#5337=VECTOR('',#17073,10.);
#5338=VECTOR('',#17074,10.);
#5339=VECTOR('',#17077,10.);
#5340=VECTOR('',#17078,10.);
#5341=VECTOR('',#17081,10.);
#5342=VECTOR('',#17084,10.);
#5343=VECTOR('',#17085,10.);
#5344=VECTOR('',#17086,10.);
#5345=VECTOR('',#17089,10.);
#5346=VECTOR('',#17090,10.);
#5347=VECTOR('',#17093,10.);
#5348=VECTOR('',#17094,10.);
#5349=VECTOR('',#17097,10.);
#5350=VECTOR('',#17100,10.);
#5351=VECTOR('',#17101,10.);
#5352=VECTOR('',#17102,10.);
#5353=VECTOR('',#17103,10.);
#5354=VECTOR('',#17106,10.);
#5355=VECTOR('',#17107,10.);
#5356=VECTOR('',#17108,10.);
#5357=VECTOR('',#17111,10.);
#5358=VECTOR('',#17112,10.);
#5359=VECTOR('',#17113,10.);
#5360=VECTOR('',#17116,10.);
#5361=VECTOR('',#17117,10.);
#5362=VECTOR('',#17120,10.);
#5363=VECTOR('',#17121,10.);
#5364=VECTOR('',#17122,10.);
#5365=VECTOR('',#17125,10.);
#5366=VECTOR('',#17126,10.);
#5367=VECTOR('',#17129,10.);
#5368=VECTOR('',#17130,10.);
#5369=VECTOR('',#17133,10.);
#5370=VECTOR('',#17136,10.);
#5371=VECTOR('',#17137,10.);
#5372=VECTOR('',#17138,10.);
#5373=VECTOR('',#17141,10.);
#5374=VECTOR('',#17142,10.);
#5375=VECTOR('',#17143,10.);
#5376=VECTOR('',#17146,10.);
#5377=VECTOR('',#17147,10.);
#5378=VECTOR('',#17150,10.);
#5379=VECTOR('',#17151,10.);
#5380=VECTOR('',#17152,10.);
#5381=VECTOR('',#17153,10.);
#5382=VECTOR('',#17156,10.);
#5383=VECTOR('',#17157,10.);
#5384=VECTOR('',#17158,10.);
#5385=VECTOR('',#17161,10.);
#5386=VECTOR('',#17162,10.);
#5387=VECTOR('',#17163,10.);
#5388=VECTOR('',#17166,10.);
#5389=VECTOR('',#17167,10.);
#5390=VECTOR('',#17170,10.);
#5391=VECTOR('',#17171,10.);
#5392=VECTOR('',#17172,10.);
#5393=VECTOR('',#17173,10.);
#5394=VECTOR('',#17176,10.);
#5395=VECTOR('',#17177,10.);
#5396=VECTOR('',#17178,10.);
#5397=VECTOR('',#17181,10.);
#5398=VECTOR('',#17182,10.);
#5399=VECTOR('',#17183,10.);
#5400=VECTOR('',#17186,10.);
#5401=VECTOR('',#17187,10.);
#5402=VECTOR('',#17190,10.);
#5403=VECTOR('',#17191,10.);
#5404=VECTOR('',#17192,10.);
#5405=VECTOR('',#17193,10.);
#5406=VECTOR('',#17196,10.);
#5407=VECTOR('',#17197,10.);
#5408=VECTOR('',#17198,10.);
#5409=VECTOR('',#17201,10.);
#5410=VECTOR('',#17202,10.);
#5411=VECTOR('',#17203,10.);
#5412=VECTOR('',#17206,10.);
#5413=VECTOR('',#17207,10.);
#5414=VECTOR('',#17210,10.);
#5415=VECTOR('',#17211,10.);
#5416=VECTOR('',#17212,10.);
#5417=VECTOR('',#17213,10.);
#5418=VECTOR('',#17216,10.);
#5419=VECTOR('',#17217,10.);
#5420=VECTOR('',#17218,10.);
#5421=VECTOR('',#17221,10.);
#5422=VECTOR('',#17222,10.);
#5423=VECTOR('',#17223,10.);
#5424=VECTOR('',#17226,10.);
#5425=VECTOR('',#17227,10.);
#5426=VECTOR('',#17230,10.);
#5427=VECTOR('',#17231,10.);
#5428=VECTOR('',#17232,10.);
#5429=VECTOR('',#17233,10.);
#5430=VECTOR('',#17236,10.);
#5431=VECTOR('',#17237,10.);
#5432=VECTOR('',#17238,10.);
#5433=VECTOR('',#17241,10.);
#5434=VECTOR('',#17242,10.);
#5435=VECTOR('',#17243,10.);
#5436=VECTOR('',#17246,10.);
#5437=VECTOR('',#17247,10.);
#5438=VECTOR('',#17250,10.);
#5439=VECTOR('',#17251,10.);
#5440=VECTOR('',#17252,10.);
#5441=VECTOR('',#17253,10.);
#5442=VECTOR('',#17256,10.);
#5443=VECTOR('',#17257,10.);
#5444=VECTOR('',#17260,10.);
#5445=VECTOR('',#17261,10.);
#5446=VECTOR('',#17264,10.);
#5447=VECTOR('',#17265,10.);
#5448=VECTOR('',#17266,10.);
#5449=VECTOR('',#17269,10.);
#5450=VECTOR('',#17270,10.);
#5451=VECTOR('',#17273,10.);
#5452=VECTOR('',#17274,10.);
#5453=VECTOR('',#17277,10.);
#5454=VECTOR('',#17280,10.);
#5455=VECTOR('',#17281,10.);
#5456=VECTOR('',#17282,10.);
#5457=VECTOR('',#17283,10.);
#5458=VECTOR('',#17286,10.);
#5459=VECTOR('',#17287,10.);
#5460=VECTOR('',#17288,10.);
#5461=VECTOR('',#17291,10.);
#5462=VECTOR('',#17292,10.);
#5463=VECTOR('',#17293,10.);
#5464=VECTOR('',#17296,10.);
#5465=VECTOR('',#17297,10.);
#5466=VECTOR('',#17300,10.);
#5467=VECTOR('',#17301,10.);
#5468=VECTOR('',#17302,10.);
#5469=VECTOR('',#17303,10.);
#5470=VECTOR('',#17306,10.);
#5471=VECTOR('',#17307,10.);
#5472=VECTOR('',#17310,10.);
#5473=VECTOR('',#17311,10.);
#5474=VECTOR('',#17314,10.);
#5475=VECTOR('',#17315,10.);
#5476=VECTOR('',#17316,10.);
#5477=VECTOR('',#17317,10.);
#5478=VECTOR('',#17320,10.);
#5479=VECTOR('',#17321,10.);
#5480=VECTOR('',#17322,10.);
#5481=VECTOR('',#17325,10.);
#5482=VECTOR('',#17326,10.);
#5483=VECTOR('',#17327,10.);
#5484=VECTOR('',#17330,10.);
#5485=VECTOR('',#17331,10.);
#5486=VECTOR('',#17334,10.);
#5487=VECTOR('',#17335,10.);
#5488=VECTOR('',#17336,10.);
#5489=VECTOR('',#17339,10.);
#5490=VECTOR('',#17340,10.);
#5491=VECTOR('',#17343,10.);
#5492=VECTOR('',#17344,10.);
#5493=VECTOR('',#17347,10.);
#5494=VECTOR('',#17350,10.);
#5495=VECTOR('',#17351,10.);
#5496=VECTOR('',#17352,10.);
#5497=VECTOR('',#17353,10.);
#5498=VECTOR('',#17356,10.);
#5499=VECTOR('',#17357,10.);
#5500=VECTOR('',#17358,10.);
#5501=VECTOR('',#17361,10.);
#5502=VECTOR('',#17362,10.);
#5503=VECTOR('',#17363,10.);
#5504=VECTOR('',#17366,10.);
#5505=VECTOR('',#17367,10.);
#5506=VECTOR('',#17370,10.);
#5507=VECTOR('',#17371,10.);
#5508=VECTOR('',#17372,10.);
#5509=VECTOR('',#17373,10.);
#5510=VECTOR('',#17376,10.);
#5511=VECTOR('',#17377,10.);
#5512=VECTOR('',#17380,10.);
#5513=VECTOR('',#17381,10.);
#5514=VECTOR('',#17384,10.);
#5515=VECTOR('',#17385,10.);
#5516=VECTOR('',#17386,10.);
#5517=VECTOR('',#17389,10.);
#5518=VECTOR('',#17390,10.);
#5519=VECTOR('',#17393,10.);
#5520=VECTOR('',#17394,10.);
#5521=VECTOR('',#17397,10.);
#5522=VECTOR('',#17400,10.);
#5523=VECTOR('',#17401,10.);
#5524=VECTOR('',#17402,10.);
#5525=VECTOR('',#17403,10.);
#5526=VECTOR('',#17406,10.);
#5527=VECTOR('',#17407,10.);
#5528=VECTOR('',#17408,10.);
#5529=VECTOR('',#17411,10.);
#5530=VECTOR('',#17412,10.);
#5531=VECTOR('',#17413,10.);
#5532=VECTOR('',#17416,10.);
#5533=VECTOR('',#17417,10.);
#5534=VECTOR('',#17420,10.);
#5535=VECTOR('',#17421,10.);
#5536=VECTOR('',#17422,10.);
#5537=VECTOR('',#17423,10.);
#5538=VECTOR('',#17426,10.);
#5539=VECTOR('',#17427,10.);
#5540=VECTOR('',#17428,10.);
#5541=VECTOR('',#17431,10.);
#5542=VECTOR('',#17432,10.);
#5543=VECTOR('',#17433,10.);
#5544=VECTOR('',#17436,10.);
#5545=VECTOR('',#17437,10.);
#5546=VECTOR('',#17440,10.);
#5547=VECTOR('',#17441,10.);
#5548=VECTOR('',#17442,10.);
#5549=VECTOR('',#17443,10.);
#5550=VECTOR('',#17446,10.);
#5551=VECTOR('',#17447,10.);
#5552=VECTOR('',#17448,10.);
#5553=VECTOR('',#17451,10.);
#5554=VECTOR('',#17452,10.);
#5555=VECTOR('',#17453,10.);
#5556=VECTOR('',#17456,10.);
#5557=VECTOR('',#17457,10.);
#5558=VECTOR('',#17460,10.);
#5559=VECTOR('',#17461,10.);
#5560=VECTOR('',#17462,10.);
#5561=VECTOR('',#17463,10.);
#5562=VECTOR('',#17466,10.);
#5563=VECTOR('',#17467,10.);
#5564=VECTOR('',#17470,10.);
#5565=VECTOR('',#17471,10.);
#5566=VECTOR('',#17474,10.);
#5567=VECTOR('',#17475,10.);
#5568=VECTOR('',#17476,10.);
#5569=VECTOR('',#17477,10.);
#5570=VECTOR('',#17480,10.);
#5571=VECTOR('',#17481,10.);
#5572=VECTOR('',#17484,10.);
#5573=VECTOR('',#17485,10.);
#5574=VECTOR('',#17488,10.);
#5575=VECTOR('',#17489,10.);
#5576=VECTOR('',#17490,10.);
#5577=VECTOR('',#17493,10.);
#5578=VECTOR('',#17494,10.);
#5579=VECTOR('',#17497,10.);
#5580=VECTOR('',#17498,10.);
#5581=VECTOR('',#17501,10.);
#5582=VECTOR('',#17504,10.);
#5583=VECTOR('',#17505,10.);
#5584=VECTOR('',#17506,10.);
#5585=VECTOR('',#17509,10.);
#5586=VECTOR('',#17510,10.);
#5587=VECTOR('',#17511,10.);
#5588=VECTOR('',#17514,10.);
#5589=VECTOR('',#17515,10.);
#5590=VECTOR('',#17518,10.);
#5591=VECTOR('',#17519,10.);
#5592=VECTOR('',#17520,10.);
#5593=VECTOR('',#17521,10.);
#5594=VECTOR('',#17524,10.);
#5595=VECTOR('',#17525,10.);
#5596=VECTOR('',#17526,10.);
#5597=VECTOR('',#17529,10.);
#5598=VECTOR('',#17530,10.);
#5599=VECTOR('',#17531,10.);
#5600=VECTOR('',#17534,10.);
#5601=VECTOR('',#17535,10.);
#5602=VECTOR('',#17538,10.);
#5603=VECTOR('',#17539,10.);
#5604=VECTOR('',#17540,10.);
#5605=VECTOR('',#17543,10.);
#5606=VECTOR('',#17544,10.);
#5607=VECTOR('',#17547,10.);
#5608=VECTOR('',#17548,10.);
#5609=VECTOR('',#17551,10.);
#5610=VECTOR('',#17554,10.);
#5611=VECTOR('',#17555,10.);
#5612=VECTOR('',#17556,10.);
#5613=VECTOR('',#17557,10.);
#5614=VECTOR('',#17560,10.);
#5615=VECTOR('',#17561,10.);
#5616=VECTOR('',#17562,10.);
#5617=VECTOR('',#17565,10.);
#5618=VECTOR('',#17566,10.);
#5619=VECTOR('',#17567,10.);
#5620=VECTOR('',#17570,10.);
#5621=VECTOR('',#17571,10.);
#5622=VECTOR('',#17574,10.);
#5623=VECTOR('',#17575,10.);
#5624=VECTOR('',#17576,10.);
#5625=VECTOR('',#17579,10.);
#5626=VECTOR('',#17580,10.);
#5627=VECTOR('',#17581,10.);
#5628=VECTOR('',#17584,10.);
#5629=VECTOR('',#17585,10.);
#5630=VECTOR('',#17588,10.);
#5631=VECTOR('',#17589,10.);
#5632=VECTOR('',#17590,10.);
#5633=VECTOR('',#17591,10.);
#5634=VECTOR('',#17594,10.);
#5635=VECTOR('',#17595,10.);
#5636=VECTOR('',#17596,10.);
#5637=VECTOR('',#17599,10.);
#5638=VECTOR('',#17600,10.);
#5639=VECTOR('',#17601,10.);
#5640=VECTOR('',#17604,10.);
#5641=VECTOR('',#17605,10.);
#5642=VECTOR('',#17608,10.);
#5643=VECTOR('',#17609,10.);
#5644=VECTOR('',#17610,10.);
#5645=VECTOR('',#17613,10.);
#5646=VECTOR('',#17614,10.);
#5647=VECTOR('',#17617,10.);
#5648=VECTOR('',#17618,10.);
#5649=VECTOR('',#17621,10.);
#5650=VECTOR('',#17624,10.);
#5651=VECTOR('',#17625,10.);
#5652=VECTOR('',#17626,10.);
#5653=VECTOR('',#17629,10.);
#5654=VECTOR('',#17630,10.);
#5655=VECTOR('',#17633,10.);
#5656=VECTOR('',#17634,10.);
#5657=VECTOR('',#17637,10.);
#5658=VECTOR('',#17640,10.);
#5659=VECTOR('',#17641,10.);
#5660=VECTOR('',#17642,10.);
#5661=VECTOR('',#17643,10.);
#5662=VECTOR('',#17646,10.);
#5663=VECTOR('',#17647,10.);
#5664=VECTOR('',#17648,10.);
#5665=VECTOR('',#17649,10.);
#5666=VECTOR('',#17652,10.);
#5667=VECTOR('',#17653,10.);
#5668=VECTOR('',#17654,10.);
#5669=VECTOR('',#17655,10.);
#5670=VECTOR('',#17658,10.);
#5671=VECTOR('',#17659,10.);
#5672=VECTOR('',#17660,10.);
#5673=VECTOR('',#17661,10.);
#5674=VECTOR('',#17664,10.);
#5675=VECTOR('',#17665,10.);
#5676=VECTOR('',#17666,10.);
#5677=VECTOR('',#17667,10.);
#5678=VECTOR('',#17670,10.);
#5679=VECTOR('',#17671,10.);
#5680=VECTOR('',#17672,10.);
#5681=VECTOR('',#17673,10.);
#5682=VECTOR('',#17676,10.);
#5683=VECTOR('',#17677,10.);
#5684=VECTOR('',#17678,10.);
#5685=VECTOR('',#17679,10.);
#5686=VECTOR('',#17682,10.);
#5687=VECTOR('',#17683,10.);
#5688=VECTOR('',#17684,10.);
#5689=VECTOR('',#17685,10.);
#5690=VECTOR('',#17688,10.);
#5691=VECTOR('',#17689,10.);
#5692=VECTOR('',#17690,10.);
#5693=VECTOR('',#17691,10.);
#5694=VECTOR('',#17694,10.);
#5695=VECTOR('',#17695,10.);
#5696=VECTOR('',#17696,10.);
#5697=VECTOR('',#17697,10.);
#5698=VECTOR('',#17700,10.);
#5699=VECTOR('',#17701,10.);
#5700=VECTOR('',#17702,10.);
#5701=VECTOR('',#17703,10.);
#5702=VECTOR('',#17706,10.);
#5703=VECTOR('',#17707,10.);
#5704=VECTOR('',#17708,10.);
#5705=VECTOR('',#17709,10.);
#5706=VECTOR('',#17712,10.);
#5707=VECTOR('',#17713,10.);
#5708=VECTOR('',#17714,10.);
#5709=VECTOR('',#17715,10.);
#5710=VECTOR('',#17718,10.);
#5711=VECTOR('',#17719,10.);
#5712=VECTOR('',#17720,10.);
#5713=VECTOR('',#17721,10.);
#5714=VECTOR('',#17724,10.);
#5715=VECTOR('',#17725,10.);
#5716=VECTOR('',#17726,10.);
#5717=VECTOR('',#17727,10.);
#5718=VECTOR('',#17730,10.);
#5719=VECTOR('',#17731,10.);
#5720=VECTOR('',#17732,10.);
#5721=VECTOR('',#17733,10.);
#5722=VECTOR('',#17736,10.);
#5723=VECTOR('',#17737,10.);
#5724=VECTOR('',#17738,10.);
#5725=VECTOR('',#17739,10.);
#5726=VECTOR('',#17742,10.);
#5727=VECTOR('',#17743,10.);
#5728=VECTOR('',#17744,10.);
#5729=VECTOR('',#17745,10.);
#5730=VECTOR('',#17748,10.);
#5731=VECTOR('',#17749,10.);
#5732=VECTOR('',#17750,10.);
#5733=VECTOR('',#17751,10.);
#5734=VECTOR('',#17754,10.);
#5735=VECTOR('',#17755,10.);
#5736=VECTOR('',#17756,10.);
#5737=VECTOR('',#17757,10.);
#5738=VECTOR('',#17760,10.);
#5739=VECTOR('',#17761,10.);
#5740=VECTOR('',#17762,10.);
#5741=VECTOR('',#17763,10.);
#5742=VECTOR('',#17766,10.);
#5743=VECTOR('',#17767,10.);
#5744=VECTOR('',#17768,10.);
#5745=VECTOR('',#17769,10.);
#5746=VECTOR('',#17772,10.);
#5747=VECTOR('',#17773,10.);
#5748=VECTOR('',#17774,10.);
#5749=VECTOR('',#17775,10.);
#5750=VECTOR('',#17778,10.);
#5751=VECTOR('',#17779,10.);
#5752=VECTOR('',#17780,10.);
#5753=VECTOR('',#17781,10.);
#5754=VECTOR('',#17784,10.);
#5755=VECTOR('',#17785,10.);
#5756=VECTOR('',#17786,10.);
#5757=VECTOR('',#17787,10.);
#5758=VECTOR('',#17790,10.);
#5759=VECTOR('',#17791,10.);
#5760=VECTOR('',#17792,10.);
#5761=VECTOR('',#17793,10.);
#5762=VECTOR('',#17796,10.);
#5763=VECTOR('',#17797,10.);
#5764=VECTOR('',#17798,10.);
#5765=VECTOR('',#17799,10.);
#5766=VECTOR('',#17802,10.);
#5767=VECTOR('',#17803,10.);
#5768=VECTOR('',#17804,10.);
#5769=VECTOR('',#17805,10.);
#5770=VECTOR('',#17808,10.);
#5771=VECTOR('',#17809,10.);
#5772=VECTOR('',#17810,10.);
#5773=VECTOR('',#17811,10.);
#5774=VECTOR('',#17814,10.);
#5775=VECTOR('',#17815,10.);
#5776=VECTOR('',#17816,10.);
#5777=VECTOR('',#17817,10.);
#5778=VECTOR('',#17820,10.);
#5779=VECTOR('',#17821,10.);
#5780=VECTOR('',#17822,10.);
#5781=VECTOR('',#17823,10.);
#5782=VECTOR('',#17826,10.);
#5783=VECTOR('',#17827,10.);
#5784=VECTOR('',#17828,10.);
#5785=VECTOR('',#17829,10.);
#5786=VECTOR('',#17832,10.);
#5787=VECTOR('',#17833,10.);
#5788=VECTOR('',#17834,10.);
#5789=VECTOR('',#17835,10.);
#5790=VECTOR('',#17838,10.);
#5791=VECTOR('',#17839,10.);
#5792=VECTOR('',#17840,10.);
#5793=VECTOR('',#17841,10.);
#5794=VECTOR('',#17844,10.);
#5795=VECTOR('',#17845,10.);
#5796=VECTOR('',#17846,10.);
#5797=VECTOR('',#17847,10.);
#5798=VECTOR('',#17850,10.);
#5799=VECTOR('',#17851,10.);
#5800=VECTOR('',#17852,10.);
#5801=VECTOR('',#17853,10.);
#5802=VECTOR('',#17856,10.);
#5803=VECTOR('',#17857,10.);
#5804=VECTOR('',#17858,10.);
#5805=VECTOR('',#17859,10.);
#5806=VECTOR('',#17862,10.);
#5807=VECTOR('',#17863,10.);
#5808=VECTOR('',#17864,10.);
#5809=VECTOR('',#17865,10.);
#5810=VECTOR('',#17868,10.);
#5811=VECTOR('',#17869,10.);
#5812=VECTOR('',#17870,10.);
#5813=VECTOR('',#17871,10.);
#5814=VECTOR('',#17874,10.);
#5815=VECTOR('',#17875,10.);
#5816=VECTOR('',#17876,10.);
#5817=VECTOR('',#17877,10.);
#5818=VECTOR('',#17880,10.);
#5819=VECTOR('',#17881,10.);
#5820=VECTOR('',#17882,10.);
#5821=VECTOR('',#17883,10.);
#5822=VECTOR('',#17886,10.);
#5823=VECTOR('',#17887,10.);
#5824=VECTOR('',#17888,10.);
#5825=VECTOR('',#17889,10.);
#5826=VECTOR('',#17892,10.);
#5827=VECTOR('',#17893,10.);
#5828=VECTOR('',#17894,10.);
#5829=VECTOR('',#17895,10.);
#5830=VECTOR('',#17898,10.);
#5831=VECTOR('',#17899,10.);
#5832=VECTOR('',#17900,10.);
#5833=VECTOR('',#17901,10.);
#5834=VECTOR('',#17904,10.);
#5835=VECTOR('',#17905,10.);
#5836=VECTOR('',#17906,10.);
#5837=VECTOR('',#17907,10.);
#5838=VECTOR('',#17910,10.);
#5839=VECTOR('',#17911,10.);
#5840=VECTOR('',#17912,10.);
#5841=VECTOR('',#17913,10.);
#5842=VECTOR('',#17916,10.);
#5843=VECTOR('',#17917,10.);
#5844=VECTOR('',#17918,10.);
#5845=VECTOR('',#17919,10.);
#5846=VECTOR('',#17922,10.);
#5847=VECTOR('',#17923,10.);
#5848=VECTOR('',#17924,10.);
#5849=VECTOR('',#17927,10.);
#5850=VECTOR('',#17928,10.);
#5851=VECTOR('',#17931,10.);
#5852=VECTOR('',#17932,10.);
#5853=VECTOR('',#17935,10.);
#5854=VECTOR('',#17938,10.);
#5855=VECTOR('',#17939,10.);
#5856=VECTOR('',#17942,10.);
#5857=VECTOR('',#17945,10.);
#5858=VECTOR('',#17946,10.);
#5859=VECTOR('',#17949,10.);
#5860=VECTOR('',#17952,10.);
#5861=VECTOR('',#17953,10.);
#5862=VECTOR('',#17956,10.);
#5863=VECTOR('',#17959,10.);
#5864=VECTOR('',#17960,10.);
#5865=VECTOR('',#17963,10.);
#5866=VECTOR('',#17966,10.);
#5867=VECTOR('',#17967,10.);
#5868=VECTOR('',#17970,10.);
#5869=VECTOR('',#17973,10.);
#5870=VECTOR('',#17974,10.);
#5871=VECTOR('',#17977,10.);
#5872=VECTOR('',#17980,10.);
#5873=VECTOR('',#17981,10.);
#5874=VECTOR('',#17984,10.);
#5875=VECTOR('',#17987,10.);
#5876=VECTOR('',#17988,10.);
#5877=VECTOR('',#17991,10.);
#5878=VECTOR('',#17994,10.);
#5879=VECTOR('',#17995,10.);
#5880=VECTOR('',#17996,10.);
#5881=VECTOR('',#17999,10.);
#5882=VECTOR('',#18000,10.);
#5883=VECTOR('',#18003,10.);
#5884=VECTOR('',#18004,10.);
#5885=VECTOR('',#18007,10.);
#5886=VECTOR('',#18010,10.);
#5887=VECTOR('',#18011,10.);
#5888=VECTOR('',#18014,10.);
#5889=VECTOR('',#18017,10.);
#5890=VECTOR('',#18018,10.);
#5891=VECTOR('',#18021,10.);
#5892=VECTOR('',#18024,10.);
#5893=VECTOR('',#18025,10.);
#5894=VECTOR('',#18026,10.);
#5895=VECTOR('',#18029,10.);
#5896=VECTOR('',#18030,10.);
#5897=VECTOR('',#18033,10.);
#5898=VECTOR('',#18034,10.);
#5899=VECTOR('',#18037,10.);
#5900=VECTOR('',#18040,10.);
#5901=VECTOR('',#18041,10.);
#5902=VECTOR('',#18042,10.);
#5903=VECTOR('',#18045,10.);
#5904=VECTOR('',#18046,10.);
#5905=VECTOR('',#18049,10.);
#5906=VECTOR('',#18050,10.);
#5907=VECTOR('',#18053,10.);
#5908=VECTOR('',#18056,10.);
#5909=VECTOR('',#18057,10.);
#5910=VECTOR('',#18058,10.);
#5911=VECTOR('',#18061,10.);
#5912=VECTOR('',#18062,10.);
#5913=VECTOR('',#18065,10.);
#5914=VECTOR('',#18066,10.);
#5915=VECTOR('',#18069,10.);
#5916=VECTOR('',#18072,10.);
#5917=VECTOR('',#18073,10.);
#5918=VECTOR('',#18074,10.);
#5919=VECTOR('',#18077,10.);
#5920=VECTOR('',#18078,10.);
#5921=VECTOR('',#18081,10.);
#5922=VECTOR('',#18082,10.);
#5923=VECTOR('',#18085,10.);
#5924=VECTOR('',#18088,10.);
#5925=VECTOR('',#18089,10.);
#5926=VECTOR('',#18090,10.);
#5927=VECTOR('',#18093,10.);
#5928=VECTOR('',#18094,10.);
#5929=VECTOR('',#18097,10.);
#5930=VECTOR('',#18098,10.);
#5931=VECTOR('',#18101,10.);
#5932=VECTOR('',#18104,10.);
#5933=VECTOR('',#18105,10.);
#5934=VECTOR('',#18106,10.);
#5935=VECTOR('',#18109,10.);
#5936=VECTOR('',#18110,10.);
#5937=VECTOR('',#18113,10.);
#5938=VECTOR('',#18114,10.);
#5939=VECTOR('',#18117,10.);
#5940=VECTOR('',#18120,10.);
#5941=VECTOR('',#18121,10.);
#5942=VECTOR('',#18122,10.);
#5943=VECTOR('',#18125,10.);
#5944=VECTOR('',#18126,10.);
#5945=VECTOR('',#18129,10.);
#5946=VECTOR('',#18130,10.);
#5947=VECTOR('',#18133,10.);
#5948=VECTOR('',#18136,10.);
#5949=VECTOR('',#18137,10.);
#5950=VECTOR('',#18138,10.);
#5951=VECTOR('',#18141,10.);
#5952=VECTOR('',#18142,10.);
#5953=VECTOR('',#18145,10.);
#5954=VECTOR('',#18146,10.);
#5955=VECTOR('',#18149,10.);
#5956=VECTOR('',#18152,10.);
#5957=VECTOR('',#18153,10.);
#5958=VECTOR('',#18154,10.);
#5959=VECTOR('',#18157,10.);
#5960=VECTOR('',#18158,10.);
#5961=VECTOR('',#18161,10.);
#5962=VECTOR('',#18162,10.);
#5963=VECTOR('',#18165,10.);
#5964=VECTOR('',#18168,10.);
#5965=VECTOR('',#18169,10.);
#5966=VECTOR('',#18170,10.);
#5967=VECTOR('',#18173,10.);
#5968=VECTOR('',#18174,10.);
#5969=VECTOR('',#18177,10.);
#5970=VECTOR('',#18178,10.);
#5971=VECTOR('',#18181,10.);
#5972=VECTOR('',#18184,10.);
#5973=VECTOR('',#18185,10.);
#5974=VECTOR('',#18186,10.);
#5975=VECTOR('',#18189,10.);
#5976=VECTOR('',#18190,10.);
#5977=VECTOR('',#18193,10.);
#5978=VECTOR('',#18194,10.);
#5979=VECTOR('',#18197,10.);
#5980=VECTOR('',#18200,10.);
#5981=VECTOR('',#18201,10.);
#5982=VECTOR('',#18202,10.);
#5983=VECTOR('',#18205,10.);
#5984=VECTOR('',#18206,10.);
#5985=VECTOR('',#18209,10.);
#5986=VECTOR('',#18210,10.);
#5987=VECTOR('',#18213,10.);
#5988=VECTOR('',#18216,10.);
#5989=VECTOR('',#18217,10.);
#5990=VECTOR('',#18218,10.);
#5991=VECTOR('',#18221,10.);
#5992=VECTOR('',#18222,10.);
#5993=VECTOR('',#18225,10.);
#5994=VECTOR('',#18226,10.);
#5995=VECTOR('',#18229,10.);
#5996=VECTOR('',#18232,10.);
#5997=VECTOR('',#18233,10.);
#5998=VECTOR('',#18234,10.);
#5999=VECTOR('',#18237,10.);
#6000=VECTOR('',#18238,10.);
#6001=VECTOR('',#18241,10.);
#6002=VECTOR('',#18242,10.);
#6003=VECTOR('',#18245,10.);
#6004=VECTOR('',#18248,10.);
#6005=VECTOR('',#18249,10.);
#6006=VECTOR('',#18250,10.);
#6007=VECTOR('',#18253,10.);
#6008=VECTOR('',#18254,10.);
#6009=VECTOR('',#18257,10.);
#6010=VECTOR('',#18258,10.);
#6011=VECTOR('',#18261,10.);
#6012=VECTOR('',#18264,10.);
#6013=VECTOR('',#18265,10.);
#6014=VECTOR('',#18266,10.);
#6015=VECTOR('',#18269,10.);
#6016=VECTOR('',#18270,10.);
#6017=VECTOR('',#18273,10.);
#6018=VECTOR('',#18274,10.);
#6019=VECTOR('',#18277,10.);
#6020=VECTOR('',#18280,10.);
#6021=VECTOR('',#18281,10.);
#6022=VECTOR('',#18282,10.);
#6023=VECTOR('',#18285,10.);
#6024=VECTOR('',#18286,10.);
#6025=VECTOR('',#18289,10.);
#6026=VECTOR('',#18290,10.);
#6027=VECTOR('',#18293,10.);
#6028=VECTOR('',#18296,10.);
#6029=VECTOR('',#18297,10.);
#6030=VECTOR('',#18298,10.);
#6031=VECTOR('',#18301,10.);
#6032=VECTOR('',#18302,10.);
#6033=VECTOR('',#18305,10.);
#6034=VECTOR('',#18306,10.);
#6035=VECTOR('',#18309,10.);
#6036=VECTOR('',#18312,10.);
#6037=VECTOR('',#18313,10.);
#6038=VECTOR('',#18314,10.);
#6039=VECTOR('',#18317,10.);
#6040=VECTOR('',#18318,10.);
#6041=VECTOR('',#18321,10.);
#6042=VECTOR('',#18322,10.);
#6043=VECTOR('',#18325,10.);
#6044=VECTOR('',#18328,10.);
#6045=VECTOR('',#18329,10.);
#6046=VECTOR('',#18330,10.);
#6047=VECTOR('',#18333,10.);
#6048=VECTOR('',#18334,10.);
#6049=VECTOR('',#18337,10.);
#6050=VECTOR('',#18338,10.);
#6051=VECTOR('',#18341,10.);
#6052=VECTOR('',#18344,10.);
#6053=VECTOR('',#18345,10.);
#6054=VECTOR('',#18346,10.);
#6055=VECTOR('',#18349,10.);
#6056=VECTOR('',#18350,10.);
#6057=VECTOR('',#18353,10.);
#6058=VECTOR('',#18354,10.);
#6059=VECTOR('',#18357,10.);
#6060=VECTOR('',#18360,10.);
#6061=VECTOR('',#18361,10.);
#6062=VECTOR('',#18362,10.);
#6063=VECTOR('',#18365,10.);
#6064=VECTOR('',#18366,10.);
#6065=VECTOR('',#18369,10.);
#6066=VECTOR('',#18370,10.);
#6067=VECTOR('',#18373,10.);
#6068=VECTOR('',#18376,10.);
#6069=VECTOR('',#18377,10.);
#6070=VECTOR('',#18378,10.);
#6071=VECTOR('',#18381,10.);
#6072=VECTOR('',#18382,10.);
#6073=VECTOR('',#18385,10.);
#6074=VECTOR('',#18386,10.);
#6075=VECTOR('',#18389,10.);
#6076=VECTOR('',#18392,10.);
#6077=VECTOR('',#18393,10.);
#6078=VECTOR('',#18394,10.);
#6079=VECTOR('',#18397,10.);
#6080=VECTOR('',#18398,10.);
#6081=VECTOR('',#18401,10.);
#6082=VECTOR('',#18402,10.);
#6083=VECTOR('',#18405,10.);
#6084=VECTOR('',#18408,10.);
#6085=VECTOR('',#18409,10.);
#6086=VECTOR('',#18410,10.);
#6087=VECTOR('',#18413,10.);
#6088=VECTOR('',#18414,10.);
#6089=VECTOR('',#18417,10.);
#6090=VECTOR('',#18418,10.);
#6091=VECTOR('',#18421,10.);
#6092=VECTOR('',#18424,10.);
#6093=VECTOR('',#18425,10.);
#6094=VECTOR('',#18426,10.);
#6095=VECTOR('',#18429,10.);
#6096=VECTOR('',#18430,10.);
#6097=VECTOR('',#18433,10.);
#6098=VECTOR('',#18434,10.);
#6099=VECTOR('',#18437,10.);
#6100=VECTOR('',#18440,10.);
#6101=VECTOR('',#18441,10.);
#6102=VECTOR('',#18442,10.);
#6103=VECTOR('',#18445,10.);
#6104=VECTOR('',#18446,10.);
#6105=VECTOR('',#18449,10.);
#6106=VECTOR('',#18450,10.);
#6107=VECTOR('',#18453,10.);
#6108=VECTOR('',#18456,10.);
#6109=VECTOR('',#18457,10.);
#6110=VECTOR('',#18458,10.);
#6111=VECTOR('',#18461,10.);
#6112=VECTOR('',#18462,10.);
#6113=VECTOR('',#18465,10.);
#6114=VECTOR('',#18466,10.);
#6115=VECTOR('',#18469,10.);
#6116=VECTOR('',#18472,10.);
#6117=VECTOR('',#18473,10.);
#6118=VECTOR('',#18474,10.);
#6119=VECTOR('',#18477,10.);
#6120=VECTOR('',#18478,10.);
#6121=VECTOR('',#18481,10.);
#6122=VECTOR('',#18482,10.);
#6123=VECTOR('',#18485,10.);
#6124=VECTOR('',#18488,10.);
#6125=VECTOR('',#18489,10.);
#6126=VECTOR('',#18490,10.);
#6127=VECTOR('',#18493,10.);
#6128=VECTOR('',#18494,10.);
#6129=VECTOR('',#18497,10.);
#6130=VECTOR('',#18498,10.);
#6131=VECTOR('',#18501,10.);
#6132=VECTOR('',#18504,10.);
#6133=VECTOR('',#18505,10.);
#6134=VECTOR('',#18506,10.);
#6135=VECTOR('',#18509,10.);
#6136=VECTOR('',#18510,10.);
#6137=VECTOR('',#18513,10.);
#6138=VECTOR('',#18514,10.);
#6139=VECTOR('',#18517,10.);
#6140=VECTOR('',#18520,10.);
#6141=VECTOR('',#18521,10.);
#6142=VECTOR('',#18522,10.);
#6143=VECTOR('',#18525,10.);
#6144=VECTOR('',#18526,10.);
#6145=VECTOR('',#18529,10.);
#6146=VECTOR('',#18530,10.);
#6147=VECTOR('',#18533,10.);
#6148=VECTOR('',#18536,10.);
#6149=VECTOR('',#18537,10.);
#6150=VECTOR('',#18538,10.);
#6151=VECTOR('',#18541,10.);
#6152=VECTOR('',#18542,10.);
#6153=VECTOR('',#18545,10.);
#6154=VECTOR('',#18546,10.);
#6155=VECTOR('',#18549,10.);
#6156=VECTOR('',#18552,10.);
#6157=VECTOR('',#18553,10.);
#6158=VECTOR('',#18554,10.);
#6159=VECTOR('',#18557,10.);
#6160=VECTOR('',#18558,10.);
#6161=VECTOR('',#18561,10.);
#6162=VECTOR('',#18562,10.);
#6163=VECTOR('',#18565,10.);
#6164=VECTOR('',#18568,10.);
#6165=VECTOR('',#18569,10.);
#6166=VECTOR('',#18570,10.);
#6167=VECTOR('',#18573,10.);
#6168=VECTOR('',#18574,10.);
#6169=VECTOR('',#18577,10.);
#6170=VECTOR('',#18578,10.);
#6171=VECTOR('',#18581,10.);
#6172=VECTOR('',#18584,10.);
#6173=VECTOR('',#18585,10.);
#6174=VECTOR('',#18586,10.);
#6175=VECTOR('',#18589,10.);
#6176=VECTOR('',#18590,10.);
#6177=VECTOR('',#18593,10.);
#6178=VECTOR('',#18594,10.);
#6179=VECTOR('',#18597,10.);
#6180=VECTOR('',#18600,10.);
#6181=VECTOR('',#18601,10.);
#6182=VECTOR('',#18602,10.);
#6183=VECTOR('',#18605,10.);
#6184=VECTOR('',#18606,10.);
#6185=VECTOR('',#18609,10.);
#6186=VECTOR('',#18610,10.);
#6187=VECTOR('',#18613,10.);
#6188=VECTOR('',#18616,10.);
#6189=VECTOR('',#18617,10.);
#6190=VECTOR('',#18618,10.);
#6191=VECTOR('',#18621,10.);
#6192=VECTOR('',#18622,10.);
#6193=VECTOR('',#18625,10.);
#6194=VECTOR('',#18626,10.);
#6195=VECTOR('',#18629,10.);
#6196=VECTOR('',#18632,10.);
#6197=VECTOR('',#18633,10.);
#6198=VECTOR('',#18634,10.);
#6199=VECTOR('',#18637,10.);
#6200=VECTOR('',#18638,10.);
#6201=VECTOR('',#18641,10.);
#6202=VECTOR('',#18642,10.);
#6203=VECTOR('',#18645,10.);
#6204=VECTOR('',#18648,10.);
#6205=VECTOR('',#18649,10.);
#6206=VECTOR('',#18650,10.);
#6207=VECTOR('',#18653,10.);
#6208=VECTOR('',#18654,10.);
#6209=VECTOR('',#18657,10.);
#6210=VECTOR('',#18658,10.);
#6211=VECTOR('',#18661,10.);
#6212=VECTOR('',#18664,10.);
#6213=VECTOR('',#18665,10.);
#6214=VECTOR('',#18666,10.);
#6215=VECTOR('',#18669,10.);
#6216=VECTOR('',#18670,10.);
#6217=VECTOR('',#18673,10.);
#6218=VECTOR('',#18674,10.);
#6219=VECTOR('',#18677,10.);
#6220=VECTOR('',#18680,10.);
#6221=VECTOR('',#18681,10.);
#6222=VECTOR('',#18682,10.);
#6223=VECTOR('',#18685,10.);
#6224=VECTOR('',#18686,10.);
#6225=VECTOR('',#18689,10.);
#6226=VECTOR('',#18690,10.);
#6227=VECTOR('',#18693,10.);
#6228=VECTOR('',#18696,10.);
#6229=VECTOR('',#18697,10.);
#6230=VECTOR('',#18698,10.);
#6231=VECTOR('',#18701,10.);
#6232=VECTOR('',#18702,10.);
#6233=VECTOR('',#18705,10.);
#6234=VECTOR('',#18706,10.);
#6235=VECTOR('',#18709,10.);
#6236=VECTOR('',#18712,10.);
#6237=VECTOR('',#18713,10.);
#6238=VECTOR('',#18714,10.);
#6239=VECTOR('',#18717,10.);
#6240=VECTOR('',#18718,10.);
#6241=VECTOR('',#18721,10.);
#6242=VECTOR('',#18722,10.);
#6243=VECTOR('',#18725,10.);
#6244=VECTOR('',#18728,10.);
#6245=VECTOR('',#18729,10.);
#6246=VECTOR('',#18730,10.);
#6247=VECTOR('',#18733,10.);
#6248=VECTOR('',#18734,10.);
#6249=VECTOR('',#18737,10.);
#6250=VECTOR('',#18738,10.);
#6251=VECTOR('',#18741,10.);
#6252=VECTOR('',#18744,10.);
#6253=VECTOR('',#18745,10.);
#6254=VECTOR('',#18746,10.);
#6255=VECTOR('',#18749,10.);
#6256=VECTOR('',#18750,10.);
#6257=VECTOR('',#18753,10.);
#6258=VECTOR('',#18754,10.);
#6259=VECTOR('',#18757,10.);
#6260=VECTOR('',#18760,10.);
#6261=VECTOR('',#18761,10.);
#6262=VECTOR('',#18762,10.);
#6263=VECTOR('',#18765,10.);
#6264=VECTOR('',#18766,10.);
#6265=VECTOR('',#18769,10.);
#6266=VECTOR('',#18770,10.);
#6267=VECTOR('',#18773,10.);
#6268=VECTOR('',#18776,10.);
#6269=VECTOR('',#18777,10.);
#6270=VECTOR('',#18778,10.);
#6271=VECTOR('',#18781,10.);
#6272=VECTOR('',#18782,10.);
#6273=VECTOR('',#18785,10.);
#6274=VECTOR('',#18786,10.);
#6275=VECTOR('',#18789,10.);
#6276=VECTOR('',#18792,10.);
#6277=VECTOR('',#18793,10.);
#6278=VECTOR('',#18794,10.);
#6279=VECTOR('',#18797,10.);
#6280=VECTOR('',#18798,10.);
#6281=VECTOR('',#18801,10.);
#6282=VECTOR('',#18802,10.);
#6283=VECTOR('',#18805,10.);
#6284=VECTOR('',#18808,10.);
#6285=VECTOR('',#18809,10.);
#6286=VECTOR('',#18810,10.);
#6287=VECTOR('',#18813,10.);
#6288=VECTOR('',#18814,10.);
#6289=VECTOR('',#18817,10.);
#6290=VECTOR('',#18818,10.);
#6291=VECTOR('',#18821,10.);
#6292=VECTOR('',#18824,10.);
#6293=VECTOR('',#18825,10.);
#6294=VECTOR('',#18826,10.);
#6295=VECTOR('',#18829,10.);
#6296=VECTOR('',#18830,10.);
#6297=VECTOR('',#18833,10.);
#6298=VECTOR('',#18834,10.);
#6299=VECTOR('',#18837,10.);
#6300=VECTOR('',#18840,10.);
#6301=VECTOR('',#18841,10.);
#6302=VECTOR('',#18842,10.);
#6303=VECTOR('',#18845,10.);
#6304=VECTOR('',#18846,10.);
#6305=VECTOR('',#18849,10.);
#6306=VECTOR('',#18850,10.);
#6307=VECTOR('',#18853,10.);
#6308=VECTOR('',#18856,10.);
#6309=VECTOR('',#18857,10.);
#6310=VECTOR('',#18858,10.);
#6311=VECTOR('',#18861,10.);
#6312=VECTOR('',#18862,10.);
#6313=VECTOR('',#18865,10.);
#6314=VECTOR('',#18866,10.);
#6315=VECTOR('',#18869,10.);
#6316=VECTOR('',#18872,10.);
#6317=VECTOR('',#18873,10.);
#6318=VECTOR('',#18874,10.);
#6319=VECTOR('',#18877,10.);
#6320=VECTOR('',#18878,10.);
#6321=VECTOR('',#18881,10.);
#6322=VECTOR('',#18882,10.);
#6323=VECTOR('',#18885,10.);
#6324=VECTOR('',#18888,10.);
#6325=VECTOR('',#18889,10.);
#6326=VECTOR('',#18890,10.);
#6327=VECTOR('',#18893,10.);
#6328=VECTOR('',#18894,10.);
#6329=VECTOR('',#18897,10.);
#6330=VECTOR('',#18898,10.);
#6331=VECTOR('',#18901,10.);
#6332=VECTOR('',#18904,10.);
#6333=VECTOR('',#18905,10.);
#6334=VECTOR('',#18906,10.);
#6335=VECTOR('',#18909,10.);
#6336=VECTOR('',#18910,10.);
#6337=VECTOR('',#18913,10.);
#6338=VECTOR('',#18914,10.);
#6339=VECTOR('',#18917,10.);
#6340=VECTOR('',#18920,10.);
#6341=VECTOR('',#18921,10.);
#6342=VECTOR('',#18922,10.);
#6343=VECTOR('',#18925,10.);
#6344=VECTOR('',#18926,10.);
#6345=VECTOR('',#18929,10.);
#6346=VECTOR('',#18930,10.);
#6347=VECTOR('',#18933,10.);
#6348=VECTOR('',#18936,10.);
#6349=VECTOR('',#18937,10.);
#6350=VECTOR('',#18938,10.);
#6351=VECTOR('',#18941,10.);
#6352=VECTOR('',#18942,10.);
#6353=VECTOR('',#18945,10.);
#6354=VECTOR('',#18946,10.);
#6355=VECTOR('',#18949,10.);
#6356=VECTOR('',#18952,10.);
#6357=VECTOR('',#18953,10.);
#6358=VECTOR('',#18954,10.);
#6359=VECTOR('',#18957,10.);
#6360=VECTOR('',#18958,10.);
#6361=VECTOR('',#18961,10.);
#6362=VECTOR('',#18962,10.);
#6363=VECTOR('',#18965,10.);
#6364=VECTOR('',#18968,10.);
#6365=VECTOR('',#18969,10.);
#6366=VECTOR('',#18970,10.);
#6367=VECTOR('',#18973,10.);
#6368=VECTOR('',#18974,10.);
#6369=VECTOR('',#18977,10.);
#6370=VECTOR('',#18978,10.);
#6371=VECTOR('',#18981,10.);
#6372=CIRCLE('',#14608,2.00000000000001);
#6373=CIRCLE('',#14609,2.00000000000001);
#6374=CIRCLE('',#14611,1.20000000000001);
#6375=CIRCLE('',#14613,1.99999999999999);
#6376=CIRCLE('',#14614,1.99999999999999);
#6377=CIRCLE('',#14615,1.99999999999999);
#6378=CIRCLE('',#14616,1.99999999999999);
#6379=CIRCLE('',#14617,1.99999999999999);
#6380=CIRCLE('',#14618,1.99999999999999);
#6381=CIRCLE('',#14620,1.20000000000001);
#6382=CIRCLE('',#14622,1.99999999999999);
#6383=CIRCLE('',#14623,1.99999999999999);
#6384=CIRCLE('',#14624,1.99999999999999);
#6385=CIRCLE('',#14625,1.99999999999999);
#6386=CIRCLE('',#14626,1.99999999999999);
#6387=CIRCLE('',#14627,1.99999999999999);
#6388=CIRCLE('',#14629,1.19999999999999);
#6389=CIRCLE('',#14631,1.99999999999999);
#6390=CIRCLE('',#14632,1.99999999999999);
#6391=CIRCLE('',#14633,1.20000000000001);
#6392=CIRCLE('',#14635,1.99999999999999);
#6393=CIRCLE('',#14636,1.99999999999999);
#6394=CIRCLE('',#14637,1.99999999999999);
#6395=CIRCLE('',#14638,1.99999999999999);
#6396=CIRCLE('',#14640,1.99999999999999);
#6397=CIRCLE('',#14641,1.99999999999999);
#6398=CIRCLE('',#14642,1.19999999999999);
#6399=CIRCLE('',#14644,1.99999999999999);
#6400=CIRCLE('',#14645,1.99999999999999);
#6401=CIRCLE('',#14646,1.99999999999999);
#6402=CIRCLE('',#14647,1.99999999999999);
#6403=CIRCLE('',#14649,1.99999999999999);
#6404=CIRCLE('',#14650,1.99999999999999);
#6405=CIRCLE('',#14651,1.20000000000001);
#6406=CIRCLE('',#14653,1.99999999999999);
#6407=CIRCLE('',#14654,1.99999999999999);
#6408=CIRCLE('',#14655,1.99999999999999);
#6409=CIRCLE('',#14656,1.99999999999999);
#6410=CIRCLE('',#14658,2.00000000000001);
#6411=CIRCLE('',#14659,2.00000000000001);
#6412=CIRCLE('',#14660,1.20000000000001);
#6413=CIRCLE('',#14662,2.00000000000001);
#6414=CIRCLE('',#14663,2.00000000000001);
#6415=CIRCLE('',#14664,2.00000000000001);
#6416=CIRCLE('',#14665,2.00000000000001);
#6417=CIRCLE('',#14667,1.99999999999999);
#6418=CIRCLE('',#14668,1.99999999999999);
#6419=CIRCLE('',#14669,1.20000000000001);
#6420=CIRCLE('',#14671,1.99999999999999);
#6421=CIRCLE('',#14672,1.99999999999999);
#6422=CIRCLE('',#14673,1.99999999999999);
#6423=CIRCLE('',#14674,1.99999999999999);
#6424=CIRCLE('',#14676,1.99999999999999);
#6425=CIRCLE('',#14677,1.99999999999999);
#6426=CIRCLE('',#14679,1.19999999999999);
#6427=CIRCLE('',#14681,1.99999999999999);
#6428=CIRCLE('',#14682,1.99999999999999);
#6429=CIRCLE('',#14684,1.20000000000001);
#6430=CIRCLE('',#14686,2.);
#6431=CIRCLE('',#14687,2.);
#6432=CIRCLE('',#14689,1.2);
#6433=CIRCLE('',#14691,2.00000000000003);
#6434=CIRCLE('',#14692,2.00000000000003);
#6435=CIRCLE('',#14694,1.20000000000001);
#6436=CIRCLE('',#14696,2.);
#6437=CIRCLE('',#14697,2.);
#6438=CIRCLE('',#14699,1.2);
#6439=CIRCLE('',#14701,1.99999999999999);
#6440=CIRCLE('',#14702,1.99999999999999);
#6441=CIRCLE('',#14704,1.20000000000001);
#6442=CIRCLE('',#14706,2.);
#6443=CIRCLE('',#14707,2.);
#6444=CIRCLE('',#14708,1.2);
#6445=CIRCLE('',#14710,2.);
#6446=CIRCLE('',#14711,2.);
#6447=CIRCLE('',#14712,2.);
#6448=CIRCLE('',#14713,2.);
#6449=CIRCLE('',#14715,1.99999999999999);
#6450=CIRCLE('',#14716,1.99999999999999);
#6451=CIRCLE('',#14717,1.20000000000001);
#6452=CIRCLE('',#14719,1.99999999999999);
#6453=CIRCLE('',#14720,1.99999999999999);
#6454=CIRCLE('',#14721,1.99999999999999);
#6455=CIRCLE('',#14722,1.99999999999999);
#6456=CIRCLE('',#14724,2.);
#6457=CIRCLE('',#14725,2.);
#6458=CIRCLE('',#14726,1.2);
#6459=CIRCLE('',#14728,2.);
#6460=CIRCLE('',#14729,2.);
#6461=CIRCLE('',#14730,2.);
#6462=CIRCLE('',#14731,2.);
#6463=CIRCLE('',#14733,1.99999999999999);
#6464=CIRCLE('',#14734,1.99999999999999);
#6465=CIRCLE('',#14735,1.20000000000001);
#6466=CIRCLE('',#14737,1.99999999999999);
#6467=CIRCLE('',#14738,1.99999999999999);
#6468=CIRCLE('',#14739,1.99999999999999);
#6469=CIRCLE('',#14740,1.99999999999999);
#6470=CIRCLE('',#14742,2.);
#6471=CIRCLE('',#14743,2.);
#6472=CIRCLE('',#14744,2.);
#6473=CIRCLE('',#14745,2.);
#6474=CIRCLE('',#14746,2.);
#6475=CIRCLE('',#14747,2.);
#6476=CIRCLE('',#14749,1.2);
#6477=CIRCLE('',#14751,1.99999999999999);
#6478=CIRCLE('',#14752,1.99999999999999);
#6479=CIRCLE('',#14754,1.20000000000001);
#6480=CIRCLE('',#14780,1.20000000000001);
#6481=CIRCLE('',#14782,1.20000000000001);
#6482=CIRCLE('',#14784,1.19999999999999);
#6483=CIRCLE('',#14786,1.20000000000001);
#6484=CIRCLE('',#14788,1.20000000000001);
#6485=CIRCLE('',#14790,1.2);
#6486=CIRCLE('',#14792,1.20000000000001);
#6487=CIRCLE('',#14794,1.20000000000001);
#6488=CIRCLE('',#14796,1.2);
#6489=CIRCLE('',#14798,1.20000000000001);
#6490=CIRCLE('',#14800,1.19999999999999);
#6491=CIRCLE('',#14802,1.20000000000001);
#6492=CIRCLE('',#14804,1.2);
#6493=CIRCLE('',#14806,1.20000000000001);
#6494=CIRCLE('',#14808,1.20000000000001);
#6495=CIRCLE('',#14810,1.19999999999999);
#6496=CIRCLE('',#14812,1.2);
#6497=CIRCLE('',#14814,1.20000000000001);
#6498=CIRCLE('',#14816,1.2);
#6499=CIRCLE('',#14818,1.20000000000001);
#6500=VERTEX_POINT('',#18986);
#6501=VERTEX_POINT('',#18988);
#6502=VERTEX_POINT('',#18992);
#6503=VERTEX_POINT('',#18995);
#6504=VERTEX_POINT('',#18997);
#6505=VERTEX_POINT('',#18999);
#6506=VERTEX_POINT('',#19001);
#6507=VERTEX_POINT('',#19003);
#6508=VERTEX_POINT('',#19005);
#6509=VERTEX_POINT('',#19007);
#6510=VERTEX_POINT('',#19009);
#6511=VERTEX_POINT('',#19011);
#6512=VERTEX_POINT('',#19013);
#6513=VERTEX_POINT('',#19019);
#6514=VERTEX_POINT('',#19022);
#6515=VERTEX_POINT('',#19024);
#6516=VERTEX_POINT('',#19026);
#6517=VERTEX_POINT('',#19028);
#6518=VERTEX_POINT('',#19030);
#6519=VERTEX_POINT('',#19032);
#6520=VERTEX_POINT('',#19034);
#6521=VERTEX_POINT('',#19036);
#6522=VERTEX_POINT('',#19038);
#6523=VERTEX_POINT('',#19040);
#6524=VERTEX_POINT('',#19046);
#6525=VERTEX_POINT('',#19049);
#6526=VERTEX_POINT('',#19050);
#6527=VERTEX_POINT('',#19052);
#6528=VERTEX_POINT('',#19054);
#6529=VERTEX_POINT('',#19057);
#6530=VERTEX_POINT('',#19060);
#6531=VERTEX_POINT('',#19062);
#6532=VERTEX_POINT('',#19064);
#6533=VERTEX_POINT('',#19067);
#6534=VERTEX_POINT('',#19069);
#6535=VERTEX_POINT('',#19072);
#6536=VERTEX_POINT('',#19076);
#6537=VERTEX_POINT('',#19077);
#6538=VERTEX_POINT('',#19079);
#6539=VERTEX_POINT('',#19081);
#6540=VERTEX_POINT('',#19084);
#6541=VERTEX_POINT('',#19087);
#6542=VERTEX_POINT('',#19089);
#6543=VERTEX_POINT('',#19091);
#6544=VERTEX_POINT('',#19094);
#6545=VERTEX_POINT('',#19096);
#6546=VERTEX_POINT('',#19099);
#6547=VERTEX_POINT('',#19103);
#6548=VERTEX_POINT('',#19104);
#6549=VERTEX_POINT('',#19106);
#6550=VERTEX_POINT('',#19108);
#6551=VERTEX_POINT('',#19111);
#6552=VERTEX_POINT('',#19114);
#6553=VERTEX_POINT('',#19116);
#6554=VERTEX_POINT('',#19118);
#6555=VERTEX_POINT('',#19121);
#6556=VERTEX_POINT('',#19123);
#6557=VERTEX_POINT('',#19126);
#6558=VERTEX_POINT('',#19130);
#6559=VERTEX_POINT('',#19131);
#6560=VERTEX_POINT('',#19133);
#6561=VERTEX_POINT('',#19135);
#6562=VERTEX_POINT('',#19138);
#6563=VERTEX_POINT('',#19141);
#6564=VERTEX_POINT('',#19143);
#6565=VERTEX_POINT('',#19145);
#6566=VERTEX_POINT('',#19148);
#6567=VERTEX_POINT('',#19150);
#6568=VERTEX_POINT('',#19153);
#6569=VERTEX_POINT('',#19157);
#6570=VERTEX_POINT('',#19158);
#6571=VERTEX_POINT('',#19160);
#6572=VERTEX_POINT('',#19162);
#6573=VERTEX_POINT('',#19165);
#6574=VERTEX_POINT('',#19168);
#6575=VERTEX_POINT('',#19170);
#6576=VERTEX_POINT('',#19172);
#6577=VERTEX_POINT('',#19175);
#6578=VERTEX_POINT('',#19177);
#6579=VERTEX_POINT('',#19180);
#6580=VERTEX_POINT('',#19184);
#6581=VERTEX_POINT('',#19186);
#6582=VERTEX_POINT('',#19190);
#6583=VERTEX_POINT('',#19193);
#6584=VERTEX_POINT('',#19195);
#6585=VERTEX_POINT('',#19199);
#6586=VERTEX_POINT('',#19202);
#6587=VERTEX_POINT('',#19204);
#6588=VERTEX_POINT('',#19208);
#6589=VERTEX_POINT('',#19211);
#6590=VERTEX_POINT('',#19213);
#6591=VERTEX_POINT('',#19217);
#6592=VERTEX_POINT('',#19220);
#6593=VERTEX_POINT('',#19222);
#6594=VERTEX_POINT('',#19226);
#6595=VERTEX_POINT('',#19229);
#6596=VERTEX_POINT('',#19231);
#6597=VERTEX_POINT('',#19235);
#6598=VERTEX_POINT('',#19238);
#6599=VERTEX_POINT('',#19239);
#6600=VERTEX_POINT('',#19241);
#6601=VERTEX_POINT('',#19243);
#6602=VERTEX_POINT('',#19246);
#6603=VERTEX_POINT('',#19249);
#6604=VERTEX_POINT('',#19251);
#6605=VERTEX_POINT('',#19253);
#6606=VERTEX_POINT('',#19256);
#6607=VERTEX_POINT('',#19258);
#6608=VERTEX_POINT('',#19261);
#6609=VERTEX_POINT('',#19265);
#6610=VERTEX_POINT('',#19266);
#6611=VERTEX_POINT('',#19268);
#6612=VERTEX_POINT('',#19270);
#6613=VERTEX_POINT('',#19273);
#6614=VERTEX_POINT('',#19276);
#6615=VERTEX_POINT('',#19278);
#6616=VERTEX_POINT('',#19280);
#6617=VERTEX_POINT('',#19283);
#6618=VERTEX_POINT('',#19285);
#6619=VERTEX_POINT('',#19288);
#6620=VERTEX_POINT('',#19292);
#6621=VERTEX_POINT('',#19293);
#6622=VERTEX_POINT('',#19295);
#6623=VERTEX_POINT('',#19297);
#6624=VERTEX_POINT('',#19300);
#6625=VERTEX_POINT('',#19303);
#6626=VERTEX_POINT('',#19305);
#6627=VERTEX_POINT('',#19307);
#6628=VERTEX_POINT('',#19310);
#6629=VERTEX_POINT('',#19312);
#6630=VERTEX_POINT('',#19315);
#6631=VERTEX_POINT('',#19319);
#6632=VERTEX_POINT('',#19320);
#6633=VERTEX_POINT('',#19322);
#6634=VERTEX_POINT('',#19324);
#6635=VERTEX_POINT('',#19327);
#6636=VERTEX_POINT('',#19330);
#6637=VERTEX_POINT('',#19332);
#6638=VERTEX_POINT('',#19334);
#6639=VERTEX_POINT('',#19337);
#6640=VERTEX_POINT('',#19339);
#6641=VERTEX_POINT('',#19342);
#6642=VERTEX_POINT('',#19346);
#6643=VERTEX_POINT('',#19348);
#6644=VERTEX_POINT('',#19350);
#6645=VERTEX_POINT('',#19352);
#6646=VERTEX_POINT('',#19354);
#6647=VERTEX_POINT('',#19356);
#6648=VERTEX_POINT('',#19358);
#6649=VERTEX_POINT('',#19360);
#6650=VERTEX_POINT('',#19362);
#6651=VERTEX_POINT('',#19364);
#6652=VERTEX_POINT('',#19370);
#6653=VERTEX_POINT('',#19373);
#6654=VERTEX_POINT('',#19375);
#6655=VERTEX_POINT('',#19379);
#6656=VERTEX_POINT('',#19382);
#6657=VERTEX_POINT('',#19384);
#6658=VERTEX_POINT('',#19386);
#6659=VERTEX_POINT('',#19388);
#6660=VERTEX_POINT('',#19391);
#6661=VERTEX_POINT('',#19392);
#6662=VERTEX_POINT('',#19394);
#6663=VERTEX_POINT('',#19396);
#6664=VERTEX_POINT('',#19400);
#6665=VERTEX_POINT('',#19402);
#6666=VERTEX_POINT('',#19404);
#6667=VERTEX_POINT('',#19406);
#6668=VERTEX_POINT('',#19410);
#6669=VERTEX_POINT('',#19412);
#6670=VERTEX_POINT('',#19414);
#6671=VERTEX_POINT('',#19416);
#6672=VERTEX_POINT('',#19419);
#6673=VERTEX_POINT('',#19420);
#6674=VERTEX_POINT('',#19422);
#6675=VERTEX_POINT('',#19424);
#6676=VERTEX_POINT('',#19428);
#6677=VERTEX_POINT('',#19430);
#6678=VERTEX_POINT('',#19432);
#6679=VERTEX_POINT('',#19434);
#6680=VERTEX_POINT('',#19438);
#6681=VERTEX_POINT('',#19440);
#6682=VERTEX_POINT('',#19442);
#6683=VERTEX_POINT('',#19444);
#6684=VERTEX_POINT('',#19448);
#6685=VERTEX_POINT('',#19450);
#6686=VERTEX_POINT('',#19452);
#6687=VERTEX_POINT('',#19454);
#6688=VERTEX_POINT('',#19457);
#6689=VERTEX_POINT('',#19458);
#6690=VERTEX_POINT('',#19460);
#6691=VERTEX_POINT('',#19462);
#6692=VERTEX_POINT('',#19466);
#6693=VERTEX_POINT('',#19468);
#6694=VERTEX_POINT('',#19470);
#6695=VERTEX_POINT('',#19472);
#6696=VERTEX_POINT('',#19476);
#6697=VERTEX_POINT('',#19478);
#6698=VERTEX_POINT('',#19480);
#6699=VERTEX_POINT('',#19482);
#6700=VERTEX_POINT('',#19485);
#6701=VERTEX_POINT('',#19486);
#6702=VERTEX_POINT('',#19488);
#6703=VERTEX_POINT('',#19490);
#6704=VERTEX_POINT('',#19494);
#6705=VERTEX_POINT('',#19496);
#6706=VERTEX_POINT('',#19498);
#6707=VERTEX_POINT('',#19500);
#6708=VERTEX_POINT('',#19504);
#6709=VERTEX_POINT('',#19506);
#6710=VERTEX_POINT('',#19508);
#6711=VERTEX_POINT('',#19510);
#6712=VERTEX_POINT('',#19513);
#6713=VERTEX_POINT('',#19514);
#6714=VERTEX_POINT('',#19516);
#6715=VERTEX_POINT('',#19518);
#6716=VERTEX_POINT('',#19522);
#6717=VERTEX_POINT('',#19524);
#6718=VERTEX_POINT('',#19526);
#6719=VERTEX_POINT('',#19528);
#6720=VERTEX_POINT('',#19532);
#6721=VERTEX_POINT('',#19534);
#6722=VERTEX_POINT('',#19536);
#6723=VERTEX_POINT('',#19538);
#6724=VERTEX_POINT('',#19541);
#6725=VERTEX_POINT('',#19542);
#6726=VERTEX_POINT('',#19544);
#6727=VERTEX_POINT('',#19546);
#6728=VERTEX_POINT('',#19550);
#6729=VERTEX_POINT('',#19552);
#6730=VERTEX_POINT('',#19554);
#6731=VERTEX_POINT('',#19556);
#6732=VERTEX_POINT('',#19560);
#6733=VERTEX_POINT('',#19562);
#6734=VERTEX_POINT('',#19564);
#6735=VERTEX_POINT('',#19566);
#6736=VERTEX_POINT('',#19569);
#6737=VERTEX_POINT('',#19570);
#6738=VERTEX_POINT('',#19572);
#6739=VERTEX_POINT('',#19574);
#6740=VERTEX_POINT('',#19578);
#6741=VERTEX_POINT('',#19580);
#6742=VERTEX_POINT('',#19582);
#6743=VERTEX_POINT('',#19584);
#6744=VERTEX_POINT('',#19588);
#6745=VERTEX_POINT('',#19590);
#6746=VERTEX_POINT('',#19592);
#6747=VERTEX_POINT('',#19594);
#6748=VERTEX_POINT('',#19597);
#6749=VERTEX_POINT('',#19598);
#6750=VERTEX_POINT('',#19600);
#6751=VERTEX_POINT('',#19602);
#6752=VERTEX_POINT('',#19606);
#6753=VERTEX_POINT('',#19608);
#6754=VERTEX_POINT('',#19610);
#6755=VERTEX_POINT('',#19612);
#6756=VERTEX_POINT('',#19616);
#6757=VERTEX_POINT('',#19618);
#6758=VERTEX_POINT('',#19620);
#6759=VERTEX_POINT('',#19622);
#6760=VERTEX_POINT('',#19625);
#6761=VERTEX_POINT('',#19626);
#6762=VERTEX_POINT('',#19628);
#6763=VERTEX_POINT('',#19630);
#6764=VERTEX_POINT('',#19634);
#6765=VERTEX_POINT('',#19636);
#6766=VERTEX_POINT('',#19638);
#6767=VERTEX_POINT('',#19640);
#6768=VERTEX_POINT('',#19644);
#6769=VERTEX_POINT('',#19646);
#6770=VERTEX_POINT('',#19648);
#6771=VERTEX_POINT('',#19650);
#6772=VERTEX_POINT('',#19653);
#6773=VERTEX_POINT('',#19654);
#6774=VERTEX_POINT('',#19656);
#6775=VERTEX_POINT('',#19658);
#6776=VERTEX_POINT('',#19662);
#6777=VERTEX_POINT('',#19664);
#6778=VERTEX_POINT('',#19666);
#6779=VERTEX_POINT('',#19668);
#6780=VERTEX_POINT('',#19672);
#6781=VERTEX_POINT('',#19674);
#6782=VERTEX_POINT('',#19676);
#6783=VERTEX_POINT('',#19678);
#6784=VERTEX_POINT('',#19681);
#6785=VERTEX_POINT('',#19682);
#6786=VERTEX_POINT('',#19684);
#6787=VERTEX_POINT('',#19686);
#6788=VERTEX_POINT('',#19690);
#6789=VERTEX_POINT('',#19692);
#6790=VERTEX_POINT('',#19694);
#6791=VERTEX_POINT('',#19696);
#6792=VERTEX_POINT('',#19699);
#6793=VERTEX_POINT('',#19700);
#6794=VERTEX_POINT('',#19702);
#6795=VERTEX_POINT('',#19704);
#6796=VERTEX_POINT('',#19708);
#6797=VERTEX_POINT('',#19710);
#6798=VERTEX_POINT('',#19712);
#6799=VERTEX_POINT('',#19714);
#6800=VERTEX_POINT('',#19718);
#6801=VERTEX_POINT('',#19722);
#6802=VERTEX_POINT('',#19726);
#6803=VERTEX_POINT('',#19730);
#6804=VERTEX_POINT('',#19734);
#6805=VERTEX_POINT('',#19738);
#6806=VERTEX_POINT('',#19742);
#6807=VERTEX_POINT('',#19746);
#6808=VERTEX_POINT('',#19750);
#6809=VERTEX_POINT('',#19754);
#6810=VERTEX_POINT('',#19758);
#6811=VERTEX_POINT('',#19762);
#6812=VERTEX_POINT('',#19766);
#6813=VERTEX_POINT('',#19770);
#6814=VERTEX_POINT('',#19774);
#6815=VERTEX_POINT('',#19778);
#6816=VERTEX_POINT('',#19782);
#6817=VERTEX_POINT('',#19786);
#6818=VERTEX_POINT('',#19790);
#6819=VERTEX_POINT('',#19794);
#6820=VERTEX_POINT('',#19798);
#6821=VERTEX_POINT('',#19799);
#6822=VERTEX_POINT('',#19801);
#6823=VERTEX_POINT('',#19803);
#6824=VERTEX_POINT('',#19807);
#6825=VERTEX_POINT('',#19809);
#6826=VERTEX_POINT('',#19813);
#6827=VERTEX_POINT('',#19815);
#6828=VERTEX_POINT('',#19822);
#6829=VERTEX_POINT('',#19823);
#6830=VERTEX_POINT('',#19825);
#6831=VERTEX_POINT('',#19827);
#6832=VERTEX_POINT('',#19831);
#6833=VERTEX_POINT('',#19832);
#6834=VERTEX_POINT('',#19834);
#6835=VERTEX_POINT('',#19836);
#6836=VERTEX_POINT('',#19840);
#6837=VERTEX_POINT('',#19842);
#6838=VERTEX_POINT('',#19846);
#6839=VERTEX_POINT('',#19847);
#6840=VERTEX_POINT('',#19849);
#6841=VERTEX_POINT('',#19851);
#6842=VERTEX_POINT('',#19856);
#6843=VERTEX_POINT('',#19858);
#6844=VERTEX_POINT('',#19863);
#6845=VERTEX_POINT('',#19864);
#6846=VERTEX_POINT('',#19866);
#6847=VERTEX_POINT('',#19868);
#6848=VERTEX_POINT('',#19872);
#6849=VERTEX_POINT('',#19873);
#6850=VERTEX_POINT('',#19875);
#6851=VERTEX_POINT('',#19877);
#6852=VERTEX_POINT('',#19879);
#6853=VERTEX_POINT('',#19881);
#6854=VERTEX_POINT('',#19885);
#6855=VERTEX_POINT('',#19887);
#6856=VERTEX_POINT('',#19889);
#6857=VERTEX_POINT('',#19891);
#6858=VERTEX_POINT('',#19895);
#6859=VERTEX_POINT('',#19897);
#6860=VERTEX_POINT('',#19904);
#6861=VERTEX_POINT('',#19905);
#6862=VERTEX_POINT('',#19907);
#6863=VERTEX_POINT('',#19909);
#6864=VERTEX_POINT('',#19913);
#6865=VERTEX_POINT('',#19914);
#6866=VERTEX_POINT('',#19916);
#6867=VERTEX_POINT('',#19918);
#6868=VERTEX_POINT('',#19920);
#6869=VERTEX_POINT('',#19922);
#6870=VERTEX_POINT('',#19926);
#6871=VERTEX_POINT('',#19928);
#6872=VERTEX_POINT('',#19930);
#6873=VERTEX_POINT('',#19932);
#6874=VERTEX_POINT('',#19936);
#6875=VERTEX_POINT('',#19938);
#6876=VERTEX_POINT('',#19945);
#6877=VERTEX_POINT('',#19946);
#6878=VERTEX_POINT('',#19948);
#6879=VERTEX_POINT('',#19950);
#6880=VERTEX_POINT('',#19954);
#6881=VERTEX_POINT('',#19955);
#6882=VERTEX_POINT('',#19957);
#6883=VERTEX_POINT('',#19959);
#6884=VERTEX_POINT('',#19961);
#6885=VERTEX_POINT('',#19963);
#6886=VERTEX_POINT('',#19967);
#6887=VERTEX_POINT('',#19969);
#6888=VERTEX_POINT('',#19971);
#6889=VERTEX_POINT('',#19973);
#6890=VERTEX_POINT('',#19977);
#6891=VERTEX_POINT('',#19979);
#6892=VERTEX_POINT('',#19986);
#6893=VERTEX_POINT('',#19987);
#6894=VERTEX_POINT('',#19989);
#6895=VERTEX_POINT('',#19991);
#6896=VERTEX_POINT('',#19995);
#6897=VERTEX_POINT('',#19996);
#6898=VERTEX_POINT('',#19998);
#6899=VERTEX_POINT('',#20000);
#6900=VERTEX_POINT('',#20004);
#6901=VERTEX_POINT('',#20006);
#6902=VERTEX_POINT('',#20010);
#6903=VERTEX_POINT('',#20012);
#6904=VERTEX_POINT('',#20019);
#6905=VERTEX_POINT('',#20020);
#6906=VERTEX_POINT('',#20022);
#6907=VERTEX_POINT('',#20024);
#6908=VERTEX_POINT('',#20028);
#6909=VERTEX_POINT('',#20029);
#6910=VERTEX_POINT('',#20031);
#6911=VERTEX_POINT('',#20033);
#6912=VERTEX_POINT('',#20035);
#6913=VERTEX_POINT('',#20037);
#6914=VERTEX_POINT('',#20041);
#6915=VERTEX_POINT('',#20043);
#6916=VERTEX_POINT('',#20045);
#6917=VERTEX_POINT('',#20047);
#6918=VERTEX_POINT('',#20051);
#6919=VERTEX_POINT('',#20053);
#6920=VERTEX_POINT('',#20060);
#6921=VERTEX_POINT('',#20061);
#6922=VERTEX_POINT('',#20063);
#6923=VERTEX_POINT('',#20065);
#6924=VERTEX_POINT('',#20069);
#6925=VERTEX_POINT('',#20070);
#6926=VERTEX_POINT('',#20072);
#6927=VERTEX_POINT('',#20074);
#6928=VERTEX_POINT('',#20078);
#6929=VERTEX_POINT('',#20080);
#6930=VERTEX_POINT('',#20084);
#6931=VERTEX_POINT('',#20085);
#6932=VERTEX_POINT('',#20087);
#6933=VERTEX_POINT('',#20089);
#6934=VERTEX_POINT('',#20094);
#6935=VERTEX_POINT('',#20096);
#6936=VERTEX_POINT('',#20101);
#6937=VERTEX_POINT('',#20102);
#6938=VERTEX_POINT('',#20104);
#6939=VERTEX_POINT('',#20106);
#6940=VERTEX_POINT('',#20110);
#6941=VERTEX_POINT('',#20111);
#6942=VERTEX_POINT('',#20113);
#6943=VERTEX_POINT('',#20115);
#6944=VERTEX_POINT('',#20119);
#6945=VERTEX_POINT('',#20121);
#6946=VERTEX_POINT('',#20125);
#6947=VERTEX_POINT('',#20126);
#6948=VERTEX_POINT('',#20128);
#6949=VERTEX_POINT('',#20130);
#6950=VERTEX_POINT('',#20135);
#6951=VERTEX_POINT('',#20137);
#6952=VERTEX_POINT('',#20142);
#6953=VERTEX_POINT('',#20143);
#6954=VERTEX_POINT('',#20145);
#6955=VERTEX_POINT('',#20147);
#6956=VERTEX_POINT('',#20151);
#6957=VERTEX_POINT('',#20152);
#6958=VERTEX_POINT('',#20154);
#6959=VERTEX_POINT('',#20156);
#6960=VERTEX_POINT('',#20160);
#6961=VERTEX_POINT('',#20162);
#6962=VERTEX_POINT('',#20166);
#6963=VERTEX_POINT('',#20167);
#6964=VERTEX_POINT('',#20169);
#6965=VERTEX_POINT('',#20171);
#6966=VERTEX_POINT('',#20176);
#6967=VERTEX_POINT('',#20178);
#6968=VERTEX_POINT('',#20183);
#6969=VERTEX_POINT('',#20184);
#6970=VERTEX_POINT('',#20186);
#6971=VERTEX_POINT('',#20188);
#6972=VERTEX_POINT('',#20192);
#6973=VERTEX_POINT('',#20194);
#6974=VERTEX_POINT('',#20198);
#6975=VERTEX_POINT('',#20202);
#6976=VERTEX_POINT('',#20204);
#6977=VERTEX_POINT('',#20208);
#6978=VERTEX_POINT('',#20212);
#6979=VERTEX_POINT('',#20214);
#6980=VERTEX_POINT('',#20218);
#6981=VERTEX_POINT('',#20222);
#6982=VERTEX_POINT('',#20224);
#6983=VERTEX_POINT('',#20228);
#6984=VERTEX_POINT('',#20230);
#6985=VERTEX_POINT('',#20234);
#6986=VERTEX_POINT('',#20238);
#6987=VERTEX_POINT('',#20240);
#6988=VERTEX_POINT('',#20244);
#6989=VERTEX_POINT('',#20246);
#6990=VERTEX_POINT('',#20250);
#6991=VERTEX_POINT('',#20254);
#6992=VERTEX_POINT('',#20256);
#6993=VERTEX_POINT('',#20260);
#6994=VERTEX_POINT('',#20262);
#6995=VERTEX_POINT('',#20266);
#6996=VERTEX_POINT('',#20270);
#6997=VERTEX_POINT('',#20272);
#6998=VERTEX_POINT('',#20276);
#6999=VERTEX_POINT('',#20280);
#7000=VERTEX_POINT('',#20282);
#7001=VERTEX_POINT('',#20286);
#7002=VERTEX_POINT('',#20288);
#7003=VERTEX_POINT('',#20292);
#7004=VERTEX_POINT('',#20297);
#7005=VERTEX_POINT('',#20300);
#7006=VERTEX_POINT('',#20301);
#7007=VERTEX_POINT('',#20303);
#7008=VERTEX_POINT('',#20305);
#7009=VERTEX_POINT('',#20309);
#7010=VERTEX_POINT('',#20311);
#7011=VERTEX_POINT('',#20315);
#7012=VERTEX_POINT('',#20320);
#7013=VERTEX_POINT('',#20323);
#7014=VERTEX_POINT('',#20324);
#7015=VERTEX_POINT('',#20326);
#7016=VERTEX_POINT('',#20328);
#7017=VERTEX_POINT('',#20332);
#7018=VERTEX_POINT('',#20334);
#7019=VERTEX_POINT('',#20338);
#7020=VERTEX_POINT('',#20343);
#7021=VERTEX_POINT('',#20346);
#7022=VERTEX_POINT('',#20347);
#7023=VERTEX_POINT('',#20349);
#7024=VERTEX_POINT('',#20351);
#7025=VERTEX_POINT('',#20355);
#7026=VERTEX_POINT('',#20356);
#7027=VERTEX_POINT('',#20358);
#7028=VERTEX_POINT('',#20360);
#7029=VERTEX_POINT('',#20364);
#7030=VERTEX_POINT('',#20366);
#7031=VERTEX_POINT('',#20370);
#7032=VERTEX_POINT('',#20372);
#7033=VERTEX_POINT('',#20379);
#7034=VERTEX_POINT('',#20389);
#7035=VERTEX_POINT('',#20398);
#7036=VERTEX_POINT('',#20400);
#7037=VERTEX_POINT('',#20409);
#7038=VERTEX_POINT('',#20415);
#7039=VERTEX_POINT('',#20416);
#7040=VERTEX_POINT('',#20418);
#7041=VERTEX_POINT('',#20420);
#7042=VERTEX_POINT('',#20424);
#7043=VERTEX_POINT('',#20426);
#7044=VERTEX_POINT('',#20430);
#7045=VERTEX_POINT('',#20432);
#7046=VERTEX_POINT('',#20439);
#7047=VERTEX_POINT('',#20440);
#7048=VERTEX_POINT('',#20442);
#7049=VERTEX_POINT('',#20444);
#7050=VERTEX_POINT('',#20448);
#7051=VERTEX_POINT('',#20450);
#7052=VERTEX_POINT('',#20454);
#7053=VERTEX_POINT('',#20456);
#7054=VERTEX_POINT('',#20463);
#7055=VERTEX_POINT('',#20464);
#7056=VERTEX_POINT('',#20466);
#7057=VERTEX_POINT('',#20468);
#7058=VERTEX_POINT('',#20472);
#7059=VERTEX_POINT('',#20474);
#7060=VERTEX_POINT('',#20478);
#7061=VERTEX_POINT('',#20480);
#7062=VERTEX_POINT('',#20487);
#7063=VERTEX_POINT('',#20488);
#7064=VERTEX_POINT('',#20490);
#7065=VERTEX_POINT('',#20492);
#7066=VERTEX_POINT('',#20496);
#7067=VERTEX_POINT('',#20498);
#7068=VERTEX_POINT('',#20502);
#7069=VERTEX_POINT('',#20504);
#7070=VERTEX_POINT('',#20511);
#7071=VERTEX_POINT('',#20512);
#7072=VERTEX_POINT('',#20514);
#7073=VERTEX_POINT('',#20516);
#7074=VERTEX_POINT('',#20520);
#7075=VERTEX_POINT('',#20522);
#7076=VERTEX_POINT('',#20526);
#7077=VERTEX_POINT('',#20528);
#7078=VERTEX_POINT('',#20535);
#7079=VERTEX_POINT('',#20536);
#7080=VERTEX_POINT('',#20538);
#7081=VERTEX_POINT('',#20540);
#7082=VERTEX_POINT('',#20544);
#7083=VERTEX_POINT('',#20546);
#7084=VERTEX_POINT('',#20550);
#7085=VERTEX_POINT('',#20552);
#7086=VERTEX_POINT('',#20559);
#7087=VERTEX_POINT('',#20560);
#7088=VERTEX_POINT('',#20562);
#7089=VERTEX_POINT('',#20564);
#7090=VERTEX_POINT('',#20568);
#7091=VERTEX_POINT('',#20570);
#7092=VERTEX_POINT('',#20574);
#7093=VERTEX_POINT('',#20576);
#7094=VERTEX_POINT('',#20583);
#7095=VERTEX_POINT('',#20584);
#7096=VERTEX_POINT('',#20586);
#7097=VERTEX_POINT('',#20588);
#7098=VERTEX_POINT('',#20592);
#7099=VERTEX_POINT('',#20594);
#7100=VERTEX_POINT('',#20598);
#7101=VERTEX_POINT('',#20600);
#7102=VERTEX_POINT('',#20607);
#7103=VERTEX_POINT('',#20608);
#7104=VERTEX_POINT('',#20610);
#7105=VERTEX_POINT('',#20612);
#7106=VERTEX_POINT('',#20616);
#7107=VERTEX_POINT('',#20618);
#7108=VERTEX_POINT('',#20622);
#7109=VERTEX_POINT('',#20624);
#7110=VERTEX_POINT('',#20631);
#7111=VERTEX_POINT('',#20632);
#7112=VERTEX_POINT('',#20634);
#7113=VERTEX_POINT('',#20636);
#7114=VERTEX_POINT('',#20640);
#7115=VERTEX_POINT('',#20642);
#7116=VERTEX_POINT('',#20646);
#7117=VERTEX_POINT('',#20648);
#7118=VERTEX_POINT('',#20655);
#7119=VERTEX_POINT('',#20656);
#7120=VERTEX_POINT('',#20658);
#7121=VERTEX_POINT('',#20660);
#7122=VERTEX_POINT('',#20664);
#7123=VERTEX_POINT('',#20666);
#7124=VERTEX_POINT('',#20670);
#7125=VERTEX_POINT('',#20672);
#7126=VERTEX_POINT('',#20679);
#7127=VERTEX_POINT('',#20680);
#7128=VERTEX_POINT('',#20682);
#7129=VERTEX_POINT('',#20684);
#7130=VERTEX_POINT('',#20688);
#7131=VERTEX_POINT('',#20690);
#7132=VERTEX_POINT('',#20694);
#7133=VERTEX_POINT('',#20696);
#7134=VERTEX_POINT('',#20703);
#7135=VERTEX_POINT('',#20704);
#7136=VERTEX_POINT('',#20706);
#7137=VERTEX_POINT('',#20708);
#7138=VERTEX_POINT('',#20712);
#7139=VERTEX_POINT('',#20714);
#7140=VERTEX_POINT('',#20718);
#7141=VERTEX_POINT('',#20720);
#7142=VERTEX_POINT('',#20727);
#7143=VERTEX_POINT('',#20729);
#7144=VERTEX_POINT('',#20733);
#7145=VERTEX_POINT('',#20737);
#7146=VERTEX_POINT('',#20743);
#7147=VERTEX_POINT('',#20744);
#7148=VERTEX_POINT('',#20746);
#7149=VERTEX_POINT('',#20748);
#7150=VERTEX_POINT('',#20758);
#7151=VERTEX_POINT('',#20760);
#7152=VERTEX_POINT('',#20764);
#7153=VERTEX_POINT('',#20768);
#7154=VERTEX_POINT('',#20774);
#7155=VERTEX_POINT('',#20775);
#7156=VERTEX_POINT('',#20777);
#7157=VERTEX_POINT('',#20779);
#7158=VERTEX_POINT('',#20783);
#7159=VERTEX_POINT('',#20785);
#7160=VERTEX_POINT('',#20789);
#7161=VERTEX_POINT('',#20791);
#7162=VERTEX_POINT('',#20798);
#7163=VERTEX_POINT('',#20799);
#7164=VERTEX_POINT('',#20801);
#7165=VERTEX_POINT('',#20803);
#7166=VERTEX_POINT('',#20807);
#7167=VERTEX_POINT('',#20809);
#7168=VERTEX_POINT('',#20813);
#7169=VERTEX_POINT('',#20815);
#7170=VERTEX_POINT('',#20822);
#7171=VERTEX_POINT('',#20823);
#7172=VERTEX_POINT('',#20825);
#7173=VERTEX_POINT('',#20827);
#7174=VERTEX_POINT('',#20837);
#7175=VERTEX_POINT('',#20838);
#7176=VERTEX_POINT('',#20840);
#7177=VERTEX_POINT('',#20842);
#7178=VERTEX_POINT('',#20846);
#7179=VERTEX_POINT('',#20848);
#7180=VERTEX_POINT('',#20852);
#7181=VERTEX_POINT('',#20854);
#7182=VERTEX_POINT('',#20861);
#7183=VERTEX_POINT('',#20863);
#7184=VERTEX_POINT('',#20867);
#7185=VERTEX_POINT('',#20869);
#7186=VERTEX_POINT('',#20876);
#7187=VERTEX_POINT('',#20877);
#7188=VERTEX_POINT('',#20879);
#7189=VERTEX_POINT('',#20881);
#7190=VERTEX_POINT('',#20885);
#7191=VERTEX_POINT('',#20887);
#7192=VERTEX_POINT('',#20891);
#7193=VERTEX_POINT('',#20893);
#7194=VERTEX_POINT('',#20900);
#7195=VERTEX_POINT('',#20902);
#7196=VERTEX_POINT('',#20906);
#7197=VERTEX_POINT('',#20908);
#7198=VERTEX_POINT('',#20915);
#7199=VERTEX_POINT('',#20917);
#7200=VERTEX_POINT('',#20921);
#7201=VERTEX_POINT('',#20925);
#7202=VERTEX_POINT('',#20931);
#7203=VERTEX_POINT('',#20933);
#7204=VERTEX_POINT('',#20937);
#7205=VERTEX_POINT('',#20941);
#7206=VERTEX_POINT('',#20947);
#7207=VERTEX_POINT('',#20948);
#7208=VERTEX_POINT('',#20950);
#7209=VERTEX_POINT('',#20952);
#7210=VERTEX_POINT('',#20956);
#7211=VERTEX_POINT('',#20958);
#7212=VERTEX_POINT('',#20962);
#7213=VERTEX_POINT('',#20964);
#7214=VERTEX_POINT('',#20971);
#7215=VERTEX_POINT('',#20973);
#7216=VERTEX_POINT('',#20977);
#7217=VERTEX_POINT('',#20981);
#7218=VERTEX_POINT('',#20987);
#7219=VERTEX_POINT('',#20989);
#7220=VERTEX_POINT('',#20993);
#7221=VERTEX_POINT('',#20995);
#7222=VERTEX_POINT('',#21002);
#7223=VERTEX_POINT('',#21003);
#7224=VERTEX_POINT('',#21005);
#7225=VERTEX_POINT('',#21007);
#7226=VERTEX_POINT('',#21011);
#7227=VERTEX_POINT('',#21013);
#7228=VERTEX_POINT('',#21017);
#7229=VERTEX_POINT('',#21019);
#7230=VERTEX_POINT('',#21026);
#7231=VERTEX_POINT('',#21027);
#7232=VERTEX_POINT('',#21029);
#7233=VERTEX_POINT('',#21031);
#7234=VERTEX_POINT('',#21035);
#7235=VERTEX_POINT('',#21037);
#7236=VERTEX_POINT('',#21041);
#7237=VERTEX_POINT('',#21043);
#7238=VERTEX_POINT('',#21050);
#7239=VERTEX_POINT('',#21051);
#7240=VERTEX_POINT('',#21053);
#7241=VERTEX_POINT('',#21055);
#7242=VERTEX_POINT('',#21059);
#7243=VERTEX_POINT('',#21061);
#7244=VERTEX_POINT('',#21065);
#7245=VERTEX_POINT('',#21067);
#7246=VERTEX_POINT('',#21074);
#7247=VERTEX_POINT('',#21075);
#7248=VERTEX_POINT('',#21077);
#7249=VERTEX_POINT('',#21079);
#7250=VERTEX_POINT('',#21083);
#7251=VERTEX_POINT('',#21085);
#7252=VERTEX_POINT('',#21089);
#7253=VERTEX_POINT('',#21091);
#7254=VERTEX_POINT('',#21098);
#7255=VERTEX_POINT('',#21099);
#7256=VERTEX_POINT('',#21101);
#7257=VERTEX_POINT('',#21103);
#7258=VERTEX_POINT('',#21107);
#7259=VERTEX_POINT('',#21109);
#7260=VERTEX_POINT('',#21113);
#7261=VERTEX_POINT('',#21115);
#7262=VERTEX_POINT('',#21122);
#7263=VERTEX_POINT('',#21123);
#7264=VERTEX_POINT('',#21125);
#7265=VERTEX_POINT('',#21127);
#7266=VERTEX_POINT('',#21137);
#7267=VERTEX_POINT('',#21139);
#7268=VERTEX_POINT('',#21143);
#7269=VERTEX_POINT('',#21147);
#7270=VERTEX_POINT('',#21153);
#7271=VERTEX_POINT('',#21154);
#7272=VERTEX_POINT('',#21156);
#7273=VERTEX_POINT('',#21158);
#7274=VERTEX_POINT('',#21162);
#7275=VERTEX_POINT('',#21164);
#7276=VERTEX_POINT('',#21168);
#7277=VERTEX_POINT('',#21170);
#7278=VERTEX_POINT('',#21177);
#7279=VERTEX_POINT('',#21178);
#7280=VERTEX_POINT('',#21180);
#7281=VERTEX_POINT('',#21182);
#7282=VERTEX_POINT('',#21192);
#7283=VERTEX_POINT('',#21193);
#7284=VERTEX_POINT('',#21195);
#7285=VERTEX_POINT('',#21197);
#7286=VERTEX_POINT('',#21201);
#7287=VERTEX_POINT('',#21203);
#7288=VERTEX_POINT('',#21207);
#7289=VERTEX_POINT('',#21209);
#7290=VERTEX_POINT('',#21216);
#7291=VERTEX_POINT('',#21218);
#7292=VERTEX_POINT('',#21222);
#7293=VERTEX_POINT('',#21226);
#7294=VERTEX_POINT('',#21232);
#7295=VERTEX_POINT('',#21233);
#7296=VERTEX_POINT('',#21235);
#7297=VERTEX_POINT('',#21237);
#7298=VERTEX_POINT('',#21241);
#7299=VERTEX_POINT('',#21243);
#7300=VERTEX_POINT('',#21247);
#7301=VERTEX_POINT('',#21249);
#7302=VERTEX_POINT('',#21256);
#7303=VERTEX_POINT('',#21257);
#7304=VERTEX_POINT('',#21259);
#7305=VERTEX_POINT('',#21261);
#7306=VERTEX_POINT('',#21271);
#7307=VERTEX_POINT('',#21273);
#7308=VERTEX_POINT('',#21277);
#7309=VERTEX_POINT('',#21281);
#7310=VERTEX_POINT('',#21287);
#7311=VERTEX_POINT('',#21288);
#7312=VERTEX_POINT('',#21290);
#7313=VERTEX_POINT('',#21292);
#7314=VERTEX_POINT('',#21296);
#7315=VERTEX_POINT('',#21298);
#7316=VERTEX_POINT('',#21302);
#7317=VERTEX_POINT('',#21304);
#7318=VERTEX_POINT('',#21311);
#7319=VERTEX_POINT('',#21312);
#7320=VERTEX_POINT('',#21314);
#7321=VERTEX_POINT('',#21316);
#7322=VERTEX_POINT('',#21320);
#7323=VERTEX_POINT('',#21322);
#7324=VERTEX_POINT('',#21326);
#7325=VERTEX_POINT('',#21328);
#7326=VERTEX_POINT('',#21335);
#7327=VERTEX_POINT('',#21336);
#7328=VERTEX_POINT('',#21338);
#7329=VERTEX_POINT('',#21340);
#7330=VERTEX_POINT('',#21344);
#7331=VERTEX_POINT('',#21346);
#7332=VERTEX_POINT('',#21350);
#7333=VERTEX_POINT('',#21352);
#7334=VERTEX_POINT('',#21359);
#7335=VERTEX_POINT('',#21360);
#7336=VERTEX_POINT('',#21362);
#7337=VERTEX_POINT('',#21364);
#7338=VERTEX_POINT('',#21374);
#7339=VERTEX_POINT('',#21375);
#7340=VERTEX_POINT('',#21377);
#7341=VERTEX_POINT('',#21379);
#7342=VERTEX_POINT('',#21389);
#7343=VERTEX_POINT('',#21391);
#7344=VERTEX_POINT('',#21395);
#7345=VERTEX_POINT('',#21399);
#7346=VERTEX_POINT('',#21405);
#7347=VERTEX_POINT('',#21407);
#7348=VERTEX_POINT('',#21411);
#7349=VERTEX_POINT('',#21413);
#7350=VERTEX_POINT('',#21420);
#7351=VERTEX_POINT('',#21421);
#7352=VERTEX_POINT('',#21423);
#7353=VERTEX_POINT('',#21425);
#7354=VERTEX_POINT('',#21429);
#7355=VERTEX_POINT('',#21431);
#7356=VERTEX_POINT('',#21435);
#7357=VERTEX_POINT('',#21437);
#7358=VERTEX_POINT('',#21444);
#7359=VERTEX_POINT('',#21446);
#7360=VERTEX_POINT('',#21450);
#7361=VERTEX_POINT('',#21454);
#7362=VERTEX_POINT('',#21460);
#7363=VERTEX_POINT('',#21461);
#7364=VERTEX_POINT('',#21463);
#7365=VERTEX_POINT('',#21465);
#7366=VERTEX_POINT('',#21469);
#7367=VERTEX_POINT('',#21471);
#7368=VERTEX_POINT('',#21475);
#7369=VERTEX_POINT('',#21477);
#7370=VERTEX_POINT('',#21484);
#7371=VERTEX_POINT('',#21486);
#7372=VERTEX_POINT('',#21490);
#7373=VERTEX_POINT('',#21492);
#7374=VERTEX_POINT('',#21499);
#7375=VERTEX_POINT('',#21500);
#7376=VERTEX_POINT('',#21502);
#7377=VERTEX_POINT('',#21504);
#7378=VERTEX_POINT('',#21508);
#7379=VERTEX_POINT('',#21510);
#7380=VERTEX_POINT('',#21514);
#7381=VERTEX_POINT('',#21516);
#7382=VERTEX_POINT('',#21523);
#7383=VERTEX_POINT('',#21525);
#7384=VERTEX_POINT('',#21529);
#7385=VERTEX_POINT('',#21533);
#7386=VERTEX_POINT('',#21539);
#7387=VERTEX_POINT('',#21541);
#7388=VERTEX_POINT('',#21545);
#7389=VERTEX_POINT('',#21549);
#7390=VERTEX_POINT('',#21555);
#7391=VERTEX_POINT('',#21556);
#7392=VERTEX_POINT('',#21558);
#7393=VERTEX_POINT('',#21560);
#7394=VERTEX_POINT('',#21564);
#7395=VERTEX_POINT('',#21565);
#7396=VERTEX_POINT('',#21567);
#7397=VERTEX_POINT('',#21569);
#7398=VERTEX_POINT('',#21573);
#7399=VERTEX_POINT('',#21574);
#7400=VERTEX_POINT('',#21576);
#7401=VERTEX_POINT('',#21578);
#7402=VERTEX_POINT('',#21582);
#7403=VERTEX_POINT('',#21583);
#7404=VERTEX_POINT('',#21585);
#7405=VERTEX_POINT('',#21587);
#7406=VERTEX_POINT('',#21591);
#7407=VERTEX_POINT('',#21592);
#7408=VERTEX_POINT('',#21594);
#7409=VERTEX_POINT('',#21596);
#7410=VERTEX_POINT('',#21600);
#7411=VERTEX_POINT('',#21601);
#7412=VERTEX_POINT('',#21603);
#7413=VERTEX_POINT('',#21605);
#7414=VERTEX_POINT('',#21609);
#7415=VERTEX_POINT('',#21610);
#7416=VERTEX_POINT('',#21612);
#7417=VERTEX_POINT('',#21614);
#7418=VERTEX_POINT('',#21618);
#7419=VERTEX_POINT('',#21619);
#7420=VERTEX_POINT('',#21621);
#7421=VERTEX_POINT('',#21623);
#7422=VERTEX_POINT('',#21627);
#7423=VERTEX_POINT('',#21628);
#7424=VERTEX_POINT('',#21630);
#7425=VERTEX_POINT('',#21632);
#7426=VERTEX_POINT('',#21636);
#7427=VERTEX_POINT('',#21637);
#7428=VERTEX_POINT('',#21639);
#7429=VERTEX_POINT('',#21641);
#7430=VERTEX_POINT('',#21645);
#7431=VERTEX_POINT('',#21646);
#7432=VERTEX_POINT('',#21648);
#7433=VERTEX_POINT('',#21650);
#7434=VERTEX_POINT('',#21654);
#7435=VERTEX_POINT('',#21655);
#7436=VERTEX_POINT('',#21657);
#7437=VERTEX_POINT('',#21659);
#7438=VERTEX_POINT('',#21663);
#7439=VERTEX_POINT('',#21664);
#7440=VERTEX_POINT('',#21666);
#7441=VERTEX_POINT('',#21668);
#7442=VERTEX_POINT('',#21672);
#7443=VERTEX_POINT('',#21673);
#7444=VERTEX_POINT('',#21675);
#7445=VERTEX_POINT('',#21677);
#7446=VERTEX_POINT('',#21681);
#7447=VERTEX_POINT('',#21682);
#7448=VERTEX_POINT('',#21684);
#7449=VERTEX_POINT('',#21686);
#7450=VERTEX_POINT('',#21690);
#7451=VERTEX_POINT('',#21691);
#7452=VERTEX_POINT('',#21693);
#7453=VERTEX_POINT('',#21695);
#7454=VERTEX_POINT('',#21699);
#7455=VERTEX_POINT('',#21700);
#7456=VERTEX_POINT('',#21702);
#7457=VERTEX_POINT('',#21704);
#7458=VERTEX_POINT('',#21708);
#7459=VERTEX_POINT('',#21709);
#7460=VERTEX_POINT('',#21711);
#7461=VERTEX_POINT('',#21713);
#7462=VERTEX_POINT('',#21717);
#7463=VERTEX_POINT('',#21718);
#7464=VERTEX_POINT('',#21720);
#7465=VERTEX_POINT('',#21722);
#7466=VERTEX_POINT('',#21726);
#7467=VERTEX_POINT('',#21727);
#7468=VERTEX_POINT('',#21729);
#7469=VERTEX_POINT('',#21731);
#7470=VERTEX_POINT('',#21735);
#7471=VERTEX_POINT('',#21736);
#7472=VERTEX_POINT('',#21738);
#7473=VERTEX_POINT('',#21740);
#7474=VERTEX_POINT('',#21744);
#7475=VERTEX_POINT('',#21745);
#7476=VERTEX_POINT('',#21747);
#7477=VERTEX_POINT('',#21749);
#7478=VERTEX_POINT('',#21753);
#7479=VERTEX_POINT('',#21754);
#7480=VERTEX_POINT('',#21756);
#7481=VERTEX_POINT('',#21758);
#7482=VERTEX_POINT('',#21762);
#7483=VERTEX_POINT('',#21763);
#7484=VERTEX_POINT('',#21765);
#7485=VERTEX_POINT('',#21767);
#7486=VERTEX_POINT('',#21771);
#7487=VERTEX_POINT('',#21772);
#7488=VERTEX_POINT('',#21774);
#7489=VERTEX_POINT('',#21776);
#7490=VERTEX_POINT('',#21780);
#7491=VERTEX_POINT('',#21781);
#7492=VERTEX_POINT('',#21783);
#7493=VERTEX_POINT('',#21785);
#7494=VERTEX_POINT('',#21789);
#7495=VERTEX_POINT('',#21790);
#7496=VERTEX_POINT('',#21792);
#7497=VERTEX_POINT('',#21794);
#7498=VERTEX_POINT('',#21798);
#7499=VERTEX_POINT('',#21799);
#7500=VERTEX_POINT('',#21801);
#7501=VERTEX_POINT('',#21803);
#7502=VERTEX_POINT('',#21807);
#7503=VERTEX_POINT('',#21808);
#7504=VERTEX_POINT('',#21810);
#7505=VERTEX_POINT('',#21812);
#7506=VERTEX_POINT('',#21816);
#7507=VERTEX_POINT('',#21817);
#7508=VERTEX_POINT('',#21819);
#7509=VERTEX_POINT('',#21821);
#7510=VERTEX_POINT('',#21825);
#7511=VERTEX_POINT('',#21826);
#7512=VERTEX_POINT('',#21828);
#7513=VERTEX_POINT('',#21830);
#7514=VERTEX_POINT('',#21834);
#7515=VERTEX_POINT('',#21835);
#7516=VERTEX_POINT('',#21837);
#7517=VERTEX_POINT('',#21839);
#7518=VERTEX_POINT('',#21843);
#7519=VERTEX_POINT('',#21844);
#7520=VERTEX_POINT('',#21846);
#7521=VERTEX_POINT('',#21848);
#7522=VERTEX_POINT('',#21852);
#7523=VERTEX_POINT('',#21853);
#7524=VERTEX_POINT('',#21855);
#7525=VERTEX_POINT('',#21857);
#7526=VERTEX_POINT('',#21861);
#7527=VERTEX_POINT('',#21862);
#7528=VERTEX_POINT('',#21864);
#7529=VERTEX_POINT('',#21866);
#7530=VERTEX_POINT('',#21870);
#7531=VERTEX_POINT('',#21871);
#7532=VERTEX_POINT('',#21873);
#7533=VERTEX_POINT('',#21875);
#7534=VERTEX_POINT('',#21879);
#7535=VERTEX_POINT('',#21880);
#7536=VERTEX_POINT('',#21882);
#7537=VERTEX_POINT('',#21884);
#7538=VERTEX_POINT('',#21888);
#7539=VERTEX_POINT('',#21889);
#7540=VERTEX_POINT('',#21891);
#7541=VERTEX_POINT('',#21893);
#7542=VERTEX_POINT('',#21897);
#7543=VERTEX_POINT('',#21898);
#7544=VERTEX_POINT('',#21900);
#7545=VERTEX_POINT('',#21902);
#7546=VERTEX_POINT('',#21906);
#7547=VERTEX_POINT('',#21907);
#7548=VERTEX_POINT('',#21909);
#7549=VERTEX_POINT('',#21911);
#7550=VERTEX_POINT('',#21915);
#7551=VERTEX_POINT('',#21916);
#7552=VERTEX_POINT('',#21918);
#7553=VERTEX_POINT('',#21920);
#7554=VERTEX_POINT('',#21924);
#7555=VERTEX_POINT('',#21925);
#7556=VERTEX_POINT('',#21927);
#7557=VERTEX_POINT('',#21929);
#7558=VERTEX_POINT('',#21933);
#7559=VERTEX_POINT('',#21934);
#7560=VERTEX_POINT('',#21936);
#7561=VERTEX_POINT('',#21938);
#7562=VERTEX_POINT('',#21942);
#7563=VERTEX_POINT('',#21943);
#7564=VERTEX_POINT('',#21945);
#7565=VERTEX_POINT('',#21947);
#7566=VERTEX_POINT('',#21951);
#7567=VERTEX_POINT('',#21952);
#7568=VERTEX_POINT('',#21954);
#7569=VERTEX_POINT('',#21956);
#7570=VERTEX_POINT('',#21960);
#7571=VERTEX_POINT('',#21961);
#7572=VERTEX_POINT('',#21963);
#7573=VERTEX_POINT('',#21965);
#7574=VERTEX_POINT('',#21969);
#7575=VERTEX_POINT('',#21970);
#7576=VERTEX_POINT('',#21972);
#7577=VERTEX_POINT('',#21974);
#7578=VERTEX_POINT('',#21978);
#7579=VERTEX_POINT('',#21980);
#7580=VERTEX_POINT('',#21984);
#7581=VERTEX_POINT('',#21988);
#7582=VERTEX_POINT('',#21994);
#7583=VERTEX_POINT('',#22000);
#7584=VERTEX_POINT('',#22006);
#7585=VERTEX_POINT('',#22012);
#7586=VERTEX_POINT('',#22018);
#7587=VERTEX_POINT('',#22024);
#7588=VERTEX_POINT('',#22030);
#7589=VERTEX_POINT('',#22036);
#7590=VERTEX_POINT('',#22042);
#7591=VERTEX_POINT('',#22044);
#7592=VERTEX_POINT('',#22048);
#7593=VERTEX_POINT('',#22052);
#7594=VERTEX_POINT('',#22058);
#7595=VERTEX_POINT('',#22064);
#7596=VERTEX_POINT('',#22070);
#7597=VERTEX_POINT('',#22072);
#7598=VERTEX_POINT('',#22076);
#7599=VERTEX_POINT('',#22080);
#7600=VERTEX_POINT('',#22086);
#7601=VERTEX_POINT('',#22088);
#7602=VERTEX_POINT('',#22092);
#7603=VERTEX_POINT('',#22096);
#7604=VERTEX_POINT('',#22102);
#7605=VERTEX_POINT('',#22104);
#7606=VERTEX_POINT('',#22108);
#7607=VERTEX_POINT('',#22112);
#7608=VERTEX_POINT('',#22118);
#7609=VERTEX_POINT('',#22120);
#7610=VERTEX_POINT('',#22124);
#7611=VERTEX_POINT('',#22128);
#7612=VERTEX_POINT('',#22134);
#7613=VERTEX_POINT('',#22136);
#7614=VERTEX_POINT('',#22140);
#7615=VERTEX_POINT('',#22144);
#7616=VERTEX_POINT('',#22150);
#7617=VERTEX_POINT('',#22152);
#7618=VERTEX_POINT('',#22156);
#7619=VERTEX_POINT('',#22160);
#7620=VERTEX_POINT('',#22166);
#7621=VERTEX_POINT('',#22168);
#7622=VERTEX_POINT('',#22172);
#7623=VERTEX_POINT('',#22176);
#7624=VERTEX_POINT('',#22182);
#7625=VERTEX_POINT('',#22184);
#7626=VERTEX_POINT('',#22188);
#7627=VERTEX_POINT('',#22192);
#7628=VERTEX_POINT('',#22198);
#7629=VERTEX_POINT('',#22200);
#7630=VERTEX_POINT('',#22204);
#7631=VERTEX_POINT('',#22208);
#7632=VERTEX_POINT('',#22214);
#7633=VERTEX_POINT('',#22216);
#7634=VERTEX_POINT('',#22220);
#7635=VERTEX_POINT('',#22224);
#7636=VERTEX_POINT('',#22230);
#7637=VERTEX_POINT('',#22232);
#7638=VERTEX_POINT('',#22236);
#7639=VERTEX_POINT('',#22240);
#7640=VERTEX_POINT('',#22246);
#7641=VERTEX_POINT('',#22248);
#7642=VERTEX_POINT('',#22252);
#7643=VERTEX_POINT('',#22256);
#7644=VERTEX_POINT('',#22262);
#7645=VERTEX_POINT('',#22264);
#7646=VERTEX_POINT('',#22268);
#7647=VERTEX_POINT('',#22272);
#7648=VERTEX_POINT('',#22278);
#7649=VERTEX_POINT('',#22280);
#7650=VERTEX_POINT('',#22284);
#7651=VERTEX_POINT('',#22288);
#7652=VERTEX_POINT('',#22294);
#7653=VERTEX_POINT('',#22296);
#7654=VERTEX_POINT('',#22300);
#7655=VERTEX_POINT('',#22304);
#7656=VERTEX_POINT('',#22310);
#7657=VERTEX_POINT('',#22312);
#7658=VERTEX_POINT('',#22316);
#7659=VERTEX_POINT('',#22320);
#7660=VERTEX_POINT('',#22326);
#7661=VERTEX_POINT('',#22328);
#7662=VERTEX_POINT('',#22332);
#7663=VERTEX_POINT('',#22336);
#7664=VERTEX_POINT('',#22342);
#7665=VERTEX_POINT('',#22344);
#7666=VERTEX_POINT('',#22348);
#7667=VERTEX_POINT('',#22352);
#7668=VERTEX_POINT('',#22358);
#7669=VERTEX_POINT('',#22360);
#7670=VERTEX_POINT('',#22364);
#7671=VERTEX_POINT('',#22368);
#7672=VERTEX_POINT('',#22374);
#7673=VERTEX_POINT('',#22376);
#7674=VERTEX_POINT('',#22380);
#7675=VERTEX_POINT('',#22384);
#7676=VERTEX_POINT('',#22390);
#7677=VERTEX_POINT('',#22392);
#7678=VERTEX_POINT('',#22396);
#7679=VERTEX_POINT('',#22400);
#7680=VERTEX_POINT('',#22406);
#7681=VERTEX_POINT('',#22408);
#7682=VERTEX_POINT('',#22412);
#7683=VERTEX_POINT('',#22416);
#7684=VERTEX_POINT('',#22422);
#7685=VERTEX_POINT('',#22424);
#7686=VERTEX_POINT('',#22428);
#7687=VERTEX_POINT('',#22432);
#7688=VERTEX_POINT('',#22438);
#7689=VERTEX_POINT('',#22440);
#7690=VERTEX_POINT('',#22444);
#7691=VERTEX_POINT('',#22448);
#7692=VERTEX_POINT('',#22454);
#7693=VERTEX_POINT('',#22456);
#7694=VERTEX_POINT('',#22460);
#7695=VERTEX_POINT('',#22464);
#7696=VERTEX_POINT('',#22470);
#7697=VERTEX_POINT('',#22472);
#7698=VERTEX_POINT('',#22476);
#7699=VERTEX_POINT('',#22480);
#7700=VERTEX_POINT('',#22486);
#7701=VERTEX_POINT('',#22488);
#7702=VERTEX_POINT('',#22492);
#7703=VERTEX_POINT('',#22496);
#7704=VERTEX_POINT('',#22502);
#7705=VERTEX_POINT('',#22504);
#7706=VERTEX_POINT('',#22508);
#7707=VERTEX_POINT('',#22512);
#7708=VERTEX_POINT('',#22518);
#7709=VERTEX_POINT('',#22520);
#7710=VERTEX_POINT('',#22524);
#7711=VERTEX_POINT('',#22528);
#7712=VERTEX_POINT('',#22534);
#7713=VERTEX_POINT('',#22536);
#7714=VERTEX_POINT('',#22540);
#7715=VERTEX_POINT('',#22544);
#7716=VERTEX_POINT('',#22550);
#7717=VERTEX_POINT('',#22552);
#7718=VERTEX_POINT('',#22556);
#7719=VERTEX_POINT('',#22560);
#7720=VERTEX_POINT('',#22566);
#7721=VERTEX_POINT('',#22568);
#7722=VERTEX_POINT('',#22572);
#7723=VERTEX_POINT('',#22576);
#7724=VERTEX_POINT('',#22582);
#7725=VERTEX_POINT('',#22584);
#7726=VERTEX_POINT('',#22588);
#7727=VERTEX_POINT('',#22592);
#7728=VERTEX_POINT('',#22598);
#7729=VERTEX_POINT('',#22600);
#7730=VERTEX_POINT('',#22604);
#7731=VERTEX_POINT('',#22608);
#7732=VERTEX_POINT('',#22614);
#7733=VERTEX_POINT('',#22616);
#7734=VERTEX_POINT('',#22620);
#7735=VERTEX_POINT('',#22624);
#7736=VERTEX_POINT('',#22630);
#7737=VERTEX_POINT('',#22632);
#7738=VERTEX_POINT('',#22636);
#7739=VERTEX_POINT('',#22640);
#7740=VERTEX_POINT('',#22646);
#7741=VERTEX_POINT('',#22648);
#7742=VERTEX_POINT('',#22652);
#7743=VERTEX_POINT('',#22656);
#7744=VERTEX_POINT('',#22662);
#7745=VERTEX_POINT('',#22664);
#7746=VERTEX_POINT('',#22668);
#7747=VERTEX_POINT('',#22672);
#7748=VERTEX_POINT('',#22678);
#7749=VERTEX_POINT('',#22680);
#7750=VERTEX_POINT('',#22684);
#7751=VERTEX_POINT('',#22688);
#7752=VERTEX_POINT('',#22694);
#7753=VERTEX_POINT('',#22696);
#7754=VERTEX_POINT('',#22700);
#7755=VERTEX_POINT('',#22704);
#7756=VERTEX_POINT('',#22710);
#7757=VERTEX_POINT('',#22712);
#7758=VERTEX_POINT('',#22716);
#7759=VERTEX_POINT('',#22720);
#7760=VERTEX_POINT('',#22726);
#7761=VERTEX_POINT('',#22728);
#7762=VERTEX_POINT('',#22732);
#7763=VERTEX_POINT('',#22736);
#7764=VERTEX_POINT('',#22742);
#7765=VERTEX_POINT('',#22744);
#7766=VERTEX_POINT('',#22748);
#7767=VERTEX_POINT('',#22752);
#7768=VERTEX_POINT('',#22758);
#7769=VERTEX_POINT('',#22760);
#7770=VERTEX_POINT('',#22764);
#7771=VERTEX_POINT('',#22768);
#7772=VERTEX_POINT('',#22774);
#7773=VERTEX_POINT('',#22776);
#7774=VERTEX_POINT('',#22780);
#7775=VERTEX_POINT('',#22784);
#7776=VERTEX_POINT('',#22790);
#7777=VERTEX_POINT('',#22792);
#7778=VERTEX_POINT('',#22796);
#7779=VERTEX_POINT('',#22800);
#7780=VERTEX_POINT('',#22806);
#7781=VERTEX_POINT('',#22808);
#7782=VERTEX_POINT('',#22812);
#7783=VERTEX_POINT('',#22816);
#7784=VERTEX_POINT('',#22822);
#7785=VERTEX_POINT('',#22824);
#7786=VERTEX_POINT('',#22828);
#7787=VERTEX_POINT('',#22832);
#7788=VERTEX_POINT('',#22838);
#7789=VERTEX_POINT('',#22840);
#7790=VERTEX_POINT('',#22844);
#7791=VERTEX_POINT('',#22848);
#7792=VERTEX_POINT('',#22854);
#7793=VERTEX_POINT('',#22856);
#7794=VERTEX_POINT('',#22860);
#7795=VERTEX_POINT('',#22864);
#7796=VERTEX_POINT('',#22870);
#7797=VERTEX_POINT('',#22872);
#7798=VERTEX_POINT('',#22876);
#7799=VERTEX_POINT('',#22880);
#7800=VERTEX_POINT('',#22886);
#7801=VERTEX_POINT('',#22888);
#7802=VERTEX_POINT('',#22892);
#7803=VERTEX_POINT('',#22896);
#7804=VERTEX_POINT('',#22902);
#7805=VERTEX_POINT('',#22904);
#7806=VERTEX_POINT('',#22908);
#7807=VERTEX_POINT('',#22912);
#7808=VERTEX_POINT('',#22918);
#7809=VERTEX_POINT('',#22920);
#7810=VERTEX_POINT('',#22924);
#7811=VERTEX_POINT('',#22928);
#7812=VERTEX_POINT('',#22934);
#7813=VERTEX_POINT('',#22936);
#7814=VERTEX_POINT('',#22940);
#7815=VERTEX_POINT('',#22944);
#7816=VERTEX_POINT('',#22950);
#7817=VERTEX_POINT('',#22952);
#7818=VERTEX_POINT('',#22956);
#7819=VERTEX_POINT('',#22960);
#7820=VERTEX_POINT('',#22966);
#7821=VERTEX_POINT('',#22968);
#7822=VERTEX_POINT('',#22972);
#7823=VERTEX_POINT('',#22976);
#7824=VERTEX_POINT('',#22982);
#7825=VERTEX_POINT('',#22984);
#7826=VERTEX_POINT('',#22988);
#7827=VERTEX_POINT('',#22992);
#7828=VERTEX_POINT('',#22998);
#7829=VERTEX_POINT('',#23000);
#7830=VERTEX_POINT('',#23004);
#7831=VERTEX_POINT('',#23008);
#7832=VERTEX_POINT('',#23014);
#7833=VERTEX_POINT('',#23016);
#7834=VERTEX_POINT('',#23020);
#7835=VERTEX_POINT('',#23024);
#7836=EDGE_CURVE('',#6500,#6500,#6372,.T.);
#7837=EDGE_CURVE('',#6500,#6501,#2620,.T.);
#7838=EDGE_CURVE('',#6501,#6501,#6373,.T.);
#7839=EDGE_CURVE('',#6502,#6502,#6374,.T.);
#7840=EDGE_CURVE('',#6503,#6503,#6375,.T.);
#7841=EDGE_CURVE('',#6503,#6504,#2621,.T.);
#7842=EDGE_CURVE('',#6505,#6504,#6376,.T.);
#7843=EDGE_CURVE('',#6506,#6505,#2622,.T.);
#7844=EDGE_CURVE('',#6506,#6507,#6377,.T.);
#7845=EDGE_CURVE('',#6508,#6507,#2623,.T.);
#7846=EDGE_CURVE('',#6509,#6508,#6378,.T.);
#7847=EDGE_CURVE('',#6510,#6509,#2624,.T.);
#7848=EDGE_CURVE('',#6510,#6511,#6379,.T.);
#7849=EDGE_CURVE('',#6512,#6511,#2625,.T.);
#7850=EDGE_CURVE('',#6504,#6512,#6380,.T.);
#7851=EDGE_CURVE('',#6507,#6510,#2626,.T.);
#7852=EDGE_CURVE('',#6511,#6506,#2627,.T.);
#7853=EDGE_CURVE('',#6513,#6513,#6381,.T.);
#7854=EDGE_CURVE('',#6514,#6514,#6382,.T.);
#7855=EDGE_CURVE('',#6514,#6515,#2628,.T.);
#7856=EDGE_CURVE('',#6516,#6515,#6383,.T.);
#7857=EDGE_CURVE('',#6517,#6516,#2629,.T.);
#7858=EDGE_CURVE('',#6517,#6518,#6384,.T.);
#7859=EDGE_CURVE('',#6519,#6518,#2630,.T.);
#7860=EDGE_CURVE('',#6520,#6519,#6385,.T.);
#7861=EDGE_CURVE('',#6521,#6520,#2631,.T.);
#7862=EDGE_CURVE('',#6521,#6522,#6386,.T.);
#7863=EDGE_CURVE('',#6523,#6522,#2632,.T.);
#7864=EDGE_CURVE('',#6515,#6523,#6387,.T.);
#7865=EDGE_CURVE('',#6518,#6521,#2633,.T.);
#7866=EDGE_CURVE('',#6522,#6517,#2634,.T.);
#7867=EDGE_CURVE('',#6524,#6524,#6388,.T.);
#7868=EDGE_CURVE('',#6525,#6526,#2635,.T.);
#7869=EDGE_CURVE('',#6527,#6525,#6389,.T.);
#7870=EDGE_CURVE('',#6528,#6527,#2636,.T.);
#7871=EDGE_CURVE('',#6526,#6528,#6390,.T.);
#7872=EDGE_CURVE('',#6529,#6529,#6391,.T.);
#7873=EDGE_CURVE('',#6530,#6530,#6392,.T.);
#7874=EDGE_CURVE('',#6530,#6531,#2637,.T.);
#7875=EDGE_CURVE('',#6532,#6531,#6393,.T.);
#7876=EDGE_CURVE('',#6526,#6532,#2638,.T.);
#7877=EDGE_CURVE('',#6533,#6528,#2639,.T.);
#7878=EDGE_CURVE('',#6534,#6533,#6394,.T.);
#7879=EDGE_CURVE('',#6527,#6534,#2640,.T.);
#7880=EDGE_CURVE('',#6535,#6525,#2641,.T.);
#7881=EDGE_CURVE('',#6531,#6535,#6395,.T.);
#7882=EDGE_CURVE('',#6536,#6537,#2642,.T.);
#7883=EDGE_CURVE('',#6538,#6536,#6396,.T.);
#7884=EDGE_CURVE('',#6539,#6538,#2643,.T.);
#7885=EDGE_CURVE('',#6537,#6539,#6397,.T.);
#7886=EDGE_CURVE('',#6540,#6540,#6398,.T.);
#7887=EDGE_CURVE('',#6541,#6541,#6399,.T.);
#7888=EDGE_CURVE('',#6541,#6542,#2644,.T.);
#7889=EDGE_CURVE('',#6543,#6542,#6400,.T.);
#7890=EDGE_CURVE('',#6537,#6543,#2645,.T.);
#7891=EDGE_CURVE('',#6544,#6539,#2646,.T.);
#7892=EDGE_CURVE('',#6545,#6544,#6401,.T.);
#7893=EDGE_CURVE('',#6538,#6545,#2647,.T.);
#7894=EDGE_CURVE('',#6546,#6536,#2648,.T.);
#7895=EDGE_CURVE('',#6542,#6546,#6402,.T.);
#7896=EDGE_CURVE('',#6547,#6548,#2649,.T.);
#7897=EDGE_CURVE('',#6549,#6547,#6403,.T.);
#7898=EDGE_CURVE('',#6550,#6549,#2650,.T.);
#7899=EDGE_CURVE('',#6548,#6550,#6404,.T.);
#7900=EDGE_CURVE('',#6551,#6551,#6405,.T.);
#7901=EDGE_CURVE('',#6552,#6552,#6406,.T.);
#7902=EDGE_CURVE('',#6552,#6553,#2651,.T.);
#7903=EDGE_CURVE('',#6554,#6553,#6407,.T.);
#7904=EDGE_CURVE('',#6548,#6554,#2652,.T.);
#7905=EDGE_CURVE('',#6555,#6550,#2653,.T.);
#7906=EDGE_CURVE('',#6556,#6555,#6408,.T.);
#7907=EDGE_CURVE('',#6549,#6556,#2654,.T.);
#7908=EDGE_CURVE('',#6557,#6547,#2655,.T.);
#7909=EDGE_CURVE('',#6553,#6557,#6409,.T.);
#7910=EDGE_CURVE('',#6558,#6559,#2656,.T.);
#7911=EDGE_CURVE('',#6560,#6558,#6410,.T.);
#7912=EDGE_CURVE('',#6561,#6560,#2657,.T.);
#7913=EDGE_CURVE('',#6559,#6561,#6411,.T.);
#7914=EDGE_CURVE('',#6562,#6562,#6412,.T.);
#7915=EDGE_CURVE('',#6563,#6563,#6413,.T.);
#7916=EDGE_CURVE('',#6563,#6564,#2658,.T.);
#7917=EDGE_CURVE('',#6565,#6564,#6414,.T.);
#7918=EDGE_CURVE('',#6559,#6565,#2659,.T.);
#7919=EDGE_CURVE('',#6566,#6561,#2660,.T.);
#7920=EDGE_CURVE('',#6567,#6566,#6415,.T.);
#7921=EDGE_CURVE('',#6560,#6567,#2661,.T.);
#7922=EDGE_CURVE('',#6568,#6558,#2662,.T.);
#7923=EDGE_CURVE('',#6564,#6568,#6416,.T.);
#7924=EDGE_CURVE('',#6569,#6570,#2663,.T.);
#7925=EDGE_CURVE('',#6571,#6569,#6417,.T.);
#7926=EDGE_CURVE('',#6572,#6571,#2664,.T.);
#7927=EDGE_CURVE('',#6570,#6572,#6418,.T.);
#7928=EDGE_CURVE('',#6573,#6573,#6419,.T.);
#7929=EDGE_CURVE('',#6574,#6574,#6420,.T.);
#7930=EDGE_CURVE('',#6574,#6575,#2665,.T.);
#7931=EDGE_CURVE('',#6576,#6575,#6421,.T.);
#7932=EDGE_CURVE('',#6570,#6576,#2666,.T.);
#7933=EDGE_CURVE('',#6577,#6572,#2667,.T.);
#7934=EDGE_CURVE('',#6578,#6577,#6422,.T.);
#7935=EDGE_CURVE('',#6571,#6578,#2668,.T.);
#7936=EDGE_CURVE('',#6579,#6569,#2669,.T.);
#7937=EDGE_CURVE('',#6575,#6579,#6423,.T.);
#7938=EDGE_CURVE('',#6580,#6580,#6424,.T.);
#7939=EDGE_CURVE('',#6580,#6581,#2670,.T.);
#7940=EDGE_CURVE('',#6581,#6581,#6425,.T.);
#7941=EDGE_CURVE('',#6582,#6582,#6426,.T.);
#7942=EDGE_CURVE('',#6583,#6583,#6427,.T.);
#7943=EDGE_CURVE('',#6583,#6584,#2671,.T.);
#7944=EDGE_CURVE('',#6584,#6584,#6428,.T.);
#7945=EDGE_CURVE('',#6585,#6585,#6429,.T.);
#7946=EDGE_CURVE('',#6586,#6586,#6430,.T.);
#7947=EDGE_CURVE('',#6586,#6587,#2672,.T.);
#7948=EDGE_CURVE('',#6587,#6587,#6431,.T.);
#7949=EDGE_CURVE('',#6588,#6588,#6432,.T.);
#7950=EDGE_CURVE('',#6589,#6589,#6433,.T.);
#7951=EDGE_CURVE('',#6589,#6590,#2673,.T.);
#7952=EDGE_CURVE('',#6590,#6590,#6434,.T.);
#7953=EDGE_CURVE('',#6591,#6591,#6435,.T.);
#7954=EDGE_CURVE('',#6592,#6592,#6436,.T.);
#7955=EDGE_CURVE('',#6592,#6593,#2674,.T.);
#7956=EDGE_CURVE('',#6593,#6593,#6437,.T.);
#7957=EDGE_CURVE('',#6594,#6594,#6438,.T.);
#7958=EDGE_CURVE('',#6595,#6595,#6439,.T.);
#7959=EDGE_CURVE('',#6595,#6596,#2675,.T.);
#7960=EDGE_CURVE('',#6596,#6596,#6440,.T.);
#7961=EDGE_CURVE('',#6597,#6597,#6441,.T.);
#7962=EDGE_CURVE('',#6598,#6599,#2676,.T.);
#7963=EDGE_CURVE('',#6600,#6598,#6442,.T.);
#7964=EDGE_CURVE('',#6601,#6600,#2677,.T.);
#7965=EDGE_CURVE('',#6599,#6601,#6443,.T.);
#7966=EDGE_CURVE('',#6602,#6602,#6444,.T.);
#7967=EDGE_CURVE('',#6603,#6603,#6445,.T.);
#7968=EDGE_CURVE('',#6603,#6604,#2678,.T.);
#7969=EDGE_CURVE('',#6605,#6604,#6446,.T.);
#7970=EDGE_CURVE('',#6599,#6605,#2679,.T.);
#7971=EDGE_CURVE('',#6606,#6601,#2680,.T.);
#7972=EDGE_CURVE('',#6607,#6606,#6447,.T.);
#7973=EDGE_CURVE('',#6600,#6607,#2681,.T.);
#7974=EDGE_CURVE('',#6608,#6598,#2682,.T.);
#7975=EDGE_CURVE('',#6604,#6608,#6448,.T.);
#7976=EDGE_CURVE('',#6609,#6610,#2683,.T.);
#7977=EDGE_CURVE('',#6611,#6609,#6449,.T.);
#7978=EDGE_CURVE('',#6612,#6611,#2684,.T.);
#7979=EDGE_CURVE('',#6610,#6612,#6450,.T.);
#7980=EDGE_CURVE('',#6613,#6613,#6451,.T.);
#7981=EDGE_CURVE('',#6614,#6614,#6452,.T.);
#7982=EDGE_CURVE('',#6614,#6615,#2685,.T.);
#7983=EDGE_CURVE('',#6616,#6615,#6453,.T.);
#7984=EDGE_CURVE('',#6610,#6616,#2686,.T.);
#7985=EDGE_CURVE('',#6617,#6612,#2687,.T.);
#7986=EDGE_CURVE('',#6618,#6617,#6454,.T.);
#7987=EDGE_CURVE('',#6611,#6618,#2688,.T.);
#7988=EDGE_CURVE('',#6619,#6609,#2689,.T.);
#7989=EDGE_CURVE('',#6615,#6619,#6455,.T.);
#7990=EDGE_CURVE('',#6620,#6621,#2690,.T.);
#7991=EDGE_CURVE('',#6622,#6620,#6456,.T.);
#7992=EDGE_CURVE('',#6623,#6622,#2691,.T.);
#7993=EDGE_CURVE('',#6621,#6623,#6457,.T.);
#7994=EDGE_CURVE('',#6624,#6624,#6458,.T.);
#7995=EDGE_CURVE('',#6625,#6625,#6459,.T.);
#7996=EDGE_CURVE('',#6625,#6626,#2692,.T.);
#7997=EDGE_CURVE('',#6627,#6626,#6460,.T.);
#7998=EDGE_CURVE('',#6621,#6627,#2693,.T.);
#7999=EDGE_CURVE('',#6628,#6623,#2694,.T.);
#8000=EDGE_CURVE('',#6629,#6628,#6461,.T.);
#8001=EDGE_CURVE('',#6622,#6629,#2695,.T.);
#8002=EDGE_CURVE('',#6630,#6620,#2696,.T.);
#8003=EDGE_CURVE('',#6626,#6630,#6462,.T.);
#8004=EDGE_CURVE('',#6631,#6632,#2697,.T.);
#8005=EDGE_CURVE('',#6633,#6631,#6463,.T.);
#8006=EDGE_CURVE('',#6634,#6633,#2698,.T.);
#8007=EDGE_CURVE('',#6632,#6634,#6464,.T.);
#8008=EDGE_CURVE('',#6635,#6635,#6465,.T.);
#8009=EDGE_CURVE('',#6636,#6636,#6466,.T.);
#8010=EDGE_CURVE('',#6636,#6637,#2699,.T.);
#8011=EDGE_CURVE('',#6638,#6637,#6467,.T.);
#8012=EDGE_CURVE('',#6632,#6638,#2700,.T.);
#8013=EDGE_CURVE('',#6639,#6634,#2701,.T.);
#8014=EDGE_CURVE('',#6640,#6639,#6468,.T.);
#8015=EDGE_CURVE('',#6633,#6640,#2702,.T.);
#8016=EDGE_CURVE('',#6641,#6631,#2703,.T.);
#8017=EDGE_CURVE('',#6637,#6641,#6469,.T.);
#8018=EDGE_CURVE('',#6642,#6642,#6470,.T.);
#8019=EDGE_CURVE('',#6642,#6643,#2704,.T.);
#8020=EDGE_CURVE('',#6644,#6643,#6471,.T.);
#8021=EDGE_CURVE('',#6645,#6644,#2705,.T.);
#8022=EDGE_CURVE('',#6645,#6646,#6472,.T.);
#8023=EDGE_CURVE('',#6647,#6646,#2706,.T.);
#8024=EDGE_CURVE('',#6648,#6647,#6473,.T.);
#8025=EDGE_CURVE('',#6649,#6648,#2707,.T.);
#8026=EDGE_CURVE('',#6649,#6650,#6474,.T.);
#8027=EDGE_CURVE('',#6651,#6650,#2708,.T.);
#8028=EDGE_CURVE('',#6643,#6651,#6475,.T.);
#8029=EDGE_CURVE('',#6646,#6649,#2709,.T.);
#8030=EDGE_CURVE('',#6650,#6645,#2710,.T.);
#8031=EDGE_CURVE('',#6652,#6652,#6476,.T.);
#8032=EDGE_CURVE('',#6653,#6653,#6477,.T.);
#8033=EDGE_CURVE('',#6653,#6654,#2711,.T.);
#8034=EDGE_CURVE('',#6654,#6654,#6478,.T.);
#8035=EDGE_CURVE('',#6655,#6655,#6479,.T.);
#8036=EDGE_CURVE('',#6508,#6656,#2712,.T.);
#8037=EDGE_CURVE('',#6656,#6657,#2713,.T.);
#8038=EDGE_CURVE('',#6657,#6658,#2714,.T.);
#8039=EDGE_CURVE('',#6658,#6659,#2715,.T.);
#8040=EDGE_CURVE('',#6659,#6509,#2716,.T.);
#8041=EDGE_CURVE('',#6660,#6661,#2717,.T.);
#8042=EDGE_CURVE('',#6661,#6662,#2718,.T.);
#8043=EDGE_CURVE('',#6662,#6663,#2719,.T.);
#8044=EDGE_CURVE('',#6663,#6660,#2720,.T.);
#8045=EDGE_CURVE('',#6664,#6505,#2721,.T.);
#8046=EDGE_CURVE('',#6664,#6665,#2722,.T.);
#8047=EDGE_CURVE('',#6666,#6665,#2723,.T.);
#8048=EDGE_CURVE('',#6667,#6666,#2724,.T.);
#8049=EDGE_CURVE('',#6512,#6667,#2725,.T.);
#8050=EDGE_CURVE('',#6519,#6668,#2726,.T.);
#8051=EDGE_CURVE('',#6668,#6669,#2727,.T.);
#8052=EDGE_CURVE('',#6669,#6670,#2728,.T.);
#8053=EDGE_CURVE('',#6670,#6671,#2729,.T.);
#8054=EDGE_CURVE('',#6671,#6520,#2730,.T.);
#8055=EDGE_CURVE('',#6672,#6673,#2731,.T.);
#8056=EDGE_CURVE('',#6673,#6674,#2732,.T.);
#8057=EDGE_CURVE('',#6674,#6675,#2733,.T.);
#8058=EDGE_CURVE('',#6675,#6672,#2734,.T.);
#8059=EDGE_CURVE('',#6676,#6516,#2735,.T.);
#8060=EDGE_CURVE('',#6676,#6677,#2736,.T.);
#8061=EDGE_CURVE('',#6678,#6677,#2737,.T.);
#8062=EDGE_CURVE('',#6679,#6678,#2738,.T.);
#8063=EDGE_CURVE('',#6523,#6679,#2739,.T.);
#8064=EDGE_CURVE('',#6680,#6532,#2740,.T.);
#8065=EDGE_CURVE('',#6680,#6681,#2741,.T.);
#8066=EDGE_CURVE('',#6682,#6681,#2742,.T.);
#8067=EDGE_CURVE('',#6683,#6682,#2743,.T.);
#8068=EDGE_CURVE('',#6535,#6683,#2744,.T.);
#8069=EDGE_CURVE('',#6533,#6684,#2745,.T.);
#8070=EDGE_CURVE('',#6684,#6685,#2746,.T.);
#8071=EDGE_CURVE('',#6685,#6686,#2747,.T.);
#8072=EDGE_CURVE('',#6686,#6687,#2748,.T.);
#8073=EDGE_CURVE('',#6687,#6534,#2749,.T.);
#8074=EDGE_CURVE('',#6688,#6689,#2750,.T.);
#8075=EDGE_CURVE('',#6689,#6690,#2751,.T.);
#8076=EDGE_CURVE('',#6690,#6691,#2752,.T.);
#8077=EDGE_CURVE('',#6691,#6688,#2753,.T.);
#8078=EDGE_CURVE('',#6692,#6543,#2754,.T.);
#8079=EDGE_CURVE('',#6692,#6693,#2755,.T.);
#8080=EDGE_CURVE('',#6694,#6693,#2756,.T.);
#8081=EDGE_CURVE('',#6695,#6694,#2757,.T.);
#8082=EDGE_CURVE('',#6546,#6695,#2758,.T.);
#8083=EDGE_CURVE('',#6544,#6696,#2759,.T.);
#8084=EDGE_CURVE('',#6696,#6697,#2760,.T.);
#8085=EDGE_CURVE('',#6697,#6698,#2761,.T.);
#8086=EDGE_CURVE('',#6698,#6699,#2762,.T.);
#8087=EDGE_CURVE('',#6699,#6545,#2763,.T.);
#8088=EDGE_CURVE('',#6700,#6701,#2764,.T.);
#8089=EDGE_CURVE('',#6701,#6702,#2765,.T.);
#8090=EDGE_CURVE('',#6702,#6703,#2766,.T.);
#8091=EDGE_CURVE('',#6703,#6700,#2767,.T.);
#8092=EDGE_CURVE('',#6704,#6554,#2768,.T.);
#8093=EDGE_CURVE('',#6704,#6705,#2769,.T.);
#8094=EDGE_CURVE('',#6706,#6705,#2770,.T.);
#8095=EDGE_CURVE('',#6707,#6706,#2771,.T.);
#8096=EDGE_CURVE('',#6557,#6707,#2772,.T.);
#8097=EDGE_CURVE('',#6555,#6708,#2773,.T.);
#8098=EDGE_CURVE('',#6708,#6709,#2774,.T.);
#8099=EDGE_CURVE('',#6709,#6710,#2775,.T.);
#8100=EDGE_CURVE('',#6710,#6711,#2776,.T.);
#8101=EDGE_CURVE('',#6711,#6556,#2777,.T.);
#8102=EDGE_CURVE('',#6712,#6713,#2778,.T.);
#8103=EDGE_CURVE('',#6713,#6714,#2779,.T.);
#8104=EDGE_CURVE('',#6714,#6715,#2780,.T.);
#8105=EDGE_CURVE('',#6715,#6712,#2781,.T.);
#8106=EDGE_CURVE('',#6716,#6565,#2782,.T.);
#8107=EDGE_CURVE('',#6716,#6717,#2783,.T.);
#8108=EDGE_CURVE('',#6718,#6717,#2784,.T.);
#8109=EDGE_CURVE('',#6719,#6718,#2785,.T.);
#8110=EDGE_CURVE('',#6568,#6719,#2786,.T.);
#8111=EDGE_CURVE('',#6566,#6720,#2787,.T.);
#8112=EDGE_CURVE('',#6720,#6721,#2788,.T.);
#8113=EDGE_CURVE('',#6721,#6722,#2789,.T.);
#8114=EDGE_CURVE('',#6722,#6723,#2790,.T.);
#8115=EDGE_CURVE('',#6723,#6567,#2791,.T.);
#8116=EDGE_CURVE('',#6724,#6725,#2792,.T.);
#8117=EDGE_CURVE('',#6725,#6726,#2793,.T.);
#8118=EDGE_CURVE('',#6726,#6727,#2794,.T.);
#8119=EDGE_CURVE('',#6727,#6724,#2795,.T.);
#8120=EDGE_CURVE('',#6728,#6576,#2796,.T.);
#8121=EDGE_CURVE('',#6728,#6729,#2797,.T.);
#8122=EDGE_CURVE('',#6730,#6729,#2798,.T.);
#8123=EDGE_CURVE('',#6731,#6730,#2799,.T.);
#8124=EDGE_CURVE('',#6579,#6731,#2800,.T.);
#8125=EDGE_CURVE('',#6577,#6732,#2801,.T.);
#8126=EDGE_CURVE('',#6732,#6733,#2802,.T.);
#8127=EDGE_CURVE('',#6733,#6734,#2803,.T.);
#8128=EDGE_CURVE('',#6734,#6735,#2804,.T.);
#8129=EDGE_CURVE('',#6735,#6578,#2805,.T.);
#8130=EDGE_CURVE('',#6736,#6737,#2806,.T.);
#8131=EDGE_CURVE('',#6737,#6738,#2807,.T.);
#8132=EDGE_CURVE('',#6738,#6739,#2808,.T.);
#8133=EDGE_CURVE('',#6739,#6736,#2809,.T.);
#8134=EDGE_CURVE('',#6740,#6605,#2810,.T.);
#8135=EDGE_CURVE('',#6740,#6741,#2811,.T.);
#8136=EDGE_CURVE('',#6742,#6741,#2812,.T.);
#8137=EDGE_CURVE('',#6743,#6742,#2813,.T.);
#8138=EDGE_CURVE('',#6608,#6743,#2814,.T.);
#8139=EDGE_CURVE('',#6606,#6744,#2815,.T.);
#8140=EDGE_CURVE('',#6744,#6745,#2816,.T.);
#8141=EDGE_CURVE('',#6745,#6746,#2817,.T.);
#8142=EDGE_CURVE('',#6746,#6747,#2818,.T.);
#8143=EDGE_CURVE('',#6747,#6607,#2819,.T.);
#8144=EDGE_CURVE('',#6748,#6749,#2820,.T.);
#8145=EDGE_CURVE('',#6749,#6750,#2821,.T.);
#8146=EDGE_CURVE('',#6750,#6751,#2822,.T.);
#8147=EDGE_CURVE('',#6751,#6748,#2823,.T.);
#8148=EDGE_CURVE('',#6752,#6616,#2824,.T.);
#8149=EDGE_CURVE('',#6752,#6753,#2825,.T.);
#8150=EDGE_CURVE('',#6754,#6753,#2826,.T.);
#8151=EDGE_CURVE('',#6755,#6754,#2827,.T.);
#8152=EDGE_CURVE('',#6619,#6755,#2828,.T.);
#8153=EDGE_CURVE('',#6617,#6756,#2829,.T.);
#8154=EDGE_CURVE('',#6756,#6757,#2830,.T.);
#8155=EDGE_CURVE('',#6757,#6758,#2831,.T.);
#8156=EDGE_CURVE('',#6758,#6759,#2832,.T.);
#8157=EDGE_CURVE('',#6759,#6618,#2833,.T.);
#8158=EDGE_CURVE('',#6760,#6761,#2834,.T.);
#8159=EDGE_CURVE('',#6761,#6762,#2835,.T.);
#8160=EDGE_CURVE('',#6762,#6763,#2836,.T.);
#8161=EDGE_CURVE('',#6763,#6760,#2837,.T.);
#8162=EDGE_CURVE('',#6764,#6627,#2838,.T.);
#8163=EDGE_CURVE('',#6764,#6765,#2839,.T.);
#8164=EDGE_CURVE('',#6766,#6765,#2840,.T.);
#8165=EDGE_CURVE('',#6767,#6766,#2841,.T.);
#8166=EDGE_CURVE('',#6630,#6767,#2842,.T.);
#8167=EDGE_CURVE('',#6628,#6768,#2843,.T.);
#8168=EDGE_CURVE('',#6768,#6769,#2844,.T.);
#8169=EDGE_CURVE('',#6769,#6770,#2845,.T.);
#8170=EDGE_CURVE('',#6770,#6771,#2846,.T.);
#8171=EDGE_CURVE('',#6771,#6629,#2847,.T.);
#8172=EDGE_CURVE('',#6772,#6773,#2848,.T.);
#8173=EDGE_CURVE('',#6773,#6774,#2849,.T.);
#8174=EDGE_CURVE('',#6774,#6775,#2850,.T.);
#8175=EDGE_CURVE('',#6775,#6772,#2851,.T.);
#8176=EDGE_CURVE('',#6776,#6638,#2852,.T.);
#8177=EDGE_CURVE('',#6776,#6777,#2853,.T.);
#8178=EDGE_CURVE('',#6778,#6777,#2854,.T.);
#8179=EDGE_CURVE('',#6779,#6778,#2855,.T.);
#8180=EDGE_CURVE('',#6641,#6779,#2856,.T.);
#8181=EDGE_CURVE('',#6639,#6780,#2857,.T.);
#8182=EDGE_CURVE('',#6780,#6781,#2858,.T.);
#8183=EDGE_CURVE('',#6781,#6782,#2859,.T.);
#8184=EDGE_CURVE('',#6782,#6783,#2860,.T.);
#8185=EDGE_CURVE('',#6783,#6640,#2861,.T.);
#8186=EDGE_CURVE('',#6784,#6785,#2862,.T.);
#8187=EDGE_CURVE('',#6785,#6786,#2863,.T.);
#8188=EDGE_CURVE('',#6786,#6787,#2864,.T.);
#8189=EDGE_CURVE('',#6787,#6784,#2865,.T.);
#8190=EDGE_CURVE('',#6647,#6788,#2866,.T.);
#8191=EDGE_CURVE('',#6788,#6789,#2867,.T.);
#8192=EDGE_CURVE('',#6789,#6790,#2868,.T.);
#8193=EDGE_CURVE('',#6790,#6791,#2869,.T.);
#8194=EDGE_CURVE('',#6791,#6648,#2870,.T.);
#8195=EDGE_CURVE('',#6792,#6793,#2871,.T.);
#8196=EDGE_CURVE('',#6793,#6794,#2872,.T.);
#8197=EDGE_CURVE('',#6794,#6795,#2873,.T.);
#8198=EDGE_CURVE('',#6795,#6792,#2874,.T.);
#8199=EDGE_CURVE('',#6796,#6644,#2875,.T.);
#8200=EDGE_CURVE('',#6796,#6797,#2876,.T.);
#8201=EDGE_CURVE('',#6798,#6797,#2877,.T.);
#8202=EDGE_CURVE('',#6799,#6798,#2878,.T.);
#8203=EDGE_CURVE('',#6651,#6799,#2879,.T.);
#8204=EDGE_CURVE('',#6502,#6800,#2880,.T.);
#8205=EDGE_CURVE('',#6800,#6800,#6480,.T.);
#8206=EDGE_CURVE('',#6513,#6801,#2881,.T.);
#8207=EDGE_CURVE('',#6801,#6801,#6481,.T.);
#8208=EDGE_CURVE('',#6524,#6802,#2882,.T.);
#8209=EDGE_CURVE('',#6802,#6802,#6482,.T.);
#8210=EDGE_CURVE('',#6597,#6803,#2883,.T.);
#8211=EDGE_CURVE('',#6803,#6803,#6483,.T.);
#8212=EDGE_CURVE('',#6529,#6804,#2884,.T.);
#8213=EDGE_CURVE('',#6804,#6804,#6484,.T.);
#8214=EDGE_CURVE('',#6602,#6805,#2885,.T.);
#8215=EDGE_CURVE('',#6805,#6805,#6485,.T.);
#8216=EDGE_CURVE('',#6562,#6806,#2886,.T.);
#8217=EDGE_CURVE('',#6806,#6806,#6486,.T.);
#8218=EDGE_CURVE('',#6573,#6807,#2887,.T.);
#8219=EDGE_CURVE('',#6807,#6807,#6487,.T.);
#8220=EDGE_CURVE('',#6652,#6808,#2888,.T.);
#8221=EDGE_CURVE('',#6808,#6808,#6488,.T.);
#8222=EDGE_CURVE('',#6585,#6809,#2889,.T.);
#8223=EDGE_CURVE('',#6809,#6809,#6489,.T.);
#8224=EDGE_CURVE('',#6582,#6810,#2890,.T.);
#8225=EDGE_CURVE('',#6810,#6810,#6490,.T.);
#8226=EDGE_CURVE('',#6591,#6811,#2891,.T.);
#8227=EDGE_CURVE('',#6811,#6811,#6491,.T.);
#8228=EDGE_CURVE('',#6594,#6812,#2892,.T.);
#8229=EDGE_CURVE('',#6812,#6812,#6492,.T.);
#8230=EDGE_CURVE('',#6551,#6813,#2893,.T.);
#8231=EDGE_CURVE('',#6813,#6813,#6493,.T.);
#8232=EDGE_CURVE('',#6613,#6814,#2894,.T.);
#8233=EDGE_CURVE('',#6814,#6814,#6494,.T.);
#8234=EDGE_CURVE('',#6540,#6815,#2895,.T.);
#8235=EDGE_CURVE('',#6815,#6815,#6495,.T.);
#8236=EDGE_CURVE('',#6624,#6816,#2896,.T.);
#8237=EDGE_CURVE('',#6816,#6816,#6496,.T.);
#8238=EDGE_CURVE('',#6635,#6817,#2897,.T.);
#8239=EDGE_CURVE('',#6817,#6817,#6497,.T.);
#8240=EDGE_CURVE('',#6588,#6818,#2898,.T.);
#8241=EDGE_CURVE('',#6818,#6818,#6498,.T.);
#8242=EDGE_CURVE('',#6655,#6819,#2899,.T.);
#8243=EDGE_CURVE('',#6819,#6819,#6499,.T.);
#8244=EDGE_CURVE('',#6820,#6821,#2900,.T.);
#8245=EDGE_CURVE('',#6820,#6822,#2901,.T.);
#8246=EDGE_CURVE('',#6822,#6823,#2902,.T.);
#8247=EDGE_CURVE('',#6821,#6823,#2903,.T.);
#8248=EDGE_CURVE('',#6824,#6820,#2904,.T.);
#8249=EDGE_CURVE('',#6824,#6825,#2905,.T.);
#8250=EDGE_CURVE('',#6825,#6822,#2906,.T.);
#8251=EDGE_CURVE('',#6826,#6824,#2907,.T.);
#8252=EDGE_CURVE('',#6826,#6827,#2908,.T.);
#8253=EDGE_CURVE('',#6827,#6825,#2909,.T.);
#8254=EDGE_CURVE('',#6821,#6826,#2910,.T.);
#8255=EDGE_CURVE('',#6823,#6827,#2911,.T.);
#8256=EDGE_CURVE('',#6828,#6829,#2912,.T.);
#8257=EDGE_CURVE('',#6830,#6828,#2913,.T.);
#8258=EDGE_CURVE('',#6831,#6830,#2914,.T.);
#8259=EDGE_CURVE('',#6829,#6831,#2915,.T.);
#8260=EDGE_CURVE('',#6832,#6833,#2916,.T.);
#8261=EDGE_CURVE('',#6832,#6834,#2917,.T.);
#8262=EDGE_CURVE('',#6834,#6835,#2918,.T.);
#8263=EDGE_CURVE('',#6833,#6835,#2919,.T.);
#8264=EDGE_CURVE('',#6836,#6832,#2920,.T.);
#8265=EDGE_CURVE('',#6836,#6837,#2921,.T.);
#8266=EDGE_CURVE('',#6837,#6834,#2922,.T.);
#8267=EDGE_CURVE('',#6838,#6839,#2923,.T.);
#8268=EDGE_CURVE('',#6840,#6838,#2924,.T.);
#8269=EDGE_CURVE('',#6840,#6841,#2925,.T.);
#8270=EDGE_CURVE('',#6841,#6837,#2926,.T.);
#8271=EDGE_CURVE('',#6839,#6836,#2927,.T.);
#8272=EDGE_CURVE('',#6842,#6840,#2928,.T.);
#8273=EDGE_CURVE('',#6843,#6842,#2929,.T.);
#8274=EDGE_CURVE('',#6833,#6843,#2930,.T.);
#8275=EDGE_CURVE('',#6835,#6841,#2931,.T.);
#8276=EDGE_CURVE('',#6844,#6845,#2932,.T.);
#8277=EDGE_CURVE('',#6846,#6844,#2933,.T.);
#8278=EDGE_CURVE('',#6847,#6846,#2934,.T.);
#8279=EDGE_CURVE('',#6845,#6847,#2935,.T.);
#8280=EDGE_CURVE('',#6848,#6849,#2936,.T.);
#8281=EDGE_CURVE('',#6850,#6848,#2937,.T.);
#8282=EDGE_CURVE('',#6850,#6851,#2938,.T.);
#8283=EDGE_CURVE('',#6851,#6852,#2939,.T.);
#8284=EDGE_CURVE('',#6853,#6852,#2940,.T.);
#8285=EDGE_CURVE('',#6849,#6853,#2941,.T.);
#8286=EDGE_CURVE('',#6853,#6854,#2942,.T.);
#8287=EDGE_CURVE('',#6852,#6855,#2943,.T.);
#8288=EDGE_CURVE('',#6856,#6855,#2944,.T.);
#8289=EDGE_CURVE('',#6857,#6856,#2945,.T.);
#8290=EDGE_CURVE('',#6854,#6857,#2946,.T.);
#8291=EDGE_CURVE('',#6858,#6850,#2947,.T.);
#8292=EDGE_CURVE('',#6858,#6859,#2948,.T.);
#8293=EDGE_CURVE('',#6859,#6851,#2949,.T.);
#8294=EDGE_CURVE('',#6856,#6858,#2950,.T.);
#8295=EDGE_CURVE('',#6855,#6859,#2951,.T.);
#8296=EDGE_CURVE('',#6860,#6861,#2952,.T.);
#8297=EDGE_CURVE('',#6862,#6860,#2953,.T.);
#8298=EDGE_CURVE('',#6863,#6862,#2954,.T.);
#8299=EDGE_CURVE('',#6861,#6863,#2955,.T.);
#8300=EDGE_CURVE('',#6864,#6865,#2956,.T.);
#8301=EDGE_CURVE('',#6866,#6864,#2957,.T.);
#8302=EDGE_CURVE('',#6866,#6867,#2958,.T.);
#8303=EDGE_CURVE('',#6867,#6868,#2959,.T.);
#8304=EDGE_CURVE('',#6869,#6868,#2960,.T.);
#8305=EDGE_CURVE('',#6865,#6869,#2961,.T.);
#8306=EDGE_CURVE('',#6869,#6870,#2962,.T.);
#8307=EDGE_CURVE('',#6868,#6871,#2963,.T.);
#8308=EDGE_CURVE('',#6872,#6871,#2964,.T.);
#8309=EDGE_CURVE('',#6873,#6872,#2965,.T.);
#8310=EDGE_CURVE('',#6870,#6873,#2966,.T.);
#8311=EDGE_CURVE('',#6874,#6866,#2967,.T.);
#8312=EDGE_CURVE('',#6874,#6875,#2968,.T.);
#8313=EDGE_CURVE('',#6875,#6867,#2969,.T.);
#8314=EDGE_CURVE('',#6872,#6874,#2970,.T.);
#8315=EDGE_CURVE('',#6871,#6875,#2971,.T.);
#8316=EDGE_CURVE('',#6876,#6877,#2972,.T.);
#8317=EDGE_CURVE('',#6878,#6876,#2973,.T.);
#8318=EDGE_CURVE('',#6879,#6878,#2974,.T.);
#8319=EDGE_CURVE('',#6877,#6879,#2975,.T.);
#8320=EDGE_CURVE('',#6880,#6881,#2976,.T.);
#8321=EDGE_CURVE('',#6882,#6880,#2977,.T.);
#8322=EDGE_CURVE('',#6882,#6883,#2978,.T.);
#8323=EDGE_CURVE('',#6883,#6884,#2979,.T.);
#8324=EDGE_CURVE('',#6885,#6884,#2980,.T.);
#8325=EDGE_CURVE('',#6881,#6885,#2981,.T.);
#8326=EDGE_CURVE('',#6885,#6886,#2982,.T.);
#8327=EDGE_CURVE('',#6884,#6887,#2983,.T.);
#8328=EDGE_CURVE('',#6888,#6887,#2984,.T.);
#8329=EDGE_CURVE('',#6889,#6888,#2985,.T.);
#8330=EDGE_CURVE('',#6886,#6889,#2986,.T.);
#8331=EDGE_CURVE('',#6890,#6882,#2987,.T.);
#8332=EDGE_CURVE('',#6890,#6891,#2988,.T.);
#8333=EDGE_CURVE('',#6891,#6883,#2989,.T.);
#8334=EDGE_CURVE('',#6888,#6890,#2990,.T.);
#8335=EDGE_CURVE('',#6887,#6891,#2991,.T.);
#8336=EDGE_CURVE('',#6892,#6893,#2992,.T.);
#8337=EDGE_CURVE('',#6894,#6892,#2993,.T.);
#8338=EDGE_CURVE('',#6895,#6894,#2994,.T.);
#8339=EDGE_CURVE('',#6893,#6895,#2995,.T.);
#8340=EDGE_CURVE('',#6896,#6897,#2996,.T.);
#8341=EDGE_CURVE('',#6896,#6898,#2997,.T.);
#8342=EDGE_CURVE('',#6898,#6899,#2998,.T.);
#8343=EDGE_CURVE('',#6897,#6899,#2999,.T.);
#8344=EDGE_CURVE('',#6900,#6896,#3000,.T.);
#8345=EDGE_CURVE('',#6900,#6901,#3001,.T.);
#8346=EDGE_CURVE('',#6901,#6898,#3002,.T.);
#8347=EDGE_CURVE('',#6902,#6900,#3003,.T.);
#8348=EDGE_CURVE('',#6902,#6903,#3004,.T.);
#8349=EDGE_CURVE('',#6903,#6901,#3005,.T.);
#8350=EDGE_CURVE('',#6897,#6902,#3006,.T.);
#8351=EDGE_CURVE('',#6899,#6903,#3007,.T.);
#8352=EDGE_CURVE('',#6904,#6905,#3008,.T.);
#8353=EDGE_CURVE('',#6906,#6904,#3009,.T.);
#8354=EDGE_CURVE('',#6907,#6906,#3010,.T.);
#8355=EDGE_CURVE('',#6905,#6907,#3011,.T.);
#8356=EDGE_CURVE('',#6908,#6909,#3012,.T.);
#8357=EDGE_CURVE('',#6910,#6908,#3013,.T.);
#8358=EDGE_CURVE('',#6910,#6911,#3014,.T.);
#8359=EDGE_CURVE('',#6911,#6912,#3015,.T.);
#8360=EDGE_CURVE('',#6913,#6912,#3016,.T.);
#8361=EDGE_CURVE('',#6909,#6913,#3017,.T.);
#8362=EDGE_CURVE('',#6913,#6914,#3018,.T.);
#8363=EDGE_CURVE('',#6912,#6915,#3019,.T.);
#8364=EDGE_CURVE('',#6916,#6915,#3020,.T.);
#8365=EDGE_CURVE('',#6917,#6916,#3021,.T.);
#8366=EDGE_CURVE('',#6914,#6917,#3022,.T.);
#8367=EDGE_CURVE('',#6918,#6910,#3023,.T.);
#8368=EDGE_CURVE('',#6918,#6919,#3024,.T.);
#8369=EDGE_CURVE('',#6919,#6911,#3025,.T.);
#8370=EDGE_CURVE('',#6916,#6918,#3026,.T.);
#8371=EDGE_CURVE('',#6915,#6919,#3027,.T.);
#8372=EDGE_CURVE('',#6920,#6921,#3028,.T.);
#8373=EDGE_CURVE('',#6922,#6920,#3029,.T.);
#8374=EDGE_CURVE('',#6923,#6922,#3030,.T.);
#8375=EDGE_CURVE('',#6921,#6923,#3031,.T.);
#8376=EDGE_CURVE('',#6924,#6925,#3032,.T.);
#8377=EDGE_CURVE('',#6924,#6926,#3033,.T.);
#8378=EDGE_CURVE('',#6926,#6927,#3034,.T.);
#8379=EDGE_CURVE('',#6925,#6927,#3035,.T.);
#8380=EDGE_CURVE('',#6928,#6924,#3036,.T.);
#8381=EDGE_CURVE('',#6928,#6929,#3037,.T.);
#8382=EDGE_CURVE('',#6929,#6926,#3038,.T.);
#8383=EDGE_CURVE('',#6930,#6931,#3039,.T.);
#8384=EDGE_CURVE('',#6932,#6930,#3040,.T.);
#8385=EDGE_CURVE('',#6932,#6933,#3041,.T.);
#8386=EDGE_CURVE('',#6933,#6929,#3042,.T.);
#8387=EDGE_CURVE('',#6931,#6928,#3043,.T.);
#8388=EDGE_CURVE('',#6934,#6932,#3044,.T.);
#8389=EDGE_CURVE('',#6935,#6934,#3045,.T.);
#8390=EDGE_CURVE('',#6925,#6935,#3046,.T.);
#8391=EDGE_CURVE('',#6927,#6933,#3047,.T.);
#8392=EDGE_CURVE('',#6936,#6937,#3048,.T.);
#8393=EDGE_CURVE('',#6938,#6936,#3049,.T.);
#8394=EDGE_CURVE('',#6939,#6938,#3050,.T.);
#8395=EDGE_CURVE('',#6937,#6939,#3051,.T.);
#8396=EDGE_CURVE('',#6940,#6941,#3052,.T.);
#8397=EDGE_CURVE('',#6940,#6942,#3053,.T.);
#8398=EDGE_CURVE('',#6942,#6943,#3054,.T.);
#8399=EDGE_CURVE('',#6941,#6943,#3055,.T.);
#8400=EDGE_CURVE('',#6944,#6940,#3056,.T.);
#8401=EDGE_CURVE('',#6944,#6945,#3057,.T.);
#8402=EDGE_CURVE('',#6945,#6942,#3058,.T.);
#8403=EDGE_CURVE('',#6946,#6947,#3059,.T.);
#8404=EDGE_CURVE('',#6948,#6946,#3060,.T.);
#8405=EDGE_CURVE('',#6948,#6949,#3061,.T.);
#8406=EDGE_CURVE('',#6949,#6945,#3062,.T.);
#8407=EDGE_CURVE('',#6947,#6944,#3063,.T.);
#8408=EDGE_CURVE('',#6950,#6948,#3064,.T.);
#8409=EDGE_CURVE('',#6951,#6950,#3065,.T.);
#8410=EDGE_CURVE('',#6941,#6951,#3066,.T.);
#8411=EDGE_CURVE('',#6943,#6949,#3067,.T.);
#8412=EDGE_CURVE('',#6952,#6953,#3068,.T.);
#8413=EDGE_CURVE('',#6954,#6952,#3069,.T.);
#8414=EDGE_CURVE('',#6955,#6954,#3070,.T.);
#8415=EDGE_CURVE('',#6953,#6955,#3071,.T.);
#8416=EDGE_CURVE('',#6956,#6957,#3072,.T.);
#8417=EDGE_CURVE('',#6956,#6958,#3073,.T.);
#8418=EDGE_CURVE('',#6958,#6959,#3074,.T.);
#8419=EDGE_CURVE('',#6957,#6959,#3075,.T.);
#8420=EDGE_CURVE('',#6960,#6956,#3076,.T.);
#8421=EDGE_CURVE('',#6960,#6961,#3077,.T.);
#8422=EDGE_CURVE('',#6961,#6958,#3078,.T.);
#8423=EDGE_CURVE('',#6962,#6963,#3079,.T.);
#8424=EDGE_CURVE('',#6964,#6962,#3080,.T.);
#8425=EDGE_CURVE('',#6964,#6965,#3081,.T.);
#8426=EDGE_CURVE('',#6965,#6961,#3082,.T.);
#8427=EDGE_CURVE('',#6963,#6960,#3083,.T.);
#8428=EDGE_CURVE('',#6966,#6964,#3084,.T.);
#8429=EDGE_CURVE('',#6967,#6966,#3085,.T.);
#8430=EDGE_CURVE('',#6957,#6967,#3086,.T.);
#8431=EDGE_CURVE('',#6959,#6965,#3087,.T.);
#8432=EDGE_CURVE('',#6968,#6969,#3088,.T.);
#8433=EDGE_CURVE('',#6970,#6968,#3089,.T.);
#8434=EDGE_CURVE('',#6971,#6970,#3090,.T.);
#8435=EDGE_CURVE('',#6969,#6971,#3091,.T.);
#8436=EDGE_CURVE('',#6972,#6831,#3092,.T.);
#8437=EDGE_CURVE('',#6973,#6972,#3093,.T.);
#8438=EDGE_CURVE('',#6829,#6973,#3094,.T.);
#8439=EDGE_CURVE('',#6830,#6974,#3095,.T.);
#8440=EDGE_CURVE('',#6972,#6974,#3096,.T.);
#8441=EDGE_CURVE('',#6975,#6847,#3097,.T.);
#8442=EDGE_CURVE('',#6976,#6975,#3098,.T.);
#8443=EDGE_CURVE('',#6845,#6976,#3099,.T.);
#8444=EDGE_CURVE('',#6846,#6977,#3100,.T.);
#8445=EDGE_CURVE('',#6975,#6977,#3101,.T.);
#8446=EDGE_CURVE('',#6978,#6863,#3102,.T.);
#8447=EDGE_CURVE('',#6979,#6978,#3103,.T.);
#8448=EDGE_CURVE('',#6861,#6979,#3104,.T.);
#8449=EDGE_CURVE('',#6862,#6980,#3105,.T.);
#8450=EDGE_CURVE('',#6978,#6980,#3106,.T.);
#8451=EDGE_CURVE('',#6981,#6849,#3107,.T.);
#8452=EDGE_CURVE('',#6981,#6982,#3108,.T.);
#8453=EDGE_CURVE('',#6848,#6982,#3109,.T.);
#8454=EDGE_CURVE('',#6983,#6879,#3110,.T.);
#8455=EDGE_CURVE('',#6984,#6983,#3111,.T.);
#8456=EDGE_CURVE('',#6877,#6984,#3112,.T.);
#8457=EDGE_CURVE('',#6878,#6985,#3113,.T.);
#8458=EDGE_CURVE('',#6983,#6985,#3114,.T.);
#8459=EDGE_CURVE('',#6986,#6865,#3115,.T.);
#8460=EDGE_CURVE('',#6986,#6987,#3116,.T.);
#8461=EDGE_CURVE('',#6864,#6987,#3117,.T.);
#8462=EDGE_CURVE('',#6988,#6895,#3118,.T.);
#8463=EDGE_CURVE('',#6989,#6988,#3119,.T.);
#8464=EDGE_CURVE('',#6893,#6989,#3120,.T.);
#8465=EDGE_CURVE('',#6894,#6990,#3121,.T.);
#8466=EDGE_CURVE('',#6988,#6990,#3122,.T.);
#8467=EDGE_CURVE('',#6991,#6881,#3123,.T.);
#8468=EDGE_CURVE('',#6991,#6992,#3124,.T.);
#8469=EDGE_CURVE('',#6880,#6992,#3125,.T.);
#8470=EDGE_CURVE('',#6993,#6907,#3126,.T.);
#8471=EDGE_CURVE('',#6994,#6993,#3127,.T.);
#8472=EDGE_CURVE('',#6905,#6994,#3128,.T.);
#8473=EDGE_CURVE('',#6906,#6995,#3129,.T.);
#8474=EDGE_CURVE('',#6993,#6995,#3130,.T.);
#8475=EDGE_CURVE('',#6996,#6923,#3131,.T.);
#8476=EDGE_CURVE('',#6997,#6996,#3132,.T.);
#8477=EDGE_CURVE('',#6921,#6997,#3133,.T.);
#8478=EDGE_CURVE('',#6922,#6998,#3134,.T.);
#8479=EDGE_CURVE('',#6996,#6998,#3135,.T.);
#8480=EDGE_CURVE('',#6999,#6909,#3136,.T.);
#8481=EDGE_CURVE('',#6999,#7000,#3137,.T.);
#8482=EDGE_CURVE('',#6908,#7000,#3138,.T.);
#8483=EDGE_CURVE('',#7001,#6939,#3139,.T.);
#8484=EDGE_CURVE('',#7002,#7001,#3140,.T.);
#8485=EDGE_CURVE('',#6937,#7002,#3141,.T.);
#8486=EDGE_CURVE('',#6938,#7003,#3142,.T.);
#8487=EDGE_CURVE('',#7001,#7003,#3143,.T.);
#8488=EDGE_CURVE('',#6854,#6934,#3144,.T.);
#8489=EDGE_CURVE('',#6930,#7004,#3145,.T.);
#8490=EDGE_CURVE('',#7004,#6981,#3146,.T.);
#8491=EDGE_CURVE('',#7005,#7006,#3147,.T.);
#8492=EDGE_CURVE('',#7006,#7007,#3148,.T.);
#8493=EDGE_CURVE('',#7007,#7008,#3149,.T.);
#8494=EDGE_CURVE('',#7008,#7005,#3150,.T.);
#8495=EDGE_CURVE('',#7009,#6955,#3151,.T.);
#8496=EDGE_CURVE('',#7010,#7009,#3152,.T.);
#8497=EDGE_CURVE('',#6953,#7010,#3153,.T.);
#8498=EDGE_CURVE('',#6954,#7011,#3154,.T.);
#8499=EDGE_CURVE('',#7009,#7011,#3155,.T.);
#8500=EDGE_CURVE('',#6870,#6950,#3156,.T.);
#8501=EDGE_CURVE('',#6946,#7012,#3157,.T.);
#8502=EDGE_CURVE('',#7012,#6986,#3158,.T.);
#8503=EDGE_CURVE('',#7013,#7014,#3159,.T.);
#8504=EDGE_CURVE('',#7014,#7015,#3160,.T.);
#8505=EDGE_CURVE('',#7015,#7016,#3161,.T.);
#8506=EDGE_CURVE('',#7016,#7013,#3162,.T.);
#8507=EDGE_CURVE('',#7017,#6971,#3163,.T.);
#8508=EDGE_CURVE('',#7018,#7017,#3164,.T.);
#8509=EDGE_CURVE('',#6969,#7018,#3165,.T.);
#8510=EDGE_CURVE('',#6970,#7019,#3166,.T.);
#8511=EDGE_CURVE('',#7017,#7019,#3167,.T.);
#8512=EDGE_CURVE('',#6886,#6966,#3168,.T.);
#8513=EDGE_CURVE('',#6962,#7020,#3169,.T.);
#8514=EDGE_CURVE('',#7020,#6991,#3170,.T.);
#8515=EDGE_CURVE('',#7021,#7022,#3171,.T.);
#8516=EDGE_CURVE('',#7022,#7023,#3172,.T.);
#8517=EDGE_CURVE('',#7023,#7024,#3173,.T.);
#8518=EDGE_CURVE('',#7024,#7021,#3174,.T.);
#8519=EDGE_CURVE('',#7025,#7026,#3175,.T.);
#8520=EDGE_CURVE('',#7025,#7027,#3176,.T.);
#8521=EDGE_CURVE('',#7028,#7027,#3177,.T.);
#8522=EDGE_CURVE('',#7026,#7028,#3178,.T.);
#8523=EDGE_CURVE('',#7026,#7029,#3179,.T.);
#8524=EDGE_CURVE('',#7030,#7028,#3180,.T.);
#8525=EDGE_CURVE('',#7029,#7030,#3181,.T.);
#8526=EDGE_CURVE('',#7029,#7031,#3182,.T.);
#8527=EDGE_CURVE('',#7032,#7030,#3183,.T.);
#8528=EDGE_CURVE('',#7031,#7032,#3184,.T.);
#8529=EDGE_CURVE('',#7031,#7025,#3185,.T.);
#8530=EDGE_CURVE('',#7027,#7032,#3186,.T.);
#8531=EDGE_CURVE('',#7020,#7033,#3187,.T.);
#8532=EDGE_CURVE('',#6992,#7033,#3188,.T.);
#8533=EDGE_CURVE('',#6967,#6889,#3189,.T.);
#8534=EDGE_CURVE('',#7033,#6963,#3190,.T.);
#8535=EDGE_CURVE('',#6951,#6873,#3191,.T.);
#8536=EDGE_CURVE('',#7034,#6947,#3192,.T.);
#8537=EDGE_CURVE('',#7012,#7034,#3193,.T.);
#8538=EDGE_CURVE('',#6987,#7034,#3194,.T.);
#8539=EDGE_CURVE('',#6914,#6842,#3195,.T.);
#8540=EDGE_CURVE('',#6843,#6917,#3196,.T.);
#8541=EDGE_CURVE('',#7035,#6839,#3197,.T.);
#8542=EDGE_CURVE('',#7036,#7035,#3198,.T.);
#8543=EDGE_CURVE('',#6838,#7036,#3199,.T.);
#8544=EDGE_CURVE('',#7036,#6999,#3200,.T.);
#8545=EDGE_CURVE('',#7000,#7035,#3201,.T.);
#8546=EDGE_CURVE('',#6935,#6857,#3202,.T.);
#8547=EDGE_CURVE('',#7037,#6931,#3203,.T.);
#8548=EDGE_CURVE('',#7004,#7037,#3204,.T.);
#8549=EDGE_CURVE('',#6982,#7037,#3205,.T.);
#8550=EDGE_CURVE('',#7038,#7039,#3206,.T.);
#8551=EDGE_CURVE('',#7038,#7040,#3207,.T.);
#8552=EDGE_CURVE('',#7041,#7040,#3208,.T.);
#8553=EDGE_CURVE('',#7039,#7041,#3209,.T.);
#8554=EDGE_CURVE('',#7039,#7042,#3210,.T.);
#8555=EDGE_CURVE('',#7043,#7041,#3211,.T.);
#8556=EDGE_CURVE('',#7042,#7043,#3212,.T.);
#8557=EDGE_CURVE('',#7042,#7044,#3213,.T.);
#8558=EDGE_CURVE('',#7045,#7043,#3214,.T.);
#8559=EDGE_CURVE('',#7044,#7045,#3215,.T.);
#8560=EDGE_CURVE('',#7044,#7038,#3216,.T.);
#8561=EDGE_CURVE('',#7040,#7045,#3217,.T.);
#8562=EDGE_CURVE('',#7046,#7047,#3218,.T.);
#8563=EDGE_CURVE('',#7046,#7048,#3219,.T.);
#8564=EDGE_CURVE('',#7049,#7048,#3220,.T.);
#8565=EDGE_CURVE('',#7047,#7049,#3221,.T.);
#8566=EDGE_CURVE('',#7047,#7050,#3222,.T.);
#8567=EDGE_CURVE('',#7051,#7049,#3223,.T.);
#8568=EDGE_CURVE('',#7050,#7051,#3224,.T.);
#8569=EDGE_CURVE('',#7050,#7052,#3225,.T.);
#8570=EDGE_CURVE('',#7053,#7051,#3226,.T.);
#8571=EDGE_CURVE('',#7052,#7053,#3227,.T.);
#8572=EDGE_CURVE('',#7052,#7046,#3228,.T.);
#8573=EDGE_CURVE('',#7048,#7053,#3229,.T.);
#8574=EDGE_CURVE('',#7054,#7055,#3230,.T.);
#8575=EDGE_CURVE('',#7054,#7056,#3231,.T.);
#8576=EDGE_CURVE('',#7057,#7056,#3232,.T.);
#8577=EDGE_CURVE('',#7055,#7057,#3233,.T.);
#8578=EDGE_CURVE('',#7055,#7058,#3234,.T.);
#8579=EDGE_CURVE('',#7059,#7057,#3235,.T.);
#8580=EDGE_CURVE('',#7058,#7059,#3236,.T.);
#8581=EDGE_CURVE('',#7058,#7060,#3237,.T.);
#8582=EDGE_CURVE('',#7061,#7059,#3238,.T.);
#8583=EDGE_CURVE('',#7060,#7061,#3239,.T.);
#8584=EDGE_CURVE('',#7060,#7054,#3240,.T.);
#8585=EDGE_CURVE('',#7056,#7061,#3241,.T.);
#8586=EDGE_CURVE('',#7062,#7063,#3242,.T.);
#8587=EDGE_CURVE('',#7062,#7064,#3243,.T.);
#8588=EDGE_CURVE('',#7065,#7064,#3244,.T.);
#8589=EDGE_CURVE('',#7063,#7065,#3245,.T.);
#8590=EDGE_CURVE('',#7063,#7066,#3246,.T.);
#8591=EDGE_CURVE('',#7067,#7065,#3247,.T.);
#8592=EDGE_CURVE('',#7066,#7067,#3248,.T.);
#8593=EDGE_CURVE('',#7066,#7068,#3249,.T.);
#8594=EDGE_CURVE('',#7069,#7067,#3250,.T.);
#8595=EDGE_CURVE('',#7068,#7069,#3251,.T.);
#8596=EDGE_CURVE('',#7068,#7062,#3252,.T.);
#8597=EDGE_CURVE('',#7064,#7069,#3253,.T.);
#8598=EDGE_CURVE('',#7070,#7071,#3254,.T.);
#8599=EDGE_CURVE('',#7070,#7072,#3255,.T.);
#8600=EDGE_CURVE('',#7073,#7072,#3256,.T.);
#8601=EDGE_CURVE('',#7071,#7073,#3257,.T.);
#8602=EDGE_CURVE('',#7071,#7074,#3258,.T.);
#8603=EDGE_CURVE('',#7075,#7073,#3259,.T.);
#8604=EDGE_CURVE('',#7074,#7075,#3260,.T.);
#8605=EDGE_CURVE('',#7074,#7076,#3261,.T.);
#8606=EDGE_CURVE('',#7077,#7075,#3262,.T.);
#8607=EDGE_CURVE('',#7076,#7077,#3263,.T.);
#8608=EDGE_CURVE('',#7076,#7070,#3264,.T.);
#8609=EDGE_CURVE('',#7072,#7077,#3265,.T.);
#8610=EDGE_CURVE('',#7078,#7079,#3266,.T.);
#8611=EDGE_CURVE('',#7078,#7080,#3267,.T.);
#8612=EDGE_CURVE('',#7081,#7080,#3268,.T.);
#8613=EDGE_CURVE('',#7079,#7081,#3269,.T.);
#8614=EDGE_CURVE('',#7079,#7082,#3270,.T.);
#8615=EDGE_CURVE('',#7083,#7081,#3271,.T.);
#8616=EDGE_CURVE('',#7082,#7083,#3272,.T.);
#8617=EDGE_CURVE('',#7082,#7084,#3273,.T.);
#8618=EDGE_CURVE('',#7085,#7083,#3274,.T.);
#8619=EDGE_CURVE('',#7084,#7085,#3275,.T.);
#8620=EDGE_CURVE('',#7084,#7078,#3276,.T.);
#8621=EDGE_CURVE('',#7080,#7085,#3277,.T.);
#8622=EDGE_CURVE('',#7086,#7087,#3278,.T.);
#8623=EDGE_CURVE('',#7086,#7088,#3279,.T.);
#8624=EDGE_CURVE('',#7089,#7088,#3280,.T.);
#8625=EDGE_CURVE('',#7087,#7089,#3281,.T.);
#8626=EDGE_CURVE('',#7087,#7090,#3282,.T.);
#8627=EDGE_CURVE('',#7091,#7089,#3283,.T.);
#8628=EDGE_CURVE('',#7090,#7091,#3284,.T.);
#8629=EDGE_CURVE('',#7090,#7092,#3285,.T.);
#8630=EDGE_CURVE('',#7093,#7091,#3286,.T.);
#8631=EDGE_CURVE('',#7092,#7093,#3287,.T.);
#8632=EDGE_CURVE('',#7092,#7086,#3288,.T.);
#8633=EDGE_CURVE('',#7088,#7093,#3289,.T.);
#8634=EDGE_CURVE('',#7094,#7095,#3290,.T.);
#8635=EDGE_CURVE('',#7094,#7096,#3291,.T.);
#8636=EDGE_CURVE('',#7097,#7096,#3292,.T.);
#8637=EDGE_CURVE('',#7095,#7097,#3293,.T.);
#8638=EDGE_CURVE('',#7095,#7098,#3294,.T.);
#8639=EDGE_CURVE('',#7099,#7097,#3295,.T.);
#8640=EDGE_CURVE('',#7098,#7099,#3296,.T.);
#8641=EDGE_CURVE('',#7098,#7100,#3297,.T.);
#8642=EDGE_CURVE('',#7101,#7099,#3298,.T.);
#8643=EDGE_CURVE('',#7100,#7101,#3299,.T.);
#8644=EDGE_CURVE('',#7100,#7094,#3300,.T.);
#8645=EDGE_CURVE('',#7096,#7101,#3301,.T.);
#8646=EDGE_CURVE('',#7102,#7103,#3302,.T.);
#8647=EDGE_CURVE('',#7102,#7104,#3303,.T.);
#8648=EDGE_CURVE('',#7105,#7104,#3304,.T.);
#8649=EDGE_CURVE('',#7103,#7105,#3305,.T.);
#8650=EDGE_CURVE('',#7103,#7106,#3306,.T.);
#8651=EDGE_CURVE('',#7107,#7105,#3307,.T.);
#8652=EDGE_CURVE('',#7106,#7107,#3308,.T.);
#8653=EDGE_CURVE('',#7106,#7108,#3309,.T.);
#8654=EDGE_CURVE('',#7109,#7107,#3310,.T.);
#8655=EDGE_CURVE('',#7108,#7109,#3311,.T.);
#8656=EDGE_CURVE('',#7108,#7102,#3312,.T.);
#8657=EDGE_CURVE('',#7104,#7109,#3313,.T.);
#8658=EDGE_CURVE('',#7110,#7111,#3314,.T.);
#8659=EDGE_CURVE('',#7110,#7112,#3315,.T.);
#8660=EDGE_CURVE('',#7113,#7112,#3316,.T.);
#8661=EDGE_CURVE('',#7111,#7113,#3317,.T.);
#8662=EDGE_CURVE('',#7111,#7114,#3318,.T.);
#8663=EDGE_CURVE('',#7115,#7113,#3319,.T.);
#8664=EDGE_CURVE('',#7114,#7115,#3320,.T.);
#8665=EDGE_CURVE('',#7114,#7116,#3321,.T.);
#8666=EDGE_CURVE('',#7117,#7115,#3322,.T.);
#8667=EDGE_CURVE('',#7116,#7117,#3323,.T.);
#8668=EDGE_CURVE('',#7116,#7110,#3324,.T.);
#8669=EDGE_CURVE('',#7112,#7117,#3325,.T.);
#8670=EDGE_CURVE('',#7118,#7119,#3326,.T.);
#8671=EDGE_CURVE('',#7118,#7120,#3327,.T.);
#8672=EDGE_CURVE('',#7121,#7120,#3328,.T.);
#8673=EDGE_CURVE('',#7119,#7121,#3329,.T.);
#8674=EDGE_CURVE('',#7119,#7122,#3330,.T.);
#8675=EDGE_CURVE('',#7123,#7121,#3331,.T.);
#8676=EDGE_CURVE('',#7122,#7123,#3332,.T.);
#8677=EDGE_CURVE('',#7122,#7124,#3333,.T.);
#8678=EDGE_CURVE('',#7125,#7123,#3334,.T.);
#8679=EDGE_CURVE('',#7124,#7125,#3335,.T.);
#8680=EDGE_CURVE('',#7124,#7118,#3336,.T.);
#8681=EDGE_CURVE('',#7120,#7125,#3337,.T.);
#8682=EDGE_CURVE('',#7126,#7127,#3338,.T.);
#8683=EDGE_CURVE('',#7126,#7128,#3339,.T.);
#8684=EDGE_CURVE('',#7129,#7128,#3340,.T.);
#8685=EDGE_CURVE('',#7127,#7129,#3341,.T.);
#8686=EDGE_CURVE('',#7127,#7130,#3342,.T.);
#8687=EDGE_CURVE('',#7131,#7129,#3343,.T.);
#8688=EDGE_CURVE('',#7130,#7131,#3344,.T.);
#8689=EDGE_CURVE('',#7130,#7132,#3345,.T.);
#8690=EDGE_CURVE('',#7133,#7131,#3346,.T.);
#8691=EDGE_CURVE('',#7132,#7133,#3347,.T.);
#8692=EDGE_CURVE('',#7132,#7126,#3348,.T.);
#8693=EDGE_CURVE('',#7128,#7133,#3349,.T.);
#8694=EDGE_CURVE('',#7134,#7135,#3350,.T.);
#8695=EDGE_CURVE('',#7134,#7136,#3351,.T.);
#8696=EDGE_CURVE('',#7137,#7136,#3352,.T.);
#8697=EDGE_CURVE('',#7135,#7137,#3353,.T.);
#8698=EDGE_CURVE('',#7135,#7138,#3354,.T.);
#8699=EDGE_CURVE('',#7139,#7137,#3355,.T.);
#8700=EDGE_CURVE('',#7138,#7139,#3356,.T.);
#8701=EDGE_CURVE('',#7138,#7140,#3357,.T.);
#8702=EDGE_CURVE('',#7141,#7139,#3358,.T.);
#8703=EDGE_CURVE('',#7140,#7141,#3359,.T.);
#8704=EDGE_CURVE('',#7140,#7134,#3360,.T.);
#8705=EDGE_CURVE('',#7136,#7141,#3361,.T.);
#8706=EDGE_CURVE('',#6659,#7142,#3362,.T.);
#8707=EDGE_CURVE('',#7143,#7142,#3363,.T.);
#8708=EDGE_CURVE('',#6656,#7143,#3364,.T.);
#8709=EDGE_CURVE('',#7144,#7143,#3365,.T.);
#8710=EDGE_CURVE('',#6657,#7144,#3366,.T.);
#8711=EDGE_CURVE('',#7145,#7144,#3367,.T.);
#8712=EDGE_CURVE('',#6658,#7145,#3368,.T.);
#8713=EDGE_CURVE('',#7142,#7145,#3369,.T.);
#8714=EDGE_CURVE('',#7146,#7147,#3370,.T.);
#8715=EDGE_CURVE('',#7146,#7148,#3371,.T.);
#8716=EDGE_CURVE('',#7149,#7148,#3372,.T.);
#8717=EDGE_CURVE('',#7147,#7149,#3373,.T.);
#8718=EDGE_CURVE('',#7147,#6664,#3374,.T.);
#8719=EDGE_CURVE('',#6665,#7149,#3375,.T.);
#8720=EDGE_CURVE('',#6667,#7146,#3376,.T.);
#8721=EDGE_CURVE('',#7148,#6666,#3377,.T.);
#8722=EDGE_CURVE('',#6791,#7150,#3378,.T.);
#8723=EDGE_CURVE('',#7151,#7150,#3379,.T.);
#8724=EDGE_CURVE('',#6788,#7151,#3380,.T.);
#8725=EDGE_CURVE('',#7152,#7151,#3381,.T.);
#8726=EDGE_CURVE('',#6789,#7152,#3382,.T.);
#8727=EDGE_CURVE('',#7153,#7152,#3383,.T.);
#8728=EDGE_CURVE('',#6790,#7153,#3384,.T.);
#8729=EDGE_CURVE('',#7150,#7153,#3385,.T.);
#8730=EDGE_CURVE('',#7154,#7155,#3386,.T.);
#8731=EDGE_CURVE('',#7154,#7156,#3387,.T.);
#8732=EDGE_CURVE('',#7157,#7156,#3388,.T.);
#8733=EDGE_CURVE('',#7155,#7157,#3389,.T.);
#8734=EDGE_CURVE('',#7155,#7158,#3390,.T.);
#8735=EDGE_CURVE('',#7159,#7157,#3391,.T.);
#8736=EDGE_CURVE('',#7158,#7159,#3392,.T.);
#8737=EDGE_CURVE('',#7158,#7160,#3393,.T.);
#8738=EDGE_CURVE('',#7161,#7159,#3394,.T.);
#8739=EDGE_CURVE('',#7160,#7161,#3395,.T.);
#8740=EDGE_CURVE('',#7160,#7154,#3396,.T.);
#8741=EDGE_CURVE('',#7156,#7161,#3397,.T.);
#8742=EDGE_CURVE('',#7162,#7163,#3398,.T.);
#8743=EDGE_CURVE('',#7162,#7164,#3399,.T.);
#8744=EDGE_CURVE('',#7165,#7164,#3400,.T.);
#8745=EDGE_CURVE('',#7163,#7165,#3401,.T.);
#8746=EDGE_CURVE('',#7163,#7166,#3402,.T.);
#8747=EDGE_CURVE('',#7167,#7165,#3403,.T.);
#8748=EDGE_CURVE('',#7166,#7167,#3404,.T.);
#8749=EDGE_CURVE('',#7166,#7168,#3405,.T.);
#8750=EDGE_CURVE('',#7169,#7167,#3406,.T.);
#8751=EDGE_CURVE('',#7168,#7169,#3407,.T.);
#8752=EDGE_CURVE('',#7168,#7162,#3408,.T.);
#8753=EDGE_CURVE('',#7164,#7169,#3409,.T.);
#8754=EDGE_CURVE('',#7170,#7171,#3410,.T.);
#8755=EDGE_CURVE('',#7170,#7172,#3411,.T.);
#8756=EDGE_CURVE('',#7173,#7172,#3412,.T.);
#8757=EDGE_CURVE('',#7171,#7173,#3413,.T.);
#8758=EDGE_CURVE('',#7171,#6796,#3414,.T.);
#8759=EDGE_CURVE('',#6797,#7173,#3415,.T.);
#8760=EDGE_CURVE('',#6799,#7170,#3416,.T.);
#8761=EDGE_CURVE('',#7172,#6798,#3417,.T.);
#8762=EDGE_CURVE('',#7174,#7175,#3418,.T.);
#8763=EDGE_CURVE('',#7174,#7176,#3419,.T.);
#8764=EDGE_CURVE('',#7177,#7176,#3420,.T.);
#8765=EDGE_CURVE('',#7175,#7177,#3421,.T.);
#8766=EDGE_CURVE('',#7175,#7178,#3422,.T.);
#8767=EDGE_CURVE('',#7179,#7177,#3423,.T.);
#8768=EDGE_CURVE('',#7178,#7179,#3424,.T.);
#8769=EDGE_CURVE('',#7178,#7180,#3425,.T.);
#8770=EDGE_CURVE('',#7181,#7179,#3426,.T.);
#8771=EDGE_CURVE('',#7180,#7181,#3427,.T.);
#8772=EDGE_CURVE('',#7180,#7174,#3428,.T.);
#8773=EDGE_CURVE('',#7176,#7181,#3429,.T.);
#8774=EDGE_CURVE('',#7182,#6728,#3430,.T.);
#8775=EDGE_CURVE('',#7182,#7183,#3431,.T.);
#8776=EDGE_CURVE('',#6729,#7183,#3432,.T.);
#8777=EDGE_CURVE('',#6731,#7184,#3433,.T.);
#8778=EDGE_CURVE('',#7185,#6730,#3434,.T.);
#8779=EDGE_CURVE('',#7184,#7185,#3435,.T.);
#8780=EDGE_CURVE('',#7184,#7182,#3436,.T.);
#8781=EDGE_CURVE('',#7183,#7185,#3437,.T.);
#8782=EDGE_CURVE('',#7186,#7187,#3438,.T.);
#8783=EDGE_CURVE('',#7186,#7188,#3439,.T.);
#8784=EDGE_CURVE('',#7189,#7188,#3440,.T.);
#8785=EDGE_CURVE('',#7187,#7189,#3441,.T.);
#8786=EDGE_CURVE('',#7187,#7190,#3442,.T.);
#8787=EDGE_CURVE('',#7191,#7189,#3443,.T.);
#8788=EDGE_CURVE('',#7190,#7191,#3444,.T.);
#8789=EDGE_CURVE('',#7190,#7192,#3445,.T.);
#8790=EDGE_CURVE('',#7193,#7191,#3446,.T.);
#8791=EDGE_CURVE('',#7192,#7193,#3447,.T.);
#8792=EDGE_CURVE('',#7192,#7186,#3448,.T.);
#8793=EDGE_CURVE('',#7188,#7193,#3449,.T.);
#8794=EDGE_CURVE('',#7194,#6776,#3450,.T.);
#8795=EDGE_CURVE('',#7194,#7195,#3451,.T.);
#8796=EDGE_CURVE('',#6777,#7195,#3452,.T.);
#8797=EDGE_CURVE('',#6779,#7196,#3453,.T.);
#8798=EDGE_CURVE('',#7197,#6778,#3454,.T.);
#8799=EDGE_CURVE('',#7196,#7197,#3455,.T.);
#8800=EDGE_CURVE('',#7196,#7194,#3456,.T.);
#8801=EDGE_CURVE('',#7195,#7197,#3457,.T.);
#8802=EDGE_CURVE('',#6780,#7198,#3458,.T.);
#8803=EDGE_CURVE('',#7199,#7198,#3459,.T.);
#8804=EDGE_CURVE('',#6781,#7199,#3460,.T.);
#8805=EDGE_CURVE('',#7200,#7199,#3461,.T.);
#8806=EDGE_CURVE('',#6782,#7200,#3462,.T.);
#8807=EDGE_CURVE('',#7201,#7200,#3463,.T.);
#8808=EDGE_CURVE('',#6783,#7201,#3464,.T.);
#8809=EDGE_CURVE('',#7198,#7201,#3465,.T.);
#8810=EDGE_CURVE('',#6732,#7202,#3466,.T.);
#8811=EDGE_CURVE('',#7203,#7202,#3467,.T.);
#8812=EDGE_CURVE('',#6733,#7203,#3468,.T.);
#8813=EDGE_CURVE('',#7204,#7203,#3469,.T.);
#8814=EDGE_CURVE('',#6734,#7204,#3470,.T.);
#8815=EDGE_CURVE('',#7205,#7204,#3471,.T.);
#8816=EDGE_CURVE('',#6735,#7205,#3472,.T.);
#8817=EDGE_CURVE('',#7202,#7205,#3473,.T.);
#8818=EDGE_CURVE('',#7206,#7207,#3474,.T.);
#8819=EDGE_CURVE('',#7206,#7208,#3475,.T.);
#8820=EDGE_CURVE('',#7209,#7208,#3476,.T.);
#8821=EDGE_CURVE('',#7207,#7209,#3477,.T.);
#8822=EDGE_CURVE('',#7207,#7210,#3478,.T.);
#8823=EDGE_CURVE('',#7211,#7209,#3479,.T.);
#8824=EDGE_CURVE('',#7210,#7211,#3480,.T.);
#8825=EDGE_CURVE('',#7210,#7212,#3481,.T.);
#8826=EDGE_CURVE('',#7213,#7211,#3482,.T.);
#8827=EDGE_CURVE('',#7212,#7213,#3483,.T.);
#8828=EDGE_CURVE('',#7212,#7206,#3484,.T.);
#8829=EDGE_CURVE('',#7208,#7213,#3485,.T.);
#8830=EDGE_CURVE('',#6668,#7214,#3486,.T.);
#8831=EDGE_CURVE('',#7215,#7214,#3487,.T.);
#8832=EDGE_CURVE('',#6669,#7215,#3488,.T.);
#8833=EDGE_CURVE('',#7216,#7215,#3489,.T.);
#8834=EDGE_CURVE('',#6670,#7216,#3490,.T.);
#8835=EDGE_CURVE('',#7217,#7216,#3491,.T.);
#8836=EDGE_CURVE('',#6671,#7217,#3492,.T.);
#8837=EDGE_CURVE('',#7214,#7217,#3493,.T.);
#8838=EDGE_CURVE('',#7218,#6676,#3494,.T.);
#8839=EDGE_CURVE('',#7218,#7219,#3495,.T.);
#8840=EDGE_CURVE('',#6677,#7219,#3496,.T.);
#8841=EDGE_CURVE('',#6679,#7220,#3497,.T.);
#8842=EDGE_CURVE('',#7221,#6678,#3498,.T.);
#8843=EDGE_CURVE('',#7220,#7221,#3499,.T.);
#8844=EDGE_CURVE('',#7220,#7218,#3500,.T.);
#8845=EDGE_CURVE('',#7219,#7221,#3501,.T.);
#8846=EDGE_CURVE('',#7222,#7223,#3502,.T.);
#8847=EDGE_CURVE('',#7222,#7224,#3503,.T.);
#8848=EDGE_CURVE('',#7225,#7224,#3504,.T.);
#8849=EDGE_CURVE('',#7223,#7225,#3505,.T.);
#8850=EDGE_CURVE('',#7223,#7226,#3506,.T.);
#8851=EDGE_CURVE('',#7227,#7225,#3507,.T.);
#8852=EDGE_CURVE('',#7226,#7227,#3508,.T.);
#8853=EDGE_CURVE('',#7226,#7228,#3509,.T.);
#8854=EDGE_CURVE('',#7229,#7227,#3510,.T.);
#8855=EDGE_CURVE('',#7228,#7229,#3511,.T.);
#8856=EDGE_CURVE('',#7228,#7222,#3512,.T.);
#8857=EDGE_CURVE('',#7224,#7229,#3513,.T.);
#8858=EDGE_CURVE('',#7230,#7231,#3514,.T.);
#8859=EDGE_CURVE('',#7230,#7232,#3515,.T.);
#8860=EDGE_CURVE('',#7233,#7232,#3516,.T.);
#8861=EDGE_CURVE('',#7231,#7233,#3517,.T.);
#8862=EDGE_CURVE('',#7231,#7234,#3518,.T.);
#8863=EDGE_CURVE('',#7235,#7233,#3519,.T.);
#8864=EDGE_CURVE('',#7234,#7235,#3520,.T.);
#8865=EDGE_CURVE('',#7234,#7236,#3521,.T.);
#8866=EDGE_CURVE('',#7237,#7235,#3522,.T.);
#8867=EDGE_CURVE('',#7236,#7237,#3523,.T.);
#8868=EDGE_CURVE('',#7236,#7230,#3524,.T.);
#8869=EDGE_CURVE('',#7232,#7237,#3525,.T.);
#8870=EDGE_CURVE('',#7238,#7239,#3526,.T.);
#8871=EDGE_CURVE('',#7238,#7240,#3527,.T.);
#8872=EDGE_CURVE('',#7241,#7240,#3528,.T.);
#8873=EDGE_CURVE('',#7239,#7241,#3529,.T.);
#8874=EDGE_CURVE('',#7239,#7242,#3530,.T.);
#8875=EDGE_CURVE('',#7243,#7241,#3531,.T.);
#8876=EDGE_CURVE('',#7242,#7243,#3532,.T.);
#8877=EDGE_CURVE('',#7242,#7244,#3533,.T.);
#8878=EDGE_CURVE('',#7245,#7243,#3534,.T.);
#8879=EDGE_CURVE('',#7244,#7245,#3535,.T.);
#8880=EDGE_CURVE('',#7244,#7238,#3536,.T.);
#8881=EDGE_CURVE('',#7240,#7245,#3537,.T.);
#8882=EDGE_CURVE('',#7246,#7247,#3538,.T.);
#8883=EDGE_CURVE('',#7246,#7248,#3539,.T.);
#8884=EDGE_CURVE('',#7249,#7248,#3540,.T.);
#8885=EDGE_CURVE('',#7247,#7249,#3541,.T.);
#8886=EDGE_CURVE('',#7247,#7250,#3542,.T.);
#8887=EDGE_CURVE('',#7251,#7249,#3543,.T.);
#8888=EDGE_CURVE('',#7250,#7251,#3544,.T.);
#8889=EDGE_CURVE('',#7250,#7252,#3545,.T.);
#8890=EDGE_CURVE('',#7253,#7251,#3546,.T.);
#8891=EDGE_CURVE('',#7252,#7253,#3547,.T.);
#8892=EDGE_CURVE('',#7252,#7246,#3548,.T.);
#8893=EDGE_CURVE('',#7248,#7253,#3549,.T.);
#8894=EDGE_CURVE('',#7254,#7255,#3550,.T.);
#8895=EDGE_CURVE('',#7254,#7256,#3551,.T.);
#8896=EDGE_CURVE('',#7257,#7256,#3552,.T.);
#8897=EDGE_CURVE('',#7255,#7257,#3553,.T.);
#8898=EDGE_CURVE('',#7255,#7258,#3554,.T.);
#8899=EDGE_CURVE('',#7259,#7257,#3555,.T.);
#8900=EDGE_CURVE('',#7258,#7259,#3556,.T.);
#8901=EDGE_CURVE('',#7258,#7260,#3557,.T.);
#8902=EDGE_CURVE('',#7261,#7259,#3558,.T.);
#8903=EDGE_CURVE('',#7260,#7261,#3559,.T.);
#8904=EDGE_CURVE('',#7260,#7254,#3560,.T.);
#8905=EDGE_CURVE('',#7256,#7261,#3561,.T.);
#8906=EDGE_CURVE('',#7262,#7263,#3562,.T.);
#8907=EDGE_CURVE('',#7262,#7264,#3563,.T.);
#8908=EDGE_CURVE('',#7265,#7264,#3564,.T.);
#8909=EDGE_CURVE('',#7263,#7265,#3565,.T.);
#8910=EDGE_CURVE('',#7263,#6680,#3566,.T.);
#8911=EDGE_CURVE('',#6681,#7265,#3567,.T.);
#8912=EDGE_CURVE('',#6683,#7262,#3568,.T.);
#8913=EDGE_CURVE('',#7264,#6682,#3569,.T.);
#8914=EDGE_CURVE('',#6687,#7266,#3570,.T.);
#8915=EDGE_CURVE('',#7267,#7266,#3571,.T.);
#8916=EDGE_CURVE('',#6684,#7267,#3572,.T.);
#8917=EDGE_CURVE('',#7268,#7267,#3573,.T.);
#8918=EDGE_CURVE('',#6685,#7268,#3574,.T.);
#8919=EDGE_CURVE('',#7269,#7268,#3575,.T.);
#8920=EDGE_CURVE('',#6686,#7269,#3576,.T.);
#8921=EDGE_CURVE('',#7266,#7269,#3577,.T.);
#8922=EDGE_CURVE('',#7270,#7271,#3578,.T.);
#8923=EDGE_CURVE('',#7270,#7272,#3579,.T.);
#8924=EDGE_CURVE('',#7273,#7272,#3580,.T.);
#8925=EDGE_CURVE('',#7271,#7273,#3581,.T.);
#8926=EDGE_CURVE('',#7271,#7274,#3582,.T.);
#8927=EDGE_CURVE('',#7275,#7273,#3583,.T.);
#8928=EDGE_CURVE('',#7274,#7275,#3584,.T.);
#8929=EDGE_CURVE('',#7274,#7276,#3585,.T.);
#8930=EDGE_CURVE('',#7277,#7275,#3586,.T.);
#8931=EDGE_CURVE('',#7276,#7277,#3587,.T.);
#8932=EDGE_CURVE('',#7276,#7270,#3588,.T.);
#8933=EDGE_CURVE('',#7272,#7277,#3589,.T.);
#8934=EDGE_CURVE('',#7278,#7279,#3590,.T.);
#8935=EDGE_CURVE('',#7278,#7280,#3591,.T.);
#8936=EDGE_CURVE('',#7281,#7280,#3592,.T.);
#8937=EDGE_CURVE('',#7279,#7281,#3593,.T.);
#8938=EDGE_CURVE('',#7279,#6716,#3594,.T.);
#8939=EDGE_CURVE('',#6717,#7281,#3595,.T.);
#8940=EDGE_CURVE('',#6719,#7278,#3596,.T.);
#8941=EDGE_CURVE('',#7280,#6718,#3597,.T.);
#8942=EDGE_CURVE('',#7282,#7283,#3598,.T.);
#8943=EDGE_CURVE('',#7282,#7284,#3599,.T.);
#8944=EDGE_CURVE('',#7285,#7284,#3600,.T.);
#8945=EDGE_CURVE('',#7283,#7285,#3601,.T.);
#8946=EDGE_CURVE('',#7283,#7286,#3602,.T.);
#8947=EDGE_CURVE('',#7287,#7285,#3603,.T.);
#8948=EDGE_CURVE('',#7286,#7287,#3604,.T.);
#8949=EDGE_CURVE('',#7286,#7288,#3605,.T.);
#8950=EDGE_CURVE('',#7289,#7287,#3606,.T.);
#8951=EDGE_CURVE('',#7288,#7289,#3607,.T.);
#8952=EDGE_CURVE('',#7288,#7282,#3608,.T.);
#8953=EDGE_CURVE('',#7284,#7289,#3609,.T.);
#8954=EDGE_CURVE('',#6723,#7290,#3610,.T.);
#8955=EDGE_CURVE('',#7291,#7290,#3611,.T.);
#8956=EDGE_CURVE('',#6720,#7291,#3612,.T.);
#8957=EDGE_CURVE('',#7292,#7291,#3613,.T.);
#8958=EDGE_CURVE('',#6721,#7292,#3614,.T.);
#8959=EDGE_CURVE('',#7293,#7292,#3615,.T.);
#8960=EDGE_CURVE('',#6722,#7293,#3616,.T.);
#8961=EDGE_CURVE('',#7290,#7293,#3617,.T.);
#8962=EDGE_CURVE('',#7294,#7295,#3618,.T.);
#8963=EDGE_CURVE('',#7294,#7296,#3619,.T.);
#8964=EDGE_CURVE('',#7297,#7296,#3620,.T.);
#8965=EDGE_CURVE('',#7295,#7297,#3621,.T.);
#8966=EDGE_CURVE('',#7295,#7298,#3622,.T.);
#8967=EDGE_CURVE('',#7299,#7297,#3623,.T.);
#8968=EDGE_CURVE('',#7298,#7299,#3624,.T.);
#8969=EDGE_CURVE('',#7298,#7300,#3625,.T.);
#8970=EDGE_CURVE('',#7301,#7299,#3626,.T.);
#8971=EDGE_CURVE('',#7300,#7301,#3627,.T.);
#8972=EDGE_CURVE('',#7300,#7294,#3628,.T.);
#8973=EDGE_CURVE('',#7296,#7301,#3629,.T.);
#8974=EDGE_CURVE('',#7302,#7303,#3630,.T.);
#8975=EDGE_CURVE('',#7302,#7304,#3631,.T.);
#8976=EDGE_CURVE('',#7305,#7304,#3632,.T.);
#8977=EDGE_CURVE('',#7303,#7305,#3633,.T.);
#8978=EDGE_CURVE('',#7303,#6764,#3634,.T.);
#8979=EDGE_CURVE('',#6765,#7305,#3635,.T.);
#8980=EDGE_CURVE('',#6767,#7302,#3636,.T.);
#8981=EDGE_CURVE('',#7304,#6766,#3637,.T.);
#8982=EDGE_CURVE('',#6771,#7306,#3638,.T.);
#8983=EDGE_CURVE('',#7307,#7306,#3639,.T.);
#8984=EDGE_CURVE('',#6768,#7307,#3640,.T.);
#8985=EDGE_CURVE('',#7308,#7307,#3641,.T.);
#8986=EDGE_CURVE('',#6769,#7308,#3642,.T.);
#8987=EDGE_CURVE('',#7309,#7308,#3643,.T.);
#8988=EDGE_CURVE('',#6770,#7309,#3644,.T.);
#8989=EDGE_CURVE('',#7306,#7309,#3645,.T.);
#8990=EDGE_CURVE('',#7310,#7311,#3646,.T.);
#8991=EDGE_CURVE('',#7310,#7312,#3647,.T.);
#8992=EDGE_CURVE('',#7313,#7312,#3648,.T.);
#8993=EDGE_CURVE('',#7311,#7313,#3649,.T.);
#8994=EDGE_CURVE('',#7311,#7314,#3650,.T.);
#8995=EDGE_CURVE('',#7315,#7313,#3651,.T.);
#8996=EDGE_CURVE('',#7314,#7315,#3652,.T.);
#8997=EDGE_CURVE('',#7314,#7316,#3653,.T.);
#8998=EDGE_CURVE('',#7317,#7315,#3654,.T.);
#8999=EDGE_CURVE('',#7316,#7317,#3655,.T.);
#9000=EDGE_CURVE('',#7316,#7310,#3656,.T.);
#9001=EDGE_CURVE('',#7312,#7317,#3657,.T.);
#9002=EDGE_CURVE('',#7318,#7319,#3658,.T.);
#9003=EDGE_CURVE('',#7318,#7320,#3659,.T.);
#9004=EDGE_CURVE('',#7321,#7320,#3660,.T.);
#9005=EDGE_CURVE('',#7319,#7321,#3661,.T.);
#9006=EDGE_CURVE('',#7319,#7322,#3662,.T.);
#9007=EDGE_CURVE('',#7323,#7321,#3663,.T.);
#9008=EDGE_CURVE('',#7322,#7323,#3664,.T.);
#9009=EDGE_CURVE('',#7322,#7324,#3665,.T.);
#9010=EDGE_CURVE('',#7325,#7323,#3666,.T.);
#9011=EDGE_CURVE('',#7324,#7325,#3667,.T.);
#9012=EDGE_CURVE('',#7324,#7318,#3668,.T.);
#9013=EDGE_CURVE('',#7320,#7325,#3669,.T.);
#9014=EDGE_CURVE('',#7326,#7327,#3670,.T.);
#9015=EDGE_CURVE('',#7326,#7328,#3671,.T.);
#9016=EDGE_CURVE('',#7329,#7328,#3672,.T.);
#9017=EDGE_CURVE('',#7327,#7329,#3673,.T.);
#9018=EDGE_CURVE('',#7327,#7330,#3674,.T.);
#9019=EDGE_CURVE('',#7331,#7329,#3675,.T.);
#9020=EDGE_CURVE('',#7330,#7331,#3676,.T.);
#9021=EDGE_CURVE('',#7330,#7332,#3677,.T.);
#9022=EDGE_CURVE('',#7333,#7331,#3678,.T.);
#9023=EDGE_CURVE('',#7332,#7333,#3679,.T.);
#9024=EDGE_CURVE('',#7332,#7326,#3680,.T.);
#9025=EDGE_CURVE('',#7328,#7333,#3681,.T.);
#9026=EDGE_CURVE('',#7334,#7335,#3682,.T.);
#9027=EDGE_CURVE('',#7334,#7336,#3683,.T.);
#9028=EDGE_CURVE('',#7337,#7336,#3684,.T.);
#9029=EDGE_CURVE('',#7335,#7337,#3685,.T.);
#9030=EDGE_CURVE('',#7335,#6692,#3686,.T.);
#9031=EDGE_CURVE('',#6693,#7337,#3687,.T.);
#9032=EDGE_CURVE('',#6695,#7334,#3688,.T.);
#9033=EDGE_CURVE('',#7336,#6694,#3689,.T.);
#9034=EDGE_CURVE('',#7338,#7339,#3690,.T.);
#9035=EDGE_CURVE('',#7338,#7340,#3691,.T.);
#9036=EDGE_CURVE('',#7341,#7340,#3692,.T.);
#9037=EDGE_CURVE('',#7339,#7341,#3693,.T.);
#9038=EDGE_CURVE('',#7339,#6752,#3694,.T.);
#9039=EDGE_CURVE('',#6753,#7341,#3695,.T.);
#9040=EDGE_CURVE('',#6755,#7338,#3696,.T.);
#9041=EDGE_CURVE('',#7340,#6754,#3697,.T.);
#9042=EDGE_CURVE('',#6759,#7342,#3698,.T.);
#9043=EDGE_CURVE('',#7343,#7342,#3699,.T.);
#9044=EDGE_CURVE('',#6756,#7343,#3700,.T.);
#9045=EDGE_CURVE('',#7344,#7343,#3701,.T.);
#9046=EDGE_CURVE('',#6757,#7344,#3702,.T.);
#9047=EDGE_CURVE('',#7345,#7344,#3703,.T.);
#9048=EDGE_CURVE('',#6758,#7345,#3704,.T.);
#9049=EDGE_CURVE('',#7342,#7345,#3705,.T.);
#9050=EDGE_CURVE('',#6707,#7346,#3706,.T.);
#9051=EDGE_CURVE('',#7347,#6706,#3707,.T.);
#9052=EDGE_CURVE('',#7346,#7347,#3708,.T.);
#9053=EDGE_CURVE('',#7346,#7348,#3709,.T.);
#9054=EDGE_CURVE('',#7349,#7347,#3710,.T.);
#9055=EDGE_CURVE('',#7348,#7349,#3711,.T.);
#9056=EDGE_CURVE('',#7348,#6704,#3712,.T.);
#9057=EDGE_CURVE('',#6705,#7349,#3713,.T.);
#9058=EDGE_CURVE('',#7350,#7351,#3714,.T.);
#9059=EDGE_CURVE('',#7350,#7352,#3715,.T.);
#9060=EDGE_CURVE('',#7353,#7352,#3716,.T.);
#9061=EDGE_CURVE('',#7351,#7353,#3717,.T.);
#9062=EDGE_CURVE('',#7351,#7354,#3718,.T.);
#9063=EDGE_CURVE('',#7355,#7353,#3719,.T.);
#9064=EDGE_CURVE('',#7354,#7355,#3720,.T.);
#9065=EDGE_CURVE('',#7354,#7356,#3721,.T.);
#9066=EDGE_CURVE('',#7357,#7355,#3722,.T.);
#9067=EDGE_CURVE('',#7356,#7357,#3723,.T.);
#9068=EDGE_CURVE('',#7356,#7350,#3724,.T.);
#9069=EDGE_CURVE('',#7352,#7357,#3725,.T.);
#9070=EDGE_CURVE('',#6709,#7358,#3726,.T.);
#9071=EDGE_CURVE('',#7359,#7358,#3727,.T.);
#9072=EDGE_CURVE('',#6710,#7359,#3728,.T.);
#9073=EDGE_CURVE('',#7360,#7359,#3729,.T.);
#9074=EDGE_CURVE('',#6711,#7360,#3730,.T.);
#9075=EDGE_CURVE('',#7361,#7360,#3731,.T.);
#9076=EDGE_CURVE('',#6708,#7361,#3732,.T.);
#9077=EDGE_CURVE('',#7358,#7361,#3733,.T.);
#9078=EDGE_CURVE('',#7362,#7363,#3734,.T.);
#9079=EDGE_CURVE('',#7362,#7364,#3735,.T.);
#9080=EDGE_CURVE('',#7365,#7364,#3736,.T.);
#9081=EDGE_CURVE('',#7363,#7365,#3737,.T.);
#9082=EDGE_CURVE('',#7363,#7366,#3738,.T.);
#9083=EDGE_CURVE('',#7367,#7365,#3739,.T.);
#9084=EDGE_CURVE('',#7366,#7367,#3740,.T.);
#9085=EDGE_CURVE('',#7366,#7368,#3741,.T.);
#9086=EDGE_CURVE('',#7369,#7367,#3742,.T.);
#9087=EDGE_CURVE('',#7368,#7369,#3743,.T.);
#9088=EDGE_CURVE('',#7368,#7362,#3744,.T.);
#9089=EDGE_CURVE('',#7364,#7369,#3745,.T.);
#9090=EDGE_CURVE('',#6743,#7370,#3746,.T.);
#9091=EDGE_CURVE('',#7371,#6742,#3747,.T.);
#9092=EDGE_CURVE('',#7370,#7371,#3748,.T.);
#9093=EDGE_CURVE('',#7370,#7372,#3749,.T.);
#9094=EDGE_CURVE('',#7373,#7371,#3750,.T.);
#9095=EDGE_CURVE('',#7372,#7373,#3751,.T.);
#9096=EDGE_CURVE('',#7372,#6740,#3752,.T.);
#9097=EDGE_CURVE('',#6741,#7373,#3753,.T.);
#9098=EDGE_CURVE('',#7374,#7375,#3754,.T.);
#9099=EDGE_CURVE('',#7374,#7376,#3755,.T.);
#9100=EDGE_CURVE('',#7377,#7376,#3756,.T.);
#9101=EDGE_CURVE('',#7375,#7377,#3757,.T.);
#9102=EDGE_CURVE('',#7375,#7378,#3758,.T.);
#9103=EDGE_CURVE('',#7379,#7377,#3759,.T.);
#9104=EDGE_CURVE('',#7378,#7379,#3760,.T.);
#9105=EDGE_CURVE('',#7378,#7380,#3761,.T.);
#9106=EDGE_CURVE('',#7381,#7379,#3762,.T.);
#9107=EDGE_CURVE('',#7380,#7381,#3763,.T.);
#9108=EDGE_CURVE('',#7380,#7374,#3764,.T.);
#9109=EDGE_CURVE('',#7376,#7381,#3765,.T.);
#9110=EDGE_CURVE('',#6696,#7382,#3766,.T.);
#9111=EDGE_CURVE('',#7383,#7382,#3767,.T.);
#9112=EDGE_CURVE('',#6697,#7383,#3768,.T.);
#9113=EDGE_CURVE('',#7384,#7383,#3769,.T.);
#9114=EDGE_CURVE('',#6698,#7384,#3770,.T.);
#9115=EDGE_CURVE('',#7385,#7384,#3771,.T.);
#9116=EDGE_CURVE('',#6699,#7385,#3772,.T.);
#9117=EDGE_CURVE('',#7382,#7385,#3773,.T.);
#9118=EDGE_CURVE('',#6746,#7386,#3774,.T.);
#9119=EDGE_CURVE('',#7387,#7386,#3775,.T.);
#9120=EDGE_CURVE('',#6747,#7387,#3776,.T.);
#9121=EDGE_CURVE('',#7388,#7387,#3777,.T.);
#9122=EDGE_CURVE('',#6744,#7388,#3778,.T.);
#9123=EDGE_CURVE('',#7389,#7388,#3779,.T.);
#9124=EDGE_CURVE('',#6745,#7389,#3780,.T.);
#9125=EDGE_CURVE('',#7386,#7389,#3781,.T.);
#9126=EDGE_CURVE('',#7390,#7391,#3782,.T.);
#9127=EDGE_CURVE('',#7391,#7392,#3783,.T.);
#9128=EDGE_CURVE('',#7392,#7393,#3784,.T.);
#9129=EDGE_CURVE('',#7393,#7390,#3785,.T.);
#9130=EDGE_CURVE('',#7394,#7395,#3786,.T.);
#9131=EDGE_CURVE('',#7395,#7396,#3787,.T.);
#9132=EDGE_CURVE('',#7396,#7397,#3788,.T.);
#9133=EDGE_CURVE('',#7397,#7394,#3789,.T.);
#9134=EDGE_CURVE('',#7398,#7399,#3790,.T.);
#9135=EDGE_CURVE('',#7399,#7400,#3791,.T.);
#9136=EDGE_CURVE('',#7400,#7401,#3792,.T.);
#9137=EDGE_CURVE('',#7401,#7398,#3793,.T.);
#9138=EDGE_CURVE('',#7402,#7403,#3794,.T.);
#9139=EDGE_CURVE('',#7403,#7404,#3795,.T.);
#9140=EDGE_CURVE('',#7404,#7405,#3796,.T.);
#9141=EDGE_CURVE('',#7405,#7402,#3797,.T.);
#9142=EDGE_CURVE('',#7406,#7407,#3798,.T.);
#9143=EDGE_CURVE('',#7407,#7408,#3799,.T.);
#9144=EDGE_CURVE('',#7408,#7409,#3800,.T.);
#9145=EDGE_CURVE('',#7409,#7406,#3801,.T.);
#9146=EDGE_CURVE('',#7410,#7411,#3802,.T.);
#9147=EDGE_CURVE('',#7411,#7412,#3803,.T.);
#9148=EDGE_CURVE('',#7412,#7413,#3804,.T.);
#9149=EDGE_CURVE('',#7413,#7410,#3805,.T.);
#9150=EDGE_CURVE('',#7414,#7415,#3806,.T.);
#9151=EDGE_CURVE('',#7415,#7416,#3807,.T.);
#9152=EDGE_CURVE('',#7416,#7417,#3808,.T.);
#9153=EDGE_CURVE('',#7417,#7414,#3809,.T.);
#9154=EDGE_CURVE('',#7418,#7419,#3810,.T.);
#9155=EDGE_CURVE('',#7419,#7420,#3811,.T.);
#9156=EDGE_CURVE('',#7420,#7421,#3812,.T.);
#9157=EDGE_CURVE('',#7421,#7418,#3813,.T.);
#9158=EDGE_CURVE('',#7422,#7423,#3814,.T.);
#9159=EDGE_CURVE('',#7423,#7424,#3815,.T.);
#9160=EDGE_CURVE('',#7424,#7425,#3816,.T.);
#9161=EDGE_CURVE('',#7425,#7422,#3817,.T.);
#9162=EDGE_CURVE('',#7426,#7427,#3818,.T.);
#9163=EDGE_CURVE('',#7427,#7428,#3819,.T.);
#9164=EDGE_CURVE('',#7428,#7429,#3820,.T.);
#9165=EDGE_CURVE('',#7429,#7426,#3821,.T.);
#9166=EDGE_CURVE('',#7430,#7431,#3822,.T.);
#9167=EDGE_CURVE('',#7431,#7432,#3823,.T.);
#9168=EDGE_CURVE('',#7432,#7433,#3824,.T.);
#9169=EDGE_CURVE('',#7433,#7430,#3825,.T.);
#9170=EDGE_CURVE('',#7434,#7435,#3826,.T.);
#9171=EDGE_CURVE('',#7435,#7436,#3827,.T.);
#9172=EDGE_CURVE('',#7436,#7437,#3828,.T.);
#9173=EDGE_CURVE('',#7437,#7434,#3829,.T.);
#9174=EDGE_CURVE('',#7438,#7439,#3830,.T.);
#9175=EDGE_CURVE('',#7439,#7440,#3831,.T.);
#9176=EDGE_CURVE('',#7440,#7441,#3832,.T.);
#9177=EDGE_CURVE('',#7441,#7438,#3833,.T.);
#9178=EDGE_CURVE('',#7442,#7443,#3834,.T.);
#9179=EDGE_CURVE('',#7443,#7444,#3835,.T.);
#9180=EDGE_CURVE('',#7444,#7445,#3836,.T.);
#9181=EDGE_CURVE('',#7445,#7442,#3837,.T.);
#9182=EDGE_CURVE('',#7446,#7447,#3838,.T.);
#9183=EDGE_CURVE('',#7447,#7448,#3839,.T.);
#9184=EDGE_CURVE('',#7448,#7449,#3840,.T.);
#9185=EDGE_CURVE('',#7449,#7446,#3841,.T.);
#9186=EDGE_CURVE('',#7450,#7451,#3842,.T.);
#9187=EDGE_CURVE('',#7451,#7452,#3843,.T.);
#9188=EDGE_CURVE('',#7452,#7453,#3844,.T.);
#9189=EDGE_CURVE('',#7453,#7450,#3845,.T.);
#9190=EDGE_CURVE('',#7454,#7455,#3846,.T.);
#9191=EDGE_CURVE('',#7455,#7456,#3847,.T.);
#9192=EDGE_CURVE('',#7456,#7457,#3848,.T.);
#9193=EDGE_CURVE('',#7457,#7454,#3849,.T.);
#9194=EDGE_CURVE('',#7458,#7459,#3850,.T.);
#9195=EDGE_CURVE('',#7459,#7460,#3851,.T.);
#9196=EDGE_CURVE('',#7460,#7461,#3852,.T.);
#9197=EDGE_CURVE('',#7461,#7458,#3853,.T.);
#9198=EDGE_CURVE('',#7462,#7463,#3854,.T.);
#9199=EDGE_CURVE('',#7463,#7464,#3855,.T.);
#9200=EDGE_CURVE('',#7464,#7465,#3856,.T.);
#9201=EDGE_CURVE('',#7465,#7462,#3857,.T.);
#9202=EDGE_CURVE('',#7466,#7467,#3858,.T.);
#9203=EDGE_CURVE('',#7467,#7468,#3859,.T.);
#9204=EDGE_CURVE('',#7468,#7469,#3860,.T.);
#9205=EDGE_CURVE('',#7469,#7466,#3861,.T.);
#9206=EDGE_CURVE('',#7470,#7471,#3862,.T.);
#9207=EDGE_CURVE('',#7471,#7472,#3863,.T.);
#9208=EDGE_CURVE('',#7472,#7473,#3864,.T.);
#9209=EDGE_CURVE('',#7473,#7470,#3865,.T.);
#9210=EDGE_CURVE('',#7474,#7475,#3866,.T.);
#9211=EDGE_CURVE('',#7475,#7476,#3867,.T.);
#9212=EDGE_CURVE('',#7476,#7477,#3868,.T.);
#9213=EDGE_CURVE('',#7477,#7474,#3869,.T.);
#9214=EDGE_CURVE('',#7478,#7479,#3870,.T.);
#9215=EDGE_CURVE('',#7479,#7480,#3871,.T.);
#9216=EDGE_CURVE('',#7480,#7481,#3872,.T.);
#9217=EDGE_CURVE('',#7481,#7478,#3873,.T.);
#9218=EDGE_CURVE('',#7482,#7483,#3874,.T.);
#9219=EDGE_CURVE('',#7483,#7484,#3875,.T.);
#9220=EDGE_CURVE('',#7484,#7485,#3876,.T.);
#9221=EDGE_CURVE('',#7485,#7482,#3877,.T.);
#9222=EDGE_CURVE('',#7486,#7487,#3878,.T.);
#9223=EDGE_CURVE('',#7487,#7488,#3879,.T.);
#9224=EDGE_CURVE('',#7488,#7489,#3880,.T.);
#9225=EDGE_CURVE('',#7489,#7486,#3881,.T.);
#9226=EDGE_CURVE('',#7490,#7491,#3882,.T.);
#9227=EDGE_CURVE('',#7491,#7492,#3883,.T.);
#9228=EDGE_CURVE('',#7492,#7493,#3884,.T.);
#9229=EDGE_CURVE('',#7493,#7490,#3885,.T.);
#9230=EDGE_CURVE('',#7494,#7495,#3886,.T.);
#9231=EDGE_CURVE('',#7495,#7496,#3887,.T.);
#9232=EDGE_CURVE('',#7496,#7497,#3888,.T.);
#9233=EDGE_CURVE('',#7497,#7494,#3889,.T.);
#9234=EDGE_CURVE('',#7498,#7499,#3890,.T.);
#9235=EDGE_CURVE('',#7499,#7500,#3891,.T.);
#9236=EDGE_CURVE('',#7500,#7501,#3892,.T.);
#9237=EDGE_CURVE('',#7501,#7498,#3893,.T.);
#9238=EDGE_CURVE('',#7502,#7503,#3894,.T.);
#9239=EDGE_CURVE('',#7503,#7504,#3895,.T.);
#9240=EDGE_CURVE('',#7504,#7505,#3896,.T.);
#9241=EDGE_CURVE('',#7505,#7502,#3897,.T.);
#9242=EDGE_CURVE('',#7506,#7507,#3898,.T.);
#9243=EDGE_CURVE('',#7507,#7508,#3899,.T.);
#9244=EDGE_CURVE('',#7508,#7509,#3900,.T.);
#9245=EDGE_CURVE('',#7509,#7506,#3901,.T.);
#9246=EDGE_CURVE('',#7510,#7511,#3902,.T.);
#9247=EDGE_CURVE('',#7511,#7512,#3903,.T.);
#9248=EDGE_CURVE('',#7512,#7513,#3904,.T.);
#9249=EDGE_CURVE('',#7513,#7510,#3905,.T.);
#9250=EDGE_CURVE('',#7514,#7515,#3906,.T.);
#9251=EDGE_CURVE('',#7515,#7516,#3907,.T.);
#9252=EDGE_CURVE('',#7516,#7517,#3908,.T.);
#9253=EDGE_CURVE('',#7517,#7514,#3909,.T.);
#9254=EDGE_CURVE('',#7518,#7519,#3910,.T.);
#9255=EDGE_CURVE('',#7519,#7520,#3911,.T.);
#9256=EDGE_CURVE('',#7520,#7521,#3912,.T.);
#9257=EDGE_CURVE('',#7521,#7518,#3913,.T.);
#9258=EDGE_CURVE('',#7522,#7523,#3914,.T.);
#9259=EDGE_CURVE('',#7523,#7524,#3915,.T.);
#9260=EDGE_CURVE('',#7524,#7525,#3916,.T.);
#9261=EDGE_CURVE('',#7525,#7522,#3917,.T.);
#9262=EDGE_CURVE('',#7526,#7527,#3918,.T.);
#9263=EDGE_CURVE('',#7527,#7528,#3919,.T.);
#9264=EDGE_CURVE('',#7528,#7529,#3920,.T.);
#9265=EDGE_CURVE('',#7529,#7526,#3921,.T.);
#9266=EDGE_CURVE('',#7530,#7531,#3922,.T.);
#9267=EDGE_CURVE('',#7531,#7532,#3923,.T.);
#9268=EDGE_CURVE('',#7532,#7533,#3924,.T.);
#9269=EDGE_CURVE('',#7533,#7530,#3925,.T.);
#9270=EDGE_CURVE('',#7534,#7535,#3926,.T.);
#9271=EDGE_CURVE('',#7535,#7536,#3927,.T.);
#9272=EDGE_CURVE('',#7536,#7537,#3928,.T.);
#9273=EDGE_CURVE('',#7537,#7534,#3929,.T.);
#9274=EDGE_CURVE('',#7538,#7539,#3930,.T.);
#9275=EDGE_CURVE('',#7539,#7540,#3931,.T.);
#9276=EDGE_CURVE('',#7540,#7541,#3932,.T.);
#9277=EDGE_CURVE('',#7541,#7538,#3933,.T.);
#9278=EDGE_CURVE('',#7542,#7543,#3934,.T.);
#9279=EDGE_CURVE('',#7543,#7544,#3935,.T.);
#9280=EDGE_CURVE('',#7544,#7545,#3936,.T.);
#9281=EDGE_CURVE('',#7545,#7542,#3937,.T.);
#9282=EDGE_CURVE('',#7546,#7547,#3938,.T.);
#9283=EDGE_CURVE('',#7547,#7548,#3939,.T.);
#9284=EDGE_CURVE('',#7548,#7549,#3940,.T.);
#9285=EDGE_CURVE('',#7549,#7546,#3941,.T.);
#9286=EDGE_CURVE('',#7550,#7551,#3942,.T.);
#9287=EDGE_CURVE('',#7551,#7552,#3943,.T.);
#9288=EDGE_CURVE('',#7552,#7553,#3944,.T.);
#9289=EDGE_CURVE('',#7553,#7550,#3945,.T.);
#9290=EDGE_CURVE('',#7554,#7555,#3946,.T.);
#9291=EDGE_CURVE('',#7555,#7556,#3947,.T.);
#9292=EDGE_CURVE('',#7556,#7557,#3948,.T.);
#9293=EDGE_CURVE('',#7557,#7554,#3949,.T.);
#9294=EDGE_CURVE('',#7558,#7559,#3950,.T.);
#9295=EDGE_CURVE('',#7559,#7560,#3951,.T.);
#9296=EDGE_CURVE('',#7560,#7561,#3952,.T.);
#9297=EDGE_CURVE('',#7561,#7558,#3953,.T.);
#9298=EDGE_CURVE('',#7562,#7563,#3954,.T.);
#9299=EDGE_CURVE('',#7563,#7564,#3955,.T.);
#9300=EDGE_CURVE('',#7564,#7565,#3956,.T.);
#9301=EDGE_CURVE('',#7565,#7562,#3957,.T.);
#9302=EDGE_CURVE('',#7566,#7567,#3958,.T.);
#9303=EDGE_CURVE('',#7567,#7568,#3959,.T.);
#9304=EDGE_CURVE('',#7568,#7569,#3960,.T.);
#9305=EDGE_CURVE('',#7569,#7566,#3961,.T.);
#9306=EDGE_CURVE('',#7570,#7571,#3962,.T.);
#9307=EDGE_CURVE('',#7571,#7572,#3963,.T.);
#9308=EDGE_CURVE('',#7572,#7573,#3964,.T.);
#9309=EDGE_CURVE('',#7573,#7570,#3965,.T.);
#9310=EDGE_CURVE('',#7574,#7575,#3966,.T.);
#9311=EDGE_CURVE('',#7575,#7576,#3967,.T.);
#9312=EDGE_CURVE('',#7576,#7577,#3968,.T.);
#9313=EDGE_CURVE('',#7577,#7574,#3969,.T.);
#9314=EDGE_CURVE('',#7559,#7578,#3970,.T.);
#9315=EDGE_CURVE('',#7579,#7578,#3971,.T.);
#9316=EDGE_CURVE('',#7560,#7579,#3972,.T.);
#9317=EDGE_CURVE('',#7580,#7579,#3973,.T.);
#9318=EDGE_CURVE('',#7561,#7580,#3974,.T.);
#9319=EDGE_CURVE('',#7581,#7580,#3975,.T.);
#9320=EDGE_CURVE('',#7558,#7581,#3976,.T.);
#9321=EDGE_CURVE('',#7578,#7581,#3977,.T.);
#9322=EDGE_CURVE('',#7582,#6989,#3978,.T.);
#9323=EDGE_CURVE('',#6892,#7582,#3979,.T.);
#9324=EDGE_CURVE('',#6990,#7582,#3980,.T.);
#9325=EDGE_CURVE('',#7583,#7010,#3981,.T.);
#9326=EDGE_CURVE('',#6952,#7583,#3982,.T.);
#9327=EDGE_CURVE('',#7011,#7583,#3983,.T.);
#9328=EDGE_CURVE('',#7584,#7018,#3984,.T.);
#9329=EDGE_CURVE('',#6968,#7584,#3985,.T.);
#9330=EDGE_CURVE('',#7019,#7584,#3986,.T.);
#9331=EDGE_CURVE('',#7585,#6976,#3987,.T.);
#9332=EDGE_CURVE('',#6844,#7585,#3988,.T.);
#9333=EDGE_CURVE('',#6977,#7585,#3989,.T.);
#9334=EDGE_CURVE('',#7586,#6994,#3990,.T.);
#9335=EDGE_CURVE('',#6904,#7586,#3991,.T.);
#9336=EDGE_CURVE('',#6995,#7586,#3992,.T.);
#9337=EDGE_CURVE('',#7587,#7002,#3993,.T.);
#9338=EDGE_CURVE('',#6936,#7587,#3994,.T.);
#9339=EDGE_CURVE('',#7003,#7587,#3995,.T.);
#9340=EDGE_CURVE('',#7588,#6984,#3996,.T.);
#9341=EDGE_CURVE('',#6876,#7588,#3997,.T.);
#9342=EDGE_CURVE('',#6985,#7588,#3998,.T.);
#9343=EDGE_CURVE('',#7589,#6979,#3999,.T.);
#9344=EDGE_CURVE('',#6860,#7589,#4000,.T.);
#9345=EDGE_CURVE('',#6980,#7589,#4001,.T.);
#9346=EDGE_CURVE('',#7555,#7590,#4002,.T.);
#9347=EDGE_CURVE('',#7591,#7590,#4003,.T.);
#9348=EDGE_CURVE('',#7556,#7591,#4004,.T.);
#9349=EDGE_CURVE('',#7592,#7591,#4005,.T.);
#9350=EDGE_CURVE('',#7557,#7592,#4006,.T.);
#9351=EDGE_CURVE('',#7593,#7592,#4007,.T.);
#9352=EDGE_CURVE('',#7554,#7593,#4008,.T.);
#9353=EDGE_CURVE('',#7590,#7593,#4009,.T.);
#9354=EDGE_CURVE('',#7594,#6997,#4010,.T.);
#9355=EDGE_CURVE('',#6920,#7594,#4011,.T.);
#9356=EDGE_CURVE('',#6998,#7594,#4012,.T.);
#9357=EDGE_CURVE('',#7595,#6973,#4013,.T.);
#9358=EDGE_CURVE('',#6828,#7595,#4014,.T.);
#9359=EDGE_CURVE('',#6974,#7595,#4015,.T.);
#9360=EDGE_CURVE('',#7563,#7596,#4016,.T.);
#9361=EDGE_CURVE('',#7597,#7596,#4017,.T.);
#9362=EDGE_CURVE('',#7564,#7597,#4018,.T.);
#9363=EDGE_CURVE('',#7598,#7597,#4019,.T.);
#9364=EDGE_CURVE('',#7565,#7598,#4020,.T.);
#9365=EDGE_CURVE('',#7599,#7598,#4021,.T.);
#9366=EDGE_CURVE('',#7562,#7599,#4022,.T.);
#9367=EDGE_CURVE('',#7596,#7599,#4023,.T.);
#9368=EDGE_CURVE('',#7531,#7600,#4024,.T.);
#9369=EDGE_CURVE('',#7601,#7600,#4025,.T.);
#9370=EDGE_CURVE('',#7532,#7601,#4026,.T.);
#9371=EDGE_CURVE('',#7602,#7601,#4027,.T.);
#9372=EDGE_CURVE('',#7533,#7602,#4028,.T.);
#9373=EDGE_CURVE('',#7603,#7602,#4029,.T.);
#9374=EDGE_CURVE('',#7530,#7603,#4030,.T.);
#9375=EDGE_CURVE('',#7600,#7603,#4031,.T.);
#9376=EDGE_CURVE('',#7539,#7604,#4032,.T.);
#9377=EDGE_CURVE('',#7605,#7604,#4033,.T.);
#9378=EDGE_CURVE('',#7540,#7605,#4034,.T.);
#9379=EDGE_CURVE('',#7606,#7605,#4035,.T.);
#9380=EDGE_CURVE('',#7541,#7606,#4036,.T.);
#9381=EDGE_CURVE('',#7607,#7606,#4037,.T.);
#9382=EDGE_CURVE('',#7538,#7607,#4038,.T.);
#9383=EDGE_CURVE('',#7604,#7607,#4039,.T.);
#9384=EDGE_CURVE('',#7014,#7608,#4040,.T.);
#9385=EDGE_CURVE('',#7609,#7608,#4041,.T.);
#9386=EDGE_CURVE('',#7015,#7609,#4042,.T.);
#9387=EDGE_CURVE('',#7610,#7609,#4043,.T.);
#9388=EDGE_CURVE('',#7016,#7610,#4044,.T.);
#9389=EDGE_CURVE('',#7611,#7610,#4045,.T.);
#9390=EDGE_CURVE('',#7013,#7611,#4046,.T.);
#9391=EDGE_CURVE('',#7608,#7611,#4047,.T.);
#9392=EDGE_CURVE('',#7503,#7612,#4048,.T.);
#9393=EDGE_CURVE('',#7613,#7612,#4049,.T.);
#9394=EDGE_CURVE('',#7504,#7613,#4050,.T.);
#9395=EDGE_CURVE('',#7614,#7613,#4051,.T.);
#9396=EDGE_CURVE('',#7505,#7614,#4052,.T.);
#9397=EDGE_CURVE('',#7615,#7614,#4053,.T.);
#9398=EDGE_CURVE('',#7502,#7615,#4054,.T.);
#9399=EDGE_CURVE('',#7612,#7615,#4055,.T.);
#9400=EDGE_CURVE('',#7519,#7616,#4056,.T.);
#9401=EDGE_CURVE('',#7617,#7616,#4057,.T.);
#9402=EDGE_CURVE('',#7520,#7617,#4058,.T.);
#9403=EDGE_CURVE('',#7618,#7617,#4059,.T.);
#9404=EDGE_CURVE('',#7521,#7618,#4060,.T.);
#9405=EDGE_CURVE('',#7619,#7618,#4061,.T.);
#9406=EDGE_CURVE('',#7518,#7619,#4062,.T.);
#9407=EDGE_CURVE('',#7616,#7619,#4063,.T.);
#9408=EDGE_CURVE('',#7507,#7620,#4064,.T.);
#9409=EDGE_CURVE('',#7621,#7620,#4065,.T.);
#9410=EDGE_CURVE('',#7508,#7621,#4066,.T.);
#9411=EDGE_CURVE('',#7622,#7621,#4067,.T.);
#9412=EDGE_CURVE('',#7509,#7622,#4068,.T.);
#9413=EDGE_CURVE('',#7623,#7622,#4069,.T.);
#9414=EDGE_CURVE('',#7506,#7623,#4070,.T.);
#9415=EDGE_CURVE('',#7620,#7623,#4071,.T.);
#9416=EDGE_CURVE('',#6661,#7624,#4072,.T.);
#9417=EDGE_CURVE('',#7625,#7624,#4073,.T.);
#9418=EDGE_CURVE('',#6662,#7625,#4074,.T.);
#9419=EDGE_CURVE('',#7626,#7625,#4075,.T.);
#9420=EDGE_CURVE('',#6663,#7626,#4076,.T.);
#9421=EDGE_CURVE('',#7627,#7626,#4077,.T.);
#9422=EDGE_CURVE('',#6660,#7627,#4078,.T.);
#9423=EDGE_CURVE('',#7624,#7627,#4079,.T.);
#9424=EDGE_CURVE('',#7511,#7628,#4080,.T.);
#9425=EDGE_CURVE('',#7629,#7628,#4081,.T.);
#9426=EDGE_CURVE('',#7512,#7629,#4082,.T.);
#9427=EDGE_CURVE('',#7630,#7629,#4083,.T.);
#9428=EDGE_CURVE('',#7513,#7630,#4084,.T.);
#9429=EDGE_CURVE('',#7631,#7630,#4085,.T.);
#9430=EDGE_CURVE('',#7510,#7631,#4086,.T.);
#9431=EDGE_CURVE('',#7628,#7631,#4087,.T.);
#9432=EDGE_CURVE('',#6793,#7632,#4088,.T.);
#9433=EDGE_CURVE('',#7633,#7632,#4089,.T.);
#9434=EDGE_CURVE('',#6794,#7633,#4090,.T.);
#9435=EDGE_CURVE('',#7634,#7633,#4091,.T.);
#9436=EDGE_CURVE('',#6795,#7634,#4092,.T.);
#9437=EDGE_CURVE('',#7635,#7634,#4093,.T.);
#9438=EDGE_CURVE('',#6792,#7635,#4094,.T.);
#9439=EDGE_CURVE('',#7632,#7635,#4095,.T.);
#9440=EDGE_CURVE('',#7567,#7636,#4096,.T.);
#9441=EDGE_CURVE('',#7637,#7636,#4097,.T.);
#9442=EDGE_CURVE('',#7568,#7637,#4098,.T.);
#9443=EDGE_CURVE('',#7638,#7637,#4099,.T.);
#9444=EDGE_CURVE('',#7569,#7638,#4100,.T.);
#9445=EDGE_CURVE('',#7639,#7638,#4101,.T.);
#9446=EDGE_CURVE('',#7566,#7639,#4102,.T.);
#9447=EDGE_CURVE('',#7636,#7639,#4103,.T.);
#9448=EDGE_CURVE('',#7575,#7640,#4104,.T.);
#9449=EDGE_CURVE('',#7641,#7640,#4105,.T.);
#9450=EDGE_CURVE('',#7576,#7641,#4106,.T.);
#9451=EDGE_CURVE('',#7642,#7641,#4107,.T.);
#9452=EDGE_CURVE('',#7577,#7642,#4108,.T.);
#9453=EDGE_CURVE('',#7643,#7642,#4109,.T.);
#9454=EDGE_CURVE('',#7574,#7643,#4110,.T.);
#9455=EDGE_CURVE('',#7640,#7643,#4111,.T.);
#9456=EDGE_CURVE('',#7535,#7644,#4112,.T.);
#9457=EDGE_CURVE('',#7645,#7644,#4113,.T.);
#9458=EDGE_CURVE('',#7536,#7645,#4114,.T.);
#9459=EDGE_CURVE('',#7646,#7645,#4115,.T.);
#9460=EDGE_CURVE('',#7537,#7646,#4116,.T.);
#9461=EDGE_CURVE('',#7647,#7646,#4117,.T.);
#9462=EDGE_CURVE('',#7534,#7647,#4118,.T.);
#9463=EDGE_CURVE('',#7644,#7647,#4119,.T.);
#9464=EDGE_CURVE('',#7515,#7648,#4120,.T.);
#9465=EDGE_CURVE('',#7649,#7648,#4121,.T.);
#9466=EDGE_CURVE('',#7516,#7649,#4122,.T.);
#9467=EDGE_CURVE('',#7650,#7649,#4123,.T.);
#9468=EDGE_CURVE('',#7517,#7650,#4124,.T.);
#9469=EDGE_CURVE('',#7651,#7650,#4125,.T.);
#9470=EDGE_CURVE('',#7514,#7651,#4126,.T.);
#9471=EDGE_CURVE('',#7648,#7651,#4127,.T.);
#9472=EDGE_CURVE('',#7527,#7652,#4128,.T.);
#9473=EDGE_CURVE('',#7653,#7652,#4129,.T.);
#9474=EDGE_CURVE('',#7528,#7653,#4130,.T.);
#9475=EDGE_CURVE('',#7654,#7653,#4131,.T.);
#9476=EDGE_CURVE('',#7529,#7654,#4132,.T.);
#9477=EDGE_CURVE('',#7655,#7654,#4133,.T.);
#9478=EDGE_CURVE('',#7526,#7655,#4134,.T.);
#9479=EDGE_CURVE('',#7652,#7655,#4135,.T.);
#9480=EDGE_CURVE('',#7523,#7656,#4136,.T.);
#9481=EDGE_CURVE('',#7657,#7656,#4137,.T.);
#9482=EDGE_CURVE('',#7524,#7657,#4138,.T.);
#9483=EDGE_CURVE('',#7658,#7657,#4139,.T.);
#9484=EDGE_CURVE('',#7525,#7658,#4140,.T.);
#9485=EDGE_CURVE('',#7659,#7658,#4141,.T.);
#9486=EDGE_CURVE('',#7522,#7659,#4142,.T.);
#9487=EDGE_CURVE('',#7656,#7659,#4143,.T.);
#9488=EDGE_CURVE('',#7499,#7660,#4144,.T.);
#9489=EDGE_CURVE('',#7661,#7660,#4145,.T.);
#9490=EDGE_CURVE('',#7500,#7661,#4146,.T.);
#9491=EDGE_CURVE('',#7662,#7661,#4147,.T.);
#9492=EDGE_CURVE('',#7501,#7662,#4148,.T.);
#9493=EDGE_CURVE('',#7663,#7662,#4149,.T.);
#9494=EDGE_CURVE('',#7498,#7663,#4150,.T.);
#9495=EDGE_CURVE('',#7660,#7663,#4151,.T.);
#9496=EDGE_CURVE('',#7487,#7664,#4152,.T.);
#9497=EDGE_CURVE('',#7665,#7664,#4153,.T.);
#9498=EDGE_CURVE('',#7488,#7665,#4154,.T.);
#9499=EDGE_CURVE('',#7666,#7665,#4155,.T.);
#9500=EDGE_CURVE('',#7489,#7666,#4156,.T.);
#9501=EDGE_CURVE('',#7667,#7666,#4157,.T.);
#9502=EDGE_CURVE('',#7486,#7667,#4158,.T.);
#9503=EDGE_CURVE('',#7664,#7667,#4159,.T.);
#9504=EDGE_CURVE('',#6785,#7668,#4160,.T.);
#9505=EDGE_CURVE('',#7669,#7668,#4161,.T.);
#9506=EDGE_CURVE('',#6786,#7669,#4162,.T.);
#9507=EDGE_CURVE('',#7670,#7669,#4163,.T.);
#9508=EDGE_CURVE('',#6787,#7670,#4164,.T.);
#9509=EDGE_CURVE('',#7671,#7670,#4165,.T.);
#9510=EDGE_CURVE('',#6784,#7671,#4166,.T.);
#9511=EDGE_CURVE('',#7668,#7671,#4167,.T.);
#9512=EDGE_CURVE('',#6737,#7672,#4168,.T.);
#9513=EDGE_CURVE('',#7673,#7672,#4169,.T.);
#9514=EDGE_CURVE('',#6738,#7673,#4170,.T.);
#9515=EDGE_CURVE('',#7674,#7673,#4171,.T.);
#9516=EDGE_CURVE('',#6739,#7674,#4172,.T.);
#9517=EDGE_CURVE('',#7675,#7674,#4173,.T.);
#9518=EDGE_CURVE('',#6736,#7675,#4174,.T.);
#9519=EDGE_CURVE('',#7672,#7675,#4175,.T.);
#9520=EDGE_CURVE('',#7467,#7676,#4176,.T.);
#9521=EDGE_CURVE('',#7677,#7676,#4177,.T.);
#9522=EDGE_CURVE('',#7468,#7677,#4178,.T.);
#9523=EDGE_CURVE('',#7678,#7677,#4179,.T.);
#9524=EDGE_CURVE('',#7469,#7678,#4180,.T.);
#9525=EDGE_CURVE('',#7679,#7678,#4181,.T.);
#9526=EDGE_CURVE('',#7466,#7679,#4182,.T.);
#9527=EDGE_CURVE('',#7676,#7679,#4183,.T.);
#9528=EDGE_CURVE('',#7543,#7680,#4184,.T.);
#9529=EDGE_CURVE('',#7681,#7680,#4185,.T.);
#9530=EDGE_CURVE('',#7544,#7681,#4186,.T.);
#9531=EDGE_CURVE('',#7682,#7681,#4187,.T.);
#9532=EDGE_CURVE('',#7545,#7682,#4188,.T.);
#9533=EDGE_CURVE('',#7683,#7682,#4189,.T.);
#9534=EDGE_CURVE('',#7542,#7683,#4190,.T.);
#9535=EDGE_CURVE('',#7680,#7683,#4191,.T.);
#9536=EDGE_CURVE('',#7475,#7684,#4192,.T.);
#9537=EDGE_CURVE('',#7685,#7684,#4193,.T.);
#9538=EDGE_CURVE('',#7476,#7685,#4194,.T.);
#9539=EDGE_CURVE('',#7686,#7685,#4195,.T.);
#9540=EDGE_CURVE('',#7477,#7686,#4196,.T.);
#9541=EDGE_CURVE('',#7687,#7686,#4197,.T.);
#9542=EDGE_CURVE('',#7474,#7687,#4198,.T.);
#9543=EDGE_CURVE('',#7684,#7687,#4199,.T.);
#9544=EDGE_CURVE('',#7551,#7688,#4200,.T.);
#9545=EDGE_CURVE('',#7689,#7688,#4201,.T.);
#9546=EDGE_CURVE('',#7552,#7689,#4202,.T.);
#9547=EDGE_CURVE('',#7690,#7689,#4203,.T.);
#9548=EDGE_CURVE('',#7553,#7690,#4204,.T.);
#9549=EDGE_CURVE('',#7691,#7690,#4205,.T.);
#9550=EDGE_CURVE('',#7550,#7691,#4206,.T.);
#9551=EDGE_CURVE('',#7688,#7691,#4207,.T.);
#9552=EDGE_CURVE('',#7495,#7692,#4208,.T.);
#9553=EDGE_CURVE('',#7693,#7692,#4209,.T.);
#9554=EDGE_CURVE('',#7496,#7693,#4210,.T.);
#9555=EDGE_CURVE('',#7694,#7693,#4211,.T.);
#9556=EDGE_CURVE('',#7497,#7694,#4212,.T.);
#9557=EDGE_CURVE('',#7695,#7694,#4213,.T.);
#9558=EDGE_CURVE('',#7494,#7695,#4214,.T.);
#9559=EDGE_CURVE('',#7692,#7695,#4215,.T.);
#9560=EDGE_CURVE('',#7491,#7696,#4216,.T.);
#9561=EDGE_CURVE('',#7697,#7696,#4217,.T.);
#9562=EDGE_CURVE('',#7492,#7697,#4218,.T.);
#9563=EDGE_CURVE('',#7698,#7697,#4219,.T.);
#9564=EDGE_CURVE('',#7493,#7698,#4220,.T.);
#9565=EDGE_CURVE('',#7699,#7698,#4221,.T.);
#9566=EDGE_CURVE('',#7490,#7699,#4222,.T.);
#9567=EDGE_CURVE('',#7696,#7699,#4223,.T.);
#9568=EDGE_CURVE('',#6673,#7700,#4224,.T.);
#9569=EDGE_CURVE('',#7701,#7700,#4225,.T.);
#9570=EDGE_CURVE('',#6674,#7701,#4226,.T.);
#9571=EDGE_CURVE('',#7702,#7701,#4227,.T.);
#9572=EDGE_CURVE('',#6675,#7702,#4228,.T.);
#9573=EDGE_CURVE('',#7703,#7702,#4229,.T.);
#9574=EDGE_CURVE('',#6672,#7703,#4230,.T.);
#9575=EDGE_CURVE('',#7700,#7703,#4231,.T.);
#9576=EDGE_CURVE('',#7479,#7704,#4232,.T.);
#9577=EDGE_CURVE('',#7705,#7704,#4233,.T.);
#9578=EDGE_CURVE('',#7480,#7705,#4234,.T.);
#9579=EDGE_CURVE('',#7706,#7705,#4235,.T.);
#9580=EDGE_CURVE('',#7481,#7706,#4236,.T.);
#9581=EDGE_CURVE('',#7707,#7706,#4237,.T.);
#9582=EDGE_CURVE('',#7478,#7707,#4238,.T.);
#9583=EDGE_CURVE('',#7704,#7707,#4239,.T.);
#9584=EDGE_CURVE('',#7471,#7708,#4240,.T.);
#9585=EDGE_CURVE('',#7709,#7708,#4241,.T.);
#9586=EDGE_CURVE('',#7472,#7709,#4242,.T.);
#9587=EDGE_CURVE('',#7710,#7709,#4243,.T.);
#9588=EDGE_CURVE('',#7473,#7710,#4244,.T.);
#9589=EDGE_CURVE('',#7711,#7710,#4245,.T.);
#9590=EDGE_CURVE('',#7470,#7711,#4246,.T.);
#9591=EDGE_CURVE('',#7708,#7711,#4247,.T.);
#9592=EDGE_CURVE('',#7463,#7712,#4248,.T.);
#9593=EDGE_CURVE('',#7713,#7712,#4249,.T.);
#9594=EDGE_CURVE('',#7464,#7713,#4250,.T.);
#9595=EDGE_CURVE('',#7714,#7713,#4251,.T.);
#9596=EDGE_CURVE('',#7465,#7714,#4252,.T.);
#9597=EDGE_CURVE('',#7715,#7714,#4253,.T.);
#9598=EDGE_CURVE('',#7462,#7715,#4254,.T.);
#9599=EDGE_CURVE('',#7712,#7715,#4255,.T.);
#9600=EDGE_CURVE('',#7483,#7716,#4256,.T.);
#9601=EDGE_CURVE('',#7717,#7716,#4257,.T.);
#9602=EDGE_CURVE('',#7484,#7717,#4258,.T.);
#9603=EDGE_CURVE('',#7718,#7717,#4259,.T.);
#9604=EDGE_CURVE('',#7485,#7718,#4260,.T.);
#9605=EDGE_CURVE('',#7719,#7718,#4261,.T.);
#9606=EDGE_CURVE('',#7482,#7719,#4262,.T.);
#9607=EDGE_CURVE('',#7716,#7719,#4263,.T.);
#9608=EDGE_CURVE('',#7022,#7720,#4264,.T.);
#9609=EDGE_CURVE('',#7721,#7720,#4265,.T.);
#9610=EDGE_CURVE('',#7023,#7721,#4266,.T.);
#9611=EDGE_CURVE('',#7722,#7721,#4267,.T.);
#9612=EDGE_CURVE('',#7024,#7722,#4268,.T.);
#9613=EDGE_CURVE('',#7723,#7722,#4269,.T.);
#9614=EDGE_CURVE('',#7021,#7723,#4270,.T.);
#9615=EDGE_CURVE('',#7720,#7723,#4271,.T.);
#9616=EDGE_CURVE('',#7571,#7724,#4272,.T.);
#9617=EDGE_CURVE('',#7725,#7724,#4273,.T.);
#9618=EDGE_CURVE('',#7572,#7725,#4274,.T.);
#9619=EDGE_CURVE('',#7726,#7725,#4275,.T.);
#9620=EDGE_CURVE('',#7573,#7726,#4276,.T.);
#9621=EDGE_CURVE('',#7727,#7726,#4277,.T.);
#9622=EDGE_CURVE('',#7570,#7727,#4278,.T.);
#9623=EDGE_CURVE('',#7724,#7727,#4279,.T.);
#9624=EDGE_CURVE('',#7415,#7728,#4280,.T.);
#9625=EDGE_CURVE('',#7729,#7728,#4281,.T.);
#9626=EDGE_CURVE('',#7416,#7729,#4282,.T.);
#9627=EDGE_CURVE('',#7730,#7729,#4283,.T.);
#9628=EDGE_CURVE('',#7417,#7730,#4284,.T.);
#9629=EDGE_CURVE('',#7731,#7730,#4285,.T.);
#9630=EDGE_CURVE('',#7414,#7731,#4286,.T.);
#9631=EDGE_CURVE('',#7728,#7731,#4287,.T.);
#9632=EDGE_CURVE('',#7443,#7732,#4288,.T.);
#9633=EDGE_CURVE('',#7733,#7732,#4289,.T.);
#9634=EDGE_CURVE('',#7444,#7733,#4290,.T.);
#9635=EDGE_CURVE('',#7734,#7733,#4291,.T.);
#9636=EDGE_CURVE('',#7445,#7734,#4292,.T.);
#9637=EDGE_CURVE('',#7735,#7734,#4293,.T.);
#9638=EDGE_CURVE('',#7442,#7735,#4294,.T.);
#9639=EDGE_CURVE('',#7732,#7735,#4295,.T.);
#9640=EDGE_CURVE('',#7439,#7736,#4296,.T.);
#9641=EDGE_CURVE('',#7737,#7736,#4297,.T.);
#9642=EDGE_CURVE('',#7440,#7737,#4298,.T.);
#9643=EDGE_CURVE('',#7738,#7737,#4299,.T.);
#9644=EDGE_CURVE('',#7441,#7738,#4300,.T.);
#9645=EDGE_CURVE('',#7739,#7738,#4301,.T.);
#9646=EDGE_CURVE('',#7438,#7739,#4302,.T.);
#9647=EDGE_CURVE('',#7736,#7739,#4303,.T.);
#9648=EDGE_CURVE('',#7435,#7740,#4304,.T.);
#9649=EDGE_CURVE('',#7741,#7740,#4305,.T.);
#9650=EDGE_CURVE('',#7436,#7741,#4306,.T.);
#9651=EDGE_CURVE('',#7742,#7741,#4307,.T.);
#9652=EDGE_CURVE('',#7437,#7742,#4308,.T.);
#9653=EDGE_CURVE('',#7743,#7742,#4309,.T.);
#9654=EDGE_CURVE('',#7434,#7743,#4310,.T.);
#9655=EDGE_CURVE('',#7740,#7743,#4311,.T.);
#9656=EDGE_CURVE('',#6773,#7744,#4312,.T.);
#9657=EDGE_CURVE('',#7745,#7744,#4313,.T.);
#9658=EDGE_CURVE('',#6774,#7745,#4314,.T.);
#9659=EDGE_CURVE('',#7746,#7745,#4315,.T.);
#9660=EDGE_CURVE('',#6775,#7746,#4316,.T.);
#9661=EDGE_CURVE('',#7747,#7746,#4317,.T.);
#9662=EDGE_CURVE('',#6772,#7747,#4318,.T.);
#9663=EDGE_CURVE('',#7744,#7747,#4319,.T.);
#9664=EDGE_CURVE('',#7547,#7748,#4320,.T.);
#9665=EDGE_CURVE('',#7749,#7748,#4321,.T.);
#9666=EDGE_CURVE('',#7548,#7749,#4322,.T.);
#9667=EDGE_CURVE('',#7750,#7749,#4323,.T.);
#9668=EDGE_CURVE('',#7549,#7750,#4324,.T.);
#9669=EDGE_CURVE('',#7751,#7750,#4325,.T.);
#9670=EDGE_CURVE('',#7546,#7751,#4326,.T.);
#9671=EDGE_CURVE('',#7748,#7751,#4327,.T.);
#9672=EDGE_CURVE('',#7431,#7752,#4328,.T.);
#9673=EDGE_CURVE('',#7753,#7752,#4329,.T.);
#9674=EDGE_CURVE('',#7432,#7753,#4330,.T.);
#9675=EDGE_CURVE('',#7754,#7753,#4331,.T.);
#9676=EDGE_CURVE('',#7433,#7754,#4332,.T.);
#9677=EDGE_CURVE('',#7755,#7754,#4333,.T.);
#9678=EDGE_CURVE('',#7430,#7755,#4334,.T.);
#9679=EDGE_CURVE('',#7752,#7755,#4335,.T.);
#9680=EDGE_CURVE('',#6761,#7756,#4336,.T.);
#9681=EDGE_CURVE('',#7757,#7756,#4337,.T.);
#9682=EDGE_CURVE('',#6762,#7757,#4338,.T.);
#9683=EDGE_CURVE('',#7758,#7757,#4339,.T.);
#9684=EDGE_CURVE('',#6763,#7758,#4340,.T.);
#9685=EDGE_CURVE('',#7759,#7758,#4341,.T.);
#9686=EDGE_CURVE('',#6760,#7759,#4342,.T.);
#9687=EDGE_CURVE('',#7756,#7759,#4343,.T.);
#9688=EDGE_CURVE('',#7006,#7760,#4344,.T.);
#9689=EDGE_CURVE('',#7761,#7760,#4345,.T.);
#9690=EDGE_CURVE('',#7007,#7761,#4346,.T.);
#9691=EDGE_CURVE('',#7762,#7761,#4347,.T.);
#9692=EDGE_CURVE('',#7008,#7762,#4348,.T.);
#9693=EDGE_CURVE('',#7763,#7762,#4349,.T.);
#9694=EDGE_CURVE('',#7005,#7763,#4350,.T.);
#9695=EDGE_CURVE('',#7760,#7763,#4351,.T.);
#9696=EDGE_CURVE('',#7455,#7764,#4352,.T.);
#9697=EDGE_CURVE('',#7765,#7764,#4353,.T.);
#9698=EDGE_CURVE('',#7456,#7765,#4354,.T.);
#9699=EDGE_CURVE('',#7766,#7765,#4355,.T.);
#9700=EDGE_CURVE('',#7457,#7766,#4356,.T.);
#9701=EDGE_CURVE('',#7767,#7766,#4357,.T.);
#9702=EDGE_CURVE('',#7454,#7767,#4358,.T.);
#9703=EDGE_CURVE('',#7764,#7767,#4359,.T.);
#9704=EDGE_CURVE('',#6689,#7768,#4360,.T.);
#9705=EDGE_CURVE('',#7769,#7768,#4361,.T.);
#9706=EDGE_CURVE('',#6690,#7769,#4362,.T.);
#9707=EDGE_CURVE('',#7770,#7769,#4363,.T.);
#9708=EDGE_CURVE('',#6691,#7770,#4364,.T.);
#9709=EDGE_CURVE('',#7771,#7770,#4365,.T.);
#9710=EDGE_CURVE('',#6688,#7771,#4366,.T.);
#9711=EDGE_CURVE('',#7768,#7771,#4367,.T.);
#9712=EDGE_CURVE('',#6725,#7772,#4368,.T.);
#9713=EDGE_CURVE('',#7773,#7772,#4369,.T.);
#9714=EDGE_CURVE('',#6726,#7773,#4370,.T.);
#9715=EDGE_CURVE('',#7774,#7773,#4371,.T.);
#9716=EDGE_CURVE('',#6727,#7774,#4372,.T.);
#9717=EDGE_CURVE('',#7775,#7774,#4373,.T.);
#9718=EDGE_CURVE('',#6724,#7775,#4374,.T.);
#9719=EDGE_CURVE('',#7772,#7775,#4375,.T.);
#9720=EDGE_CURVE('',#7451,#7776,#4376,.T.);
#9721=EDGE_CURVE('',#7777,#7776,#4377,.T.);
#9722=EDGE_CURVE('',#7452,#7777,#4378,.T.);
#9723=EDGE_CURVE('',#7778,#7777,#4379,.T.);
#9724=EDGE_CURVE('',#7453,#7778,#4380,.T.);
#9725=EDGE_CURVE('',#7779,#7778,#4381,.T.);
#9726=EDGE_CURVE('',#7450,#7779,#4382,.T.);
#9727=EDGE_CURVE('',#7776,#7779,#4383,.T.);
#9728=EDGE_CURVE('',#7447,#7780,#4384,.T.);
#9729=EDGE_CURVE('',#7781,#7780,#4385,.T.);
#9730=EDGE_CURVE('',#7448,#7781,#4386,.T.);
#9731=EDGE_CURVE('',#7782,#7781,#4387,.T.);
#9732=EDGE_CURVE('',#7449,#7782,#4388,.T.);
#9733=EDGE_CURVE('',#7783,#7782,#4389,.T.);
#9734=EDGE_CURVE('',#7446,#7783,#4390,.T.);
#9735=EDGE_CURVE('',#7780,#7783,#4391,.T.);
#9736=EDGE_CURVE('',#7459,#7784,#4392,.T.);
#9737=EDGE_CURVE('',#7785,#7784,#4393,.T.);
#9738=EDGE_CURVE('',#7460,#7785,#4394,.T.);
#9739=EDGE_CURVE('',#7786,#7785,#4395,.T.);
#9740=EDGE_CURVE('',#7461,#7786,#4396,.T.);
#9741=EDGE_CURVE('',#7787,#7786,#4397,.T.);
#9742=EDGE_CURVE('',#7458,#7787,#4398,.T.);
#9743=EDGE_CURVE('',#7784,#7787,#4399,.T.);
#9744=EDGE_CURVE('',#7407,#7788,#4400,.T.);
#9745=EDGE_CURVE('',#7789,#7788,#4401,.T.);
#9746=EDGE_CURVE('',#7408,#7789,#4402,.T.);
#9747=EDGE_CURVE('',#7790,#7789,#4403,.T.);
#9748=EDGE_CURVE('',#7409,#7790,#4404,.T.);
#9749=EDGE_CURVE('',#7791,#7790,#4405,.T.);
#9750=EDGE_CURVE('',#7406,#7791,#4406,.T.);
#9751=EDGE_CURVE('',#7788,#7791,#4407,.T.);
#9752=EDGE_CURVE('',#7403,#7792,#4408,.T.);
#9753=EDGE_CURVE('',#7793,#7792,#4409,.T.);
#9754=EDGE_CURVE('',#7404,#7793,#4410,.T.);
#9755=EDGE_CURVE('',#7794,#7793,#4411,.T.);
#9756=EDGE_CURVE('',#7405,#7794,#4412,.T.);
#9757=EDGE_CURVE('',#7795,#7794,#4413,.T.);
#9758=EDGE_CURVE('',#7402,#7795,#4414,.T.);
#9759=EDGE_CURVE('',#7792,#7795,#4415,.T.);
#9760=EDGE_CURVE('',#7411,#7796,#4416,.T.);
#9761=EDGE_CURVE('',#7797,#7796,#4417,.T.);
#9762=EDGE_CURVE('',#7412,#7797,#4418,.T.);
#9763=EDGE_CURVE('',#7798,#7797,#4419,.T.);
#9764=EDGE_CURVE('',#7413,#7798,#4420,.T.);
#9765=EDGE_CURVE('',#7799,#7798,#4421,.T.);
#9766=EDGE_CURVE('',#7410,#7799,#4422,.T.);
#9767=EDGE_CURVE('',#7796,#7799,#4423,.T.);
#9768=EDGE_CURVE('',#6713,#7800,#4424,.T.);
#9769=EDGE_CURVE('',#7801,#7800,#4425,.T.);
#9770=EDGE_CURVE('',#6714,#7801,#4426,.T.);
#9771=EDGE_CURVE('',#7802,#7801,#4427,.T.);
#9772=EDGE_CURVE('',#6715,#7802,#4428,.T.);
#9773=EDGE_CURVE('',#7803,#7802,#4429,.T.);
#9774=EDGE_CURVE('',#6712,#7803,#4430,.T.);
#9775=EDGE_CURVE('',#7800,#7803,#4431,.T.);
#9776=EDGE_CURVE('',#7427,#7804,#4432,.T.);
#9777=EDGE_CURVE('',#7805,#7804,#4433,.T.);
#9778=EDGE_CURVE('',#7428,#7805,#4434,.T.);
#9779=EDGE_CURVE('',#7806,#7805,#4435,.T.);
#9780=EDGE_CURVE('',#7429,#7806,#4436,.T.);
#9781=EDGE_CURVE('',#7807,#7806,#4437,.T.);
#9782=EDGE_CURVE('',#7426,#7807,#4438,.T.);
#9783=EDGE_CURVE('',#7804,#7807,#4439,.T.);
#9784=EDGE_CURVE('',#7395,#7808,#4440,.T.);
#9785=EDGE_CURVE('',#7809,#7808,#4441,.T.);
#9786=EDGE_CURVE('',#7396,#7809,#4442,.T.);
#9787=EDGE_CURVE('',#7810,#7809,#4443,.T.);
#9788=EDGE_CURVE('',#7397,#7810,#4444,.T.);
#9789=EDGE_CURVE('',#7811,#7810,#4445,.T.);
#9790=EDGE_CURVE('',#7394,#7811,#4446,.T.);
#9791=EDGE_CURVE('',#7808,#7811,#4447,.T.);
#9792=EDGE_CURVE('',#7419,#7812,#4448,.T.);
#9793=EDGE_CURVE('',#7813,#7812,#4449,.T.);
#9794=EDGE_CURVE('',#7420,#7813,#4450,.T.);
#9795=EDGE_CURVE('',#7814,#7813,#4451,.T.);
#9796=EDGE_CURVE('',#7421,#7814,#4452,.T.);
#9797=EDGE_CURVE('',#7815,#7814,#4453,.T.);
#9798=EDGE_CURVE('',#7418,#7815,#4454,.T.);
#9799=EDGE_CURVE('',#7812,#7815,#4455,.T.);
#9800=EDGE_CURVE('',#7423,#7816,#4456,.T.);
#9801=EDGE_CURVE('',#7817,#7816,#4457,.T.);
#9802=EDGE_CURVE('',#7424,#7817,#4458,.T.);
#9803=EDGE_CURVE('',#7818,#7817,#4459,.T.);
#9804=EDGE_CURVE('',#7425,#7818,#4460,.T.);
#9805=EDGE_CURVE('',#7819,#7818,#4461,.T.);
#9806=EDGE_CURVE('',#7422,#7819,#4462,.T.);
#9807=EDGE_CURVE('',#7816,#7819,#4463,.T.);
#9808=EDGE_CURVE('',#6701,#7820,#4464,.T.);
#9809=EDGE_CURVE('',#7821,#7820,#4465,.T.);
#9810=EDGE_CURVE('',#6702,#7821,#4466,.T.);
#9811=EDGE_CURVE('',#7822,#7821,#4467,.T.);
#9812=EDGE_CURVE('',#6703,#7822,#4468,.T.);
#9813=EDGE_CURVE('',#7823,#7822,#4469,.T.);
#9814=EDGE_CURVE('',#6700,#7823,#4470,.T.);
#9815=EDGE_CURVE('',#7820,#7823,#4471,.T.);
#9816=EDGE_CURVE('',#6749,#7824,#4472,.T.);
#9817=EDGE_CURVE('',#7825,#7824,#4473,.T.);
#9818=EDGE_CURVE('',#6750,#7825,#4474,.T.);
#9819=EDGE_CURVE('',#7826,#7825,#4475,.T.);
#9820=EDGE_CURVE('',#6751,#7826,#4476,.T.);
#9821=EDGE_CURVE('',#7827,#7826,#4477,.T.);
#9822=EDGE_CURVE('',#6748,#7827,#4478,.T.);
#9823=EDGE_CURVE('',#7824,#7827,#4479,.T.);
#9824=EDGE_CURVE('',#7399,#7828,#4480,.T.);
#9825=EDGE_CURVE('',#7829,#7828,#4481,.T.);
#9826=EDGE_CURVE('',#7400,#7829,#4482,.T.);
#9827=EDGE_CURVE('',#7830,#7829,#4483,.T.);
#9828=EDGE_CURVE('',#7401,#7830,#4484,.T.);
#9829=EDGE_CURVE('',#7831,#7830,#4485,.T.);
#9830=EDGE_CURVE('',#7398,#7831,#4486,.T.);
#9831=EDGE_CURVE('',#7828,#7831,#4487,.T.);
#9832=EDGE_CURVE('',#7832,#7392,#4488,.T.);
#9833=EDGE_CURVE('',#7833,#7832,#4489,.T.);
#9834=EDGE_CURVE('',#7393,#7833,#4490,.T.);
#9835=EDGE_CURVE('',#7834,#7833,#4491,.T.);
#9836=EDGE_CURVE('',#7390,#7834,#4492,.T.);
#9837=EDGE_CURVE('',#7835,#7834,#4493,.T.);
#9838=EDGE_CURVE('',#7391,#7835,#4494,.T.);
#9839=EDGE_CURVE('',#7832,#7835,#4495,.T.);
#9840=ORIENTED_EDGE('',*,*,#7836,.F.);
#9841=ORIENTED_EDGE('',*,*,#7837,.T.);
#9842=ORIENTED_EDGE('',*,*,#7838,.T.);
#9843=ORIENTED_EDGE('',*,*,#7837,.F.);
#9844=ORIENTED_EDGE('',*,*,#7838,.F.);
#9845=ORIENTED_EDGE('',*,*,#7839,.F.);
#9846=ORIENTED_EDGE('',*,*,#7840,.F.);
#9847=ORIENTED_EDGE('',*,*,#7841,.T.);
#9848=ORIENTED_EDGE('',*,*,#7842,.F.);
#9849=ORIENTED_EDGE('',*,*,#7843,.F.);
#9850=ORIENTED_EDGE('',*,*,#7844,.T.);
#9851=ORIENTED_EDGE('',*,*,#7845,.F.);
#9852=ORIENTED_EDGE('',*,*,#7846,.F.);
#9853=ORIENTED_EDGE('',*,*,#7847,.F.);
#9854=ORIENTED_EDGE('',*,*,#7848,.T.);
#9855=ORIENTED_EDGE('',*,*,#7849,.F.);
#9856=ORIENTED_EDGE('',*,*,#7850,.F.);
#9857=ORIENTED_EDGE('',*,*,#7841,.F.);
#9858=ORIENTED_EDGE('',*,*,#7851,.F.);
#9859=ORIENTED_EDGE('',*,*,#7844,.F.);
#9860=ORIENTED_EDGE('',*,*,#7852,.F.);
#9861=ORIENTED_EDGE('',*,*,#7848,.F.);
#9862=ORIENTED_EDGE('',*,*,#7853,.F.);
#9863=ORIENTED_EDGE('',*,*,#7854,.F.);
#9864=ORIENTED_EDGE('',*,*,#7855,.T.);
#9865=ORIENTED_EDGE('',*,*,#7856,.F.);
#9866=ORIENTED_EDGE('',*,*,#7857,.F.);
#9867=ORIENTED_EDGE('',*,*,#7858,.T.);
#9868=ORIENTED_EDGE('',*,*,#7859,.F.);
#9869=ORIENTED_EDGE('',*,*,#7860,.F.);
#9870=ORIENTED_EDGE('',*,*,#7861,.F.);
#9871=ORIENTED_EDGE('',*,*,#7862,.T.);
#9872=ORIENTED_EDGE('',*,*,#7863,.F.);
#9873=ORIENTED_EDGE('',*,*,#7864,.F.);
#9874=ORIENTED_EDGE('',*,*,#7855,.F.);
#9875=ORIENTED_EDGE('',*,*,#7865,.F.);
#9876=ORIENTED_EDGE('',*,*,#7858,.F.);
#9877=ORIENTED_EDGE('',*,*,#7866,.F.);
#9878=ORIENTED_EDGE('',*,*,#7862,.F.);
#9879=ORIENTED_EDGE('',*,*,#7867,.F.);
#9880=ORIENTED_EDGE('',*,*,#7868,.F.);
#9881=ORIENTED_EDGE('',*,*,#7869,.F.);
#9882=ORIENTED_EDGE('',*,*,#7870,.F.);
#9883=ORIENTED_EDGE('',*,*,#7871,.F.);
#9884=ORIENTED_EDGE('',*,*,#7872,.F.);
#9885=ORIENTED_EDGE('',*,*,#7873,.F.);
#9886=ORIENTED_EDGE('',*,*,#7874,.T.);
#9887=ORIENTED_EDGE('',*,*,#7875,.F.);
#9888=ORIENTED_EDGE('',*,*,#7876,.F.);
#9889=ORIENTED_EDGE('',*,*,#7871,.T.);
#9890=ORIENTED_EDGE('',*,*,#7877,.F.);
#9891=ORIENTED_EDGE('',*,*,#7878,.F.);
#9892=ORIENTED_EDGE('',*,*,#7879,.F.);
#9893=ORIENTED_EDGE('',*,*,#7869,.T.);
#9894=ORIENTED_EDGE('',*,*,#7880,.F.);
#9895=ORIENTED_EDGE('',*,*,#7881,.F.);
#9896=ORIENTED_EDGE('',*,*,#7874,.F.);
#9897=ORIENTED_EDGE('',*,*,#7882,.F.);
#9898=ORIENTED_EDGE('',*,*,#7883,.F.);
#9899=ORIENTED_EDGE('',*,*,#7884,.F.);
#9900=ORIENTED_EDGE('',*,*,#7885,.F.);
#9901=ORIENTED_EDGE('',*,*,#7886,.F.);
#9902=ORIENTED_EDGE('',*,*,#7887,.F.);
#9903=ORIENTED_EDGE('',*,*,#7888,.T.);
#9904=ORIENTED_EDGE('',*,*,#7889,.F.);
#9905=ORIENTED_EDGE('',*,*,#7890,.F.);
#9906=ORIENTED_EDGE('',*,*,#7885,.T.);
#9907=ORIENTED_EDGE('',*,*,#7891,.F.);
#9908=ORIENTED_EDGE('',*,*,#7892,.F.);
#9909=ORIENTED_EDGE('',*,*,#7893,.F.);
#9910=ORIENTED_EDGE('',*,*,#7883,.T.);
#9911=ORIENTED_EDGE('',*,*,#7894,.F.);
#9912=ORIENTED_EDGE('',*,*,#7895,.F.);
#9913=ORIENTED_EDGE('',*,*,#7888,.F.);
#9914=ORIENTED_EDGE('',*,*,#7896,.F.);
#9915=ORIENTED_EDGE('',*,*,#7897,.F.);
#9916=ORIENTED_EDGE('',*,*,#7898,.F.);
#9917=ORIENTED_EDGE('',*,*,#7899,.F.);
#9918=ORIENTED_EDGE('',*,*,#7900,.F.);
#9919=ORIENTED_EDGE('',*,*,#7901,.F.);
#9920=ORIENTED_EDGE('',*,*,#7902,.T.);
#9921=ORIENTED_EDGE('',*,*,#7903,.F.);
#9922=ORIENTED_EDGE('',*,*,#7904,.F.);
#9923=ORIENTED_EDGE('',*,*,#7899,.T.);
#9924=ORIENTED_EDGE('',*,*,#7905,.F.);
#9925=ORIENTED_EDGE('',*,*,#7906,.F.);
#9926=ORIENTED_EDGE('',*,*,#7907,.F.);
#9927=ORIENTED_EDGE('',*,*,#7897,.T.);
#9928=ORIENTED_EDGE('',*,*,#7908,.F.);
#9929=ORIENTED_EDGE('',*,*,#7909,.F.);
#9930=ORIENTED_EDGE('',*,*,#7902,.F.);
#9931=ORIENTED_EDGE('',*,*,#7910,.F.);
#9932=ORIENTED_EDGE('',*,*,#7911,.F.);
#9933=ORIENTED_EDGE('',*,*,#7912,.F.);
#9934=ORIENTED_EDGE('',*,*,#7913,.F.);
#9935=ORIENTED_EDGE('',*,*,#7914,.F.);
#9936=ORIENTED_EDGE('',*,*,#7915,.F.);
#9937=ORIENTED_EDGE('',*,*,#7916,.T.);
#9938=ORIENTED_EDGE('',*,*,#7917,.F.);
#9939=ORIENTED_EDGE('',*,*,#7918,.F.);
#9940=ORIENTED_EDGE('',*,*,#7913,.T.);
#9941=ORIENTED_EDGE('',*,*,#7919,.F.);
#9942=ORIENTED_EDGE('',*,*,#7920,.F.);
#9943=ORIENTED_EDGE('',*,*,#7921,.F.);
#9944=ORIENTED_EDGE('',*,*,#7911,.T.);
#9945=ORIENTED_EDGE('',*,*,#7922,.F.);
#9946=ORIENTED_EDGE('',*,*,#7923,.F.);
#9947=ORIENTED_EDGE('',*,*,#7916,.F.);
#9948=ORIENTED_EDGE('',*,*,#7924,.F.);
#9949=ORIENTED_EDGE('',*,*,#7925,.F.);
#9950=ORIENTED_EDGE('',*,*,#7926,.F.);
#9951=ORIENTED_EDGE('',*,*,#7927,.F.);
#9952=ORIENTED_EDGE('',*,*,#7928,.F.);
#9953=ORIENTED_EDGE('',*,*,#7929,.F.);
#9954=ORIENTED_EDGE('',*,*,#7930,.T.);
#9955=ORIENTED_EDGE('',*,*,#7931,.F.);
#9956=ORIENTED_EDGE('',*,*,#7932,.F.);
#9957=ORIENTED_EDGE('',*,*,#7927,.T.);
#9958=ORIENTED_EDGE('',*,*,#7933,.F.);
#9959=ORIENTED_EDGE('',*,*,#7934,.F.);
#9960=ORIENTED_EDGE('',*,*,#7935,.F.);
#9961=ORIENTED_EDGE('',*,*,#7925,.T.);
#9962=ORIENTED_EDGE('',*,*,#7936,.F.);
#9963=ORIENTED_EDGE('',*,*,#7937,.F.);
#9964=ORIENTED_EDGE('',*,*,#7930,.F.);
#9965=ORIENTED_EDGE('',*,*,#7938,.F.);
#9966=ORIENTED_EDGE('',*,*,#7939,.T.);
#9967=ORIENTED_EDGE('',*,*,#7940,.T.);
#9968=ORIENTED_EDGE('',*,*,#7939,.F.);
#9969=ORIENTED_EDGE('',*,*,#7940,.F.);
#9970=ORIENTED_EDGE('',*,*,#7941,.F.);
#9971=ORIENTED_EDGE('',*,*,#7942,.F.);
#9972=ORIENTED_EDGE('',*,*,#7943,.T.);
#9973=ORIENTED_EDGE('',*,*,#7944,.T.);
#9974=ORIENTED_EDGE('',*,*,#7943,.F.);
#9975=ORIENTED_EDGE('',*,*,#7944,.F.);
#9976=ORIENTED_EDGE('',*,*,#7945,.F.);
#9977=ORIENTED_EDGE('',*,*,#7946,.F.);
#9978=ORIENTED_EDGE('',*,*,#7947,.T.);
#9979=ORIENTED_EDGE('',*,*,#7948,.T.);
#9980=ORIENTED_EDGE('',*,*,#7947,.F.);
#9981=ORIENTED_EDGE('',*,*,#7948,.F.);
#9982=ORIENTED_EDGE('',*,*,#7949,.F.);
#9983=ORIENTED_EDGE('',*,*,#7950,.F.);
#9984=ORIENTED_EDGE('',*,*,#7951,.T.);
#9985=ORIENTED_EDGE('',*,*,#7952,.T.);
#9986=ORIENTED_EDGE('',*,*,#7951,.F.);
#9987=ORIENTED_EDGE('',*,*,#7952,.F.);
#9988=ORIENTED_EDGE('',*,*,#7953,.F.);
#9989=ORIENTED_EDGE('',*,*,#7954,.F.);
#9990=ORIENTED_EDGE('',*,*,#7955,.T.);
#9991=ORIENTED_EDGE('',*,*,#7956,.T.);
#9992=ORIENTED_EDGE('',*,*,#7955,.F.);
#9993=ORIENTED_EDGE('',*,*,#7956,.F.);
#9994=ORIENTED_EDGE('',*,*,#7957,.F.);
#9995=ORIENTED_EDGE('',*,*,#7958,.F.);
#9996=ORIENTED_EDGE('',*,*,#7959,.T.);
#9997=ORIENTED_EDGE('',*,*,#7960,.T.);
#9998=ORIENTED_EDGE('',*,*,#7959,.F.);
#9999=ORIENTED_EDGE('',*,*,#7960,.F.);
#10000=ORIENTED_EDGE('',*,*,#7961,.F.);
#10001=ORIENTED_EDGE('',*,*,#7962,.F.);
#10002=ORIENTED_EDGE('',*,*,#7963,.F.);
#10003=ORIENTED_EDGE('',*,*,#7964,.F.);
#10004=ORIENTED_EDGE('',*,*,#7965,.F.);
#10005=ORIENTED_EDGE('',*,*,#7966,.F.);
#10006=ORIENTED_EDGE('',*,*,#7967,.F.);
#10007=ORIENTED_EDGE('',*,*,#7968,.T.);
#10008=ORIENTED_EDGE('',*,*,#7969,.F.);
#10009=ORIENTED_EDGE('',*,*,#7970,.F.);
#10010=ORIENTED_EDGE('',*,*,#7965,.T.);
#10011=ORIENTED_EDGE('',*,*,#7971,.F.);
#10012=ORIENTED_EDGE('',*,*,#7972,.F.);
#10013=ORIENTED_EDGE('',*,*,#7973,.F.);
#10014=ORIENTED_EDGE('',*,*,#7963,.T.);
#10015=ORIENTED_EDGE('',*,*,#7974,.F.);
#10016=ORIENTED_EDGE('',*,*,#7975,.F.);
#10017=ORIENTED_EDGE('',*,*,#7968,.F.);
#10018=ORIENTED_EDGE('',*,*,#7976,.F.);
#10019=ORIENTED_EDGE('',*,*,#7977,.F.);
#10020=ORIENTED_EDGE('',*,*,#7978,.F.);
#10021=ORIENTED_EDGE('',*,*,#7979,.F.);
#10022=ORIENTED_EDGE('',*,*,#7980,.F.);
#10023=ORIENTED_EDGE('',*,*,#7981,.F.);
#10024=ORIENTED_EDGE('',*,*,#7982,.T.);
#10025=ORIENTED_EDGE('',*,*,#7983,.F.);
#10026=ORIENTED_EDGE('',*,*,#7984,.F.);
#10027=ORIENTED_EDGE('',*,*,#7979,.T.);
#10028=ORIENTED_EDGE('',*,*,#7985,.F.);
#10029=ORIENTED_EDGE('',*,*,#7986,.F.);
#10030=ORIENTED_EDGE('',*,*,#7987,.F.);
#10031=ORIENTED_EDGE('',*,*,#7977,.T.);
#10032=ORIENTED_EDGE('',*,*,#7988,.F.);
#10033=ORIENTED_EDGE('',*,*,#7989,.F.);
#10034=ORIENTED_EDGE('',*,*,#7982,.F.);
#10035=ORIENTED_EDGE('',*,*,#7990,.F.);
#10036=ORIENTED_EDGE('',*,*,#7991,.F.);
#10037=ORIENTED_EDGE('',*,*,#7992,.F.);
#10038=ORIENTED_EDGE('',*,*,#7993,.F.);
#10039=ORIENTED_EDGE('',*,*,#7994,.F.);
#10040=ORIENTED_EDGE('',*,*,#7995,.F.);
#10041=ORIENTED_EDGE('',*,*,#7996,.T.);
#10042=ORIENTED_EDGE('',*,*,#7997,.F.);
#10043=ORIENTED_EDGE('',*,*,#7998,.F.);
#10044=ORIENTED_EDGE('',*,*,#7993,.T.);
#10045=ORIENTED_EDGE('',*,*,#7999,.F.);
#10046=ORIENTED_EDGE('',*,*,#8000,.F.);
#10047=ORIENTED_EDGE('',*,*,#8001,.F.);
#10048=ORIENTED_EDGE('',*,*,#7991,.T.);
#10049=ORIENTED_EDGE('',*,*,#8002,.F.);
#10050=ORIENTED_EDGE('',*,*,#8003,.F.);
#10051=ORIENTED_EDGE('',*,*,#7996,.F.);
#10052=ORIENTED_EDGE('',*,*,#8004,.F.);
#10053=ORIENTED_EDGE('',*,*,#8005,.F.);
#10054=ORIENTED_EDGE('',*,*,#8006,.F.);
#10055=ORIENTED_EDGE('',*,*,#8007,.F.);
#10056=ORIENTED_EDGE('',*,*,#8008,.F.);
#10057=ORIENTED_EDGE('',*,*,#8009,.F.);
#10058=ORIENTED_EDGE('',*,*,#8010,.T.);
#10059=ORIENTED_EDGE('',*,*,#8011,.F.);
#10060=ORIENTED_EDGE('',*,*,#8012,.F.);
#10061=ORIENTED_EDGE('',*,*,#8007,.T.);
#10062=ORIENTED_EDGE('',*,*,#8013,.F.);
#10063=ORIENTED_EDGE('',*,*,#8014,.F.);
#10064=ORIENTED_EDGE('',*,*,#8015,.F.);
#10065=ORIENTED_EDGE('',*,*,#8005,.T.);
#10066=ORIENTED_EDGE('',*,*,#8016,.F.);
#10067=ORIENTED_EDGE('',*,*,#8017,.F.);
#10068=ORIENTED_EDGE('',*,*,#8010,.F.);
#10069=ORIENTED_EDGE('',*,*,#8018,.F.);
#10070=ORIENTED_EDGE('',*,*,#8019,.T.);
#10071=ORIENTED_EDGE('',*,*,#8020,.F.);
#10072=ORIENTED_EDGE('',*,*,#8021,.F.);
#10073=ORIENTED_EDGE('',*,*,#8022,.T.);
#10074=ORIENTED_EDGE('',*,*,#8023,.F.);
#10075=ORIENTED_EDGE('',*,*,#8024,.F.);
#10076=ORIENTED_EDGE('',*,*,#8025,.F.);
#10077=ORIENTED_EDGE('',*,*,#8026,.T.);
#10078=ORIENTED_EDGE('',*,*,#8027,.F.);
#10079=ORIENTED_EDGE('',*,*,#8028,.F.);
#10080=ORIENTED_EDGE('',*,*,#8019,.F.);
#10081=ORIENTED_EDGE('',*,*,#8029,.F.);
#10082=ORIENTED_EDGE('',*,*,#8022,.F.);
#10083=ORIENTED_EDGE('',*,*,#8030,.F.);
#10084=ORIENTED_EDGE('',*,*,#8026,.F.);
#10085=ORIENTED_EDGE('',*,*,#8031,.F.);
#10086=ORIENTED_EDGE('',*,*,#8032,.F.);
#10087=ORIENTED_EDGE('',*,*,#8033,.T.);
#10088=ORIENTED_EDGE('',*,*,#8034,.T.);
#10089=ORIENTED_EDGE('',*,*,#8033,.F.);
#10090=ORIENTED_EDGE('',*,*,#8034,.F.);
#10091=ORIENTED_EDGE('',*,*,#8035,.F.);
#10092=ORIENTED_EDGE('',*,*,#7846,.T.);
#10093=ORIENTED_EDGE('',*,*,#8036,.T.);
#10094=ORIENTED_EDGE('',*,*,#8037,.T.);
#10095=ORIENTED_EDGE('',*,*,#8038,.T.);
#10096=ORIENTED_EDGE('',*,*,#8039,.T.);
#10097=ORIENTED_EDGE('',*,*,#8040,.T.);
#10098=ORIENTED_EDGE('',*,*,#8041,.T.);
#10099=ORIENTED_EDGE('',*,*,#8042,.T.);
#10100=ORIENTED_EDGE('',*,*,#8043,.T.);
#10101=ORIENTED_EDGE('',*,*,#8044,.T.);
#10102=ORIENTED_EDGE('',*,*,#7849,.T.);
#10103=ORIENTED_EDGE('',*,*,#7852,.T.);
#10104=ORIENTED_EDGE('',*,*,#7843,.T.);
#10105=ORIENTED_EDGE('',*,*,#8045,.F.);
#10106=ORIENTED_EDGE('',*,*,#8046,.T.);
#10107=ORIENTED_EDGE('',*,*,#8047,.F.);
#10108=ORIENTED_EDGE('',*,*,#8048,.F.);
#10109=ORIENTED_EDGE('',*,*,#8049,.F.);
#10110=ORIENTED_EDGE('',*,*,#7860,.T.);
#10111=ORIENTED_EDGE('',*,*,#8050,.T.);
#10112=ORIENTED_EDGE('',*,*,#8051,.T.);
#10113=ORIENTED_EDGE('',*,*,#8052,.T.);
#10114=ORIENTED_EDGE('',*,*,#8053,.T.);
#10115=ORIENTED_EDGE('',*,*,#8054,.T.);
#10116=ORIENTED_EDGE('',*,*,#8055,.T.);
#10117=ORIENTED_EDGE('',*,*,#8056,.T.);
#10118=ORIENTED_EDGE('',*,*,#8057,.T.);
#10119=ORIENTED_EDGE('',*,*,#8058,.T.);
#10120=ORIENTED_EDGE('',*,*,#7863,.T.);
#10121=ORIENTED_EDGE('',*,*,#7866,.T.);
#10122=ORIENTED_EDGE('',*,*,#7857,.T.);
#10123=ORIENTED_EDGE('',*,*,#8059,.F.);
#10124=ORIENTED_EDGE('',*,*,#8060,.T.);
#10125=ORIENTED_EDGE('',*,*,#8061,.F.);
#10126=ORIENTED_EDGE('',*,*,#8062,.F.);
#10127=ORIENTED_EDGE('',*,*,#8063,.F.);
#10128=ORIENTED_EDGE('',*,*,#7880,.T.);
#10129=ORIENTED_EDGE('',*,*,#7868,.T.);
#10130=ORIENTED_EDGE('',*,*,#7876,.T.);
#10131=ORIENTED_EDGE('',*,*,#8064,.F.);
#10132=ORIENTED_EDGE('',*,*,#8065,.T.);
#10133=ORIENTED_EDGE('',*,*,#8066,.F.);
#10134=ORIENTED_EDGE('',*,*,#8067,.F.);
#10135=ORIENTED_EDGE('',*,*,#8068,.F.);
#10136=ORIENTED_EDGE('',*,*,#7878,.T.);
#10137=ORIENTED_EDGE('',*,*,#8069,.T.);
#10138=ORIENTED_EDGE('',*,*,#8070,.T.);
#10139=ORIENTED_EDGE('',*,*,#8071,.T.);
#10140=ORIENTED_EDGE('',*,*,#8072,.T.);
#10141=ORIENTED_EDGE('',*,*,#8073,.T.);
#10142=ORIENTED_EDGE('',*,*,#8074,.T.);
#10143=ORIENTED_EDGE('',*,*,#8075,.T.);
#10144=ORIENTED_EDGE('',*,*,#8076,.T.);
#10145=ORIENTED_EDGE('',*,*,#8077,.T.);
#10146=ORIENTED_EDGE('',*,*,#7894,.T.);
#10147=ORIENTED_EDGE('',*,*,#7882,.T.);
#10148=ORIENTED_EDGE('',*,*,#7890,.T.);
#10149=ORIENTED_EDGE('',*,*,#8078,.F.);
#10150=ORIENTED_EDGE('',*,*,#8079,.T.);
#10151=ORIENTED_EDGE('',*,*,#8080,.F.);
#10152=ORIENTED_EDGE('',*,*,#8081,.F.);
#10153=ORIENTED_EDGE('',*,*,#8082,.F.);
#10154=ORIENTED_EDGE('',*,*,#7892,.T.);
#10155=ORIENTED_EDGE('',*,*,#8083,.T.);
#10156=ORIENTED_EDGE('',*,*,#8084,.T.);
#10157=ORIENTED_EDGE('',*,*,#8085,.T.);
#10158=ORIENTED_EDGE('',*,*,#8086,.T.);
#10159=ORIENTED_EDGE('',*,*,#8087,.T.);
#10160=ORIENTED_EDGE('',*,*,#8088,.T.);
#10161=ORIENTED_EDGE('',*,*,#8089,.T.);
#10162=ORIENTED_EDGE('',*,*,#8090,.T.);
#10163=ORIENTED_EDGE('',*,*,#8091,.T.);
#10164=ORIENTED_EDGE('',*,*,#7908,.T.);
#10165=ORIENTED_EDGE('',*,*,#7896,.T.);
#10166=ORIENTED_EDGE('',*,*,#7904,.T.);
#10167=ORIENTED_EDGE('',*,*,#8092,.F.);
#10168=ORIENTED_EDGE('',*,*,#8093,.T.);
#10169=ORIENTED_EDGE('',*,*,#8094,.F.);
#10170=ORIENTED_EDGE('',*,*,#8095,.F.);
#10171=ORIENTED_EDGE('',*,*,#8096,.F.);
#10172=ORIENTED_EDGE('',*,*,#7906,.T.);
#10173=ORIENTED_EDGE('',*,*,#8097,.T.);
#10174=ORIENTED_EDGE('',*,*,#8098,.T.);
#10175=ORIENTED_EDGE('',*,*,#8099,.T.);
#10176=ORIENTED_EDGE('',*,*,#8100,.T.);
#10177=ORIENTED_EDGE('',*,*,#8101,.T.);
#10178=ORIENTED_EDGE('',*,*,#8102,.T.);
#10179=ORIENTED_EDGE('',*,*,#8103,.T.);
#10180=ORIENTED_EDGE('',*,*,#8104,.T.);
#10181=ORIENTED_EDGE('',*,*,#8105,.T.);
#10182=ORIENTED_EDGE('',*,*,#7922,.T.);
#10183=ORIENTED_EDGE('',*,*,#7910,.T.);
#10184=ORIENTED_EDGE('',*,*,#7918,.T.);
#10185=ORIENTED_EDGE('',*,*,#8106,.F.);
#10186=ORIENTED_EDGE('',*,*,#8107,.T.);
#10187=ORIENTED_EDGE('',*,*,#8108,.F.);
#10188=ORIENTED_EDGE('',*,*,#8109,.F.);
#10189=ORIENTED_EDGE('',*,*,#8110,.F.);
#10190=ORIENTED_EDGE('',*,*,#7920,.T.);
#10191=ORIENTED_EDGE('',*,*,#8111,.T.);
#10192=ORIENTED_EDGE('',*,*,#8112,.T.);
#10193=ORIENTED_EDGE('',*,*,#8113,.T.);
#10194=ORIENTED_EDGE('',*,*,#8114,.T.);
#10195=ORIENTED_EDGE('',*,*,#8115,.T.);
#10196=ORIENTED_EDGE('',*,*,#8116,.T.);
#10197=ORIENTED_EDGE('',*,*,#8117,.T.);
#10198=ORIENTED_EDGE('',*,*,#8118,.T.);
#10199=ORIENTED_EDGE('',*,*,#8119,.T.);
#10200=ORIENTED_EDGE('',*,*,#7936,.T.);
#10201=ORIENTED_EDGE('',*,*,#7924,.T.);
#10202=ORIENTED_EDGE('',*,*,#7932,.T.);
#10203=ORIENTED_EDGE('',*,*,#8120,.F.);
#10204=ORIENTED_EDGE('',*,*,#8121,.T.);
#10205=ORIENTED_EDGE('',*,*,#8122,.F.);
#10206=ORIENTED_EDGE('',*,*,#8123,.F.);
#10207=ORIENTED_EDGE('',*,*,#8124,.F.);
#10208=ORIENTED_EDGE('',*,*,#7934,.T.);
#10209=ORIENTED_EDGE('',*,*,#8125,.T.);
#10210=ORIENTED_EDGE('',*,*,#8126,.T.);
#10211=ORIENTED_EDGE('',*,*,#8127,.T.);
#10212=ORIENTED_EDGE('',*,*,#8128,.T.);
#10213=ORIENTED_EDGE('',*,*,#8129,.T.);
#10214=ORIENTED_EDGE('',*,*,#8130,.T.);
#10215=ORIENTED_EDGE('',*,*,#8131,.T.);
#10216=ORIENTED_EDGE('',*,*,#8132,.T.);
#10217=ORIENTED_EDGE('',*,*,#8133,.T.);
#10218=ORIENTED_EDGE('',*,*,#7974,.T.);
#10219=ORIENTED_EDGE('',*,*,#7962,.T.);
#10220=ORIENTED_EDGE('',*,*,#7970,.T.);
#10221=ORIENTED_EDGE('',*,*,#8134,.F.);
#10222=ORIENTED_EDGE('',*,*,#8135,.T.);
#10223=ORIENTED_EDGE('',*,*,#8136,.F.);
#10224=ORIENTED_EDGE('',*,*,#8137,.F.);
#10225=ORIENTED_EDGE('',*,*,#8138,.F.);
#10226=ORIENTED_EDGE('',*,*,#7972,.T.);
#10227=ORIENTED_EDGE('',*,*,#8139,.T.);
#10228=ORIENTED_EDGE('',*,*,#8140,.T.);
#10229=ORIENTED_EDGE('',*,*,#8141,.T.);
#10230=ORIENTED_EDGE('',*,*,#8142,.T.);
#10231=ORIENTED_EDGE('',*,*,#8143,.T.);
#10232=ORIENTED_EDGE('',*,*,#8144,.T.);
#10233=ORIENTED_EDGE('',*,*,#8145,.T.);
#10234=ORIENTED_EDGE('',*,*,#8146,.T.);
#10235=ORIENTED_EDGE('',*,*,#8147,.T.);
#10236=ORIENTED_EDGE('',*,*,#7988,.T.);
#10237=ORIENTED_EDGE('',*,*,#7976,.T.);
#10238=ORIENTED_EDGE('',*,*,#7984,.T.);
#10239=ORIENTED_EDGE('',*,*,#8148,.F.);
#10240=ORIENTED_EDGE('',*,*,#8149,.T.);
#10241=ORIENTED_EDGE('',*,*,#8150,.F.);
#10242=ORIENTED_EDGE('',*,*,#8151,.F.);
#10243=ORIENTED_EDGE('',*,*,#8152,.F.);
#10244=ORIENTED_EDGE('',*,*,#7986,.T.);
#10245=ORIENTED_EDGE('',*,*,#8153,.T.);
#10246=ORIENTED_EDGE('',*,*,#8154,.T.);
#10247=ORIENTED_EDGE('',*,*,#8155,.T.);
#10248=ORIENTED_EDGE('',*,*,#8156,.T.);
#10249=ORIENTED_EDGE('',*,*,#8157,.T.);
#10250=ORIENTED_EDGE('',*,*,#8158,.T.);
#10251=ORIENTED_EDGE('',*,*,#8159,.T.);
#10252=ORIENTED_EDGE('',*,*,#8160,.T.);
#10253=ORIENTED_EDGE('',*,*,#8161,.T.);
#10254=ORIENTED_EDGE('',*,*,#8002,.T.);
#10255=ORIENTED_EDGE('',*,*,#7990,.T.);
#10256=ORIENTED_EDGE('',*,*,#7998,.T.);
#10257=ORIENTED_EDGE('',*,*,#8162,.F.);
#10258=ORIENTED_EDGE('',*,*,#8163,.T.);
#10259=ORIENTED_EDGE('',*,*,#8164,.F.);
#10260=ORIENTED_EDGE('',*,*,#8165,.F.);
#10261=ORIENTED_EDGE('',*,*,#8166,.F.);
#10262=ORIENTED_EDGE('',*,*,#8000,.T.);
#10263=ORIENTED_EDGE('',*,*,#8167,.T.);
#10264=ORIENTED_EDGE('',*,*,#8168,.T.);
#10265=ORIENTED_EDGE('',*,*,#8169,.T.);
#10266=ORIENTED_EDGE('',*,*,#8170,.T.);
#10267=ORIENTED_EDGE('',*,*,#8171,.T.);
#10268=ORIENTED_EDGE('',*,*,#8172,.T.);
#10269=ORIENTED_EDGE('',*,*,#8173,.T.);
#10270=ORIENTED_EDGE('',*,*,#8174,.T.);
#10271=ORIENTED_EDGE('',*,*,#8175,.T.);
#10272=ORIENTED_EDGE('',*,*,#8016,.T.);
#10273=ORIENTED_EDGE('',*,*,#8004,.T.);
#10274=ORIENTED_EDGE('',*,*,#8012,.T.);
#10275=ORIENTED_EDGE('',*,*,#8176,.F.);
#10276=ORIENTED_EDGE('',*,*,#8177,.T.);
#10277=ORIENTED_EDGE('',*,*,#8178,.F.);
#10278=ORIENTED_EDGE('',*,*,#8179,.F.);
#10279=ORIENTED_EDGE('',*,*,#8180,.F.);
#10280=ORIENTED_EDGE('',*,*,#8014,.T.);
#10281=ORIENTED_EDGE('',*,*,#8181,.T.);
#10282=ORIENTED_EDGE('',*,*,#8182,.T.);
#10283=ORIENTED_EDGE('',*,*,#8183,.T.);
#10284=ORIENTED_EDGE('',*,*,#8184,.T.);
#10285=ORIENTED_EDGE('',*,*,#8185,.T.);
#10286=ORIENTED_EDGE('',*,*,#8186,.T.);
#10287=ORIENTED_EDGE('',*,*,#8187,.T.);
#10288=ORIENTED_EDGE('',*,*,#8188,.T.);
#10289=ORIENTED_EDGE('',*,*,#8189,.T.);
#10290=ORIENTED_EDGE('',*,*,#8024,.T.);
#10291=ORIENTED_EDGE('',*,*,#8190,.T.);
#10292=ORIENTED_EDGE('',*,*,#8191,.T.);
#10293=ORIENTED_EDGE('',*,*,#8192,.T.);
#10294=ORIENTED_EDGE('',*,*,#8193,.T.);
#10295=ORIENTED_EDGE('',*,*,#8194,.T.);
#10296=ORIENTED_EDGE('',*,*,#8195,.T.);
#10297=ORIENTED_EDGE('',*,*,#8196,.T.);
#10298=ORIENTED_EDGE('',*,*,#8197,.T.);
#10299=ORIENTED_EDGE('',*,*,#8198,.T.);
#10300=ORIENTED_EDGE('',*,*,#8027,.T.);
#10301=ORIENTED_EDGE('',*,*,#8030,.T.);
#10302=ORIENTED_EDGE('',*,*,#8021,.T.);
#10303=ORIENTED_EDGE('',*,*,#8199,.F.);
#10304=ORIENTED_EDGE('',*,*,#8200,.T.);
#10305=ORIENTED_EDGE('',*,*,#8201,.F.);
#10306=ORIENTED_EDGE('',*,*,#8202,.F.);
#10307=ORIENTED_EDGE('',*,*,#8203,.F.);
#10308=ORIENTED_EDGE('',*,*,#7839,.T.);
#10309=ORIENTED_EDGE('',*,*,#8204,.T.);
#10310=ORIENTED_EDGE('',*,*,#8205,.F.);
#10311=ORIENTED_EDGE('',*,*,#8204,.F.);
#10312=ORIENTED_EDGE('',*,*,#7853,.T.);
#10313=ORIENTED_EDGE('',*,*,#8206,.T.);
#10314=ORIENTED_EDGE('',*,*,#8207,.F.);
#10315=ORIENTED_EDGE('',*,*,#8206,.F.);
#10316=ORIENTED_EDGE('',*,*,#7867,.T.);
#10317=ORIENTED_EDGE('',*,*,#8208,.T.);
#10318=ORIENTED_EDGE('',*,*,#8209,.F.);
#10319=ORIENTED_EDGE('',*,*,#8208,.F.);
#10320=ORIENTED_EDGE('',*,*,#7961,.T.);
#10321=ORIENTED_EDGE('',*,*,#8210,.T.);
#10322=ORIENTED_EDGE('',*,*,#8211,.F.);
#10323=ORIENTED_EDGE('',*,*,#8210,.F.);
#10324=ORIENTED_EDGE('',*,*,#7872,.T.);
#10325=ORIENTED_EDGE('',*,*,#8212,.T.);
#10326=ORIENTED_EDGE('',*,*,#8213,.F.);
#10327=ORIENTED_EDGE('',*,*,#8212,.F.);
#10328=ORIENTED_EDGE('',*,*,#7966,.T.);
#10329=ORIENTED_EDGE('',*,*,#8214,.T.);
#10330=ORIENTED_EDGE('',*,*,#8215,.F.);
#10331=ORIENTED_EDGE('',*,*,#8214,.F.);
#10332=ORIENTED_EDGE('',*,*,#7914,.T.);
#10333=ORIENTED_EDGE('',*,*,#8216,.T.);
#10334=ORIENTED_EDGE('',*,*,#8217,.F.);
#10335=ORIENTED_EDGE('',*,*,#8216,.F.);
#10336=ORIENTED_EDGE('',*,*,#7928,.T.);
#10337=ORIENTED_EDGE('',*,*,#8218,.T.);
#10338=ORIENTED_EDGE('',*,*,#8219,.F.);
#10339=ORIENTED_EDGE('',*,*,#8218,.F.);
#10340=ORIENTED_EDGE('',*,*,#8031,.T.);
#10341=ORIENTED_EDGE('',*,*,#8220,.T.);
#10342=ORIENTED_EDGE('',*,*,#8221,.F.);
#10343=ORIENTED_EDGE('',*,*,#8220,.F.);
#10344=ORIENTED_EDGE('',*,*,#7945,.T.);
#10345=ORIENTED_EDGE('',*,*,#8222,.T.);
#10346=ORIENTED_EDGE('',*,*,#8223,.F.);
#10347=ORIENTED_EDGE('',*,*,#8222,.F.);
#10348=ORIENTED_EDGE('',*,*,#7941,.T.);
#10349=ORIENTED_EDGE('',*,*,#8224,.T.);
#10350=ORIENTED_EDGE('',*,*,#8225,.F.);
#10351=ORIENTED_EDGE('',*,*,#8224,.F.);
#10352=ORIENTED_EDGE('',*,*,#7953,.T.);
#10353=ORIENTED_EDGE('',*,*,#8226,.T.);
#10354=ORIENTED_EDGE('',*,*,#8227,.F.);
#10355=ORIENTED_EDGE('',*,*,#8226,.F.);
#10356=ORIENTED_EDGE('',*,*,#7957,.T.);
#10357=ORIENTED_EDGE('',*,*,#8228,.T.);
#10358=ORIENTED_EDGE('',*,*,#8229,.F.);
#10359=ORIENTED_EDGE('',*,*,#8228,.F.);
#10360=ORIENTED_EDGE('',*,*,#7900,.T.);
#10361=ORIENTED_EDGE('',*,*,#8230,.T.);
#10362=ORIENTED_EDGE('',*,*,#8231,.F.);
#10363=ORIENTED_EDGE('',*,*,#8230,.F.);
#10364=ORIENTED_EDGE('',*,*,#7980,.T.);
#10365=ORIENTED_EDGE('',*,*,#8232,.T.);
#10366=ORIENTED_EDGE('',*,*,#8233,.F.);
#10367=ORIENTED_EDGE('',*,*,#8232,.F.);
#10368=ORIENTED_EDGE('',*,*,#7886,.T.);
#10369=ORIENTED_EDGE('',*,*,#8234,.T.);
#10370=ORIENTED_EDGE('',*,*,#8235,.F.);
#10371=ORIENTED_EDGE('',*,*,#8234,.F.);
#10372=ORIENTED_EDGE('',*,*,#7994,.T.);
#10373=ORIENTED_EDGE('',*,*,#8236,.T.);
#10374=ORIENTED_EDGE('',*,*,#8237,.F.);
#10375=ORIENTED_EDGE('',*,*,#8236,.F.);
#10376=ORIENTED_EDGE('',*,*,#8008,.T.);
#10377=ORIENTED_EDGE('',*,*,#8238,.T.);
#10378=ORIENTED_EDGE('',*,*,#8239,.F.);
#10379=ORIENTED_EDGE('',*,*,#8238,.F.);
#10380=ORIENTED_EDGE('',*,*,#7949,.T.);
#10381=ORIENTED_EDGE('',*,*,#8240,.T.);
#10382=ORIENTED_EDGE('',*,*,#8241,.F.);
#10383=ORIENTED_EDGE('',*,*,#8240,.F.);
#10384=ORIENTED_EDGE('',*,*,#8035,.T.);
#10385=ORIENTED_EDGE('',*,*,#8242,.T.);
#10386=ORIENTED_EDGE('',*,*,#8243,.F.);
#10387=ORIENTED_EDGE('',*,*,#8242,.F.);
#10388=ORIENTED_EDGE('',*,*,#8244,.F.);
#10389=ORIENTED_EDGE('',*,*,#8245,.T.);
#10390=ORIENTED_EDGE('',*,*,#8246,.T.);
#10391=ORIENTED_EDGE('',*,*,#8247,.F.);
#10392=ORIENTED_EDGE('',*,*,#8248,.F.);
#10393=ORIENTED_EDGE('',*,*,#8249,.T.);
#10394=ORIENTED_EDGE('',*,*,#8250,.T.);
#10395=ORIENTED_EDGE('',*,*,#8245,.F.);
#10396=ORIENTED_EDGE('',*,*,#8251,.F.);
#10397=ORIENTED_EDGE('',*,*,#8252,.T.);
#10398=ORIENTED_EDGE('',*,*,#8253,.T.);
#10399=ORIENTED_EDGE('',*,*,#8249,.F.);
#10400=ORIENTED_EDGE('',*,*,#8254,.F.);
#10401=ORIENTED_EDGE('',*,*,#8247,.T.);
#10402=ORIENTED_EDGE('',*,*,#8255,.T.);
#10403=ORIENTED_EDGE('',*,*,#8252,.F.);
#10404=ORIENTED_EDGE('',*,*,#8255,.F.);
#10405=ORIENTED_EDGE('',*,*,#8246,.F.);
#10406=ORIENTED_EDGE('',*,*,#8250,.F.);
#10407=ORIENTED_EDGE('',*,*,#8253,.F.);
#10408=ORIENTED_EDGE('',*,*,#8256,.F.);
#10409=ORIENTED_EDGE('',*,*,#8257,.F.);
#10410=ORIENTED_EDGE('',*,*,#8258,.F.);
#10411=ORIENTED_EDGE('',*,*,#8259,.F.);
#10412=ORIENTED_EDGE('',*,*,#8260,.F.);
#10413=ORIENTED_EDGE('',*,*,#8261,.T.);
#10414=ORIENTED_EDGE('',*,*,#8262,.T.);
#10415=ORIENTED_EDGE('',*,*,#8263,.F.);
#10416=ORIENTED_EDGE('',*,*,#8264,.F.);
#10417=ORIENTED_EDGE('',*,*,#8265,.T.);
#10418=ORIENTED_EDGE('',*,*,#8266,.T.);
#10419=ORIENTED_EDGE('',*,*,#8261,.F.);
#10420=ORIENTED_EDGE('',*,*,#8267,.F.);
#10421=ORIENTED_EDGE('',*,*,#8268,.F.);
#10422=ORIENTED_EDGE('',*,*,#8269,.T.);
#10423=ORIENTED_EDGE('',*,*,#8270,.T.);
#10424=ORIENTED_EDGE('',*,*,#8265,.F.);
#10425=ORIENTED_EDGE('',*,*,#8271,.F.);
#10426=ORIENTED_EDGE('',*,*,#8272,.F.);
#10427=ORIENTED_EDGE('',*,*,#8273,.F.);
#10428=ORIENTED_EDGE('',*,*,#8274,.F.);
#10429=ORIENTED_EDGE('',*,*,#8263,.T.);
#10430=ORIENTED_EDGE('',*,*,#8275,.T.);
#10431=ORIENTED_EDGE('',*,*,#8269,.F.);
#10432=ORIENTED_EDGE('',*,*,#8275,.F.);
#10433=ORIENTED_EDGE('',*,*,#8262,.F.);
#10434=ORIENTED_EDGE('',*,*,#8266,.F.);
#10435=ORIENTED_EDGE('',*,*,#8270,.F.);
#10436=ORIENTED_EDGE('',*,*,#8276,.F.);
#10437=ORIENTED_EDGE('',*,*,#8277,.F.);
#10438=ORIENTED_EDGE('',*,*,#8278,.F.);
#10439=ORIENTED_EDGE('',*,*,#8279,.F.);
#10440=ORIENTED_EDGE('',*,*,#8280,.F.);
#10441=ORIENTED_EDGE('',*,*,#8281,.F.);
#10442=ORIENTED_EDGE('',*,*,#8282,.T.);
#10443=ORIENTED_EDGE('',*,*,#8283,.T.);
#10444=ORIENTED_EDGE('',*,*,#8284,.F.);
#10445=ORIENTED_EDGE('',*,*,#8285,.F.);
#10446=ORIENTED_EDGE('',*,*,#8286,.F.);
#10447=ORIENTED_EDGE('',*,*,#8284,.T.);
#10448=ORIENTED_EDGE('',*,*,#8287,.T.);
#10449=ORIENTED_EDGE('',*,*,#8288,.F.);
#10450=ORIENTED_EDGE('',*,*,#8289,.F.);
#10451=ORIENTED_EDGE('',*,*,#8290,.F.);
#10452=ORIENTED_EDGE('',*,*,#8291,.F.);
#10453=ORIENTED_EDGE('',*,*,#8292,.T.);
#10454=ORIENTED_EDGE('',*,*,#8293,.T.);
#10455=ORIENTED_EDGE('',*,*,#8282,.F.);
#10456=ORIENTED_EDGE('',*,*,#8294,.F.);
#10457=ORIENTED_EDGE('',*,*,#8288,.T.);
#10458=ORIENTED_EDGE('',*,*,#8295,.T.);
#10459=ORIENTED_EDGE('',*,*,#8292,.F.);
#10460=ORIENTED_EDGE('',*,*,#8287,.F.);
#10461=ORIENTED_EDGE('',*,*,#8283,.F.);
#10462=ORIENTED_EDGE('',*,*,#8293,.F.);
#10463=ORIENTED_EDGE('',*,*,#8295,.F.);
#10464=ORIENTED_EDGE('',*,*,#8296,.F.);
#10465=ORIENTED_EDGE('',*,*,#8297,.F.);
#10466=ORIENTED_EDGE('',*,*,#8298,.F.);
#10467=ORIENTED_EDGE('',*,*,#8299,.F.);
#10468=ORIENTED_EDGE('',*,*,#8300,.F.);
#10469=ORIENTED_EDGE('',*,*,#8301,.F.);
#10470=ORIENTED_EDGE('',*,*,#8302,.T.);
#10471=ORIENTED_EDGE('',*,*,#8303,.T.);
#10472=ORIENTED_EDGE('',*,*,#8304,.F.);
#10473=ORIENTED_EDGE('',*,*,#8305,.F.);
#10474=ORIENTED_EDGE('',*,*,#8306,.F.);
#10475=ORIENTED_EDGE('',*,*,#8304,.T.);
#10476=ORIENTED_EDGE('',*,*,#8307,.T.);
#10477=ORIENTED_EDGE('',*,*,#8308,.F.);
#10478=ORIENTED_EDGE('',*,*,#8309,.F.);
#10479=ORIENTED_EDGE('',*,*,#8310,.F.);
#10480=ORIENTED_EDGE('',*,*,#8311,.F.);
#10481=ORIENTED_EDGE('',*,*,#8312,.T.);
#10482=ORIENTED_EDGE('',*,*,#8313,.T.);
#10483=ORIENTED_EDGE('',*,*,#8302,.F.);
#10484=ORIENTED_EDGE('',*,*,#8314,.F.);
#10485=ORIENTED_EDGE('',*,*,#8308,.T.);
#10486=ORIENTED_EDGE('',*,*,#8315,.T.);
#10487=ORIENTED_EDGE('',*,*,#8312,.F.);
#10488=ORIENTED_EDGE('',*,*,#8307,.F.);
#10489=ORIENTED_EDGE('',*,*,#8303,.F.);
#10490=ORIENTED_EDGE('',*,*,#8313,.F.);
#10491=ORIENTED_EDGE('',*,*,#8315,.F.);
#10492=ORIENTED_EDGE('',*,*,#8316,.F.);
#10493=ORIENTED_EDGE('',*,*,#8317,.F.);
#10494=ORIENTED_EDGE('',*,*,#8318,.F.);
#10495=ORIENTED_EDGE('',*,*,#8319,.F.);
#10496=ORIENTED_EDGE('',*,*,#8320,.F.);
#10497=ORIENTED_EDGE('',*,*,#8321,.F.);
#10498=ORIENTED_EDGE('',*,*,#8322,.T.);
#10499=ORIENTED_EDGE('',*,*,#8323,.T.);
#10500=ORIENTED_EDGE('',*,*,#8324,.F.);
#10501=ORIENTED_EDGE('',*,*,#8325,.F.);
#10502=ORIENTED_EDGE('',*,*,#8326,.F.);
#10503=ORIENTED_EDGE('',*,*,#8324,.T.);
#10504=ORIENTED_EDGE('',*,*,#8327,.T.);
#10505=ORIENTED_EDGE('',*,*,#8328,.F.);
#10506=ORIENTED_EDGE('',*,*,#8329,.F.);
#10507=ORIENTED_EDGE('',*,*,#8330,.F.);
#10508=ORIENTED_EDGE('',*,*,#8331,.F.);
#10509=ORIENTED_EDGE('',*,*,#8332,.T.);
#10510=ORIENTED_EDGE('',*,*,#8333,.T.);
#10511=ORIENTED_EDGE('',*,*,#8322,.F.);
#10512=ORIENTED_EDGE('',*,*,#8334,.F.);
#10513=ORIENTED_EDGE('',*,*,#8328,.T.);
#10514=ORIENTED_EDGE('',*,*,#8335,.T.);
#10515=ORIENTED_EDGE('',*,*,#8332,.F.);
#10516=ORIENTED_EDGE('',*,*,#8327,.F.);
#10517=ORIENTED_EDGE('',*,*,#8323,.F.);
#10518=ORIENTED_EDGE('',*,*,#8333,.F.);
#10519=ORIENTED_EDGE('',*,*,#8335,.F.);
#10520=ORIENTED_EDGE('',*,*,#8336,.F.);
#10521=ORIENTED_EDGE('',*,*,#8337,.F.);
#10522=ORIENTED_EDGE('',*,*,#8338,.F.);
#10523=ORIENTED_EDGE('',*,*,#8339,.F.);
#10524=ORIENTED_EDGE('',*,*,#8340,.F.);
#10525=ORIENTED_EDGE('',*,*,#8341,.T.);
#10526=ORIENTED_EDGE('',*,*,#8342,.T.);
#10527=ORIENTED_EDGE('',*,*,#8343,.F.);
#10528=ORIENTED_EDGE('',*,*,#8344,.F.);
#10529=ORIENTED_EDGE('',*,*,#8345,.T.);
#10530=ORIENTED_EDGE('',*,*,#8346,.T.);
#10531=ORIENTED_EDGE('',*,*,#8341,.F.);
#10532=ORIENTED_EDGE('',*,*,#8347,.F.);
#10533=ORIENTED_EDGE('',*,*,#8348,.T.);
#10534=ORIENTED_EDGE('',*,*,#8349,.T.);
#10535=ORIENTED_EDGE('',*,*,#8345,.F.);
#10536=ORIENTED_EDGE('',*,*,#8350,.F.);
#10537=ORIENTED_EDGE('',*,*,#8343,.T.);
#10538=ORIENTED_EDGE('',*,*,#8351,.T.);
#10539=ORIENTED_EDGE('',*,*,#8348,.F.);
#10540=ORIENTED_EDGE('',*,*,#8351,.F.);
#10541=ORIENTED_EDGE('',*,*,#8342,.F.);
#10542=ORIENTED_EDGE('',*,*,#8346,.F.);
#10543=ORIENTED_EDGE('',*,*,#8349,.F.);
#10544=ORIENTED_EDGE('',*,*,#8352,.F.);
#10545=ORIENTED_EDGE('',*,*,#8353,.F.);
#10546=ORIENTED_EDGE('',*,*,#8354,.F.);
#10547=ORIENTED_EDGE('',*,*,#8355,.F.);
#10548=ORIENTED_EDGE('',*,*,#8356,.F.);
#10549=ORIENTED_EDGE('',*,*,#8357,.F.);
#10550=ORIENTED_EDGE('',*,*,#8358,.T.);
#10551=ORIENTED_EDGE('',*,*,#8359,.T.);
#10552=ORIENTED_EDGE('',*,*,#8360,.F.);
#10553=ORIENTED_EDGE('',*,*,#8361,.F.);
#10554=ORIENTED_EDGE('',*,*,#8362,.F.);
#10555=ORIENTED_EDGE('',*,*,#8360,.T.);
#10556=ORIENTED_EDGE('',*,*,#8363,.T.);
#10557=ORIENTED_EDGE('',*,*,#8364,.F.);
#10558=ORIENTED_EDGE('',*,*,#8365,.F.);
#10559=ORIENTED_EDGE('',*,*,#8366,.F.);
#10560=ORIENTED_EDGE('',*,*,#8367,.F.);
#10561=ORIENTED_EDGE('',*,*,#8368,.T.);
#10562=ORIENTED_EDGE('',*,*,#8369,.T.);
#10563=ORIENTED_EDGE('',*,*,#8358,.F.);
#10564=ORIENTED_EDGE('',*,*,#8370,.F.);
#10565=ORIENTED_EDGE('',*,*,#8364,.T.);
#10566=ORIENTED_EDGE('',*,*,#8371,.T.);
#10567=ORIENTED_EDGE('',*,*,#8368,.F.);
#10568=ORIENTED_EDGE('',*,*,#8363,.F.);
#10569=ORIENTED_EDGE('',*,*,#8359,.F.);
#10570=ORIENTED_EDGE('',*,*,#8369,.F.);
#10571=ORIENTED_EDGE('',*,*,#8371,.F.);
#10572=ORIENTED_EDGE('',*,*,#8372,.F.);
#10573=ORIENTED_EDGE('',*,*,#8373,.F.);
#10574=ORIENTED_EDGE('',*,*,#8374,.F.);
#10575=ORIENTED_EDGE('',*,*,#8375,.F.);
#10576=ORIENTED_EDGE('',*,*,#8376,.F.);
#10577=ORIENTED_EDGE('',*,*,#8377,.T.);
#10578=ORIENTED_EDGE('',*,*,#8378,.T.);
#10579=ORIENTED_EDGE('',*,*,#8379,.F.);
#10580=ORIENTED_EDGE('',*,*,#8380,.F.);
#10581=ORIENTED_EDGE('',*,*,#8381,.T.);
#10582=ORIENTED_EDGE('',*,*,#8382,.T.);
#10583=ORIENTED_EDGE('',*,*,#8377,.F.);
#10584=ORIENTED_EDGE('',*,*,#8383,.F.);
#10585=ORIENTED_EDGE('',*,*,#8384,.F.);
#10586=ORIENTED_EDGE('',*,*,#8385,.T.);
#10587=ORIENTED_EDGE('',*,*,#8386,.T.);
#10588=ORIENTED_EDGE('',*,*,#8381,.F.);
#10589=ORIENTED_EDGE('',*,*,#8387,.F.);
#10590=ORIENTED_EDGE('',*,*,#8388,.F.);
#10591=ORIENTED_EDGE('',*,*,#8389,.F.);
#10592=ORIENTED_EDGE('',*,*,#8390,.F.);
#10593=ORIENTED_EDGE('',*,*,#8379,.T.);
#10594=ORIENTED_EDGE('',*,*,#8391,.T.);
#10595=ORIENTED_EDGE('',*,*,#8385,.F.);
#10596=ORIENTED_EDGE('',*,*,#8391,.F.);
#10597=ORIENTED_EDGE('',*,*,#8378,.F.);
#10598=ORIENTED_EDGE('',*,*,#8382,.F.);
#10599=ORIENTED_EDGE('',*,*,#8386,.F.);
#10600=ORIENTED_EDGE('',*,*,#8392,.F.);
#10601=ORIENTED_EDGE('',*,*,#8393,.F.);
#10602=ORIENTED_EDGE('',*,*,#8394,.F.);
#10603=ORIENTED_EDGE('',*,*,#8395,.F.);
#10604=ORIENTED_EDGE('',*,*,#8396,.F.);
#10605=ORIENTED_EDGE('',*,*,#8397,.T.);
#10606=ORIENTED_EDGE('',*,*,#8398,.T.);
#10607=ORIENTED_EDGE('',*,*,#8399,.F.);
#10608=ORIENTED_EDGE('',*,*,#8400,.F.);
#10609=ORIENTED_EDGE('',*,*,#8401,.T.);
#10610=ORIENTED_EDGE('',*,*,#8402,.T.);
#10611=ORIENTED_EDGE('',*,*,#8397,.F.);
#10612=ORIENTED_EDGE('',*,*,#8403,.F.);
#10613=ORIENTED_EDGE('',*,*,#8404,.F.);
#10614=ORIENTED_EDGE('',*,*,#8405,.T.);
#10615=ORIENTED_EDGE('',*,*,#8406,.T.);
#10616=ORIENTED_EDGE('',*,*,#8401,.F.);
#10617=ORIENTED_EDGE('',*,*,#8407,.F.);
#10618=ORIENTED_EDGE('',*,*,#8408,.F.);
#10619=ORIENTED_EDGE('',*,*,#8409,.F.);
#10620=ORIENTED_EDGE('',*,*,#8410,.F.);
#10621=ORIENTED_EDGE('',*,*,#8399,.T.);
#10622=ORIENTED_EDGE('',*,*,#8411,.T.);
#10623=ORIENTED_EDGE('',*,*,#8405,.F.);
#10624=ORIENTED_EDGE('',*,*,#8411,.F.);
#10625=ORIENTED_EDGE('',*,*,#8398,.F.);
#10626=ORIENTED_EDGE('',*,*,#8402,.F.);
#10627=ORIENTED_EDGE('',*,*,#8406,.F.);
#10628=ORIENTED_EDGE('',*,*,#8412,.F.);
#10629=ORIENTED_EDGE('',*,*,#8413,.F.);
#10630=ORIENTED_EDGE('',*,*,#8414,.F.);
#10631=ORIENTED_EDGE('',*,*,#8415,.F.);
#10632=ORIENTED_EDGE('',*,*,#8416,.F.);
#10633=ORIENTED_EDGE('',*,*,#8417,.T.);
#10634=ORIENTED_EDGE('',*,*,#8418,.T.);
#10635=ORIENTED_EDGE('',*,*,#8419,.F.);
#10636=ORIENTED_EDGE('',*,*,#8420,.F.);
#10637=ORIENTED_EDGE('',*,*,#8421,.T.);
#10638=ORIENTED_EDGE('',*,*,#8422,.T.);
#10639=ORIENTED_EDGE('',*,*,#8417,.F.);
#10640=ORIENTED_EDGE('',*,*,#8423,.F.);
#10641=ORIENTED_EDGE('',*,*,#8424,.F.);
#10642=ORIENTED_EDGE('',*,*,#8425,.T.);
#10643=ORIENTED_EDGE('',*,*,#8426,.T.);
#10644=ORIENTED_EDGE('',*,*,#8421,.F.);
#10645=ORIENTED_EDGE('',*,*,#8427,.F.);
#10646=ORIENTED_EDGE('',*,*,#8428,.F.);
#10647=ORIENTED_EDGE('',*,*,#8429,.F.);
#10648=ORIENTED_EDGE('',*,*,#8430,.F.);
#10649=ORIENTED_EDGE('',*,*,#8419,.T.);
#10650=ORIENTED_EDGE('',*,*,#8431,.T.);
#10651=ORIENTED_EDGE('',*,*,#8425,.F.);
#10652=ORIENTED_EDGE('',*,*,#8431,.F.);
#10653=ORIENTED_EDGE('',*,*,#8418,.F.);
#10654=ORIENTED_EDGE('',*,*,#8422,.F.);
#10655=ORIENTED_EDGE('',*,*,#8426,.F.);
#10656=ORIENTED_EDGE('',*,*,#8432,.F.);
#10657=ORIENTED_EDGE('',*,*,#8433,.F.);
#10658=ORIENTED_EDGE('',*,*,#8434,.F.);
#10659=ORIENTED_EDGE('',*,*,#8435,.F.);
#10660=ORIENTED_EDGE('',*,*,#8259,.T.);
#10661=ORIENTED_EDGE('',*,*,#8436,.F.);
#10662=ORIENTED_EDGE('',*,*,#8437,.F.);
#10663=ORIENTED_EDGE('',*,*,#8438,.F.);
#10664=ORIENTED_EDGE('',*,*,#8258,.T.);
#10665=ORIENTED_EDGE('',*,*,#8439,.T.);
#10666=ORIENTED_EDGE('',*,*,#8440,.F.);
#10667=ORIENTED_EDGE('',*,*,#8436,.T.);
#10668=ORIENTED_EDGE('',*,*,#8279,.T.);
#10669=ORIENTED_EDGE('',*,*,#8441,.F.);
#10670=ORIENTED_EDGE('',*,*,#8442,.F.);
#10671=ORIENTED_EDGE('',*,*,#8443,.F.);
#10672=ORIENTED_EDGE('',*,*,#8278,.T.);
#10673=ORIENTED_EDGE('',*,*,#8444,.T.);
#10674=ORIENTED_EDGE('',*,*,#8445,.F.);
#10675=ORIENTED_EDGE('',*,*,#8441,.T.);
#10676=ORIENTED_EDGE('',*,*,#8299,.T.);
#10677=ORIENTED_EDGE('',*,*,#8446,.F.);
#10678=ORIENTED_EDGE('',*,*,#8447,.F.);
#10679=ORIENTED_EDGE('',*,*,#8448,.F.);
#10680=ORIENTED_EDGE('',*,*,#8298,.T.);
#10681=ORIENTED_EDGE('',*,*,#8449,.T.);
#10682=ORIENTED_EDGE('',*,*,#8450,.F.);
#10683=ORIENTED_EDGE('',*,*,#8446,.T.);
#10684=ORIENTED_EDGE('',*,*,#8280,.T.);
#10685=ORIENTED_EDGE('',*,*,#8451,.F.);
#10686=ORIENTED_EDGE('',*,*,#8452,.T.);
#10687=ORIENTED_EDGE('',*,*,#8453,.F.);
#10688=ORIENTED_EDGE('',*,*,#8319,.T.);
#10689=ORIENTED_EDGE('',*,*,#8454,.F.);
#10690=ORIENTED_EDGE('',*,*,#8455,.F.);
#10691=ORIENTED_EDGE('',*,*,#8456,.F.);
#10692=ORIENTED_EDGE('',*,*,#8318,.T.);
#10693=ORIENTED_EDGE('',*,*,#8457,.T.);
#10694=ORIENTED_EDGE('',*,*,#8458,.F.);
#10695=ORIENTED_EDGE('',*,*,#8454,.T.);
#10696=ORIENTED_EDGE('',*,*,#8300,.T.);
#10697=ORIENTED_EDGE('',*,*,#8459,.F.);
#10698=ORIENTED_EDGE('',*,*,#8460,.T.);
#10699=ORIENTED_EDGE('',*,*,#8461,.F.);
#10700=ORIENTED_EDGE('',*,*,#8339,.T.);
#10701=ORIENTED_EDGE('',*,*,#8462,.F.);
#10702=ORIENTED_EDGE('',*,*,#8463,.F.);
#10703=ORIENTED_EDGE('',*,*,#8464,.F.);
#10704=ORIENTED_EDGE('',*,*,#8338,.T.);
#10705=ORIENTED_EDGE('',*,*,#8465,.T.);
#10706=ORIENTED_EDGE('',*,*,#8466,.F.);
#10707=ORIENTED_EDGE('',*,*,#8462,.T.);
#10708=ORIENTED_EDGE('',*,*,#8320,.T.);
#10709=ORIENTED_EDGE('',*,*,#8467,.F.);
#10710=ORIENTED_EDGE('',*,*,#8468,.T.);
#10711=ORIENTED_EDGE('',*,*,#8469,.F.);
#10712=ORIENTED_EDGE('',*,*,#8355,.T.);
#10713=ORIENTED_EDGE('',*,*,#8470,.F.);
#10714=ORIENTED_EDGE('',*,*,#8471,.F.);
#10715=ORIENTED_EDGE('',*,*,#8472,.F.);
#10716=ORIENTED_EDGE('',*,*,#8354,.T.);
#10717=ORIENTED_EDGE('',*,*,#8473,.T.);
#10718=ORIENTED_EDGE('',*,*,#8474,.F.);
#10719=ORIENTED_EDGE('',*,*,#8470,.T.);
#10720=ORIENTED_EDGE('',*,*,#8375,.T.);
#10721=ORIENTED_EDGE('',*,*,#8475,.F.);
#10722=ORIENTED_EDGE('',*,*,#8476,.F.);
#10723=ORIENTED_EDGE('',*,*,#8477,.F.);
#10724=ORIENTED_EDGE('',*,*,#8374,.T.);
#10725=ORIENTED_EDGE('',*,*,#8478,.T.);
#10726=ORIENTED_EDGE('',*,*,#8479,.F.);
#10727=ORIENTED_EDGE('',*,*,#8475,.T.);
#10728=ORIENTED_EDGE('',*,*,#8356,.T.);
#10729=ORIENTED_EDGE('',*,*,#8480,.F.);
#10730=ORIENTED_EDGE('',*,*,#8481,.T.);
#10731=ORIENTED_EDGE('',*,*,#8482,.F.);
#10732=ORIENTED_EDGE('',*,*,#8395,.T.);
#10733=ORIENTED_EDGE('',*,*,#8483,.F.);
#10734=ORIENTED_EDGE('',*,*,#8484,.F.);
#10735=ORIENTED_EDGE('',*,*,#8485,.F.);
#10736=ORIENTED_EDGE('',*,*,#8394,.T.);
#10737=ORIENTED_EDGE('',*,*,#8486,.T.);
#10738=ORIENTED_EDGE('',*,*,#8487,.F.);
#10739=ORIENTED_EDGE('',*,*,#8483,.T.);
#10740=ORIENTED_EDGE('',*,*,#8285,.T.);
#10741=ORIENTED_EDGE('',*,*,#8286,.T.);
#10742=ORIENTED_EDGE('',*,*,#8488,.T.);
#10743=ORIENTED_EDGE('',*,*,#8388,.T.);
#10744=ORIENTED_EDGE('',*,*,#8384,.T.);
#10745=ORIENTED_EDGE('',*,*,#8489,.T.);
#10746=ORIENTED_EDGE('',*,*,#8490,.T.);
#10747=ORIENTED_EDGE('',*,*,#8451,.T.);
#10748=ORIENTED_EDGE('',*,*,#8491,.T.);
#10749=ORIENTED_EDGE('',*,*,#8492,.T.);
#10750=ORIENTED_EDGE('',*,*,#8493,.T.);
#10751=ORIENTED_EDGE('',*,*,#8494,.T.);
#10752=ORIENTED_EDGE('',*,*,#8415,.T.);
#10753=ORIENTED_EDGE('',*,*,#8495,.F.);
#10754=ORIENTED_EDGE('',*,*,#8496,.F.);
#10755=ORIENTED_EDGE('',*,*,#8497,.F.);
#10756=ORIENTED_EDGE('',*,*,#8414,.T.);
#10757=ORIENTED_EDGE('',*,*,#8498,.T.);
#10758=ORIENTED_EDGE('',*,*,#8499,.F.);
#10759=ORIENTED_EDGE('',*,*,#8495,.T.);
#10760=ORIENTED_EDGE('',*,*,#8305,.T.);
#10761=ORIENTED_EDGE('',*,*,#8306,.T.);
#10762=ORIENTED_EDGE('',*,*,#8500,.T.);
#10763=ORIENTED_EDGE('',*,*,#8408,.T.);
#10764=ORIENTED_EDGE('',*,*,#8404,.T.);
#10765=ORIENTED_EDGE('',*,*,#8501,.T.);
#10766=ORIENTED_EDGE('',*,*,#8502,.T.);
#10767=ORIENTED_EDGE('',*,*,#8459,.T.);
#10768=ORIENTED_EDGE('',*,*,#8503,.T.);
#10769=ORIENTED_EDGE('',*,*,#8504,.T.);
#10770=ORIENTED_EDGE('',*,*,#8505,.T.);
#10771=ORIENTED_EDGE('',*,*,#8506,.T.);
#10772=ORIENTED_EDGE('',*,*,#8435,.T.);
#10773=ORIENTED_EDGE('',*,*,#8507,.F.);
#10774=ORIENTED_EDGE('',*,*,#8508,.F.);
#10775=ORIENTED_EDGE('',*,*,#8509,.F.);
#10776=ORIENTED_EDGE('',*,*,#8434,.T.);
#10777=ORIENTED_EDGE('',*,*,#8510,.T.);
#10778=ORIENTED_EDGE('',*,*,#8511,.F.);
#10779=ORIENTED_EDGE('',*,*,#8507,.T.);
#10780=ORIENTED_EDGE('',*,*,#8325,.T.);
#10781=ORIENTED_EDGE('',*,*,#8326,.T.);
#10782=ORIENTED_EDGE('',*,*,#8512,.T.);
#10783=ORIENTED_EDGE('',*,*,#8428,.T.);
#10784=ORIENTED_EDGE('',*,*,#8424,.T.);
#10785=ORIENTED_EDGE('',*,*,#8513,.T.);
#10786=ORIENTED_EDGE('',*,*,#8514,.T.);
#10787=ORIENTED_EDGE('',*,*,#8467,.T.);
#10788=ORIENTED_EDGE('',*,*,#8515,.T.);
#10789=ORIENTED_EDGE('',*,*,#8516,.T.);
#10790=ORIENTED_EDGE('',*,*,#8517,.T.);
#10791=ORIENTED_EDGE('',*,*,#8518,.T.);
#10792=ORIENTED_EDGE('',*,*,#8519,.F.);
#10793=ORIENTED_EDGE('',*,*,#8520,.T.);
#10794=ORIENTED_EDGE('',*,*,#8521,.F.);
#10795=ORIENTED_EDGE('',*,*,#8522,.F.);
#10796=ORIENTED_EDGE('',*,*,#8523,.F.);
#10797=ORIENTED_EDGE('',*,*,#8522,.T.);
#10798=ORIENTED_EDGE('',*,*,#8524,.F.);
#10799=ORIENTED_EDGE('',*,*,#8525,.F.);
#10800=ORIENTED_EDGE('',*,*,#8526,.F.);
#10801=ORIENTED_EDGE('',*,*,#8525,.T.);
#10802=ORIENTED_EDGE('',*,*,#8527,.F.);
#10803=ORIENTED_EDGE('',*,*,#8528,.F.);
#10804=ORIENTED_EDGE('',*,*,#8529,.F.);
#10805=ORIENTED_EDGE('',*,*,#8528,.T.);
#10806=ORIENTED_EDGE('',*,*,#8530,.F.);
#10807=ORIENTED_EDGE('',*,*,#8520,.F.);
#10808=ORIENTED_EDGE('',*,*,#8514,.F.);
#10809=ORIENTED_EDGE('',*,*,#8531,.T.);
#10810=ORIENTED_EDGE('',*,*,#8532,.F.);
#10811=ORIENTED_EDGE('',*,*,#8468,.F.);
#10812=ORIENTED_EDGE('',*,*,#8330,.T.);
#10813=ORIENTED_EDGE('',*,*,#8533,.F.);
#10814=ORIENTED_EDGE('',*,*,#8429,.T.);
#10815=ORIENTED_EDGE('',*,*,#8512,.F.);
#10816=ORIENTED_EDGE('',*,*,#8423,.T.);
#10817=ORIENTED_EDGE('',*,*,#8534,.F.);
#10818=ORIENTED_EDGE('',*,*,#8531,.F.);
#10819=ORIENTED_EDGE('',*,*,#8513,.F.);
#10820=ORIENTED_EDGE('',*,*,#8310,.T.);
#10821=ORIENTED_EDGE('',*,*,#8535,.F.);
#10822=ORIENTED_EDGE('',*,*,#8409,.T.);
#10823=ORIENTED_EDGE('',*,*,#8500,.F.);
#10824=ORIENTED_EDGE('',*,*,#8403,.T.);
#10825=ORIENTED_EDGE('',*,*,#8536,.F.);
#10826=ORIENTED_EDGE('',*,*,#8537,.F.);
#10827=ORIENTED_EDGE('',*,*,#8501,.F.);
#10828=ORIENTED_EDGE('',*,*,#8502,.F.);
#10829=ORIENTED_EDGE('',*,*,#8537,.T.);
#10830=ORIENTED_EDGE('',*,*,#8538,.F.);
#10831=ORIENTED_EDGE('',*,*,#8460,.F.);
#10832=ORIENTED_EDGE('',*,*,#8273,.T.);
#10833=ORIENTED_EDGE('',*,*,#8539,.F.);
#10834=ORIENTED_EDGE('',*,*,#8366,.T.);
#10835=ORIENTED_EDGE('',*,*,#8540,.F.);
#10836=ORIENTED_EDGE('',*,*,#8267,.T.);
#10837=ORIENTED_EDGE('',*,*,#8541,.F.);
#10838=ORIENTED_EDGE('',*,*,#8542,.F.);
#10839=ORIENTED_EDGE('',*,*,#8543,.F.);
#10840=ORIENTED_EDGE('',*,*,#8544,.F.);
#10841=ORIENTED_EDGE('',*,*,#8542,.T.);
#10842=ORIENTED_EDGE('',*,*,#8545,.F.);
#10843=ORIENTED_EDGE('',*,*,#8481,.F.);
#10844=ORIENTED_EDGE('',*,*,#8290,.T.);
#10845=ORIENTED_EDGE('',*,*,#8546,.F.);
#10846=ORIENTED_EDGE('',*,*,#8389,.T.);
#10847=ORIENTED_EDGE('',*,*,#8488,.F.);
#10848=ORIENTED_EDGE('',*,*,#8383,.T.);
#10849=ORIENTED_EDGE('',*,*,#8547,.F.);
#10850=ORIENTED_EDGE('',*,*,#8548,.F.);
#10851=ORIENTED_EDGE('',*,*,#8489,.F.);
#10852=ORIENTED_EDGE('',*,*,#8490,.F.);
#10853=ORIENTED_EDGE('',*,*,#8548,.T.);
#10854=ORIENTED_EDGE('',*,*,#8549,.F.);
#10855=ORIENTED_EDGE('',*,*,#8452,.F.);
#10856=ORIENTED_EDGE('',*,*,#8550,.F.);
#10857=ORIENTED_EDGE('',*,*,#8551,.T.);
#10858=ORIENTED_EDGE('',*,*,#8552,.F.);
#10859=ORIENTED_EDGE('',*,*,#8553,.F.);
#10860=ORIENTED_EDGE('',*,*,#8554,.F.);
#10861=ORIENTED_EDGE('',*,*,#8553,.T.);
#10862=ORIENTED_EDGE('',*,*,#8555,.F.);
#10863=ORIENTED_EDGE('',*,*,#8556,.F.);
#10864=ORIENTED_EDGE('',*,*,#8557,.F.);
#10865=ORIENTED_EDGE('',*,*,#8556,.T.);
#10866=ORIENTED_EDGE('',*,*,#8558,.F.);
#10867=ORIENTED_EDGE('',*,*,#8559,.F.);
#10868=ORIENTED_EDGE('',*,*,#8560,.F.);
#10869=ORIENTED_EDGE('',*,*,#8559,.T.);
#10870=ORIENTED_EDGE('',*,*,#8561,.F.);
#10871=ORIENTED_EDGE('',*,*,#8551,.F.);
#10872=ORIENTED_EDGE('',*,*,#8562,.F.);
#10873=ORIENTED_EDGE('',*,*,#8563,.T.);
#10874=ORIENTED_EDGE('',*,*,#8564,.F.);
#10875=ORIENTED_EDGE('',*,*,#8565,.F.);
#10876=ORIENTED_EDGE('',*,*,#8566,.F.);
#10877=ORIENTED_EDGE('',*,*,#8565,.T.);
#10878=ORIENTED_EDGE('',*,*,#8567,.F.);
#10879=ORIENTED_EDGE('',*,*,#8568,.F.);
#10880=ORIENTED_EDGE('',*,*,#8569,.F.);
#10881=ORIENTED_EDGE('',*,*,#8568,.T.);
#10882=ORIENTED_EDGE('',*,*,#8570,.F.);
#10883=ORIENTED_EDGE('',*,*,#8571,.F.);
#10884=ORIENTED_EDGE('',*,*,#8572,.F.);
#10885=ORIENTED_EDGE('',*,*,#8571,.T.);
#10886=ORIENTED_EDGE('',*,*,#8573,.F.);
#10887=ORIENTED_EDGE('',*,*,#8563,.F.);
#10888=ORIENTED_EDGE('',*,*,#8574,.F.);
#10889=ORIENTED_EDGE('',*,*,#8575,.T.);
#10890=ORIENTED_EDGE('',*,*,#8576,.F.);
#10891=ORIENTED_EDGE('',*,*,#8577,.F.);
#10892=ORIENTED_EDGE('',*,*,#8578,.F.);
#10893=ORIENTED_EDGE('',*,*,#8577,.T.);
#10894=ORIENTED_EDGE('',*,*,#8579,.F.);
#10895=ORIENTED_EDGE('',*,*,#8580,.F.);
#10896=ORIENTED_EDGE('',*,*,#8581,.F.);
#10897=ORIENTED_EDGE('',*,*,#8580,.T.);
#10898=ORIENTED_EDGE('',*,*,#8582,.F.);
#10899=ORIENTED_EDGE('',*,*,#8583,.F.);
#10900=ORIENTED_EDGE('',*,*,#8584,.F.);
#10901=ORIENTED_EDGE('',*,*,#8583,.T.);
#10902=ORIENTED_EDGE('',*,*,#8585,.F.);
#10903=ORIENTED_EDGE('',*,*,#8575,.F.);
#10904=ORIENTED_EDGE('',*,*,#8586,.F.);
#10905=ORIENTED_EDGE('',*,*,#8587,.T.);
#10906=ORIENTED_EDGE('',*,*,#8588,.F.);
#10907=ORIENTED_EDGE('',*,*,#8589,.F.);
#10908=ORIENTED_EDGE('',*,*,#8590,.F.);
#10909=ORIENTED_EDGE('',*,*,#8589,.T.);
#10910=ORIENTED_EDGE('',*,*,#8591,.F.);
#10911=ORIENTED_EDGE('',*,*,#8592,.F.);
#10912=ORIENTED_EDGE('',*,*,#8593,.F.);
#10913=ORIENTED_EDGE('',*,*,#8592,.T.);
#10914=ORIENTED_EDGE('',*,*,#8594,.F.);
#10915=ORIENTED_EDGE('',*,*,#8595,.F.);
#10916=ORIENTED_EDGE('',*,*,#8596,.F.);
#10917=ORIENTED_EDGE('',*,*,#8595,.T.);
#10918=ORIENTED_EDGE('',*,*,#8597,.F.);
#10919=ORIENTED_EDGE('',*,*,#8587,.F.);
#10920=ORIENTED_EDGE('',*,*,#8598,.F.);
#10921=ORIENTED_EDGE('',*,*,#8599,.T.);
#10922=ORIENTED_EDGE('',*,*,#8600,.F.);
#10923=ORIENTED_EDGE('',*,*,#8601,.F.);
#10924=ORIENTED_EDGE('',*,*,#8602,.F.);
#10925=ORIENTED_EDGE('',*,*,#8601,.T.);
#10926=ORIENTED_EDGE('',*,*,#8603,.F.);
#10927=ORIENTED_EDGE('',*,*,#8604,.F.);
#10928=ORIENTED_EDGE('',*,*,#8605,.F.);
#10929=ORIENTED_EDGE('',*,*,#8604,.T.);
#10930=ORIENTED_EDGE('',*,*,#8606,.F.);
#10931=ORIENTED_EDGE('',*,*,#8607,.F.);
#10932=ORIENTED_EDGE('',*,*,#8608,.F.);
#10933=ORIENTED_EDGE('',*,*,#8607,.T.);
#10934=ORIENTED_EDGE('',*,*,#8609,.F.);
#10935=ORIENTED_EDGE('',*,*,#8599,.F.);
#10936=ORIENTED_EDGE('',*,*,#8610,.F.);
#10937=ORIENTED_EDGE('',*,*,#8611,.T.);
#10938=ORIENTED_EDGE('',*,*,#8612,.F.);
#10939=ORIENTED_EDGE('',*,*,#8613,.F.);
#10940=ORIENTED_EDGE('',*,*,#8614,.F.);
#10941=ORIENTED_EDGE('',*,*,#8613,.T.);
#10942=ORIENTED_EDGE('',*,*,#8615,.F.);
#10943=ORIENTED_EDGE('',*,*,#8616,.F.);
#10944=ORIENTED_EDGE('',*,*,#8617,.F.);
#10945=ORIENTED_EDGE('',*,*,#8616,.T.);
#10946=ORIENTED_EDGE('',*,*,#8618,.F.);
#10947=ORIENTED_EDGE('',*,*,#8619,.F.);
#10948=ORIENTED_EDGE('',*,*,#8620,.F.);
#10949=ORIENTED_EDGE('',*,*,#8619,.T.);
#10950=ORIENTED_EDGE('',*,*,#8621,.F.);
#10951=ORIENTED_EDGE('',*,*,#8611,.F.);
#10952=ORIENTED_EDGE('',*,*,#8622,.F.);
#10953=ORIENTED_EDGE('',*,*,#8623,.T.);
#10954=ORIENTED_EDGE('',*,*,#8624,.F.);
#10955=ORIENTED_EDGE('',*,*,#8625,.F.);
#10956=ORIENTED_EDGE('',*,*,#8626,.F.);
#10957=ORIENTED_EDGE('',*,*,#8625,.T.);
#10958=ORIENTED_EDGE('',*,*,#8627,.F.);
#10959=ORIENTED_EDGE('',*,*,#8628,.F.);
#10960=ORIENTED_EDGE('',*,*,#8629,.F.);
#10961=ORIENTED_EDGE('',*,*,#8628,.T.);
#10962=ORIENTED_EDGE('',*,*,#8630,.F.);
#10963=ORIENTED_EDGE('',*,*,#8631,.F.);
#10964=ORIENTED_EDGE('',*,*,#8632,.F.);
#10965=ORIENTED_EDGE('',*,*,#8631,.T.);
#10966=ORIENTED_EDGE('',*,*,#8633,.F.);
#10967=ORIENTED_EDGE('',*,*,#8623,.F.);
#10968=ORIENTED_EDGE('',*,*,#8634,.F.);
#10969=ORIENTED_EDGE('',*,*,#8635,.T.);
#10970=ORIENTED_EDGE('',*,*,#8636,.F.);
#10971=ORIENTED_EDGE('',*,*,#8637,.F.);
#10972=ORIENTED_EDGE('',*,*,#8638,.F.);
#10973=ORIENTED_EDGE('',*,*,#8637,.T.);
#10974=ORIENTED_EDGE('',*,*,#8639,.F.);
#10975=ORIENTED_EDGE('',*,*,#8640,.F.);
#10976=ORIENTED_EDGE('',*,*,#8641,.F.);
#10977=ORIENTED_EDGE('',*,*,#8640,.T.);
#10978=ORIENTED_EDGE('',*,*,#8642,.F.);
#10979=ORIENTED_EDGE('',*,*,#8643,.F.);
#10980=ORIENTED_EDGE('',*,*,#8644,.F.);
#10981=ORIENTED_EDGE('',*,*,#8643,.T.);
#10982=ORIENTED_EDGE('',*,*,#8645,.F.);
#10983=ORIENTED_EDGE('',*,*,#8635,.F.);
#10984=ORIENTED_EDGE('',*,*,#8646,.F.);
#10985=ORIENTED_EDGE('',*,*,#8647,.T.);
#10986=ORIENTED_EDGE('',*,*,#8648,.F.);
#10987=ORIENTED_EDGE('',*,*,#8649,.F.);
#10988=ORIENTED_EDGE('',*,*,#8650,.F.);
#10989=ORIENTED_EDGE('',*,*,#8649,.T.);
#10990=ORIENTED_EDGE('',*,*,#8651,.F.);
#10991=ORIENTED_EDGE('',*,*,#8652,.F.);
#10992=ORIENTED_EDGE('',*,*,#8653,.F.);
#10993=ORIENTED_EDGE('',*,*,#8652,.T.);
#10994=ORIENTED_EDGE('',*,*,#8654,.F.);
#10995=ORIENTED_EDGE('',*,*,#8655,.F.);
#10996=ORIENTED_EDGE('',*,*,#8656,.F.);
#10997=ORIENTED_EDGE('',*,*,#8655,.T.);
#10998=ORIENTED_EDGE('',*,*,#8657,.F.);
#10999=ORIENTED_EDGE('',*,*,#8647,.F.);
#11000=ORIENTED_EDGE('',*,*,#8658,.F.);
#11001=ORIENTED_EDGE('',*,*,#8659,.T.);
#11002=ORIENTED_EDGE('',*,*,#8660,.F.);
#11003=ORIENTED_EDGE('',*,*,#8661,.F.);
#11004=ORIENTED_EDGE('',*,*,#8662,.F.);
#11005=ORIENTED_EDGE('',*,*,#8661,.T.);
#11006=ORIENTED_EDGE('',*,*,#8663,.F.);
#11007=ORIENTED_EDGE('',*,*,#8664,.F.);
#11008=ORIENTED_EDGE('',*,*,#8665,.F.);
#11009=ORIENTED_EDGE('',*,*,#8664,.T.);
#11010=ORIENTED_EDGE('',*,*,#8666,.F.);
#11011=ORIENTED_EDGE('',*,*,#8667,.F.);
#11012=ORIENTED_EDGE('',*,*,#8668,.F.);
#11013=ORIENTED_EDGE('',*,*,#8667,.T.);
#11014=ORIENTED_EDGE('',*,*,#8669,.F.);
#11015=ORIENTED_EDGE('',*,*,#8659,.F.);
#11016=ORIENTED_EDGE('',*,*,#8670,.F.);
#11017=ORIENTED_EDGE('',*,*,#8671,.T.);
#11018=ORIENTED_EDGE('',*,*,#8672,.F.);
#11019=ORIENTED_EDGE('',*,*,#8673,.F.);
#11020=ORIENTED_EDGE('',*,*,#8674,.F.);
#11021=ORIENTED_EDGE('',*,*,#8673,.T.);
#11022=ORIENTED_EDGE('',*,*,#8675,.F.);
#11023=ORIENTED_EDGE('',*,*,#8676,.F.);
#11024=ORIENTED_EDGE('',*,*,#8677,.F.);
#11025=ORIENTED_EDGE('',*,*,#8676,.T.);
#11026=ORIENTED_EDGE('',*,*,#8678,.F.);
#11027=ORIENTED_EDGE('',*,*,#8679,.F.);
#11028=ORIENTED_EDGE('',*,*,#8680,.F.);
#11029=ORIENTED_EDGE('',*,*,#8679,.T.);
#11030=ORIENTED_EDGE('',*,*,#8681,.F.);
#11031=ORIENTED_EDGE('',*,*,#8671,.F.);
#11032=ORIENTED_EDGE('',*,*,#8682,.F.);
#11033=ORIENTED_EDGE('',*,*,#8683,.T.);
#11034=ORIENTED_EDGE('',*,*,#8684,.F.);
#11035=ORIENTED_EDGE('',*,*,#8685,.F.);
#11036=ORIENTED_EDGE('',*,*,#8686,.F.);
#11037=ORIENTED_EDGE('',*,*,#8685,.T.);
#11038=ORIENTED_EDGE('',*,*,#8687,.F.);
#11039=ORIENTED_EDGE('',*,*,#8688,.F.);
#11040=ORIENTED_EDGE('',*,*,#8689,.F.);
#11041=ORIENTED_EDGE('',*,*,#8688,.T.);
#11042=ORIENTED_EDGE('',*,*,#8690,.F.);
#11043=ORIENTED_EDGE('',*,*,#8691,.F.);
#11044=ORIENTED_EDGE('',*,*,#8692,.F.);
#11045=ORIENTED_EDGE('',*,*,#8691,.T.);
#11046=ORIENTED_EDGE('',*,*,#8693,.F.);
#11047=ORIENTED_EDGE('',*,*,#8683,.F.);
#11048=ORIENTED_EDGE('',*,*,#8694,.F.);
#11049=ORIENTED_EDGE('',*,*,#8695,.T.);
#11050=ORIENTED_EDGE('',*,*,#8696,.F.);
#11051=ORIENTED_EDGE('',*,*,#8697,.F.);
#11052=ORIENTED_EDGE('',*,*,#8698,.F.);
#11053=ORIENTED_EDGE('',*,*,#8697,.T.);
#11054=ORIENTED_EDGE('',*,*,#8699,.F.);
#11055=ORIENTED_EDGE('',*,*,#8700,.F.);
#11056=ORIENTED_EDGE('',*,*,#8701,.F.);
#11057=ORIENTED_EDGE('',*,*,#8700,.T.);
#11058=ORIENTED_EDGE('',*,*,#8702,.F.);
#11059=ORIENTED_EDGE('',*,*,#8703,.F.);
#11060=ORIENTED_EDGE('',*,*,#8704,.F.);
#11061=ORIENTED_EDGE('',*,*,#8703,.T.);
#11062=ORIENTED_EDGE('',*,*,#8705,.F.);
#11063=ORIENTED_EDGE('',*,*,#8695,.F.);
#11064=ORIENTED_EDGE('',*,*,#7847,.T.);
#11065=ORIENTED_EDGE('',*,*,#8040,.F.);
#11066=ORIENTED_EDGE('',*,*,#8706,.T.);
#11067=ORIENTED_EDGE('',*,*,#8707,.F.);
#11068=ORIENTED_EDGE('',*,*,#8708,.F.);
#11069=ORIENTED_EDGE('',*,*,#8036,.F.);
#11070=ORIENTED_EDGE('',*,*,#7845,.T.);
#11071=ORIENTED_EDGE('',*,*,#7851,.T.);
#11072=ORIENTED_EDGE('',*,*,#8037,.F.);
#11073=ORIENTED_EDGE('',*,*,#8708,.T.);
#11074=ORIENTED_EDGE('',*,*,#8709,.F.);
#11075=ORIENTED_EDGE('',*,*,#8710,.F.);
#11076=ORIENTED_EDGE('',*,*,#8038,.F.);
#11077=ORIENTED_EDGE('',*,*,#8710,.T.);
#11078=ORIENTED_EDGE('',*,*,#8711,.F.);
#11079=ORIENTED_EDGE('',*,*,#8712,.F.);
#11080=ORIENTED_EDGE('',*,*,#8039,.F.);
#11081=ORIENTED_EDGE('',*,*,#8712,.T.);
#11082=ORIENTED_EDGE('',*,*,#8713,.F.);
#11083=ORIENTED_EDGE('',*,*,#8706,.F.);
#11084=ORIENTED_EDGE('',*,*,#8714,.F.);
#11085=ORIENTED_EDGE('',*,*,#8715,.T.);
#11086=ORIENTED_EDGE('',*,*,#8716,.F.);
#11087=ORIENTED_EDGE('',*,*,#8717,.F.);
#11088=ORIENTED_EDGE('',*,*,#8718,.F.);
#11089=ORIENTED_EDGE('',*,*,#8717,.T.);
#11090=ORIENTED_EDGE('',*,*,#8719,.F.);
#11091=ORIENTED_EDGE('',*,*,#8046,.F.);
#11092=ORIENTED_EDGE('',*,*,#8720,.F.);
#11093=ORIENTED_EDGE('',*,*,#8048,.T.);
#11094=ORIENTED_EDGE('',*,*,#8721,.F.);
#11095=ORIENTED_EDGE('',*,*,#8715,.F.);
#11096=ORIENTED_EDGE('',*,*,#8025,.T.);
#11097=ORIENTED_EDGE('',*,*,#8194,.F.);
#11098=ORIENTED_EDGE('',*,*,#8722,.T.);
#11099=ORIENTED_EDGE('',*,*,#8723,.F.);
#11100=ORIENTED_EDGE('',*,*,#8724,.F.);
#11101=ORIENTED_EDGE('',*,*,#8190,.F.);
#11102=ORIENTED_EDGE('',*,*,#8023,.T.);
#11103=ORIENTED_EDGE('',*,*,#8029,.T.);
#11104=ORIENTED_EDGE('',*,*,#8191,.F.);
#11105=ORIENTED_EDGE('',*,*,#8724,.T.);
#11106=ORIENTED_EDGE('',*,*,#8725,.F.);
#11107=ORIENTED_EDGE('',*,*,#8726,.F.);
#11108=ORIENTED_EDGE('',*,*,#8192,.F.);
#11109=ORIENTED_EDGE('',*,*,#8726,.T.);
#11110=ORIENTED_EDGE('',*,*,#8727,.F.);
#11111=ORIENTED_EDGE('',*,*,#8728,.F.);
#11112=ORIENTED_EDGE('',*,*,#8193,.F.);
#11113=ORIENTED_EDGE('',*,*,#8728,.T.);
#11114=ORIENTED_EDGE('',*,*,#8729,.F.);
#11115=ORIENTED_EDGE('',*,*,#8722,.F.);
#11116=ORIENTED_EDGE('',*,*,#8730,.F.);
#11117=ORIENTED_EDGE('',*,*,#8731,.T.);
#11118=ORIENTED_EDGE('',*,*,#8732,.F.);
#11119=ORIENTED_EDGE('',*,*,#8733,.F.);
#11120=ORIENTED_EDGE('',*,*,#8734,.F.);
#11121=ORIENTED_EDGE('',*,*,#8733,.T.);
#11122=ORIENTED_EDGE('',*,*,#8735,.F.);
#11123=ORIENTED_EDGE('',*,*,#8736,.F.);
#11124=ORIENTED_EDGE('',*,*,#8737,.F.);
#11125=ORIENTED_EDGE('',*,*,#8736,.T.);
#11126=ORIENTED_EDGE('',*,*,#8738,.F.);
#11127=ORIENTED_EDGE('',*,*,#8739,.F.);
#11128=ORIENTED_EDGE('',*,*,#8740,.F.);
#11129=ORIENTED_EDGE('',*,*,#8739,.T.);
#11130=ORIENTED_EDGE('',*,*,#8741,.F.);
#11131=ORIENTED_EDGE('',*,*,#8731,.F.);
#11132=ORIENTED_EDGE('',*,*,#8742,.F.);
#11133=ORIENTED_EDGE('',*,*,#8743,.T.);
#11134=ORIENTED_EDGE('',*,*,#8744,.F.);
#11135=ORIENTED_EDGE('',*,*,#8745,.F.);
#11136=ORIENTED_EDGE('',*,*,#8746,.F.);
#11137=ORIENTED_EDGE('',*,*,#8745,.T.);
#11138=ORIENTED_EDGE('',*,*,#8747,.F.);
#11139=ORIENTED_EDGE('',*,*,#8748,.F.);
#11140=ORIENTED_EDGE('',*,*,#8749,.F.);
#11141=ORIENTED_EDGE('',*,*,#8748,.T.);
#11142=ORIENTED_EDGE('',*,*,#8750,.F.);
#11143=ORIENTED_EDGE('',*,*,#8751,.F.);
#11144=ORIENTED_EDGE('',*,*,#8752,.F.);
#11145=ORIENTED_EDGE('',*,*,#8751,.T.);
#11146=ORIENTED_EDGE('',*,*,#8753,.F.);
#11147=ORIENTED_EDGE('',*,*,#8743,.F.);
#11148=ORIENTED_EDGE('',*,*,#8754,.F.);
#11149=ORIENTED_EDGE('',*,*,#8755,.T.);
#11150=ORIENTED_EDGE('',*,*,#8756,.F.);
#11151=ORIENTED_EDGE('',*,*,#8757,.F.);
#11152=ORIENTED_EDGE('',*,*,#8758,.F.);
#11153=ORIENTED_EDGE('',*,*,#8757,.T.);
#11154=ORIENTED_EDGE('',*,*,#8759,.F.);
#11155=ORIENTED_EDGE('',*,*,#8200,.F.);
#11156=ORIENTED_EDGE('',*,*,#8760,.F.);
#11157=ORIENTED_EDGE('',*,*,#8202,.T.);
#11158=ORIENTED_EDGE('',*,*,#8761,.F.);
#11159=ORIENTED_EDGE('',*,*,#8755,.F.);
#11160=ORIENTED_EDGE('',*,*,#8762,.F.);
#11161=ORIENTED_EDGE('',*,*,#8763,.T.);
#11162=ORIENTED_EDGE('',*,*,#8764,.F.);
#11163=ORIENTED_EDGE('',*,*,#8765,.F.);
#11164=ORIENTED_EDGE('',*,*,#8766,.F.);
#11165=ORIENTED_EDGE('',*,*,#8765,.T.);
#11166=ORIENTED_EDGE('',*,*,#8767,.F.);
#11167=ORIENTED_EDGE('',*,*,#8768,.F.);
#11168=ORIENTED_EDGE('',*,*,#8769,.F.);
#11169=ORIENTED_EDGE('',*,*,#8768,.T.);
#11170=ORIENTED_EDGE('',*,*,#8770,.F.);
#11171=ORIENTED_EDGE('',*,*,#8771,.F.);
#11172=ORIENTED_EDGE('',*,*,#8772,.F.);
#11173=ORIENTED_EDGE('',*,*,#8771,.T.);
#11174=ORIENTED_EDGE('',*,*,#8773,.F.);
#11175=ORIENTED_EDGE('',*,*,#8763,.F.);
#11176=ORIENTED_EDGE('',*,*,#8774,.F.);
#11177=ORIENTED_EDGE('',*,*,#8775,.T.);
#11178=ORIENTED_EDGE('',*,*,#8776,.F.);
#11179=ORIENTED_EDGE('',*,*,#8121,.F.);
#11180=ORIENTED_EDGE('',*,*,#8777,.F.);
#11181=ORIENTED_EDGE('',*,*,#8123,.T.);
#11182=ORIENTED_EDGE('',*,*,#8778,.F.);
#11183=ORIENTED_EDGE('',*,*,#8779,.F.);
#11184=ORIENTED_EDGE('',*,*,#8780,.F.);
#11185=ORIENTED_EDGE('',*,*,#8779,.T.);
#11186=ORIENTED_EDGE('',*,*,#8781,.F.);
#11187=ORIENTED_EDGE('',*,*,#8775,.F.);
#11188=ORIENTED_EDGE('',*,*,#8782,.F.);
#11189=ORIENTED_EDGE('',*,*,#8783,.T.);
#11190=ORIENTED_EDGE('',*,*,#8784,.F.);
#11191=ORIENTED_EDGE('',*,*,#8785,.F.);
#11192=ORIENTED_EDGE('',*,*,#8786,.F.);
#11193=ORIENTED_EDGE('',*,*,#8785,.T.);
#11194=ORIENTED_EDGE('',*,*,#8787,.F.);
#11195=ORIENTED_EDGE('',*,*,#8788,.F.);
#11196=ORIENTED_EDGE('',*,*,#8789,.F.);
#11197=ORIENTED_EDGE('',*,*,#8788,.T.);
#11198=ORIENTED_EDGE('',*,*,#8790,.F.);
#11199=ORIENTED_EDGE('',*,*,#8791,.F.);
#11200=ORIENTED_EDGE('',*,*,#8792,.F.);
#11201=ORIENTED_EDGE('',*,*,#8791,.T.);
#11202=ORIENTED_EDGE('',*,*,#8793,.F.);
#11203=ORIENTED_EDGE('',*,*,#8783,.F.);
#11204=ORIENTED_EDGE('',*,*,#8794,.F.);
#11205=ORIENTED_EDGE('',*,*,#8795,.T.);
#11206=ORIENTED_EDGE('',*,*,#8796,.F.);
#11207=ORIENTED_EDGE('',*,*,#8177,.F.);
#11208=ORIENTED_EDGE('',*,*,#8797,.F.);
#11209=ORIENTED_EDGE('',*,*,#8179,.T.);
#11210=ORIENTED_EDGE('',*,*,#8798,.F.);
#11211=ORIENTED_EDGE('',*,*,#8799,.F.);
#11212=ORIENTED_EDGE('',*,*,#8800,.F.);
#11213=ORIENTED_EDGE('',*,*,#8799,.T.);
#11214=ORIENTED_EDGE('',*,*,#8801,.F.);
#11215=ORIENTED_EDGE('',*,*,#8795,.F.);
#11216=ORIENTED_EDGE('',*,*,#8182,.F.);
#11217=ORIENTED_EDGE('',*,*,#8802,.T.);
#11218=ORIENTED_EDGE('',*,*,#8803,.F.);
#11219=ORIENTED_EDGE('',*,*,#8804,.F.);
#11220=ORIENTED_EDGE('',*,*,#8183,.F.);
#11221=ORIENTED_EDGE('',*,*,#8804,.T.);
#11222=ORIENTED_EDGE('',*,*,#8805,.F.);
#11223=ORIENTED_EDGE('',*,*,#8806,.F.);
#11224=ORIENTED_EDGE('',*,*,#8184,.F.);
#11225=ORIENTED_EDGE('',*,*,#8806,.T.);
#11226=ORIENTED_EDGE('',*,*,#8807,.F.);
#11227=ORIENTED_EDGE('',*,*,#8808,.F.);
#11228=ORIENTED_EDGE('',*,*,#8015,.T.);
#11229=ORIENTED_EDGE('',*,*,#8185,.F.);
#11230=ORIENTED_EDGE('',*,*,#8808,.T.);
#11231=ORIENTED_EDGE('',*,*,#8809,.F.);
#11232=ORIENTED_EDGE('',*,*,#8802,.F.);
#11233=ORIENTED_EDGE('',*,*,#8181,.F.);
#11234=ORIENTED_EDGE('',*,*,#8013,.T.);
#11235=ORIENTED_EDGE('',*,*,#8006,.T.);
#11236=ORIENTED_EDGE('',*,*,#8126,.F.);
#11237=ORIENTED_EDGE('',*,*,#8810,.T.);
#11238=ORIENTED_EDGE('',*,*,#8811,.F.);
#11239=ORIENTED_EDGE('',*,*,#8812,.F.);
#11240=ORIENTED_EDGE('',*,*,#8127,.F.);
#11241=ORIENTED_EDGE('',*,*,#8812,.T.);
#11242=ORIENTED_EDGE('',*,*,#8813,.F.);
#11243=ORIENTED_EDGE('',*,*,#8814,.F.);
#11244=ORIENTED_EDGE('',*,*,#8128,.F.);
#11245=ORIENTED_EDGE('',*,*,#8814,.T.);
#11246=ORIENTED_EDGE('',*,*,#8815,.F.);
#11247=ORIENTED_EDGE('',*,*,#8816,.F.);
#11248=ORIENTED_EDGE('',*,*,#7935,.T.);
#11249=ORIENTED_EDGE('',*,*,#8129,.F.);
#11250=ORIENTED_EDGE('',*,*,#8816,.T.);
#11251=ORIENTED_EDGE('',*,*,#8817,.F.);
#11252=ORIENTED_EDGE('',*,*,#8810,.F.);
#11253=ORIENTED_EDGE('',*,*,#8125,.F.);
#11254=ORIENTED_EDGE('',*,*,#7933,.T.);
#11255=ORIENTED_EDGE('',*,*,#7926,.T.);
#11256=ORIENTED_EDGE('',*,*,#8818,.F.);
#11257=ORIENTED_EDGE('',*,*,#8819,.T.);
#11258=ORIENTED_EDGE('',*,*,#8820,.F.);
#11259=ORIENTED_EDGE('',*,*,#8821,.F.);
#11260=ORIENTED_EDGE('',*,*,#8822,.F.);
#11261=ORIENTED_EDGE('',*,*,#8821,.T.);
#11262=ORIENTED_EDGE('',*,*,#8823,.F.);
#11263=ORIENTED_EDGE('',*,*,#8824,.F.);
#11264=ORIENTED_EDGE('',*,*,#8825,.F.);
#11265=ORIENTED_EDGE('',*,*,#8824,.T.);
#11266=ORIENTED_EDGE('',*,*,#8826,.F.);
#11267=ORIENTED_EDGE('',*,*,#8827,.F.);
#11268=ORIENTED_EDGE('',*,*,#8828,.F.);
#11269=ORIENTED_EDGE('',*,*,#8827,.T.);
#11270=ORIENTED_EDGE('',*,*,#8829,.F.);
#11271=ORIENTED_EDGE('',*,*,#8819,.F.);
#11272=ORIENTED_EDGE('',*,*,#8051,.F.);
#11273=ORIENTED_EDGE('',*,*,#8830,.T.);
#11274=ORIENTED_EDGE('',*,*,#8831,.F.);
#11275=ORIENTED_EDGE('',*,*,#8832,.F.);
#11276=ORIENTED_EDGE('',*,*,#8052,.F.);
#11277=ORIENTED_EDGE('',*,*,#8832,.T.);
#11278=ORIENTED_EDGE('',*,*,#8833,.F.);
#11279=ORIENTED_EDGE('',*,*,#8834,.F.);
#11280=ORIENTED_EDGE('',*,*,#8053,.F.);
#11281=ORIENTED_EDGE('',*,*,#8834,.T.);
#11282=ORIENTED_EDGE('',*,*,#8835,.F.);
#11283=ORIENTED_EDGE('',*,*,#8836,.F.);
#11284=ORIENTED_EDGE('',*,*,#7861,.T.);
#11285=ORIENTED_EDGE('',*,*,#8054,.F.);
#11286=ORIENTED_EDGE('',*,*,#8836,.T.);
#11287=ORIENTED_EDGE('',*,*,#8837,.F.);
#11288=ORIENTED_EDGE('',*,*,#8830,.F.);
#11289=ORIENTED_EDGE('',*,*,#8050,.F.);
#11290=ORIENTED_EDGE('',*,*,#7859,.T.);
#11291=ORIENTED_EDGE('',*,*,#7865,.T.);
#11292=ORIENTED_EDGE('',*,*,#8838,.F.);
#11293=ORIENTED_EDGE('',*,*,#8839,.T.);
#11294=ORIENTED_EDGE('',*,*,#8840,.F.);
#11295=ORIENTED_EDGE('',*,*,#8060,.F.);
#11296=ORIENTED_EDGE('',*,*,#8841,.F.);
#11297=ORIENTED_EDGE('',*,*,#8062,.T.);
#11298=ORIENTED_EDGE('',*,*,#8842,.F.);
#11299=ORIENTED_EDGE('',*,*,#8843,.F.);
#11300=ORIENTED_EDGE('',*,*,#8844,.F.);
#11301=ORIENTED_EDGE('',*,*,#8843,.T.);
#11302=ORIENTED_EDGE('',*,*,#8845,.F.);
#11303=ORIENTED_EDGE('',*,*,#8839,.F.);
#11304=ORIENTED_EDGE('',*,*,#8846,.F.);
#11305=ORIENTED_EDGE('',*,*,#8847,.T.);
#11306=ORIENTED_EDGE('',*,*,#8848,.F.);
#11307=ORIENTED_EDGE('',*,*,#8849,.F.);
#11308=ORIENTED_EDGE('',*,*,#8850,.F.);
#11309=ORIENTED_EDGE('',*,*,#8849,.T.);
#11310=ORIENTED_EDGE('',*,*,#8851,.F.);
#11311=ORIENTED_EDGE('',*,*,#8852,.F.);
#11312=ORIENTED_EDGE('',*,*,#8853,.F.);
#11313=ORIENTED_EDGE('',*,*,#8852,.T.);
#11314=ORIENTED_EDGE('',*,*,#8854,.F.);
#11315=ORIENTED_EDGE('',*,*,#8855,.F.);
#11316=ORIENTED_EDGE('',*,*,#8856,.F.);
#11317=ORIENTED_EDGE('',*,*,#8855,.T.);
#11318=ORIENTED_EDGE('',*,*,#8857,.F.);
#11319=ORIENTED_EDGE('',*,*,#8847,.F.);
#11320=ORIENTED_EDGE('',*,*,#8858,.F.);
#11321=ORIENTED_EDGE('',*,*,#8859,.T.);
#11322=ORIENTED_EDGE('',*,*,#8860,.F.);
#11323=ORIENTED_EDGE('',*,*,#8861,.F.);
#11324=ORIENTED_EDGE('',*,*,#8862,.F.);
#11325=ORIENTED_EDGE('',*,*,#8861,.T.);
#11326=ORIENTED_EDGE('',*,*,#8863,.F.);
#11327=ORIENTED_EDGE('',*,*,#8864,.F.);
#11328=ORIENTED_EDGE('',*,*,#8865,.F.);
#11329=ORIENTED_EDGE('',*,*,#8864,.T.);
#11330=ORIENTED_EDGE('',*,*,#8866,.F.);
#11331=ORIENTED_EDGE('',*,*,#8867,.F.);
#11332=ORIENTED_EDGE('',*,*,#8868,.F.);
#11333=ORIENTED_EDGE('',*,*,#8867,.T.);
#11334=ORIENTED_EDGE('',*,*,#8869,.F.);
#11335=ORIENTED_EDGE('',*,*,#8859,.F.);
#11336=ORIENTED_EDGE('',*,*,#8870,.F.);
#11337=ORIENTED_EDGE('',*,*,#8871,.T.);
#11338=ORIENTED_EDGE('',*,*,#8872,.F.);
#11339=ORIENTED_EDGE('',*,*,#8873,.F.);
#11340=ORIENTED_EDGE('',*,*,#8874,.F.);
#11341=ORIENTED_EDGE('',*,*,#8873,.T.);
#11342=ORIENTED_EDGE('',*,*,#8875,.F.);
#11343=ORIENTED_EDGE('',*,*,#8876,.F.);
#11344=ORIENTED_EDGE('',*,*,#8877,.F.);
#11345=ORIENTED_EDGE('',*,*,#8876,.T.);
#11346=ORIENTED_EDGE('',*,*,#8878,.F.);
#11347=ORIENTED_EDGE('',*,*,#8879,.F.);
#11348=ORIENTED_EDGE('',*,*,#8880,.F.);
#11349=ORIENTED_EDGE('',*,*,#8879,.T.);
#11350=ORIENTED_EDGE('',*,*,#8881,.F.);
#11351=ORIENTED_EDGE('',*,*,#8871,.F.);
#11352=ORIENTED_EDGE('',*,*,#8882,.F.);
#11353=ORIENTED_EDGE('',*,*,#8883,.T.);
#11354=ORIENTED_EDGE('',*,*,#8884,.F.);
#11355=ORIENTED_EDGE('',*,*,#8885,.F.);
#11356=ORIENTED_EDGE('',*,*,#8886,.F.);
#11357=ORIENTED_EDGE('',*,*,#8885,.T.);
#11358=ORIENTED_EDGE('',*,*,#8887,.F.);
#11359=ORIENTED_EDGE('',*,*,#8888,.F.);
#11360=ORIENTED_EDGE('',*,*,#8889,.F.);
#11361=ORIENTED_EDGE('',*,*,#8888,.T.);
#11362=ORIENTED_EDGE('',*,*,#8890,.F.);
#11363=ORIENTED_EDGE('',*,*,#8891,.F.);
#11364=ORIENTED_EDGE('',*,*,#8892,.F.);
#11365=ORIENTED_EDGE('',*,*,#8891,.T.);
#11366=ORIENTED_EDGE('',*,*,#8893,.F.);
#11367=ORIENTED_EDGE('',*,*,#8883,.F.);
#11368=ORIENTED_EDGE('',*,*,#8894,.F.);
#11369=ORIENTED_EDGE('',*,*,#8895,.T.);
#11370=ORIENTED_EDGE('',*,*,#8896,.F.);
#11371=ORIENTED_EDGE('',*,*,#8897,.F.);
#11372=ORIENTED_EDGE('',*,*,#8898,.F.);
#11373=ORIENTED_EDGE('',*,*,#8897,.T.);
#11374=ORIENTED_EDGE('',*,*,#8899,.F.);
#11375=ORIENTED_EDGE('',*,*,#8900,.F.);
#11376=ORIENTED_EDGE('',*,*,#8901,.F.);
#11377=ORIENTED_EDGE('',*,*,#8900,.T.);
#11378=ORIENTED_EDGE('',*,*,#8902,.F.);
#11379=ORIENTED_EDGE('',*,*,#8903,.F.);
#11380=ORIENTED_EDGE('',*,*,#8904,.F.);
#11381=ORIENTED_EDGE('',*,*,#8903,.T.);
#11382=ORIENTED_EDGE('',*,*,#8905,.F.);
#11383=ORIENTED_EDGE('',*,*,#8895,.F.);
#11384=ORIENTED_EDGE('',*,*,#8906,.F.);
#11385=ORIENTED_EDGE('',*,*,#8907,.T.);
#11386=ORIENTED_EDGE('',*,*,#8908,.F.);
#11387=ORIENTED_EDGE('',*,*,#8909,.F.);
#11388=ORIENTED_EDGE('',*,*,#8910,.F.);
#11389=ORIENTED_EDGE('',*,*,#8909,.T.);
#11390=ORIENTED_EDGE('',*,*,#8911,.F.);
#11391=ORIENTED_EDGE('',*,*,#8065,.F.);
#11392=ORIENTED_EDGE('',*,*,#8912,.F.);
#11393=ORIENTED_EDGE('',*,*,#8067,.T.);
#11394=ORIENTED_EDGE('',*,*,#8913,.F.);
#11395=ORIENTED_EDGE('',*,*,#8907,.F.);
#11396=ORIENTED_EDGE('',*,*,#7879,.T.);
#11397=ORIENTED_EDGE('',*,*,#8073,.F.);
#11398=ORIENTED_EDGE('',*,*,#8914,.T.);
#11399=ORIENTED_EDGE('',*,*,#8915,.F.);
#11400=ORIENTED_EDGE('',*,*,#8916,.F.);
#11401=ORIENTED_EDGE('',*,*,#8069,.F.);
#11402=ORIENTED_EDGE('',*,*,#7877,.T.);
#11403=ORIENTED_EDGE('',*,*,#7870,.T.);
#11404=ORIENTED_EDGE('',*,*,#8070,.F.);
#11405=ORIENTED_EDGE('',*,*,#8916,.T.);
#11406=ORIENTED_EDGE('',*,*,#8917,.F.);
#11407=ORIENTED_EDGE('',*,*,#8918,.F.);
#11408=ORIENTED_EDGE('',*,*,#8071,.F.);
#11409=ORIENTED_EDGE('',*,*,#8918,.T.);
#11410=ORIENTED_EDGE('',*,*,#8919,.F.);
#11411=ORIENTED_EDGE('',*,*,#8920,.F.);
#11412=ORIENTED_EDGE('',*,*,#8072,.F.);
#11413=ORIENTED_EDGE('',*,*,#8920,.T.);
#11414=ORIENTED_EDGE('',*,*,#8921,.F.);
#11415=ORIENTED_EDGE('',*,*,#8914,.F.);
#11416=ORIENTED_EDGE('',*,*,#8922,.F.);
#11417=ORIENTED_EDGE('',*,*,#8923,.T.);
#11418=ORIENTED_EDGE('',*,*,#8924,.F.);
#11419=ORIENTED_EDGE('',*,*,#8925,.F.);
#11420=ORIENTED_EDGE('',*,*,#8926,.F.);
#11421=ORIENTED_EDGE('',*,*,#8925,.T.);
#11422=ORIENTED_EDGE('',*,*,#8927,.F.);
#11423=ORIENTED_EDGE('',*,*,#8928,.F.);
#11424=ORIENTED_EDGE('',*,*,#8929,.F.);
#11425=ORIENTED_EDGE('',*,*,#8928,.T.);
#11426=ORIENTED_EDGE('',*,*,#8930,.F.);
#11427=ORIENTED_EDGE('',*,*,#8931,.F.);
#11428=ORIENTED_EDGE('',*,*,#8932,.F.);
#11429=ORIENTED_EDGE('',*,*,#8931,.T.);
#11430=ORIENTED_EDGE('',*,*,#8933,.F.);
#11431=ORIENTED_EDGE('',*,*,#8923,.F.);
#11432=ORIENTED_EDGE('',*,*,#8934,.F.);
#11433=ORIENTED_EDGE('',*,*,#8935,.T.);
#11434=ORIENTED_EDGE('',*,*,#8936,.F.);
#11435=ORIENTED_EDGE('',*,*,#8937,.F.);
#11436=ORIENTED_EDGE('',*,*,#8938,.F.);
#11437=ORIENTED_EDGE('',*,*,#8937,.T.);
#11438=ORIENTED_EDGE('',*,*,#8939,.F.);
#11439=ORIENTED_EDGE('',*,*,#8107,.F.);
#11440=ORIENTED_EDGE('',*,*,#8940,.F.);
#11441=ORIENTED_EDGE('',*,*,#8109,.T.);
#11442=ORIENTED_EDGE('',*,*,#8941,.F.);
#11443=ORIENTED_EDGE('',*,*,#8935,.F.);
#11444=ORIENTED_EDGE('',*,*,#8942,.F.);
#11445=ORIENTED_EDGE('',*,*,#8943,.T.);
#11446=ORIENTED_EDGE('',*,*,#8944,.F.);
#11447=ORIENTED_EDGE('',*,*,#8945,.F.);
#11448=ORIENTED_EDGE('',*,*,#8946,.F.);
#11449=ORIENTED_EDGE('',*,*,#8945,.T.);
#11450=ORIENTED_EDGE('',*,*,#8947,.F.);
#11451=ORIENTED_EDGE('',*,*,#8948,.F.);
#11452=ORIENTED_EDGE('',*,*,#8949,.F.);
#11453=ORIENTED_EDGE('',*,*,#8948,.T.);
#11454=ORIENTED_EDGE('',*,*,#8950,.F.);
#11455=ORIENTED_EDGE('',*,*,#8951,.F.);
#11456=ORIENTED_EDGE('',*,*,#8952,.F.);
#11457=ORIENTED_EDGE('',*,*,#8951,.T.);
#11458=ORIENTED_EDGE('',*,*,#8953,.F.);
#11459=ORIENTED_EDGE('',*,*,#8943,.F.);
#11460=ORIENTED_EDGE('',*,*,#7921,.T.);
#11461=ORIENTED_EDGE('',*,*,#8115,.F.);
#11462=ORIENTED_EDGE('',*,*,#8954,.T.);
#11463=ORIENTED_EDGE('',*,*,#8955,.F.);
#11464=ORIENTED_EDGE('',*,*,#8956,.F.);
#11465=ORIENTED_EDGE('',*,*,#8111,.F.);
#11466=ORIENTED_EDGE('',*,*,#7919,.T.);
#11467=ORIENTED_EDGE('',*,*,#7912,.T.);
#11468=ORIENTED_EDGE('',*,*,#8112,.F.);
#11469=ORIENTED_EDGE('',*,*,#8956,.T.);
#11470=ORIENTED_EDGE('',*,*,#8957,.F.);
#11471=ORIENTED_EDGE('',*,*,#8958,.F.);
#11472=ORIENTED_EDGE('',*,*,#8113,.F.);
#11473=ORIENTED_EDGE('',*,*,#8958,.T.);
#11474=ORIENTED_EDGE('',*,*,#8959,.F.);
#11475=ORIENTED_EDGE('',*,*,#8960,.F.);
#11476=ORIENTED_EDGE('',*,*,#8114,.F.);
#11477=ORIENTED_EDGE('',*,*,#8960,.T.);
#11478=ORIENTED_EDGE('',*,*,#8961,.F.);
#11479=ORIENTED_EDGE('',*,*,#8954,.F.);
#11480=ORIENTED_EDGE('',*,*,#8962,.F.);
#11481=ORIENTED_EDGE('',*,*,#8963,.T.);
#11482=ORIENTED_EDGE('',*,*,#8964,.F.);
#11483=ORIENTED_EDGE('',*,*,#8965,.F.);
#11484=ORIENTED_EDGE('',*,*,#8966,.F.);
#11485=ORIENTED_EDGE('',*,*,#8965,.T.);
#11486=ORIENTED_EDGE('',*,*,#8967,.F.);
#11487=ORIENTED_EDGE('',*,*,#8968,.F.);
#11488=ORIENTED_EDGE('',*,*,#8969,.F.);
#11489=ORIENTED_EDGE('',*,*,#8968,.T.);
#11490=ORIENTED_EDGE('',*,*,#8970,.F.);
#11491=ORIENTED_EDGE('',*,*,#8971,.F.);
#11492=ORIENTED_EDGE('',*,*,#8972,.F.);
#11493=ORIENTED_EDGE('',*,*,#8971,.T.);
#11494=ORIENTED_EDGE('',*,*,#8973,.F.);
#11495=ORIENTED_EDGE('',*,*,#8963,.F.);
#11496=ORIENTED_EDGE('',*,*,#8974,.F.);
#11497=ORIENTED_EDGE('',*,*,#8975,.T.);
#11498=ORIENTED_EDGE('',*,*,#8976,.F.);
#11499=ORIENTED_EDGE('',*,*,#8977,.F.);
#11500=ORIENTED_EDGE('',*,*,#8978,.F.);
#11501=ORIENTED_EDGE('',*,*,#8977,.T.);
#11502=ORIENTED_EDGE('',*,*,#8979,.F.);
#11503=ORIENTED_EDGE('',*,*,#8163,.F.);
#11504=ORIENTED_EDGE('',*,*,#8980,.F.);
#11505=ORIENTED_EDGE('',*,*,#8165,.T.);
#11506=ORIENTED_EDGE('',*,*,#8981,.F.);
#11507=ORIENTED_EDGE('',*,*,#8975,.F.);
#11508=ORIENTED_EDGE('',*,*,#8001,.T.);
#11509=ORIENTED_EDGE('',*,*,#8171,.F.);
#11510=ORIENTED_EDGE('',*,*,#8982,.T.);
#11511=ORIENTED_EDGE('',*,*,#8983,.F.);
#11512=ORIENTED_EDGE('',*,*,#8984,.F.);
#11513=ORIENTED_EDGE('',*,*,#8167,.F.);
#11514=ORIENTED_EDGE('',*,*,#7999,.T.);
#11515=ORIENTED_EDGE('',*,*,#7992,.T.);
#11516=ORIENTED_EDGE('',*,*,#8168,.F.);
#11517=ORIENTED_EDGE('',*,*,#8984,.T.);
#11518=ORIENTED_EDGE('',*,*,#8985,.F.);
#11519=ORIENTED_EDGE('',*,*,#8986,.F.);
#11520=ORIENTED_EDGE('',*,*,#8169,.F.);
#11521=ORIENTED_EDGE('',*,*,#8986,.T.);
#11522=ORIENTED_EDGE('',*,*,#8987,.F.);
#11523=ORIENTED_EDGE('',*,*,#8988,.F.);
#11524=ORIENTED_EDGE('',*,*,#8170,.F.);
#11525=ORIENTED_EDGE('',*,*,#8988,.T.);
#11526=ORIENTED_EDGE('',*,*,#8989,.F.);
#11527=ORIENTED_EDGE('',*,*,#8982,.F.);
#11528=ORIENTED_EDGE('',*,*,#8990,.F.);
#11529=ORIENTED_EDGE('',*,*,#8991,.T.);
#11530=ORIENTED_EDGE('',*,*,#8992,.F.);
#11531=ORIENTED_EDGE('',*,*,#8993,.F.);
#11532=ORIENTED_EDGE('',*,*,#8994,.F.);
#11533=ORIENTED_EDGE('',*,*,#8993,.T.);
#11534=ORIENTED_EDGE('',*,*,#8995,.F.);
#11535=ORIENTED_EDGE('',*,*,#8996,.F.);
#11536=ORIENTED_EDGE('',*,*,#8997,.F.);
#11537=ORIENTED_EDGE('',*,*,#8996,.T.);
#11538=ORIENTED_EDGE('',*,*,#8998,.F.);
#11539=ORIENTED_EDGE('',*,*,#8999,.F.);
#11540=ORIENTED_EDGE('',*,*,#9000,.F.);
#11541=ORIENTED_EDGE('',*,*,#8999,.T.);
#11542=ORIENTED_EDGE('',*,*,#9001,.F.);
#11543=ORIENTED_EDGE('',*,*,#8991,.F.);
#11544=ORIENTED_EDGE('',*,*,#9002,.F.);
#11545=ORIENTED_EDGE('',*,*,#9003,.T.);
#11546=ORIENTED_EDGE('',*,*,#9004,.F.);
#11547=ORIENTED_EDGE('',*,*,#9005,.F.);
#11548=ORIENTED_EDGE('',*,*,#9006,.F.);
#11549=ORIENTED_EDGE('',*,*,#9005,.T.);
#11550=ORIENTED_EDGE('',*,*,#9007,.F.);
#11551=ORIENTED_EDGE('',*,*,#9008,.F.);
#11552=ORIENTED_EDGE('',*,*,#9009,.F.);
#11553=ORIENTED_EDGE('',*,*,#9008,.T.);
#11554=ORIENTED_EDGE('',*,*,#9010,.F.);
#11555=ORIENTED_EDGE('',*,*,#9011,.F.);
#11556=ORIENTED_EDGE('',*,*,#9012,.F.);
#11557=ORIENTED_EDGE('',*,*,#9011,.T.);
#11558=ORIENTED_EDGE('',*,*,#9013,.F.);
#11559=ORIENTED_EDGE('',*,*,#9003,.F.);
#11560=ORIENTED_EDGE('',*,*,#9014,.F.);
#11561=ORIENTED_EDGE('',*,*,#9015,.T.);
#11562=ORIENTED_EDGE('',*,*,#9016,.F.);
#11563=ORIENTED_EDGE('',*,*,#9017,.F.);
#11564=ORIENTED_EDGE('',*,*,#9018,.F.);
#11565=ORIENTED_EDGE('',*,*,#9017,.T.);
#11566=ORIENTED_EDGE('',*,*,#9019,.F.);
#11567=ORIENTED_EDGE('',*,*,#9020,.F.);
#11568=ORIENTED_EDGE('',*,*,#9021,.F.);
#11569=ORIENTED_EDGE('',*,*,#9020,.T.);
#11570=ORIENTED_EDGE('',*,*,#9022,.F.);
#11571=ORIENTED_EDGE('',*,*,#9023,.F.);
#11572=ORIENTED_EDGE('',*,*,#9024,.F.);
#11573=ORIENTED_EDGE('',*,*,#9023,.T.);
#11574=ORIENTED_EDGE('',*,*,#9025,.F.);
#11575=ORIENTED_EDGE('',*,*,#9015,.F.);
#11576=ORIENTED_EDGE('',*,*,#9026,.F.);
#11577=ORIENTED_EDGE('',*,*,#9027,.T.);
#11578=ORIENTED_EDGE('',*,*,#9028,.F.);
#11579=ORIENTED_EDGE('',*,*,#9029,.F.);
#11580=ORIENTED_EDGE('',*,*,#9030,.F.);
#11581=ORIENTED_EDGE('',*,*,#9029,.T.);
#11582=ORIENTED_EDGE('',*,*,#9031,.F.);
#11583=ORIENTED_EDGE('',*,*,#8079,.F.);
#11584=ORIENTED_EDGE('',*,*,#9032,.F.);
#11585=ORIENTED_EDGE('',*,*,#8081,.T.);
#11586=ORIENTED_EDGE('',*,*,#9033,.F.);
#11587=ORIENTED_EDGE('',*,*,#9027,.F.);
#11588=ORIENTED_EDGE('',*,*,#9034,.F.);
#11589=ORIENTED_EDGE('',*,*,#9035,.T.);
#11590=ORIENTED_EDGE('',*,*,#9036,.F.);
#11591=ORIENTED_EDGE('',*,*,#9037,.F.);
#11592=ORIENTED_EDGE('',*,*,#9038,.F.);
#11593=ORIENTED_EDGE('',*,*,#9037,.T.);
#11594=ORIENTED_EDGE('',*,*,#9039,.F.);
#11595=ORIENTED_EDGE('',*,*,#8149,.F.);
#11596=ORIENTED_EDGE('',*,*,#9040,.F.);
#11597=ORIENTED_EDGE('',*,*,#8151,.T.);
#11598=ORIENTED_EDGE('',*,*,#9041,.F.);
#11599=ORIENTED_EDGE('',*,*,#9035,.F.);
#11600=ORIENTED_EDGE('',*,*,#7987,.T.);
#11601=ORIENTED_EDGE('',*,*,#8157,.F.);
#11602=ORIENTED_EDGE('',*,*,#9042,.T.);
#11603=ORIENTED_EDGE('',*,*,#9043,.F.);
#11604=ORIENTED_EDGE('',*,*,#9044,.F.);
#11605=ORIENTED_EDGE('',*,*,#8153,.F.);
#11606=ORIENTED_EDGE('',*,*,#7985,.T.);
#11607=ORIENTED_EDGE('',*,*,#7978,.T.);
#11608=ORIENTED_EDGE('',*,*,#8154,.F.);
#11609=ORIENTED_EDGE('',*,*,#9044,.T.);
#11610=ORIENTED_EDGE('',*,*,#9045,.F.);
#11611=ORIENTED_EDGE('',*,*,#9046,.F.);
#11612=ORIENTED_EDGE('',*,*,#8155,.F.);
#11613=ORIENTED_EDGE('',*,*,#9046,.T.);
#11614=ORIENTED_EDGE('',*,*,#9047,.F.);
#11615=ORIENTED_EDGE('',*,*,#9048,.F.);
#11616=ORIENTED_EDGE('',*,*,#8156,.F.);
#11617=ORIENTED_EDGE('',*,*,#9048,.T.);
#11618=ORIENTED_EDGE('',*,*,#9049,.F.);
#11619=ORIENTED_EDGE('',*,*,#9042,.F.);
#11620=ORIENTED_EDGE('',*,*,#9050,.F.);
#11621=ORIENTED_EDGE('',*,*,#8095,.T.);
#11622=ORIENTED_EDGE('',*,*,#9051,.F.);
#11623=ORIENTED_EDGE('',*,*,#9052,.F.);
#11624=ORIENTED_EDGE('',*,*,#9053,.F.);
#11625=ORIENTED_EDGE('',*,*,#9052,.T.);
#11626=ORIENTED_EDGE('',*,*,#9054,.F.);
#11627=ORIENTED_EDGE('',*,*,#9055,.F.);
#11628=ORIENTED_EDGE('',*,*,#9056,.F.);
#11629=ORIENTED_EDGE('',*,*,#9055,.T.);
#11630=ORIENTED_EDGE('',*,*,#9057,.F.);
#11631=ORIENTED_EDGE('',*,*,#8093,.F.);
#11632=ORIENTED_EDGE('',*,*,#9058,.F.);
#11633=ORIENTED_EDGE('',*,*,#9059,.T.);
#11634=ORIENTED_EDGE('',*,*,#9060,.F.);
#11635=ORIENTED_EDGE('',*,*,#9061,.F.);
#11636=ORIENTED_EDGE('',*,*,#9062,.F.);
#11637=ORIENTED_EDGE('',*,*,#9061,.T.);
#11638=ORIENTED_EDGE('',*,*,#9063,.F.);
#11639=ORIENTED_EDGE('',*,*,#9064,.F.);
#11640=ORIENTED_EDGE('',*,*,#9065,.F.);
#11641=ORIENTED_EDGE('',*,*,#9064,.T.);
#11642=ORIENTED_EDGE('',*,*,#9066,.F.);
#11643=ORIENTED_EDGE('',*,*,#9067,.F.);
#11644=ORIENTED_EDGE('',*,*,#9068,.F.);
#11645=ORIENTED_EDGE('',*,*,#9067,.T.);
#11646=ORIENTED_EDGE('',*,*,#9069,.F.);
#11647=ORIENTED_EDGE('',*,*,#9059,.F.);
#11648=ORIENTED_EDGE('',*,*,#8099,.F.);
#11649=ORIENTED_EDGE('',*,*,#9070,.T.);
#11650=ORIENTED_EDGE('',*,*,#9071,.F.);
#11651=ORIENTED_EDGE('',*,*,#9072,.F.);
#11652=ORIENTED_EDGE('',*,*,#8100,.F.);
#11653=ORIENTED_EDGE('',*,*,#9072,.T.);
#11654=ORIENTED_EDGE('',*,*,#9073,.F.);
#11655=ORIENTED_EDGE('',*,*,#9074,.F.);
#11656=ORIENTED_EDGE('',*,*,#7907,.T.);
#11657=ORIENTED_EDGE('',*,*,#8101,.F.);
#11658=ORIENTED_EDGE('',*,*,#9074,.T.);
#11659=ORIENTED_EDGE('',*,*,#9075,.F.);
#11660=ORIENTED_EDGE('',*,*,#9076,.F.);
#11661=ORIENTED_EDGE('',*,*,#8097,.F.);
#11662=ORIENTED_EDGE('',*,*,#7905,.T.);
#11663=ORIENTED_EDGE('',*,*,#7898,.T.);
#11664=ORIENTED_EDGE('',*,*,#8098,.F.);
#11665=ORIENTED_EDGE('',*,*,#9076,.T.);
#11666=ORIENTED_EDGE('',*,*,#9077,.F.);
#11667=ORIENTED_EDGE('',*,*,#9070,.F.);
#11668=ORIENTED_EDGE('',*,*,#9078,.F.);
#11669=ORIENTED_EDGE('',*,*,#9079,.T.);
#11670=ORIENTED_EDGE('',*,*,#9080,.F.);
#11671=ORIENTED_EDGE('',*,*,#9081,.F.);
#11672=ORIENTED_EDGE('',*,*,#9082,.F.);
#11673=ORIENTED_EDGE('',*,*,#9081,.T.);
#11674=ORIENTED_EDGE('',*,*,#9083,.F.);
#11675=ORIENTED_EDGE('',*,*,#9084,.F.);
#11676=ORIENTED_EDGE('',*,*,#9085,.F.);
#11677=ORIENTED_EDGE('',*,*,#9084,.T.);
#11678=ORIENTED_EDGE('',*,*,#9086,.F.);
#11679=ORIENTED_EDGE('',*,*,#9087,.F.);
#11680=ORIENTED_EDGE('',*,*,#9088,.F.);
#11681=ORIENTED_EDGE('',*,*,#9087,.T.);
#11682=ORIENTED_EDGE('',*,*,#9089,.F.);
#11683=ORIENTED_EDGE('',*,*,#9079,.F.);
#11684=ORIENTED_EDGE('',*,*,#9090,.F.);
#11685=ORIENTED_EDGE('',*,*,#8137,.T.);
#11686=ORIENTED_EDGE('',*,*,#9091,.F.);
#11687=ORIENTED_EDGE('',*,*,#9092,.F.);
#11688=ORIENTED_EDGE('',*,*,#9093,.F.);
#11689=ORIENTED_EDGE('',*,*,#9092,.T.);
#11690=ORIENTED_EDGE('',*,*,#9094,.F.);
#11691=ORIENTED_EDGE('',*,*,#9095,.F.);
#11692=ORIENTED_EDGE('',*,*,#9096,.F.);
#11693=ORIENTED_EDGE('',*,*,#9095,.T.);
#11694=ORIENTED_EDGE('',*,*,#9097,.F.);
#11695=ORIENTED_EDGE('',*,*,#8135,.F.);
#11696=ORIENTED_EDGE('',*,*,#9098,.F.);
#11697=ORIENTED_EDGE('',*,*,#9099,.T.);
#11698=ORIENTED_EDGE('',*,*,#9100,.F.);
#11699=ORIENTED_EDGE('',*,*,#9101,.F.);
#11700=ORIENTED_EDGE('',*,*,#9102,.F.);
#11701=ORIENTED_EDGE('',*,*,#9101,.T.);
#11702=ORIENTED_EDGE('',*,*,#9103,.F.);
#11703=ORIENTED_EDGE('',*,*,#9104,.F.);
#11704=ORIENTED_EDGE('',*,*,#9105,.F.);
#11705=ORIENTED_EDGE('',*,*,#9104,.T.);
#11706=ORIENTED_EDGE('',*,*,#9106,.F.);
#11707=ORIENTED_EDGE('',*,*,#9107,.F.);
#11708=ORIENTED_EDGE('',*,*,#9108,.F.);
#11709=ORIENTED_EDGE('',*,*,#9107,.T.);
#11710=ORIENTED_EDGE('',*,*,#9109,.F.);
#11711=ORIENTED_EDGE('',*,*,#9099,.F.);
#11712=ORIENTED_EDGE('',*,*,#8084,.F.);
#11713=ORIENTED_EDGE('',*,*,#9110,.T.);
#11714=ORIENTED_EDGE('',*,*,#9111,.F.);
#11715=ORIENTED_EDGE('',*,*,#9112,.F.);
#11716=ORIENTED_EDGE('',*,*,#8085,.F.);
#11717=ORIENTED_EDGE('',*,*,#9112,.T.);
#11718=ORIENTED_EDGE('',*,*,#9113,.F.);
#11719=ORIENTED_EDGE('',*,*,#9114,.F.);
#11720=ORIENTED_EDGE('',*,*,#8086,.F.);
#11721=ORIENTED_EDGE('',*,*,#9114,.T.);
#11722=ORIENTED_EDGE('',*,*,#9115,.F.);
#11723=ORIENTED_EDGE('',*,*,#9116,.F.);
#11724=ORIENTED_EDGE('',*,*,#7893,.T.);
#11725=ORIENTED_EDGE('',*,*,#8087,.F.);
#11726=ORIENTED_EDGE('',*,*,#9116,.T.);
#11727=ORIENTED_EDGE('',*,*,#9117,.F.);
#11728=ORIENTED_EDGE('',*,*,#9110,.F.);
#11729=ORIENTED_EDGE('',*,*,#8083,.F.);
#11730=ORIENTED_EDGE('',*,*,#7891,.T.);
#11731=ORIENTED_EDGE('',*,*,#7884,.T.);
#11732=ORIENTED_EDGE('',*,*,#8142,.F.);
#11733=ORIENTED_EDGE('',*,*,#9118,.T.);
#11734=ORIENTED_EDGE('',*,*,#9119,.F.);
#11735=ORIENTED_EDGE('',*,*,#9120,.F.);
#11736=ORIENTED_EDGE('',*,*,#7973,.T.);
#11737=ORIENTED_EDGE('',*,*,#8143,.F.);
#11738=ORIENTED_EDGE('',*,*,#9120,.T.);
#11739=ORIENTED_EDGE('',*,*,#9121,.F.);
#11740=ORIENTED_EDGE('',*,*,#9122,.F.);
#11741=ORIENTED_EDGE('',*,*,#8139,.F.);
#11742=ORIENTED_EDGE('',*,*,#7971,.T.);
#11743=ORIENTED_EDGE('',*,*,#7964,.T.);
#11744=ORIENTED_EDGE('',*,*,#8140,.F.);
#11745=ORIENTED_EDGE('',*,*,#9122,.T.);
#11746=ORIENTED_EDGE('',*,*,#9123,.F.);
#11747=ORIENTED_EDGE('',*,*,#9124,.F.);
#11748=ORIENTED_EDGE('',*,*,#8141,.F.);
#11749=ORIENTED_EDGE('',*,*,#9124,.T.);
#11750=ORIENTED_EDGE('',*,*,#9125,.F.);
#11751=ORIENTED_EDGE('',*,*,#9118,.F.);
#11752=ORIENTED_EDGE('',*,*,#9126,.T.);
#11753=ORIENTED_EDGE('',*,*,#9127,.T.);
#11754=ORIENTED_EDGE('',*,*,#9128,.T.);
#11755=ORIENTED_EDGE('',*,*,#9129,.T.);
#11756=ORIENTED_EDGE('',*,*,#8281,.T.);
#11757=ORIENTED_EDGE('',*,*,#8453,.T.);
#11758=ORIENTED_EDGE('',*,*,#8549,.T.);
#11759=ORIENTED_EDGE('',*,*,#8547,.T.);
#11760=ORIENTED_EDGE('',*,*,#8387,.T.);
#11761=ORIENTED_EDGE('',*,*,#8380,.T.);
#11762=ORIENTED_EDGE('',*,*,#8376,.T.);
#11763=ORIENTED_EDGE('',*,*,#8390,.T.);
#11764=ORIENTED_EDGE('',*,*,#8546,.T.);
#11765=ORIENTED_EDGE('',*,*,#8289,.T.);
#11766=ORIENTED_EDGE('',*,*,#8294,.T.);
#11767=ORIENTED_EDGE('',*,*,#8291,.T.);
#11768=ORIENTED_EDGE('',*,*,#8301,.T.);
#11769=ORIENTED_EDGE('',*,*,#8461,.T.);
#11770=ORIENTED_EDGE('',*,*,#8538,.T.);
#11771=ORIENTED_EDGE('',*,*,#8536,.T.);
#11772=ORIENTED_EDGE('',*,*,#8407,.T.);
#11773=ORIENTED_EDGE('',*,*,#8400,.T.);
#11774=ORIENTED_EDGE('',*,*,#8396,.T.);
#11775=ORIENTED_EDGE('',*,*,#8410,.T.);
#11776=ORIENTED_EDGE('',*,*,#8535,.T.);
#11777=ORIENTED_EDGE('',*,*,#8309,.T.);
#11778=ORIENTED_EDGE('',*,*,#8314,.T.);
#11779=ORIENTED_EDGE('',*,*,#8311,.T.);
#11780=ORIENTED_EDGE('',*,*,#8321,.T.);
#11781=ORIENTED_EDGE('',*,*,#8469,.T.);
#11782=ORIENTED_EDGE('',*,*,#8532,.T.);
#11783=ORIENTED_EDGE('',*,*,#8534,.T.);
#11784=ORIENTED_EDGE('',*,*,#8427,.T.);
#11785=ORIENTED_EDGE('',*,*,#8420,.T.);
#11786=ORIENTED_EDGE('',*,*,#8416,.T.);
#11787=ORIENTED_EDGE('',*,*,#8430,.T.);
#11788=ORIENTED_EDGE('',*,*,#8533,.T.);
#11789=ORIENTED_EDGE('',*,*,#8329,.T.);
#11790=ORIENTED_EDGE('',*,*,#8334,.T.);
#11791=ORIENTED_EDGE('',*,*,#8331,.T.);
#11792=ORIENTED_EDGE('',*,*,#8271,.T.);
#11793=ORIENTED_EDGE('',*,*,#8264,.T.);
#11794=ORIENTED_EDGE('',*,*,#8260,.T.);
#11795=ORIENTED_EDGE('',*,*,#8274,.T.);
#11796=ORIENTED_EDGE('',*,*,#8540,.T.);
#11797=ORIENTED_EDGE('',*,*,#8365,.T.);
#11798=ORIENTED_EDGE('',*,*,#8370,.T.);
#11799=ORIENTED_EDGE('',*,*,#8367,.T.);
#11800=ORIENTED_EDGE('',*,*,#8357,.T.);
#11801=ORIENTED_EDGE('',*,*,#8482,.T.);
#11802=ORIENTED_EDGE('',*,*,#8545,.T.);
#11803=ORIENTED_EDGE('',*,*,#8541,.T.);
#11804=ORIENTED_EDGE('',*,*,#8244,.T.);
#11805=ORIENTED_EDGE('',*,*,#8254,.T.);
#11806=ORIENTED_EDGE('',*,*,#8251,.T.);
#11807=ORIENTED_EDGE('',*,*,#8248,.T.);
#11808=ORIENTED_EDGE('',*,*,#8340,.T.);
#11809=ORIENTED_EDGE('',*,*,#8350,.T.);
#11810=ORIENTED_EDGE('',*,*,#8347,.T.);
#11811=ORIENTED_EDGE('',*,*,#8344,.T.);
#11812=ORIENTED_EDGE('',*,*,#9125,.T.);
#11813=ORIENTED_EDGE('',*,*,#9123,.T.);
#11814=ORIENTED_EDGE('',*,*,#9121,.T.);
#11815=ORIENTED_EDGE('',*,*,#9119,.T.);
#11816=ORIENTED_EDGE('',*,*,#9117,.T.);
#11817=ORIENTED_EDGE('',*,*,#9115,.T.);
#11818=ORIENTED_EDGE('',*,*,#9113,.T.);
#11819=ORIENTED_EDGE('',*,*,#9111,.T.);
#11820=ORIENTED_EDGE('',*,*,#9109,.T.);
#11821=ORIENTED_EDGE('',*,*,#9106,.T.);
#11822=ORIENTED_EDGE('',*,*,#9103,.T.);
#11823=ORIENTED_EDGE('',*,*,#9100,.T.);
#11824=ORIENTED_EDGE('',*,*,#9097,.T.);
#11825=ORIENTED_EDGE('',*,*,#9094,.T.);
#11826=ORIENTED_EDGE('',*,*,#9091,.T.);
#11827=ORIENTED_EDGE('',*,*,#8136,.T.);
#11828=ORIENTED_EDGE('',*,*,#9089,.T.);
#11829=ORIENTED_EDGE('',*,*,#9086,.T.);
#11830=ORIENTED_EDGE('',*,*,#9083,.T.);
#11831=ORIENTED_EDGE('',*,*,#9080,.T.);
#11832=ORIENTED_EDGE('',*,*,#9077,.T.);
#11833=ORIENTED_EDGE('',*,*,#9075,.T.);
#11834=ORIENTED_EDGE('',*,*,#9073,.T.);
#11835=ORIENTED_EDGE('',*,*,#9071,.T.);
#11836=ORIENTED_EDGE('',*,*,#9069,.T.);
#11837=ORIENTED_EDGE('',*,*,#9066,.T.);
#11838=ORIENTED_EDGE('',*,*,#9063,.T.);
#11839=ORIENTED_EDGE('',*,*,#9060,.T.);
#11840=ORIENTED_EDGE('',*,*,#9057,.T.);
#11841=ORIENTED_EDGE('',*,*,#9054,.T.);
#11842=ORIENTED_EDGE('',*,*,#9051,.T.);
#11843=ORIENTED_EDGE('',*,*,#8094,.T.);
#11844=ORIENTED_EDGE('',*,*,#9049,.T.);
#11845=ORIENTED_EDGE('',*,*,#9047,.T.);
#11846=ORIENTED_EDGE('',*,*,#9045,.T.);
#11847=ORIENTED_EDGE('',*,*,#9043,.T.);
#11848=ORIENTED_EDGE('',*,*,#9041,.T.);
#11849=ORIENTED_EDGE('',*,*,#8150,.T.);
#11850=ORIENTED_EDGE('',*,*,#9039,.T.);
#11851=ORIENTED_EDGE('',*,*,#9036,.T.);
#11852=ORIENTED_EDGE('',*,*,#9033,.T.);
#11853=ORIENTED_EDGE('',*,*,#8080,.T.);
#11854=ORIENTED_EDGE('',*,*,#9031,.T.);
#11855=ORIENTED_EDGE('',*,*,#9028,.T.);
#11856=ORIENTED_EDGE('',*,*,#9025,.T.);
#11857=ORIENTED_EDGE('',*,*,#9022,.T.);
#11858=ORIENTED_EDGE('',*,*,#9019,.T.);
#11859=ORIENTED_EDGE('',*,*,#9016,.T.);
#11860=ORIENTED_EDGE('',*,*,#9013,.T.);
#11861=ORIENTED_EDGE('',*,*,#9010,.T.);
#11862=ORIENTED_EDGE('',*,*,#9007,.T.);
#11863=ORIENTED_EDGE('',*,*,#9004,.T.);
#11864=ORIENTED_EDGE('',*,*,#9001,.T.);
#11865=ORIENTED_EDGE('',*,*,#8998,.T.);
#11866=ORIENTED_EDGE('',*,*,#8995,.T.);
#11867=ORIENTED_EDGE('',*,*,#8992,.T.);
#11868=ORIENTED_EDGE('',*,*,#8989,.T.);
#11869=ORIENTED_EDGE('',*,*,#8987,.T.);
#11870=ORIENTED_EDGE('',*,*,#8985,.T.);
#11871=ORIENTED_EDGE('',*,*,#8983,.T.);
#11872=ORIENTED_EDGE('',*,*,#8981,.T.);
#11873=ORIENTED_EDGE('',*,*,#8164,.T.);
#11874=ORIENTED_EDGE('',*,*,#8979,.T.);
#11875=ORIENTED_EDGE('',*,*,#8976,.T.);
#11876=ORIENTED_EDGE('',*,*,#8973,.T.);
#11877=ORIENTED_EDGE('',*,*,#8970,.T.);
#11878=ORIENTED_EDGE('',*,*,#8967,.T.);
#11879=ORIENTED_EDGE('',*,*,#8964,.T.);
#11880=ORIENTED_EDGE('',*,*,#8961,.T.);
#11881=ORIENTED_EDGE('',*,*,#8959,.T.);
#11882=ORIENTED_EDGE('',*,*,#8957,.T.);
#11883=ORIENTED_EDGE('',*,*,#8955,.T.);
#11884=ORIENTED_EDGE('',*,*,#8953,.T.);
#11885=ORIENTED_EDGE('',*,*,#8950,.T.);
#11886=ORIENTED_EDGE('',*,*,#8947,.T.);
#11887=ORIENTED_EDGE('',*,*,#8944,.T.);
#11888=ORIENTED_EDGE('',*,*,#8941,.T.);
#11889=ORIENTED_EDGE('',*,*,#8108,.T.);
#11890=ORIENTED_EDGE('',*,*,#8939,.T.);
#11891=ORIENTED_EDGE('',*,*,#8936,.T.);
#11892=ORIENTED_EDGE('',*,*,#8933,.T.);
#11893=ORIENTED_EDGE('',*,*,#8930,.T.);
#11894=ORIENTED_EDGE('',*,*,#8927,.T.);
#11895=ORIENTED_EDGE('',*,*,#8924,.T.);
#11896=ORIENTED_EDGE('',*,*,#8921,.T.);
#11897=ORIENTED_EDGE('',*,*,#8919,.T.);
#11898=ORIENTED_EDGE('',*,*,#8917,.T.);
#11899=ORIENTED_EDGE('',*,*,#8915,.T.);
#11900=ORIENTED_EDGE('',*,*,#8913,.T.);
#11901=ORIENTED_EDGE('',*,*,#8066,.T.);
#11902=ORIENTED_EDGE('',*,*,#8911,.T.);
#11903=ORIENTED_EDGE('',*,*,#8908,.T.);
#11904=ORIENTED_EDGE('',*,*,#8905,.T.);
#11905=ORIENTED_EDGE('',*,*,#8902,.T.);
#11906=ORIENTED_EDGE('',*,*,#8899,.T.);
#11907=ORIENTED_EDGE('',*,*,#8896,.T.);
#11908=ORIENTED_EDGE('',*,*,#8893,.T.);
#11909=ORIENTED_EDGE('',*,*,#8890,.T.);
#11910=ORIENTED_EDGE('',*,*,#8887,.T.);
#11911=ORIENTED_EDGE('',*,*,#8884,.T.);
#11912=ORIENTED_EDGE('',*,*,#8881,.T.);
#11913=ORIENTED_EDGE('',*,*,#8878,.T.);
#11914=ORIENTED_EDGE('',*,*,#8875,.T.);
#11915=ORIENTED_EDGE('',*,*,#8872,.T.);
#11916=ORIENTED_EDGE('',*,*,#8869,.T.);
#11917=ORIENTED_EDGE('',*,*,#8866,.T.);
#11918=ORIENTED_EDGE('',*,*,#8863,.T.);
#11919=ORIENTED_EDGE('',*,*,#8860,.T.);
#11920=ORIENTED_EDGE('',*,*,#8857,.T.);
#11921=ORIENTED_EDGE('',*,*,#8854,.T.);
#11922=ORIENTED_EDGE('',*,*,#8851,.T.);
#11923=ORIENTED_EDGE('',*,*,#8848,.T.);
#11924=ORIENTED_EDGE('',*,*,#8845,.T.);
#11925=ORIENTED_EDGE('',*,*,#8842,.T.);
#11926=ORIENTED_EDGE('',*,*,#8061,.T.);
#11927=ORIENTED_EDGE('',*,*,#8840,.T.);
#11928=ORIENTED_EDGE('',*,*,#8837,.T.);
#11929=ORIENTED_EDGE('',*,*,#8835,.T.);
#11930=ORIENTED_EDGE('',*,*,#8833,.T.);
#11931=ORIENTED_EDGE('',*,*,#8831,.T.);
#11932=ORIENTED_EDGE('',*,*,#8829,.T.);
#11933=ORIENTED_EDGE('',*,*,#8826,.T.);
#11934=ORIENTED_EDGE('',*,*,#8823,.T.);
#11935=ORIENTED_EDGE('',*,*,#8820,.T.);
#11936=ORIENTED_EDGE('',*,*,#8817,.T.);
#11937=ORIENTED_EDGE('',*,*,#8815,.T.);
#11938=ORIENTED_EDGE('',*,*,#8813,.T.);
#11939=ORIENTED_EDGE('',*,*,#8811,.T.);
#11940=ORIENTED_EDGE('',*,*,#8809,.T.);
#11941=ORIENTED_EDGE('',*,*,#8807,.T.);
#11942=ORIENTED_EDGE('',*,*,#8805,.T.);
#11943=ORIENTED_EDGE('',*,*,#8803,.T.);
#11944=ORIENTED_EDGE('',*,*,#8801,.T.);
#11945=ORIENTED_EDGE('',*,*,#8798,.T.);
#11946=ORIENTED_EDGE('',*,*,#8178,.T.);
#11947=ORIENTED_EDGE('',*,*,#8796,.T.);
#11948=ORIENTED_EDGE('',*,*,#8793,.T.);
#11949=ORIENTED_EDGE('',*,*,#8790,.T.);
#11950=ORIENTED_EDGE('',*,*,#8787,.T.);
#11951=ORIENTED_EDGE('',*,*,#8784,.T.);
#11952=ORIENTED_EDGE('',*,*,#8781,.T.);
#11953=ORIENTED_EDGE('',*,*,#8778,.T.);
#11954=ORIENTED_EDGE('',*,*,#8122,.T.);
#11955=ORIENTED_EDGE('',*,*,#8776,.T.);
#11956=ORIENTED_EDGE('',*,*,#8773,.T.);
#11957=ORIENTED_EDGE('',*,*,#8770,.T.);
#11958=ORIENTED_EDGE('',*,*,#8767,.T.);
#11959=ORIENTED_EDGE('',*,*,#8764,.T.);
#11960=ORIENTED_EDGE('',*,*,#8761,.T.);
#11961=ORIENTED_EDGE('',*,*,#8201,.T.);
#11962=ORIENTED_EDGE('',*,*,#8759,.T.);
#11963=ORIENTED_EDGE('',*,*,#8756,.T.);
#11964=ORIENTED_EDGE('',*,*,#8753,.T.);
#11965=ORIENTED_EDGE('',*,*,#8750,.T.);
#11966=ORIENTED_EDGE('',*,*,#8747,.T.);
#11967=ORIENTED_EDGE('',*,*,#8744,.T.);
#11968=ORIENTED_EDGE('',*,*,#8741,.T.);
#11969=ORIENTED_EDGE('',*,*,#8738,.T.);
#11970=ORIENTED_EDGE('',*,*,#8735,.T.);
#11971=ORIENTED_EDGE('',*,*,#8732,.T.);
#11972=ORIENTED_EDGE('',*,*,#8729,.T.);
#11973=ORIENTED_EDGE('',*,*,#8727,.T.);
#11974=ORIENTED_EDGE('',*,*,#8725,.T.);
#11975=ORIENTED_EDGE('',*,*,#8723,.T.);
#11976=ORIENTED_EDGE('',*,*,#8721,.T.);
#11977=ORIENTED_EDGE('',*,*,#8047,.T.);
#11978=ORIENTED_EDGE('',*,*,#8719,.T.);
#11979=ORIENTED_EDGE('',*,*,#8716,.T.);
#11980=ORIENTED_EDGE('',*,*,#8713,.T.);
#11981=ORIENTED_EDGE('',*,*,#8711,.T.);
#11982=ORIENTED_EDGE('',*,*,#8709,.T.);
#11983=ORIENTED_EDGE('',*,*,#8707,.T.);
#11984=ORIENTED_EDGE('',*,*,#8705,.T.);
#11985=ORIENTED_EDGE('',*,*,#8702,.T.);
#11986=ORIENTED_EDGE('',*,*,#8699,.T.);
#11987=ORIENTED_EDGE('',*,*,#8696,.T.);
#11988=ORIENTED_EDGE('',*,*,#8693,.T.);
#11989=ORIENTED_EDGE('',*,*,#8690,.T.);
#11990=ORIENTED_EDGE('',*,*,#8687,.T.);
#11991=ORIENTED_EDGE('',*,*,#8684,.T.);
#11992=ORIENTED_EDGE('',*,*,#8681,.T.);
#11993=ORIENTED_EDGE('',*,*,#8678,.T.);
#11994=ORIENTED_EDGE('',*,*,#8675,.T.);
#11995=ORIENTED_EDGE('',*,*,#8672,.T.);
#11996=ORIENTED_EDGE('',*,*,#8669,.T.);
#11997=ORIENTED_EDGE('',*,*,#8666,.T.);
#11998=ORIENTED_EDGE('',*,*,#8663,.T.);
#11999=ORIENTED_EDGE('',*,*,#8660,.T.);
#12000=ORIENTED_EDGE('',*,*,#8657,.T.);
#12001=ORIENTED_EDGE('',*,*,#8654,.T.);
#12002=ORIENTED_EDGE('',*,*,#8651,.T.);
#12003=ORIENTED_EDGE('',*,*,#8648,.T.);
#12004=ORIENTED_EDGE('',*,*,#8645,.T.);
#12005=ORIENTED_EDGE('',*,*,#8642,.T.);
#12006=ORIENTED_EDGE('',*,*,#8639,.T.);
#12007=ORIENTED_EDGE('',*,*,#8636,.T.);
#12008=ORIENTED_EDGE('',*,*,#8633,.T.);
#12009=ORIENTED_EDGE('',*,*,#8630,.T.);
#12010=ORIENTED_EDGE('',*,*,#8627,.T.);
#12011=ORIENTED_EDGE('',*,*,#8624,.T.);
#12012=ORIENTED_EDGE('',*,*,#8621,.T.);
#12013=ORIENTED_EDGE('',*,*,#8618,.T.);
#12014=ORIENTED_EDGE('',*,*,#8615,.T.);
#12015=ORIENTED_EDGE('',*,*,#8612,.T.);
#12016=ORIENTED_EDGE('',*,*,#8609,.T.);
#12017=ORIENTED_EDGE('',*,*,#8606,.T.);
#12018=ORIENTED_EDGE('',*,*,#8603,.T.);
#12019=ORIENTED_EDGE('',*,*,#8600,.T.);
#12020=ORIENTED_EDGE('',*,*,#8597,.T.);
#12021=ORIENTED_EDGE('',*,*,#8594,.T.);
#12022=ORIENTED_EDGE('',*,*,#8591,.T.);
#12023=ORIENTED_EDGE('',*,*,#8588,.T.);
#12024=ORIENTED_EDGE('',*,*,#8585,.T.);
#12025=ORIENTED_EDGE('',*,*,#8582,.T.);
#12026=ORIENTED_EDGE('',*,*,#8579,.T.);
#12027=ORIENTED_EDGE('',*,*,#8576,.T.);
#12028=ORIENTED_EDGE('',*,*,#8573,.T.);
#12029=ORIENTED_EDGE('',*,*,#8570,.T.);
#12030=ORIENTED_EDGE('',*,*,#8567,.T.);
#12031=ORIENTED_EDGE('',*,*,#8564,.T.);
#12032=ORIENTED_EDGE('',*,*,#8561,.T.);
#12033=ORIENTED_EDGE('',*,*,#8558,.T.);
#12034=ORIENTED_EDGE('',*,*,#8555,.T.);
#12035=ORIENTED_EDGE('',*,*,#8552,.T.);
#12036=ORIENTED_EDGE('',*,*,#8530,.T.);
#12037=ORIENTED_EDGE('',*,*,#8527,.T.);
#12038=ORIENTED_EDGE('',*,*,#8524,.T.);
#12039=ORIENTED_EDGE('',*,*,#8521,.T.);
#12040=ORIENTED_EDGE('',*,*,#8243,.T.);
#12041=ORIENTED_EDGE('',*,*,#8241,.T.);
#12042=ORIENTED_EDGE('',*,*,#8239,.T.);
#12043=ORIENTED_EDGE('',*,*,#8237,.T.);
#12044=ORIENTED_EDGE('',*,*,#8235,.T.);
#12045=ORIENTED_EDGE('',*,*,#8233,.T.);
#12046=ORIENTED_EDGE('',*,*,#8231,.T.);
#12047=ORIENTED_EDGE('',*,*,#8229,.T.);
#12048=ORIENTED_EDGE('',*,*,#8227,.T.);
#12049=ORIENTED_EDGE('',*,*,#8225,.T.);
#12050=ORIENTED_EDGE('',*,*,#8223,.T.);
#12051=ORIENTED_EDGE('',*,*,#8221,.T.);
#12052=ORIENTED_EDGE('',*,*,#8219,.T.);
#12053=ORIENTED_EDGE('',*,*,#8217,.T.);
#12054=ORIENTED_EDGE('',*,*,#8215,.T.);
#12055=ORIENTED_EDGE('',*,*,#8213,.T.);
#12056=ORIENTED_EDGE('',*,*,#8211,.T.);
#12057=ORIENTED_EDGE('',*,*,#8209,.T.);
#12058=ORIENTED_EDGE('',*,*,#8207,.T.);
#12059=ORIENTED_EDGE('',*,*,#8205,.T.);
#12060=ORIENTED_EDGE('',*,*,#9098,.T.);
#12061=ORIENTED_EDGE('',*,*,#9102,.T.);
#12062=ORIENTED_EDGE('',*,*,#9105,.T.);
#12063=ORIENTED_EDGE('',*,*,#9108,.T.);
#12064=ORIENTED_EDGE('',*,*,#9130,.T.);
#12065=ORIENTED_EDGE('',*,*,#9131,.T.);
#12066=ORIENTED_EDGE('',*,*,#9132,.T.);
#12067=ORIENTED_EDGE('',*,*,#9133,.T.);
#12068=ORIENTED_EDGE('',*,*,#7969,.T.);
#12069=ORIENTED_EDGE('',*,*,#7975,.T.);
#12070=ORIENTED_EDGE('',*,*,#8138,.T.);
#12071=ORIENTED_EDGE('',*,*,#9090,.T.);
#12072=ORIENTED_EDGE('',*,*,#9093,.T.);
#12073=ORIENTED_EDGE('',*,*,#9096,.T.);
#12074=ORIENTED_EDGE('',*,*,#8134,.T.);
#12075=ORIENTED_EDGE('',*,*,#9134,.T.);
#12076=ORIENTED_EDGE('',*,*,#9135,.T.);
#12077=ORIENTED_EDGE('',*,*,#9136,.T.);
#12078=ORIENTED_EDGE('',*,*,#9137,.T.);
#12079=ORIENTED_EDGE('',*,*,#9078,.T.);
#12080=ORIENTED_EDGE('',*,*,#9082,.T.);
#12081=ORIENTED_EDGE('',*,*,#9085,.T.);
#12082=ORIENTED_EDGE('',*,*,#9088,.T.);
#12083=ORIENTED_EDGE('',*,*,#9138,.T.);
#12084=ORIENTED_EDGE('',*,*,#9139,.T.);
#12085=ORIENTED_EDGE('',*,*,#9140,.T.);
#12086=ORIENTED_EDGE('',*,*,#9141,.T.);
#12087=ORIENTED_EDGE('',*,*,#9058,.T.);
#12088=ORIENTED_EDGE('',*,*,#9062,.T.);
#12089=ORIENTED_EDGE('',*,*,#9065,.T.);
#12090=ORIENTED_EDGE('',*,*,#9068,.T.);
#12091=ORIENTED_EDGE('',*,*,#9142,.T.);
#12092=ORIENTED_EDGE('',*,*,#9143,.T.);
#12093=ORIENTED_EDGE('',*,*,#9144,.T.);
#12094=ORIENTED_EDGE('',*,*,#9145,.T.);
#12095=ORIENTED_EDGE('',*,*,#7903,.T.);
#12096=ORIENTED_EDGE('',*,*,#7909,.T.);
#12097=ORIENTED_EDGE('',*,*,#8096,.T.);
#12098=ORIENTED_EDGE('',*,*,#9050,.T.);
#12099=ORIENTED_EDGE('',*,*,#9053,.T.);
#12100=ORIENTED_EDGE('',*,*,#9056,.T.);
#12101=ORIENTED_EDGE('',*,*,#8092,.T.);
#12102=ORIENTED_EDGE('',*,*,#9146,.T.);
#12103=ORIENTED_EDGE('',*,*,#9147,.T.);
#12104=ORIENTED_EDGE('',*,*,#9148,.T.);
#12105=ORIENTED_EDGE('',*,*,#9149,.T.);
#12106=ORIENTED_EDGE('',*,*,#7983,.T.);
#12107=ORIENTED_EDGE('',*,*,#7989,.T.);
#12108=ORIENTED_EDGE('',*,*,#8152,.T.);
#12109=ORIENTED_EDGE('',*,*,#9040,.T.);
#12110=ORIENTED_EDGE('',*,*,#9034,.T.);
#12111=ORIENTED_EDGE('',*,*,#9038,.T.);
#12112=ORIENTED_EDGE('',*,*,#8148,.T.);
#12113=ORIENTED_EDGE('',*,*,#9150,.T.);
#12114=ORIENTED_EDGE('',*,*,#9151,.T.);
#12115=ORIENTED_EDGE('',*,*,#9152,.T.);
#12116=ORIENTED_EDGE('',*,*,#9153,.T.);
#12117=ORIENTED_EDGE('',*,*,#7889,.T.);
#12118=ORIENTED_EDGE('',*,*,#7895,.T.);
#12119=ORIENTED_EDGE('',*,*,#8082,.T.);
#12120=ORIENTED_EDGE('',*,*,#9032,.T.);
#12121=ORIENTED_EDGE('',*,*,#9026,.T.);
#12122=ORIENTED_EDGE('',*,*,#9030,.T.);
#12123=ORIENTED_EDGE('',*,*,#8078,.T.);
#12124=ORIENTED_EDGE('',*,*,#9154,.T.);
#12125=ORIENTED_EDGE('',*,*,#9155,.T.);
#12126=ORIENTED_EDGE('',*,*,#9156,.T.);
#12127=ORIENTED_EDGE('',*,*,#9157,.T.);
#12128=ORIENTED_EDGE('',*,*,#9014,.T.);
#12129=ORIENTED_EDGE('',*,*,#9018,.T.);
#12130=ORIENTED_EDGE('',*,*,#9021,.T.);
#12131=ORIENTED_EDGE('',*,*,#9024,.T.);
#12132=ORIENTED_EDGE('',*,*,#9158,.T.);
#12133=ORIENTED_EDGE('',*,*,#9159,.T.);
#12134=ORIENTED_EDGE('',*,*,#9160,.T.);
#12135=ORIENTED_EDGE('',*,*,#9161,.T.);
#12136=ORIENTED_EDGE('',*,*,#9002,.T.);
#12137=ORIENTED_EDGE('',*,*,#9006,.T.);
#12138=ORIENTED_EDGE('',*,*,#9009,.T.);
#12139=ORIENTED_EDGE('',*,*,#9012,.T.);
#12140=ORIENTED_EDGE('',*,*,#9162,.T.);
#12141=ORIENTED_EDGE('',*,*,#9163,.T.);
#12142=ORIENTED_EDGE('',*,*,#9164,.T.);
#12143=ORIENTED_EDGE('',*,*,#9165,.T.);
#12144=ORIENTED_EDGE('',*,*,#8990,.T.);
#12145=ORIENTED_EDGE('',*,*,#8994,.T.);
#12146=ORIENTED_EDGE('',*,*,#8997,.T.);
#12147=ORIENTED_EDGE('',*,*,#9000,.T.);
#12148=ORIENTED_EDGE('',*,*,#9166,.T.);
#12149=ORIENTED_EDGE('',*,*,#9167,.T.);
#12150=ORIENTED_EDGE('',*,*,#9168,.T.);
#12151=ORIENTED_EDGE('',*,*,#9169,.T.);
#12152=ORIENTED_EDGE('',*,*,#7997,.T.);
#12153=ORIENTED_EDGE('',*,*,#8003,.T.);
#12154=ORIENTED_EDGE('',*,*,#8166,.T.);
#12155=ORIENTED_EDGE('',*,*,#8980,.T.);
#12156=ORIENTED_EDGE('',*,*,#8974,.T.);
#12157=ORIENTED_EDGE('',*,*,#8978,.T.);
#12158=ORIENTED_EDGE('',*,*,#8162,.T.);
#12159=ORIENTED_EDGE('',*,*,#9170,.T.);
#12160=ORIENTED_EDGE('',*,*,#9171,.T.);
#12161=ORIENTED_EDGE('',*,*,#9172,.T.);
#12162=ORIENTED_EDGE('',*,*,#9173,.T.);
#12163=ORIENTED_EDGE('',*,*,#8962,.T.);
#12164=ORIENTED_EDGE('',*,*,#8966,.T.);
#12165=ORIENTED_EDGE('',*,*,#8969,.T.);
#12166=ORIENTED_EDGE('',*,*,#8972,.T.);
#12167=ORIENTED_EDGE('',*,*,#9174,.T.);
#12168=ORIENTED_EDGE('',*,*,#9175,.T.);
#12169=ORIENTED_EDGE('',*,*,#9176,.T.);
#12170=ORIENTED_EDGE('',*,*,#9177,.T.);
#12171=ORIENTED_EDGE('',*,*,#8942,.T.);
#12172=ORIENTED_EDGE('',*,*,#8946,.T.);
#12173=ORIENTED_EDGE('',*,*,#8949,.T.);
#12174=ORIENTED_EDGE('',*,*,#8952,.T.);
#12175=ORIENTED_EDGE('',*,*,#9178,.T.);
#12176=ORIENTED_EDGE('',*,*,#9179,.T.);
#12177=ORIENTED_EDGE('',*,*,#9180,.T.);
#12178=ORIENTED_EDGE('',*,*,#9181,.T.);
#12179=ORIENTED_EDGE('',*,*,#7917,.T.);
#12180=ORIENTED_EDGE('',*,*,#7923,.T.);
#12181=ORIENTED_EDGE('',*,*,#8110,.T.);
#12182=ORIENTED_EDGE('',*,*,#8940,.T.);
#12183=ORIENTED_EDGE('',*,*,#8934,.T.);
#12184=ORIENTED_EDGE('',*,*,#8938,.T.);
#12185=ORIENTED_EDGE('',*,*,#8106,.T.);
#12186=ORIENTED_EDGE('',*,*,#9182,.T.);
#12187=ORIENTED_EDGE('',*,*,#9183,.T.);
#12188=ORIENTED_EDGE('',*,*,#9184,.T.);
#12189=ORIENTED_EDGE('',*,*,#9185,.T.);
#12190=ORIENTED_EDGE('',*,*,#8922,.T.);
#12191=ORIENTED_EDGE('',*,*,#8926,.T.);
#12192=ORIENTED_EDGE('',*,*,#8929,.T.);
#12193=ORIENTED_EDGE('',*,*,#8932,.T.);
#12194=ORIENTED_EDGE('',*,*,#9186,.T.);
#12195=ORIENTED_EDGE('',*,*,#9187,.T.);
#12196=ORIENTED_EDGE('',*,*,#9188,.T.);
#12197=ORIENTED_EDGE('',*,*,#9189,.T.);
#12198=ORIENTED_EDGE('',*,*,#7875,.T.);
#12199=ORIENTED_EDGE('',*,*,#7881,.T.);
#12200=ORIENTED_EDGE('',*,*,#8068,.T.);
#12201=ORIENTED_EDGE('',*,*,#8912,.T.);
#12202=ORIENTED_EDGE('',*,*,#8906,.T.);
#12203=ORIENTED_EDGE('',*,*,#8910,.T.);
#12204=ORIENTED_EDGE('',*,*,#8064,.T.);
#12205=ORIENTED_EDGE('',*,*,#9190,.T.);
#12206=ORIENTED_EDGE('',*,*,#9191,.T.);
#12207=ORIENTED_EDGE('',*,*,#9192,.T.);
#12208=ORIENTED_EDGE('',*,*,#9193,.T.);
#12209=ORIENTED_EDGE('',*,*,#8894,.T.);
#12210=ORIENTED_EDGE('',*,*,#8898,.T.);
#12211=ORIENTED_EDGE('',*,*,#8901,.T.);
#12212=ORIENTED_EDGE('',*,*,#8904,.T.);
#12213=ORIENTED_EDGE('',*,*,#9194,.T.);
#12214=ORIENTED_EDGE('',*,*,#9195,.T.);
#12215=ORIENTED_EDGE('',*,*,#9196,.T.);
#12216=ORIENTED_EDGE('',*,*,#9197,.T.);
#12217=ORIENTED_EDGE('',*,*,#8882,.T.);
#12218=ORIENTED_EDGE('',*,*,#8886,.T.);
#12219=ORIENTED_EDGE('',*,*,#8889,.T.);
#12220=ORIENTED_EDGE('',*,*,#8892,.T.);
#12221=ORIENTED_EDGE('',*,*,#9198,.T.);
#12222=ORIENTED_EDGE('',*,*,#9199,.T.);
#12223=ORIENTED_EDGE('',*,*,#9200,.T.);
#12224=ORIENTED_EDGE('',*,*,#9201,.T.);
#12225=ORIENTED_EDGE('',*,*,#8870,.T.);
#12226=ORIENTED_EDGE('',*,*,#8874,.T.);
#12227=ORIENTED_EDGE('',*,*,#8877,.T.);
#12228=ORIENTED_EDGE('',*,*,#8880,.T.);
#12229=ORIENTED_EDGE('',*,*,#9202,.T.);
#12230=ORIENTED_EDGE('',*,*,#9203,.T.);
#12231=ORIENTED_EDGE('',*,*,#9204,.T.);
#12232=ORIENTED_EDGE('',*,*,#9205,.T.);
#12233=ORIENTED_EDGE('',*,*,#8858,.T.);
#12234=ORIENTED_EDGE('',*,*,#8862,.T.);
#12235=ORIENTED_EDGE('',*,*,#8865,.T.);
#12236=ORIENTED_EDGE('',*,*,#8868,.T.);
#12237=ORIENTED_EDGE('',*,*,#9206,.T.);
#12238=ORIENTED_EDGE('',*,*,#9207,.T.);
#12239=ORIENTED_EDGE('',*,*,#9208,.T.);
#12240=ORIENTED_EDGE('',*,*,#9209,.T.);
#12241=ORIENTED_EDGE('',*,*,#8846,.T.);
#12242=ORIENTED_EDGE('',*,*,#8850,.T.);
#12243=ORIENTED_EDGE('',*,*,#8853,.T.);
#12244=ORIENTED_EDGE('',*,*,#8856,.T.);
#12245=ORIENTED_EDGE('',*,*,#9210,.T.);
#12246=ORIENTED_EDGE('',*,*,#9211,.T.);
#12247=ORIENTED_EDGE('',*,*,#9212,.T.);
#12248=ORIENTED_EDGE('',*,*,#9213,.T.);
#12249=ORIENTED_EDGE('',*,*,#7856,.T.);
#12250=ORIENTED_EDGE('',*,*,#7864,.T.);
#12251=ORIENTED_EDGE('',*,*,#8063,.T.);
#12252=ORIENTED_EDGE('',*,*,#8841,.T.);
#12253=ORIENTED_EDGE('',*,*,#8844,.T.);
#12254=ORIENTED_EDGE('',*,*,#8838,.T.);
#12255=ORIENTED_EDGE('',*,*,#8059,.T.);
#12256=ORIENTED_EDGE('',*,*,#9214,.T.);
#12257=ORIENTED_EDGE('',*,*,#9215,.T.);
#12258=ORIENTED_EDGE('',*,*,#9216,.T.);
#12259=ORIENTED_EDGE('',*,*,#9217,.T.);
#12260=ORIENTED_EDGE('',*,*,#8818,.T.);
#12261=ORIENTED_EDGE('',*,*,#8822,.T.);
#12262=ORIENTED_EDGE('',*,*,#8825,.T.);
#12263=ORIENTED_EDGE('',*,*,#8828,.T.);
#12264=ORIENTED_EDGE('',*,*,#9218,.T.);
#12265=ORIENTED_EDGE('',*,*,#9219,.T.);
#12266=ORIENTED_EDGE('',*,*,#9220,.T.);
#12267=ORIENTED_EDGE('',*,*,#9221,.T.);
#12268=ORIENTED_EDGE('',*,*,#8011,.T.);
#12269=ORIENTED_EDGE('',*,*,#8017,.T.);
#12270=ORIENTED_EDGE('',*,*,#8180,.T.);
#12271=ORIENTED_EDGE('',*,*,#8797,.T.);
#12272=ORIENTED_EDGE('',*,*,#8800,.T.);
#12273=ORIENTED_EDGE('',*,*,#8794,.T.);
#12274=ORIENTED_EDGE('',*,*,#8176,.T.);
#12275=ORIENTED_EDGE('',*,*,#9222,.T.);
#12276=ORIENTED_EDGE('',*,*,#9223,.T.);
#12277=ORIENTED_EDGE('',*,*,#9224,.T.);
#12278=ORIENTED_EDGE('',*,*,#9225,.T.);
#12279=ORIENTED_EDGE('',*,*,#8782,.T.);
#12280=ORIENTED_EDGE('',*,*,#8786,.T.);
#12281=ORIENTED_EDGE('',*,*,#8789,.T.);
#12282=ORIENTED_EDGE('',*,*,#8792,.T.);
#12283=ORIENTED_EDGE('',*,*,#9226,.T.);
#12284=ORIENTED_EDGE('',*,*,#9227,.T.);
#12285=ORIENTED_EDGE('',*,*,#9228,.T.);
#12286=ORIENTED_EDGE('',*,*,#9229,.T.);
#12287=ORIENTED_EDGE('',*,*,#7931,.T.);
#12288=ORIENTED_EDGE('',*,*,#7937,.T.);
#12289=ORIENTED_EDGE('',*,*,#8124,.T.);
#12290=ORIENTED_EDGE('',*,*,#8777,.T.);
#12291=ORIENTED_EDGE('',*,*,#8780,.T.);
#12292=ORIENTED_EDGE('',*,*,#8774,.T.);
#12293=ORIENTED_EDGE('',*,*,#8120,.T.);
#12294=ORIENTED_EDGE('',*,*,#9230,.T.);
#12295=ORIENTED_EDGE('',*,*,#9231,.T.);
#12296=ORIENTED_EDGE('',*,*,#9232,.T.);
#12297=ORIENTED_EDGE('',*,*,#9233,.T.);
#12298=ORIENTED_EDGE('',*,*,#8762,.T.);
#12299=ORIENTED_EDGE('',*,*,#8766,.T.);
#12300=ORIENTED_EDGE('',*,*,#8769,.T.);
#12301=ORIENTED_EDGE('',*,*,#8772,.T.);
#12302=ORIENTED_EDGE('',*,*,#9234,.T.);
#12303=ORIENTED_EDGE('',*,*,#9235,.T.);
#12304=ORIENTED_EDGE('',*,*,#9236,.T.);
#12305=ORIENTED_EDGE('',*,*,#9237,.T.);
#12306=ORIENTED_EDGE('',*,*,#8020,.T.);
#12307=ORIENTED_EDGE('',*,*,#8028,.T.);
#12308=ORIENTED_EDGE('',*,*,#8203,.T.);
#12309=ORIENTED_EDGE('',*,*,#8760,.T.);
#12310=ORIENTED_EDGE('',*,*,#8754,.T.);
#12311=ORIENTED_EDGE('',*,*,#8758,.T.);
#12312=ORIENTED_EDGE('',*,*,#8199,.T.);
#12313=ORIENTED_EDGE('',*,*,#9238,.T.);
#12314=ORIENTED_EDGE('',*,*,#9239,.T.);
#12315=ORIENTED_EDGE('',*,*,#9240,.T.);
#12316=ORIENTED_EDGE('',*,*,#9241,.T.);
#12317=ORIENTED_EDGE('',*,*,#8742,.T.);
#12318=ORIENTED_EDGE('',*,*,#8746,.T.);
#12319=ORIENTED_EDGE('',*,*,#8749,.T.);
#12320=ORIENTED_EDGE('',*,*,#8752,.T.);
#12321=ORIENTED_EDGE('',*,*,#9242,.T.);
#12322=ORIENTED_EDGE('',*,*,#9243,.T.);
#12323=ORIENTED_EDGE('',*,*,#9244,.T.);
#12324=ORIENTED_EDGE('',*,*,#9245,.T.);
#12325=ORIENTED_EDGE('',*,*,#8730,.T.);
#12326=ORIENTED_EDGE('',*,*,#8734,.T.);
#12327=ORIENTED_EDGE('',*,*,#8737,.T.);
#12328=ORIENTED_EDGE('',*,*,#8740,.T.);
#12329=ORIENTED_EDGE('',*,*,#9246,.T.);
#12330=ORIENTED_EDGE('',*,*,#9247,.T.);
#12331=ORIENTED_EDGE('',*,*,#9248,.T.);
#12332=ORIENTED_EDGE('',*,*,#9249,.T.);
#12333=ORIENTED_EDGE('',*,*,#7842,.T.);
#12334=ORIENTED_EDGE('',*,*,#7850,.T.);
#12335=ORIENTED_EDGE('',*,*,#8049,.T.);
#12336=ORIENTED_EDGE('',*,*,#8720,.T.);
#12337=ORIENTED_EDGE('',*,*,#8714,.T.);
#12338=ORIENTED_EDGE('',*,*,#8718,.T.);
#12339=ORIENTED_EDGE('',*,*,#8045,.T.);
#12340=ORIENTED_EDGE('',*,*,#9250,.T.);
#12341=ORIENTED_EDGE('',*,*,#9251,.T.);
#12342=ORIENTED_EDGE('',*,*,#9252,.T.);
#12343=ORIENTED_EDGE('',*,*,#9253,.T.);
#12344=ORIENTED_EDGE('',*,*,#8694,.T.);
#12345=ORIENTED_EDGE('',*,*,#8698,.T.);
#12346=ORIENTED_EDGE('',*,*,#8701,.T.);
#12347=ORIENTED_EDGE('',*,*,#8704,.T.);
#12348=ORIENTED_EDGE('',*,*,#9254,.T.);
#12349=ORIENTED_EDGE('',*,*,#9255,.T.);
#12350=ORIENTED_EDGE('',*,*,#9256,.T.);
#12351=ORIENTED_EDGE('',*,*,#9257,.T.);
#12352=ORIENTED_EDGE('',*,*,#8682,.T.);
#12353=ORIENTED_EDGE('',*,*,#8686,.T.);
#12354=ORIENTED_EDGE('',*,*,#8689,.T.);
#12355=ORIENTED_EDGE('',*,*,#8692,.T.);
#12356=ORIENTED_EDGE('',*,*,#9258,.T.);
#12357=ORIENTED_EDGE('',*,*,#9259,.T.);
#12358=ORIENTED_EDGE('',*,*,#9260,.T.);
#12359=ORIENTED_EDGE('',*,*,#9261,.T.);
#12360=ORIENTED_EDGE('',*,*,#8670,.T.);
#12361=ORIENTED_EDGE('',*,*,#8674,.T.);
#12362=ORIENTED_EDGE('',*,*,#8677,.T.);
#12363=ORIENTED_EDGE('',*,*,#8680,.T.);
#12364=ORIENTED_EDGE('',*,*,#9262,.T.);
#12365=ORIENTED_EDGE('',*,*,#9263,.T.);
#12366=ORIENTED_EDGE('',*,*,#9264,.T.);
#12367=ORIENTED_EDGE('',*,*,#9265,.T.);
#12368=ORIENTED_EDGE('',*,*,#8658,.T.);
#12369=ORIENTED_EDGE('',*,*,#8662,.T.);
#12370=ORIENTED_EDGE('',*,*,#8665,.T.);
#12371=ORIENTED_EDGE('',*,*,#8668,.T.);
#12372=ORIENTED_EDGE('',*,*,#9266,.T.);
#12373=ORIENTED_EDGE('',*,*,#9267,.T.);
#12374=ORIENTED_EDGE('',*,*,#9268,.T.);
#12375=ORIENTED_EDGE('',*,*,#9269,.T.);
#12376=ORIENTED_EDGE('',*,*,#8646,.T.);
#12377=ORIENTED_EDGE('',*,*,#8650,.T.);
#12378=ORIENTED_EDGE('',*,*,#8653,.T.);
#12379=ORIENTED_EDGE('',*,*,#8656,.T.);
#12380=ORIENTED_EDGE('',*,*,#9270,.T.);
#12381=ORIENTED_EDGE('',*,*,#9271,.T.);
#12382=ORIENTED_EDGE('',*,*,#9272,.T.);
#12383=ORIENTED_EDGE('',*,*,#9273,.T.);
#12384=ORIENTED_EDGE('',*,*,#8634,.T.);
#12385=ORIENTED_EDGE('',*,*,#8638,.T.);
#12386=ORIENTED_EDGE('',*,*,#8641,.T.);
#12387=ORIENTED_EDGE('',*,*,#8644,.T.);
#12388=ORIENTED_EDGE('',*,*,#9274,.T.);
#12389=ORIENTED_EDGE('',*,*,#9275,.T.);
#12390=ORIENTED_EDGE('',*,*,#9276,.T.);
#12391=ORIENTED_EDGE('',*,*,#9277,.T.);
#12392=ORIENTED_EDGE('',*,*,#8622,.T.);
#12393=ORIENTED_EDGE('',*,*,#8626,.T.);
#12394=ORIENTED_EDGE('',*,*,#8629,.T.);
#12395=ORIENTED_EDGE('',*,*,#8632,.T.);
#12396=ORIENTED_EDGE('',*,*,#9278,.T.);
#12397=ORIENTED_EDGE('',*,*,#9279,.T.);
#12398=ORIENTED_EDGE('',*,*,#9280,.T.);
#12399=ORIENTED_EDGE('',*,*,#9281,.T.);
#12400=ORIENTED_EDGE('',*,*,#8610,.T.);
#12401=ORIENTED_EDGE('',*,*,#8614,.T.);
#12402=ORIENTED_EDGE('',*,*,#8617,.T.);
#12403=ORIENTED_EDGE('',*,*,#8620,.T.);
#12404=ORIENTED_EDGE('',*,*,#9282,.T.);
#12405=ORIENTED_EDGE('',*,*,#9283,.T.);
#12406=ORIENTED_EDGE('',*,*,#9284,.T.);
#12407=ORIENTED_EDGE('',*,*,#9285,.T.);
#12408=ORIENTED_EDGE('',*,*,#8598,.T.);
#12409=ORIENTED_EDGE('',*,*,#8602,.T.);
#12410=ORIENTED_EDGE('',*,*,#8605,.T.);
#12411=ORIENTED_EDGE('',*,*,#8608,.T.);
#12412=ORIENTED_EDGE('',*,*,#9286,.T.);
#12413=ORIENTED_EDGE('',*,*,#9287,.T.);
#12414=ORIENTED_EDGE('',*,*,#9288,.T.);
#12415=ORIENTED_EDGE('',*,*,#9289,.T.);
#12416=ORIENTED_EDGE('',*,*,#8586,.T.);
#12417=ORIENTED_EDGE('',*,*,#8590,.T.);
#12418=ORIENTED_EDGE('',*,*,#8593,.T.);
#12419=ORIENTED_EDGE('',*,*,#8596,.T.);
#12420=ORIENTED_EDGE('',*,*,#9290,.T.);
#12421=ORIENTED_EDGE('',*,*,#9291,.T.);
#12422=ORIENTED_EDGE('',*,*,#9292,.T.);
#12423=ORIENTED_EDGE('',*,*,#9293,.T.);
#12424=ORIENTED_EDGE('',*,*,#8574,.T.);
#12425=ORIENTED_EDGE('',*,*,#8578,.T.);
#12426=ORIENTED_EDGE('',*,*,#8581,.T.);
#12427=ORIENTED_EDGE('',*,*,#8584,.T.);
#12428=ORIENTED_EDGE('',*,*,#9294,.T.);
#12429=ORIENTED_EDGE('',*,*,#9295,.T.);
#12430=ORIENTED_EDGE('',*,*,#9296,.T.);
#12431=ORIENTED_EDGE('',*,*,#9297,.T.);
#12432=ORIENTED_EDGE('',*,*,#8562,.T.);
#12433=ORIENTED_EDGE('',*,*,#8566,.T.);
#12434=ORIENTED_EDGE('',*,*,#8569,.T.);
#12435=ORIENTED_EDGE('',*,*,#8572,.T.);
#12436=ORIENTED_EDGE('',*,*,#9298,.T.);
#12437=ORIENTED_EDGE('',*,*,#9299,.T.);
#12438=ORIENTED_EDGE('',*,*,#9300,.T.);
#12439=ORIENTED_EDGE('',*,*,#9301,.T.);
#12440=ORIENTED_EDGE('',*,*,#8550,.T.);
#12441=ORIENTED_EDGE('',*,*,#8554,.T.);
#12442=ORIENTED_EDGE('',*,*,#8557,.T.);
#12443=ORIENTED_EDGE('',*,*,#8560,.T.);
#12444=ORIENTED_EDGE('',*,*,#9302,.T.);
#12445=ORIENTED_EDGE('',*,*,#9303,.T.);
#12446=ORIENTED_EDGE('',*,*,#9304,.T.);
#12447=ORIENTED_EDGE('',*,*,#9305,.T.);
#12448=ORIENTED_EDGE('',*,*,#8268,.T.);
#12449=ORIENTED_EDGE('',*,*,#8543,.T.);
#12450=ORIENTED_EDGE('',*,*,#8544,.T.);
#12451=ORIENTED_EDGE('',*,*,#8480,.T.);
#12452=ORIENTED_EDGE('',*,*,#8361,.T.);
#12453=ORIENTED_EDGE('',*,*,#8362,.T.);
#12454=ORIENTED_EDGE('',*,*,#8539,.T.);
#12455=ORIENTED_EDGE('',*,*,#8272,.T.);
#12456=ORIENTED_EDGE('',*,*,#9306,.T.);
#12457=ORIENTED_EDGE('',*,*,#9307,.T.);
#12458=ORIENTED_EDGE('',*,*,#9308,.T.);
#12459=ORIENTED_EDGE('',*,*,#9309,.T.);
#12460=ORIENTED_EDGE('',*,*,#8519,.T.);
#12461=ORIENTED_EDGE('',*,*,#8523,.T.);
#12462=ORIENTED_EDGE('',*,*,#8526,.T.);
#12463=ORIENTED_EDGE('',*,*,#8529,.T.);
#12464=ORIENTED_EDGE('',*,*,#9310,.T.);
#12465=ORIENTED_EDGE('',*,*,#9311,.T.);
#12466=ORIENTED_EDGE('',*,*,#9312,.T.);
#12467=ORIENTED_EDGE('',*,*,#9313,.T.);
#12468=ORIENTED_EDGE('',*,*,#9295,.F.);
#12469=ORIENTED_EDGE('',*,*,#9314,.T.);
#12470=ORIENTED_EDGE('',*,*,#9315,.F.);
#12471=ORIENTED_EDGE('',*,*,#9316,.F.);
#12472=ORIENTED_EDGE('',*,*,#9296,.F.);
#12473=ORIENTED_EDGE('',*,*,#9316,.T.);
#12474=ORIENTED_EDGE('',*,*,#9317,.F.);
#12475=ORIENTED_EDGE('',*,*,#9318,.F.);
#12476=ORIENTED_EDGE('',*,*,#9297,.F.);
#12477=ORIENTED_EDGE('',*,*,#9318,.T.);
#12478=ORIENTED_EDGE('',*,*,#9319,.F.);
#12479=ORIENTED_EDGE('',*,*,#9320,.F.);
#12480=ORIENTED_EDGE('',*,*,#9294,.F.);
#12481=ORIENTED_EDGE('',*,*,#9320,.T.);
#12482=ORIENTED_EDGE('',*,*,#9321,.F.);
#12483=ORIENTED_EDGE('',*,*,#9314,.F.);
#12484=ORIENTED_EDGE('',*,*,#8336,.T.);
#12485=ORIENTED_EDGE('',*,*,#8464,.T.);
#12486=ORIENTED_EDGE('',*,*,#9322,.F.);
#12487=ORIENTED_EDGE('',*,*,#9323,.F.);
#12488=ORIENTED_EDGE('',*,*,#8337,.T.);
#12489=ORIENTED_EDGE('',*,*,#9323,.T.);
#12490=ORIENTED_EDGE('',*,*,#9324,.F.);
#12491=ORIENTED_EDGE('',*,*,#8465,.F.);
#12492=ORIENTED_EDGE('',*,*,#8412,.T.);
#12493=ORIENTED_EDGE('',*,*,#8497,.T.);
#12494=ORIENTED_EDGE('',*,*,#9325,.F.);
#12495=ORIENTED_EDGE('',*,*,#9326,.F.);
#12496=ORIENTED_EDGE('',*,*,#8413,.T.);
#12497=ORIENTED_EDGE('',*,*,#9326,.T.);
#12498=ORIENTED_EDGE('',*,*,#9327,.F.);
#12499=ORIENTED_EDGE('',*,*,#8498,.F.);
#12500=ORIENTED_EDGE('',*,*,#8432,.T.);
#12501=ORIENTED_EDGE('',*,*,#8509,.T.);
#12502=ORIENTED_EDGE('',*,*,#9328,.F.);
#12503=ORIENTED_EDGE('',*,*,#9329,.F.);
#12504=ORIENTED_EDGE('',*,*,#8433,.T.);
#12505=ORIENTED_EDGE('',*,*,#9329,.T.);
#12506=ORIENTED_EDGE('',*,*,#9330,.F.);
#12507=ORIENTED_EDGE('',*,*,#8510,.F.);
#12508=ORIENTED_EDGE('',*,*,#8276,.T.);
#12509=ORIENTED_EDGE('',*,*,#8443,.T.);
#12510=ORIENTED_EDGE('',*,*,#9331,.F.);
#12511=ORIENTED_EDGE('',*,*,#9332,.F.);
#12512=ORIENTED_EDGE('',*,*,#8277,.T.);
#12513=ORIENTED_EDGE('',*,*,#9332,.T.);
#12514=ORIENTED_EDGE('',*,*,#9333,.F.);
#12515=ORIENTED_EDGE('',*,*,#8444,.F.);
#12516=ORIENTED_EDGE('',*,*,#8352,.T.);
#12517=ORIENTED_EDGE('',*,*,#8472,.T.);
#12518=ORIENTED_EDGE('',*,*,#9334,.F.);
#12519=ORIENTED_EDGE('',*,*,#9335,.F.);
#12520=ORIENTED_EDGE('',*,*,#8353,.T.);
#12521=ORIENTED_EDGE('',*,*,#9335,.T.);
#12522=ORIENTED_EDGE('',*,*,#9336,.F.);
#12523=ORIENTED_EDGE('',*,*,#8473,.F.);
#12524=ORIENTED_EDGE('',*,*,#8392,.T.);
#12525=ORIENTED_EDGE('',*,*,#8485,.T.);
#12526=ORIENTED_EDGE('',*,*,#9337,.F.);
#12527=ORIENTED_EDGE('',*,*,#9338,.F.);
#12528=ORIENTED_EDGE('',*,*,#8393,.T.);
#12529=ORIENTED_EDGE('',*,*,#9338,.T.);
#12530=ORIENTED_EDGE('',*,*,#9339,.F.);
#12531=ORIENTED_EDGE('',*,*,#8486,.F.);
#12532=ORIENTED_EDGE('',*,*,#8316,.T.);
#12533=ORIENTED_EDGE('',*,*,#8456,.T.);
#12534=ORIENTED_EDGE('',*,*,#9340,.F.);
#12535=ORIENTED_EDGE('',*,*,#9341,.F.);
#12536=ORIENTED_EDGE('',*,*,#8317,.T.);
#12537=ORIENTED_EDGE('',*,*,#9341,.T.);
#12538=ORIENTED_EDGE('',*,*,#9342,.F.);
#12539=ORIENTED_EDGE('',*,*,#8457,.F.);
#12540=ORIENTED_EDGE('',*,*,#8296,.T.);
#12541=ORIENTED_EDGE('',*,*,#8448,.T.);
#12542=ORIENTED_EDGE('',*,*,#9343,.F.);
#12543=ORIENTED_EDGE('',*,*,#9344,.F.);
#12544=ORIENTED_EDGE('',*,*,#8297,.T.);
#12545=ORIENTED_EDGE('',*,*,#9344,.T.);
#12546=ORIENTED_EDGE('',*,*,#9345,.F.);
#12547=ORIENTED_EDGE('',*,*,#8449,.F.);
#12548=ORIENTED_EDGE('',*,*,#9291,.F.);
#12549=ORIENTED_EDGE('',*,*,#9346,.T.);
#12550=ORIENTED_EDGE('',*,*,#9347,.F.);
#12551=ORIENTED_EDGE('',*,*,#9348,.F.);
#12552=ORIENTED_EDGE('',*,*,#9292,.F.);
#12553=ORIENTED_EDGE('',*,*,#9348,.T.);
#12554=ORIENTED_EDGE('',*,*,#9349,.F.);
#12555=ORIENTED_EDGE('',*,*,#9350,.F.);
#12556=ORIENTED_EDGE('',*,*,#9293,.F.);
#12557=ORIENTED_EDGE('',*,*,#9350,.T.);
#12558=ORIENTED_EDGE('',*,*,#9351,.F.);
#12559=ORIENTED_EDGE('',*,*,#9352,.F.);
#12560=ORIENTED_EDGE('',*,*,#9290,.F.);
#12561=ORIENTED_EDGE('',*,*,#9352,.T.);
#12562=ORIENTED_EDGE('',*,*,#9353,.F.);
#12563=ORIENTED_EDGE('',*,*,#9346,.F.);
#12564=ORIENTED_EDGE('',*,*,#8372,.T.);
#12565=ORIENTED_EDGE('',*,*,#8477,.T.);
#12566=ORIENTED_EDGE('',*,*,#9354,.F.);
#12567=ORIENTED_EDGE('',*,*,#9355,.F.);
#12568=ORIENTED_EDGE('',*,*,#8373,.T.);
#12569=ORIENTED_EDGE('',*,*,#9355,.T.);
#12570=ORIENTED_EDGE('',*,*,#9356,.F.);
#12571=ORIENTED_EDGE('',*,*,#8478,.F.);
#12572=ORIENTED_EDGE('',*,*,#8256,.T.);
#12573=ORIENTED_EDGE('',*,*,#8438,.T.);
#12574=ORIENTED_EDGE('',*,*,#9357,.F.);
#12575=ORIENTED_EDGE('',*,*,#9358,.F.);
#12576=ORIENTED_EDGE('',*,*,#8257,.T.);
#12577=ORIENTED_EDGE('',*,*,#9358,.T.);
#12578=ORIENTED_EDGE('',*,*,#9359,.F.);
#12579=ORIENTED_EDGE('',*,*,#8439,.F.);
#12580=ORIENTED_EDGE('',*,*,#9299,.F.);
#12581=ORIENTED_EDGE('',*,*,#9360,.T.);
#12582=ORIENTED_EDGE('',*,*,#9361,.F.);
#12583=ORIENTED_EDGE('',*,*,#9362,.F.);
#12584=ORIENTED_EDGE('',*,*,#9300,.F.);
#12585=ORIENTED_EDGE('',*,*,#9362,.T.);
#12586=ORIENTED_EDGE('',*,*,#9363,.F.);
#12587=ORIENTED_EDGE('',*,*,#9364,.F.);
#12588=ORIENTED_EDGE('',*,*,#9301,.F.);
#12589=ORIENTED_EDGE('',*,*,#9364,.T.);
#12590=ORIENTED_EDGE('',*,*,#9365,.F.);
#12591=ORIENTED_EDGE('',*,*,#9366,.F.);
#12592=ORIENTED_EDGE('',*,*,#9298,.F.);
#12593=ORIENTED_EDGE('',*,*,#9366,.T.);
#12594=ORIENTED_EDGE('',*,*,#9367,.F.);
#12595=ORIENTED_EDGE('',*,*,#9360,.F.);
#12596=ORIENTED_EDGE('',*,*,#9267,.F.);
#12597=ORIENTED_EDGE('',*,*,#9368,.T.);
#12598=ORIENTED_EDGE('',*,*,#9369,.F.);
#12599=ORIENTED_EDGE('',*,*,#9370,.F.);
#12600=ORIENTED_EDGE('',*,*,#9268,.F.);
#12601=ORIENTED_EDGE('',*,*,#9370,.T.);
#12602=ORIENTED_EDGE('',*,*,#9371,.F.);
#12603=ORIENTED_EDGE('',*,*,#9372,.F.);
#12604=ORIENTED_EDGE('',*,*,#9269,.F.);
#12605=ORIENTED_EDGE('',*,*,#9372,.T.);
#12606=ORIENTED_EDGE('',*,*,#9373,.F.);
#12607=ORIENTED_EDGE('',*,*,#9374,.F.);
#12608=ORIENTED_EDGE('',*,*,#9266,.F.);
#12609=ORIENTED_EDGE('',*,*,#9374,.T.);
#12610=ORIENTED_EDGE('',*,*,#9375,.F.);
#12611=ORIENTED_EDGE('',*,*,#9368,.F.);
#12612=ORIENTED_EDGE('',*,*,#9275,.F.);
#12613=ORIENTED_EDGE('',*,*,#9376,.T.);
#12614=ORIENTED_EDGE('',*,*,#9377,.F.);
#12615=ORIENTED_EDGE('',*,*,#9378,.F.);
#12616=ORIENTED_EDGE('',*,*,#9276,.F.);
#12617=ORIENTED_EDGE('',*,*,#9378,.T.);
#12618=ORIENTED_EDGE('',*,*,#9379,.F.);
#12619=ORIENTED_EDGE('',*,*,#9380,.F.);
#12620=ORIENTED_EDGE('',*,*,#9277,.F.);
#12621=ORIENTED_EDGE('',*,*,#9380,.T.);
#12622=ORIENTED_EDGE('',*,*,#9381,.F.);
#12623=ORIENTED_EDGE('',*,*,#9382,.F.);
#12624=ORIENTED_EDGE('',*,*,#9274,.F.);
#12625=ORIENTED_EDGE('',*,*,#9382,.T.);
#12626=ORIENTED_EDGE('',*,*,#9383,.F.);
#12627=ORIENTED_EDGE('',*,*,#9376,.F.);
#12628=ORIENTED_EDGE('',*,*,#8504,.F.);
#12629=ORIENTED_EDGE('',*,*,#9384,.T.);
#12630=ORIENTED_EDGE('',*,*,#9385,.F.);
#12631=ORIENTED_EDGE('',*,*,#9386,.F.);
#12632=ORIENTED_EDGE('',*,*,#8505,.F.);
#12633=ORIENTED_EDGE('',*,*,#9386,.T.);
#12634=ORIENTED_EDGE('',*,*,#9387,.F.);
#12635=ORIENTED_EDGE('',*,*,#9388,.F.);
#12636=ORIENTED_EDGE('',*,*,#8506,.F.);
#12637=ORIENTED_EDGE('',*,*,#9388,.T.);
#12638=ORIENTED_EDGE('',*,*,#9389,.F.);
#12639=ORIENTED_EDGE('',*,*,#9390,.F.);
#12640=ORIENTED_EDGE('',*,*,#8503,.F.);
#12641=ORIENTED_EDGE('',*,*,#9390,.T.);
#12642=ORIENTED_EDGE('',*,*,#9391,.F.);
#12643=ORIENTED_EDGE('',*,*,#9384,.F.);
#12644=ORIENTED_EDGE('',*,*,#9239,.F.);
#12645=ORIENTED_EDGE('',*,*,#9392,.T.);
#12646=ORIENTED_EDGE('',*,*,#9393,.F.);
#12647=ORIENTED_EDGE('',*,*,#9394,.F.);
#12648=ORIENTED_EDGE('',*,*,#9240,.F.);
#12649=ORIENTED_EDGE('',*,*,#9394,.T.);
#12650=ORIENTED_EDGE('',*,*,#9395,.F.);
#12651=ORIENTED_EDGE('',*,*,#9396,.F.);
#12652=ORIENTED_EDGE('',*,*,#9241,.F.);
#12653=ORIENTED_EDGE('',*,*,#9396,.T.);
#12654=ORIENTED_EDGE('',*,*,#9397,.F.);
#12655=ORIENTED_EDGE('',*,*,#9398,.F.);
#12656=ORIENTED_EDGE('',*,*,#9238,.F.);
#12657=ORIENTED_EDGE('',*,*,#9398,.T.);
#12658=ORIENTED_EDGE('',*,*,#9399,.F.);
#12659=ORIENTED_EDGE('',*,*,#9392,.F.);
#12660=ORIENTED_EDGE('',*,*,#9255,.F.);
#12661=ORIENTED_EDGE('',*,*,#9400,.T.);
#12662=ORIENTED_EDGE('',*,*,#9401,.F.);
#12663=ORIENTED_EDGE('',*,*,#9402,.F.);
#12664=ORIENTED_EDGE('',*,*,#9256,.F.);
#12665=ORIENTED_EDGE('',*,*,#9402,.T.);
#12666=ORIENTED_EDGE('',*,*,#9403,.F.);
#12667=ORIENTED_EDGE('',*,*,#9404,.F.);
#12668=ORIENTED_EDGE('',*,*,#9257,.F.);
#12669=ORIENTED_EDGE('',*,*,#9404,.T.);
#12670=ORIENTED_EDGE('',*,*,#9405,.F.);
#12671=ORIENTED_EDGE('',*,*,#9406,.F.);
#12672=ORIENTED_EDGE('',*,*,#9254,.F.);
#12673=ORIENTED_EDGE('',*,*,#9406,.T.);
#12674=ORIENTED_EDGE('',*,*,#9407,.F.);
#12675=ORIENTED_EDGE('',*,*,#9400,.F.);
#12676=ORIENTED_EDGE('',*,*,#9243,.F.);
#12677=ORIENTED_EDGE('',*,*,#9408,.T.);
#12678=ORIENTED_EDGE('',*,*,#9409,.F.);
#12679=ORIENTED_EDGE('',*,*,#9410,.F.);
#12680=ORIENTED_EDGE('',*,*,#9244,.F.);
#12681=ORIENTED_EDGE('',*,*,#9410,.T.);
#12682=ORIENTED_EDGE('',*,*,#9411,.F.);
#12683=ORIENTED_EDGE('',*,*,#9412,.F.);
#12684=ORIENTED_EDGE('',*,*,#9245,.F.);
#12685=ORIENTED_EDGE('',*,*,#9412,.T.);
#12686=ORIENTED_EDGE('',*,*,#9413,.F.);
#12687=ORIENTED_EDGE('',*,*,#9414,.F.);
#12688=ORIENTED_EDGE('',*,*,#9242,.F.);
#12689=ORIENTED_EDGE('',*,*,#9414,.T.);
#12690=ORIENTED_EDGE('',*,*,#9415,.F.);
#12691=ORIENTED_EDGE('',*,*,#9408,.F.);
#12692=ORIENTED_EDGE('',*,*,#8042,.F.);
#12693=ORIENTED_EDGE('',*,*,#9416,.T.);
#12694=ORIENTED_EDGE('',*,*,#9417,.F.);
#12695=ORIENTED_EDGE('',*,*,#9418,.F.);
#12696=ORIENTED_EDGE('',*,*,#8043,.F.);
#12697=ORIENTED_EDGE('',*,*,#9418,.T.);
#12698=ORIENTED_EDGE('',*,*,#9419,.F.);
#12699=ORIENTED_EDGE('',*,*,#9420,.F.);
#12700=ORIENTED_EDGE('',*,*,#8044,.F.);
#12701=ORIENTED_EDGE('',*,*,#9420,.T.);
#12702=ORIENTED_EDGE('',*,*,#9421,.F.);
#12703=ORIENTED_EDGE('',*,*,#9422,.F.);
#12704=ORIENTED_EDGE('',*,*,#8041,.F.);
#12705=ORIENTED_EDGE('',*,*,#9422,.T.);
#12706=ORIENTED_EDGE('',*,*,#9423,.F.);
#12707=ORIENTED_EDGE('',*,*,#9416,.F.);
#12708=ORIENTED_EDGE('',*,*,#9247,.F.);
#12709=ORIENTED_EDGE('',*,*,#9424,.T.);
#12710=ORIENTED_EDGE('',*,*,#9425,.F.);
#12711=ORIENTED_EDGE('',*,*,#9426,.F.);
#12712=ORIENTED_EDGE('',*,*,#9248,.F.);
#12713=ORIENTED_EDGE('',*,*,#9426,.T.);
#12714=ORIENTED_EDGE('',*,*,#9427,.F.);
#12715=ORIENTED_EDGE('',*,*,#9428,.F.);
#12716=ORIENTED_EDGE('',*,*,#9249,.F.);
#12717=ORIENTED_EDGE('',*,*,#9428,.T.);
#12718=ORIENTED_EDGE('',*,*,#9429,.F.);
#12719=ORIENTED_EDGE('',*,*,#9430,.F.);
#12720=ORIENTED_EDGE('',*,*,#9246,.F.);
#12721=ORIENTED_EDGE('',*,*,#9430,.T.);
#12722=ORIENTED_EDGE('',*,*,#9431,.F.);
#12723=ORIENTED_EDGE('',*,*,#9424,.F.);
#12724=ORIENTED_EDGE('',*,*,#8196,.F.);
#12725=ORIENTED_EDGE('',*,*,#9432,.T.);
#12726=ORIENTED_EDGE('',*,*,#9433,.F.);
#12727=ORIENTED_EDGE('',*,*,#9434,.F.);
#12728=ORIENTED_EDGE('',*,*,#8197,.F.);
#12729=ORIENTED_EDGE('',*,*,#9434,.T.);
#12730=ORIENTED_EDGE('',*,*,#9435,.F.);
#12731=ORIENTED_EDGE('',*,*,#9436,.F.);
#12732=ORIENTED_EDGE('',*,*,#8198,.F.);
#12733=ORIENTED_EDGE('',*,*,#9436,.T.);
#12734=ORIENTED_EDGE('',*,*,#9437,.F.);
#12735=ORIENTED_EDGE('',*,*,#9438,.F.);
#12736=ORIENTED_EDGE('',*,*,#8195,.F.);
#12737=ORIENTED_EDGE('',*,*,#9438,.T.);
#12738=ORIENTED_EDGE('',*,*,#9439,.F.);
#12739=ORIENTED_EDGE('',*,*,#9432,.F.);
#12740=ORIENTED_EDGE('',*,*,#9303,.F.);
#12741=ORIENTED_EDGE('',*,*,#9440,.T.);
#12742=ORIENTED_EDGE('',*,*,#9441,.F.);
#12743=ORIENTED_EDGE('',*,*,#9442,.F.);
#12744=ORIENTED_EDGE('',*,*,#9304,.F.);
#12745=ORIENTED_EDGE('',*,*,#9442,.T.);
#12746=ORIENTED_EDGE('',*,*,#9443,.F.);
#12747=ORIENTED_EDGE('',*,*,#9444,.F.);
#12748=ORIENTED_EDGE('',*,*,#9305,.F.);
#12749=ORIENTED_EDGE('',*,*,#9444,.T.);
#12750=ORIENTED_EDGE('',*,*,#9445,.F.);
#12751=ORIENTED_EDGE('',*,*,#9446,.F.);
#12752=ORIENTED_EDGE('',*,*,#9302,.F.);
#12753=ORIENTED_EDGE('',*,*,#9446,.T.);
#12754=ORIENTED_EDGE('',*,*,#9447,.F.);
#12755=ORIENTED_EDGE('',*,*,#9440,.F.);
#12756=ORIENTED_EDGE('',*,*,#9311,.F.);
#12757=ORIENTED_EDGE('',*,*,#9448,.T.);
#12758=ORIENTED_EDGE('',*,*,#9449,.F.);
#12759=ORIENTED_EDGE('',*,*,#9450,.F.);
#12760=ORIENTED_EDGE('',*,*,#9312,.F.);
#12761=ORIENTED_EDGE('',*,*,#9450,.T.);
#12762=ORIENTED_EDGE('',*,*,#9451,.F.);
#12763=ORIENTED_EDGE('',*,*,#9452,.F.);
#12764=ORIENTED_EDGE('',*,*,#9313,.F.);
#12765=ORIENTED_EDGE('',*,*,#9452,.T.);
#12766=ORIENTED_EDGE('',*,*,#9453,.F.);
#12767=ORIENTED_EDGE('',*,*,#9454,.F.);
#12768=ORIENTED_EDGE('',*,*,#9310,.F.);
#12769=ORIENTED_EDGE('',*,*,#9454,.T.);
#12770=ORIENTED_EDGE('',*,*,#9455,.F.);
#12771=ORIENTED_EDGE('',*,*,#9448,.F.);
#12772=ORIENTED_EDGE('',*,*,#9271,.F.);
#12773=ORIENTED_EDGE('',*,*,#9456,.T.);
#12774=ORIENTED_EDGE('',*,*,#9457,.F.);
#12775=ORIENTED_EDGE('',*,*,#9458,.F.);
#12776=ORIENTED_EDGE('',*,*,#9272,.F.);
#12777=ORIENTED_EDGE('',*,*,#9458,.T.);
#12778=ORIENTED_EDGE('',*,*,#9459,.F.);
#12779=ORIENTED_EDGE('',*,*,#9460,.F.);
#12780=ORIENTED_EDGE('',*,*,#9273,.F.);
#12781=ORIENTED_EDGE('',*,*,#9460,.T.);
#12782=ORIENTED_EDGE('',*,*,#9461,.F.);
#12783=ORIENTED_EDGE('',*,*,#9462,.F.);
#12784=ORIENTED_EDGE('',*,*,#9270,.F.);
#12785=ORIENTED_EDGE('',*,*,#9462,.T.);
#12786=ORIENTED_EDGE('',*,*,#9463,.F.);
#12787=ORIENTED_EDGE('',*,*,#9456,.F.);
#12788=ORIENTED_EDGE('',*,*,#9251,.F.);
#12789=ORIENTED_EDGE('',*,*,#9464,.T.);
#12790=ORIENTED_EDGE('',*,*,#9465,.F.);
#12791=ORIENTED_EDGE('',*,*,#9466,.F.);
#12792=ORIENTED_EDGE('',*,*,#9252,.F.);
#12793=ORIENTED_EDGE('',*,*,#9466,.T.);
#12794=ORIENTED_EDGE('',*,*,#9467,.F.);
#12795=ORIENTED_EDGE('',*,*,#9468,.F.);
#12796=ORIENTED_EDGE('',*,*,#9253,.F.);
#12797=ORIENTED_EDGE('',*,*,#9468,.T.);
#12798=ORIENTED_EDGE('',*,*,#9469,.F.);
#12799=ORIENTED_EDGE('',*,*,#9470,.F.);
#12800=ORIENTED_EDGE('',*,*,#9250,.F.);
#12801=ORIENTED_EDGE('',*,*,#9470,.T.);
#12802=ORIENTED_EDGE('',*,*,#9471,.F.);
#12803=ORIENTED_EDGE('',*,*,#9464,.F.);
#12804=ORIENTED_EDGE('',*,*,#9263,.F.);
#12805=ORIENTED_EDGE('',*,*,#9472,.T.);
#12806=ORIENTED_EDGE('',*,*,#9473,.F.);
#12807=ORIENTED_EDGE('',*,*,#9474,.F.);
#12808=ORIENTED_EDGE('',*,*,#9264,.F.);
#12809=ORIENTED_EDGE('',*,*,#9474,.T.);
#12810=ORIENTED_EDGE('',*,*,#9475,.F.);
#12811=ORIENTED_EDGE('',*,*,#9476,.F.);
#12812=ORIENTED_EDGE('',*,*,#9265,.F.);
#12813=ORIENTED_EDGE('',*,*,#9476,.T.);
#12814=ORIENTED_EDGE('',*,*,#9477,.F.);
#12815=ORIENTED_EDGE('',*,*,#9478,.F.);
#12816=ORIENTED_EDGE('',*,*,#9262,.F.);
#12817=ORIENTED_EDGE('',*,*,#9478,.T.);
#12818=ORIENTED_EDGE('',*,*,#9479,.F.);
#12819=ORIENTED_EDGE('',*,*,#9472,.F.);
#12820=ORIENTED_EDGE('',*,*,#9259,.F.);
#12821=ORIENTED_EDGE('',*,*,#9480,.T.);
#12822=ORIENTED_EDGE('',*,*,#9481,.F.);
#12823=ORIENTED_EDGE('',*,*,#9482,.F.);
#12824=ORIENTED_EDGE('',*,*,#9260,.F.);
#12825=ORIENTED_EDGE('',*,*,#9482,.T.);
#12826=ORIENTED_EDGE('',*,*,#9483,.F.);
#12827=ORIENTED_EDGE('',*,*,#9484,.F.);
#12828=ORIENTED_EDGE('',*,*,#9261,.F.);
#12829=ORIENTED_EDGE('',*,*,#9484,.T.);
#12830=ORIENTED_EDGE('',*,*,#9485,.F.);
#12831=ORIENTED_EDGE('',*,*,#9486,.F.);
#12832=ORIENTED_EDGE('',*,*,#9258,.F.);
#12833=ORIENTED_EDGE('',*,*,#9486,.T.);
#12834=ORIENTED_EDGE('',*,*,#9487,.F.);
#12835=ORIENTED_EDGE('',*,*,#9480,.F.);
#12836=ORIENTED_EDGE('',*,*,#9235,.F.);
#12837=ORIENTED_EDGE('',*,*,#9488,.T.);
#12838=ORIENTED_EDGE('',*,*,#9489,.F.);
#12839=ORIENTED_EDGE('',*,*,#9490,.F.);
#12840=ORIENTED_EDGE('',*,*,#9236,.F.);
#12841=ORIENTED_EDGE('',*,*,#9490,.T.);
#12842=ORIENTED_EDGE('',*,*,#9491,.F.);
#12843=ORIENTED_EDGE('',*,*,#9492,.F.);
#12844=ORIENTED_EDGE('',*,*,#9237,.F.);
#12845=ORIENTED_EDGE('',*,*,#9492,.T.);
#12846=ORIENTED_EDGE('',*,*,#9493,.F.);
#12847=ORIENTED_EDGE('',*,*,#9494,.F.);
#12848=ORIENTED_EDGE('',*,*,#9234,.F.);
#12849=ORIENTED_EDGE('',*,*,#9494,.T.);
#12850=ORIENTED_EDGE('',*,*,#9495,.F.);
#12851=ORIENTED_EDGE('',*,*,#9488,.F.);
#12852=ORIENTED_EDGE('',*,*,#9223,.F.);
#12853=ORIENTED_EDGE('',*,*,#9496,.T.);
#12854=ORIENTED_EDGE('',*,*,#9497,.F.);
#12855=ORIENTED_EDGE('',*,*,#9498,.F.);
#12856=ORIENTED_EDGE('',*,*,#9224,.F.);
#12857=ORIENTED_EDGE('',*,*,#9498,.T.);
#12858=ORIENTED_EDGE('',*,*,#9499,.F.);
#12859=ORIENTED_EDGE('',*,*,#9500,.F.);
#12860=ORIENTED_EDGE('',*,*,#9225,.F.);
#12861=ORIENTED_EDGE('',*,*,#9500,.T.);
#12862=ORIENTED_EDGE('',*,*,#9501,.F.);
#12863=ORIENTED_EDGE('',*,*,#9502,.F.);
#12864=ORIENTED_EDGE('',*,*,#9222,.F.);
#12865=ORIENTED_EDGE('',*,*,#9502,.T.);
#12866=ORIENTED_EDGE('',*,*,#9503,.F.);
#12867=ORIENTED_EDGE('',*,*,#9496,.F.);
#12868=ORIENTED_EDGE('',*,*,#8187,.F.);
#12869=ORIENTED_EDGE('',*,*,#9504,.T.);
#12870=ORIENTED_EDGE('',*,*,#9505,.F.);
#12871=ORIENTED_EDGE('',*,*,#9506,.F.);
#12872=ORIENTED_EDGE('',*,*,#8188,.F.);
#12873=ORIENTED_EDGE('',*,*,#9506,.T.);
#12874=ORIENTED_EDGE('',*,*,#9507,.F.);
#12875=ORIENTED_EDGE('',*,*,#9508,.F.);
#12876=ORIENTED_EDGE('',*,*,#8189,.F.);
#12877=ORIENTED_EDGE('',*,*,#9508,.T.);
#12878=ORIENTED_EDGE('',*,*,#9509,.F.);
#12879=ORIENTED_EDGE('',*,*,#9510,.F.);
#12880=ORIENTED_EDGE('',*,*,#8186,.F.);
#12881=ORIENTED_EDGE('',*,*,#9510,.T.);
#12882=ORIENTED_EDGE('',*,*,#9511,.F.);
#12883=ORIENTED_EDGE('',*,*,#9504,.F.);
#12884=ORIENTED_EDGE('',*,*,#8131,.F.);
#12885=ORIENTED_EDGE('',*,*,#9512,.T.);
#12886=ORIENTED_EDGE('',*,*,#9513,.F.);
#12887=ORIENTED_EDGE('',*,*,#9514,.F.);
#12888=ORIENTED_EDGE('',*,*,#8132,.F.);
#12889=ORIENTED_EDGE('',*,*,#9514,.T.);
#12890=ORIENTED_EDGE('',*,*,#9515,.F.);
#12891=ORIENTED_EDGE('',*,*,#9516,.F.);
#12892=ORIENTED_EDGE('',*,*,#8133,.F.);
#12893=ORIENTED_EDGE('',*,*,#9516,.T.);
#12894=ORIENTED_EDGE('',*,*,#9517,.F.);
#12895=ORIENTED_EDGE('',*,*,#9518,.F.);
#12896=ORIENTED_EDGE('',*,*,#8130,.F.);
#12897=ORIENTED_EDGE('',*,*,#9518,.T.);
#12898=ORIENTED_EDGE('',*,*,#9519,.F.);
#12899=ORIENTED_EDGE('',*,*,#9512,.F.);
#12900=ORIENTED_EDGE('',*,*,#9203,.F.);
#12901=ORIENTED_EDGE('',*,*,#9520,.T.);
#12902=ORIENTED_EDGE('',*,*,#9521,.F.);
#12903=ORIENTED_EDGE('',*,*,#9522,.F.);
#12904=ORIENTED_EDGE('',*,*,#9204,.F.);
#12905=ORIENTED_EDGE('',*,*,#9522,.T.);
#12906=ORIENTED_EDGE('',*,*,#9523,.F.);
#12907=ORIENTED_EDGE('',*,*,#9524,.F.);
#12908=ORIENTED_EDGE('',*,*,#9205,.F.);
#12909=ORIENTED_EDGE('',*,*,#9524,.T.);
#12910=ORIENTED_EDGE('',*,*,#9525,.F.);
#12911=ORIENTED_EDGE('',*,*,#9526,.F.);
#12912=ORIENTED_EDGE('',*,*,#9202,.F.);
#12913=ORIENTED_EDGE('',*,*,#9526,.T.);
#12914=ORIENTED_EDGE('',*,*,#9527,.F.);
#12915=ORIENTED_EDGE('',*,*,#9520,.F.);
#12916=ORIENTED_EDGE('',*,*,#9279,.F.);
#12917=ORIENTED_EDGE('',*,*,#9528,.T.);
#12918=ORIENTED_EDGE('',*,*,#9529,.F.);
#12919=ORIENTED_EDGE('',*,*,#9530,.F.);
#12920=ORIENTED_EDGE('',*,*,#9280,.F.);
#12921=ORIENTED_EDGE('',*,*,#9530,.T.);
#12922=ORIENTED_EDGE('',*,*,#9531,.F.);
#12923=ORIENTED_EDGE('',*,*,#9532,.F.);
#12924=ORIENTED_EDGE('',*,*,#9281,.F.);
#12925=ORIENTED_EDGE('',*,*,#9532,.T.);
#12926=ORIENTED_EDGE('',*,*,#9533,.F.);
#12927=ORIENTED_EDGE('',*,*,#9534,.F.);
#12928=ORIENTED_EDGE('',*,*,#9278,.F.);
#12929=ORIENTED_EDGE('',*,*,#9534,.T.);
#12930=ORIENTED_EDGE('',*,*,#9535,.F.);
#12931=ORIENTED_EDGE('',*,*,#9528,.F.);
#12932=ORIENTED_EDGE('',*,*,#9211,.F.);
#12933=ORIENTED_EDGE('',*,*,#9536,.T.);
#12934=ORIENTED_EDGE('',*,*,#9537,.F.);
#12935=ORIENTED_EDGE('',*,*,#9538,.F.);
#12936=ORIENTED_EDGE('',*,*,#9212,.F.);
#12937=ORIENTED_EDGE('',*,*,#9538,.T.);
#12938=ORIENTED_EDGE('',*,*,#9539,.F.);
#12939=ORIENTED_EDGE('',*,*,#9540,.F.);
#12940=ORIENTED_EDGE('',*,*,#9213,.F.);
#12941=ORIENTED_EDGE('',*,*,#9540,.T.);
#12942=ORIENTED_EDGE('',*,*,#9541,.F.);
#12943=ORIENTED_EDGE('',*,*,#9542,.F.);
#12944=ORIENTED_EDGE('',*,*,#9210,.F.);
#12945=ORIENTED_EDGE('',*,*,#9542,.T.);
#12946=ORIENTED_EDGE('',*,*,#9543,.F.);
#12947=ORIENTED_EDGE('',*,*,#9536,.F.);
#12948=ORIENTED_EDGE('',*,*,#9287,.F.);
#12949=ORIENTED_EDGE('',*,*,#9544,.T.);
#12950=ORIENTED_EDGE('',*,*,#9545,.F.);
#12951=ORIENTED_EDGE('',*,*,#9546,.F.);
#12952=ORIENTED_EDGE('',*,*,#9288,.F.);
#12953=ORIENTED_EDGE('',*,*,#9546,.T.);
#12954=ORIENTED_EDGE('',*,*,#9547,.F.);
#12955=ORIENTED_EDGE('',*,*,#9548,.F.);
#12956=ORIENTED_EDGE('',*,*,#9289,.F.);
#12957=ORIENTED_EDGE('',*,*,#9548,.T.);
#12958=ORIENTED_EDGE('',*,*,#9549,.F.);
#12959=ORIENTED_EDGE('',*,*,#9550,.F.);
#12960=ORIENTED_EDGE('',*,*,#9286,.F.);
#12961=ORIENTED_EDGE('',*,*,#9550,.T.);
#12962=ORIENTED_EDGE('',*,*,#9551,.F.);
#12963=ORIENTED_EDGE('',*,*,#9544,.F.);
#12964=ORIENTED_EDGE('',*,*,#9231,.F.);
#12965=ORIENTED_EDGE('',*,*,#9552,.T.);
#12966=ORIENTED_EDGE('',*,*,#9553,.F.);
#12967=ORIENTED_EDGE('',*,*,#9554,.F.);
#12968=ORIENTED_EDGE('',*,*,#9232,.F.);
#12969=ORIENTED_EDGE('',*,*,#9554,.T.);
#12970=ORIENTED_EDGE('',*,*,#9555,.F.);
#12971=ORIENTED_EDGE('',*,*,#9556,.F.);
#12972=ORIENTED_EDGE('',*,*,#9233,.F.);
#12973=ORIENTED_EDGE('',*,*,#9556,.T.);
#12974=ORIENTED_EDGE('',*,*,#9557,.F.);
#12975=ORIENTED_EDGE('',*,*,#9558,.F.);
#12976=ORIENTED_EDGE('',*,*,#9230,.F.);
#12977=ORIENTED_EDGE('',*,*,#9558,.T.);
#12978=ORIENTED_EDGE('',*,*,#9559,.F.);
#12979=ORIENTED_EDGE('',*,*,#9552,.F.);
#12980=ORIENTED_EDGE('',*,*,#9227,.F.);
#12981=ORIENTED_EDGE('',*,*,#9560,.T.);
#12982=ORIENTED_EDGE('',*,*,#9561,.F.);
#12983=ORIENTED_EDGE('',*,*,#9562,.F.);
#12984=ORIENTED_EDGE('',*,*,#9228,.F.);
#12985=ORIENTED_EDGE('',*,*,#9562,.T.);
#12986=ORIENTED_EDGE('',*,*,#9563,.F.);
#12987=ORIENTED_EDGE('',*,*,#9564,.F.);
#12988=ORIENTED_EDGE('',*,*,#9229,.F.);
#12989=ORIENTED_EDGE('',*,*,#9564,.T.);
#12990=ORIENTED_EDGE('',*,*,#9565,.F.);
#12991=ORIENTED_EDGE('',*,*,#9566,.F.);
#12992=ORIENTED_EDGE('',*,*,#9226,.F.);
#12993=ORIENTED_EDGE('',*,*,#9566,.T.);
#12994=ORIENTED_EDGE('',*,*,#9567,.F.);
#12995=ORIENTED_EDGE('',*,*,#9560,.F.);
#12996=ORIENTED_EDGE('',*,*,#8056,.F.);
#12997=ORIENTED_EDGE('',*,*,#9568,.T.);
#12998=ORIENTED_EDGE('',*,*,#9569,.F.);
#12999=ORIENTED_EDGE('',*,*,#9570,.F.);
#13000=ORIENTED_EDGE('',*,*,#8057,.F.);
#13001=ORIENTED_EDGE('',*,*,#9570,.T.);
#13002=ORIENTED_EDGE('',*,*,#9571,.F.);
#13003=ORIENTED_EDGE('',*,*,#9572,.F.);
#13004=ORIENTED_EDGE('',*,*,#8058,.F.);
#13005=ORIENTED_EDGE('',*,*,#9572,.T.);
#13006=ORIENTED_EDGE('',*,*,#9573,.F.);
#13007=ORIENTED_EDGE('',*,*,#9574,.F.);
#13008=ORIENTED_EDGE('',*,*,#8055,.F.);
#13009=ORIENTED_EDGE('',*,*,#9574,.T.);
#13010=ORIENTED_EDGE('',*,*,#9575,.F.);
#13011=ORIENTED_EDGE('',*,*,#9568,.F.);
#13012=ORIENTED_EDGE('',*,*,#9215,.F.);
#13013=ORIENTED_EDGE('',*,*,#9576,.T.);
#13014=ORIENTED_EDGE('',*,*,#9577,.F.);
#13015=ORIENTED_EDGE('',*,*,#9578,.F.);
#13016=ORIENTED_EDGE('',*,*,#9216,.F.);
#13017=ORIENTED_EDGE('',*,*,#9578,.T.);
#13018=ORIENTED_EDGE('',*,*,#9579,.F.);
#13019=ORIENTED_EDGE('',*,*,#9580,.F.);
#13020=ORIENTED_EDGE('',*,*,#9217,.F.);
#13021=ORIENTED_EDGE('',*,*,#9580,.T.);
#13022=ORIENTED_EDGE('',*,*,#9581,.F.);
#13023=ORIENTED_EDGE('',*,*,#9582,.F.);
#13024=ORIENTED_EDGE('',*,*,#9214,.F.);
#13025=ORIENTED_EDGE('',*,*,#9582,.T.);
#13026=ORIENTED_EDGE('',*,*,#9583,.F.);
#13027=ORIENTED_EDGE('',*,*,#9576,.F.);
#13028=ORIENTED_EDGE('',*,*,#9207,.F.);
#13029=ORIENTED_EDGE('',*,*,#9584,.T.);
#13030=ORIENTED_EDGE('',*,*,#9585,.F.);
#13031=ORIENTED_EDGE('',*,*,#9586,.F.);
#13032=ORIENTED_EDGE('',*,*,#9208,.F.);
#13033=ORIENTED_EDGE('',*,*,#9586,.T.);
#13034=ORIENTED_EDGE('',*,*,#9587,.F.);
#13035=ORIENTED_EDGE('',*,*,#9588,.F.);
#13036=ORIENTED_EDGE('',*,*,#9209,.F.);
#13037=ORIENTED_EDGE('',*,*,#9588,.T.);
#13038=ORIENTED_EDGE('',*,*,#9589,.F.);
#13039=ORIENTED_EDGE('',*,*,#9590,.F.);
#13040=ORIENTED_EDGE('',*,*,#9206,.F.);
#13041=ORIENTED_EDGE('',*,*,#9590,.T.);
#13042=ORIENTED_EDGE('',*,*,#9591,.F.);
#13043=ORIENTED_EDGE('',*,*,#9584,.F.);
#13044=ORIENTED_EDGE('',*,*,#9199,.F.);
#13045=ORIENTED_EDGE('',*,*,#9592,.T.);
#13046=ORIENTED_EDGE('',*,*,#9593,.F.);
#13047=ORIENTED_EDGE('',*,*,#9594,.F.);
#13048=ORIENTED_EDGE('',*,*,#9200,.F.);
#13049=ORIENTED_EDGE('',*,*,#9594,.T.);
#13050=ORIENTED_EDGE('',*,*,#9595,.F.);
#13051=ORIENTED_EDGE('',*,*,#9596,.F.);
#13052=ORIENTED_EDGE('',*,*,#9201,.F.);
#13053=ORIENTED_EDGE('',*,*,#9596,.T.);
#13054=ORIENTED_EDGE('',*,*,#9597,.F.);
#13055=ORIENTED_EDGE('',*,*,#9598,.F.);
#13056=ORIENTED_EDGE('',*,*,#9198,.F.);
#13057=ORIENTED_EDGE('',*,*,#9598,.T.);
#13058=ORIENTED_EDGE('',*,*,#9599,.F.);
#13059=ORIENTED_EDGE('',*,*,#9592,.F.);
#13060=ORIENTED_EDGE('',*,*,#9219,.F.);
#13061=ORIENTED_EDGE('',*,*,#9600,.T.);
#13062=ORIENTED_EDGE('',*,*,#9601,.F.);
#13063=ORIENTED_EDGE('',*,*,#9602,.F.);
#13064=ORIENTED_EDGE('',*,*,#9220,.F.);
#13065=ORIENTED_EDGE('',*,*,#9602,.T.);
#13066=ORIENTED_EDGE('',*,*,#9603,.F.);
#13067=ORIENTED_EDGE('',*,*,#9604,.F.);
#13068=ORIENTED_EDGE('',*,*,#9221,.F.);
#13069=ORIENTED_EDGE('',*,*,#9604,.T.);
#13070=ORIENTED_EDGE('',*,*,#9605,.F.);
#13071=ORIENTED_EDGE('',*,*,#9606,.F.);
#13072=ORIENTED_EDGE('',*,*,#9218,.F.);
#13073=ORIENTED_EDGE('',*,*,#9606,.T.);
#13074=ORIENTED_EDGE('',*,*,#9607,.F.);
#13075=ORIENTED_EDGE('',*,*,#9600,.F.);
#13076=ORIENTED_EDGE('',*,*,#8516,.F.);
#13077=ORIENTED_EDGE('',*,*,#9608,.T.);
#13078=ORIENTED_EDGE('',*,*,#9609,.F.);
#13079=ORIENTED_EDGE('',*,*,#9610,.F.);
#13080=ORIENTED_EDGE('',*,*,#8517,.F.);
#13081=ORIENTED_EDGE('',*,*,#9610,.T.);
#13082=ORIENTED_EDGE('',*,*,#9611,.F.);
#13083=ORIENTED_EDGE('',*,*,#9612,.F.);
#13084=ORIENTED_EDGE('',*,*,#8518,.F.);
#13085=ORIENTED_EDGE('',*,*,#9612,.T.);
#13086=ORIENTED_EDGE('',*,*,#9613,.F.);
#13087=ORIENTED_EDGE('',*,*,#9614,.F.);
#13088=ORIENTED_EDGE('',*,*,#8515,.F.);
#13089=ORIENTED_EDGE('',*,*,#9614,.T.);
#13090=ORIENTED_EDGE('',*,*,#9615,.F.);
#13091=ORIENTED_EDGE('',*,*,#9608,.F.);
#13092=ORIENTED_EDGE('',*,*,#9307,.F.);
#13093=ORIENTED_EDGE('',*,*,#9616,.T.);
#13094=ORIENTED_EDGE('',*,*,#9617,.F.);
#13095=ORIENTED_EDGE('',*,*,#9618,.F.);
#13096=ORIENTED_EDGE('',*,*,#9308,.F.);
#13097=ORIENTED_EDGE('',*,*,#9618,.T.);
#13098=ORIENTED_EDGE('',*,*,#9619,.F.);
#13099=ORIENTED_EDGE('',*,*,#9620,.F.);
#13100=ORIENTED_EDGE('',*,*,#9309,.F.);
#13101=ORIENTED_EDGE('',*,*,#9620,.T.);
#13102=ORIENTED_EDGE('',*,*,#9621,.F.);
#13103=ORIENTED_EDGE('',*,*,#9622,.F.);
#13104=ORIENTED_EDGE('',*,*,#9306,.F.);
#13105=ORIENTED_EDGE('',*,*,#9622,.T.);
#13106=ORIENTED_EDGE('',*,*,#9623,.F.);
#13107=ORIENTED_EDGE('',*,*,#9616,.F.);
#13108=ORIENTED_EDGE('',*,*,#9151,.F.);
#13109=ORIENTED_EDGE('',*,*,#9624,.T.);
#13110=ORIENTED_EDGE('',*,*,#9625,.F.);
#13111=ORIENTED_EDGE('',*,*,#9626,.F.);
#13112=ORIENTED_EDGE('',*,*,#9152,.F.);
#13113=ORIENTED_EDGE('',*,*,#9626,.T.);
#13114=ORIENTED_EDGE('',*,*,#9627,.F.);
#13115=ORIENTED_EDGE('',*,*,#9628,.F.);
#13116=ORIENTED_EDGE('',*,*,#9153,.F.);
#13117=ORIENTED_EDGE('',*,*,#9628,.T.);
#13118=ORIENTED_EDGE('',*,*,#9629,.F.);
#13119=ORIENTED_EDGE('',*,*,#9630,.F.);
#13120=ORIENTED_EDGE('',*,*,#9150,.F.);
#13121=ORIENTED_EDGE('',*,*,#9630,.T.);
#13122=ORIENTED_EDGE('',*,*,#9631,.F.);
#13123=ORIENTED_EDGE('',*,*,#9624,.F.);
#13124=ORIENTED_EDGE('',*,*,#9179,.F.);
#13125=ORIENTED_EDGE('',*,*,#9632,.T.);
#13126=ORIENTED_EDGE('',*,*,#9633,.F.);
#13127=ORIENTED_EDGE('',*,*,#9634,.F.);
#13128=ORIENTED_EDGE('',*,*,#9180,.F.);
#13129=ORIENTED_EDGE('',*,*,#9634,.T.);
#13130=ORIENTED_EDGE('',*,*,#9635,.F.);
#13131=ORIENTED_EDGE('',*,*,#9636,.F.);
#13132=ORIENTED_EDGE('',*,*,#9181,.F.);
#13133=ORIENTED_EDGE('',*,*,#9636,.T.);
#13134=ORIENTED_EDGE('',*,*,#9637,.F.);
#13135=ORIENTED_EDGE('',*,*,#9638,.F.);
#13136=ORIENTED_EDGE('',*,*,#9178,.F.);
#13137=ORIENTED_EDGE('',*,*,#9638,.T.);
#13138=ORIENTED_EDGE('',*,*,#9639,.F.);
#13139=ORIENTED_EDGE('',*,*,#9632,.F.);
#13140=ORIENTED_EDGE('',*,*,#9175,.F.);
#13141=ORIENTED_EDGE('',*,*,#9640,.T.);
#13142=ORIENTED_EDGE('',*,*,#9641,.F.);
#13143=ORIENTED_EDGE('',*,*,#9642,.F.);
#13144=ORIENTED_EDGE('',*,*,#9176,.F.);
#13145=ORIENTED_EDGE('',*,*,#9642,.T.);
#13146=ORIENTED_EDGE('',*,*,#9643,.F.);
#13147=ORIENTED_EDGE('',*,*,#9644,.F.);
#13148=ORIENTED_EDGE('',*,*,#9177,.F.);
#13149=ORIENTED_EDGE('',*,*,#9644,.T.);
#13150=ORIENTED_EDGE('',*,*,#9645,.F.);
#13151=ORIENTED_EDGE('',*,*,#9646,.F.);
#13152=ORIENTED_EDGE('',*,*,#9174,.F.);
#13153=ORIENTED_EDGE('',*,*,#9646,.T.);
#13154=ORIENTED_EDGE('',*,*,#9647,.F.);
#13155=ORIENTED_EDGE('',*,*,#9640,.F.);
#13156=ORIENTED_EDGE('',*,*,#9171,.F.);
#13157=ORIENTED_EDGE('',*,*,#9648,.T.);
#13158=ORIENTED_EDGE('',*,*,#9649,.F.);
#13159=ORIENTED_EDGE('',*,*,#9650,.F.);
#13160=ORIENTED_EDGE('',*,*,#9172,.F.);
#13161=ORIENTED_EDGE('',*,*,#9650,.T.);
#13162=ORIENTED_EDGE('',*,*,#9651,.F.);
#13163=ORIENTED_EDGE('',*,*,#9652,.F.);
#13164=ORIENTED_EDGE('',*,*,#9173,.F.);
#13165=ORIENTED_EDGE('',*,*,#9652,.T.);
#13166=ORIENTED_EDGE('',*,*,#9653,.F.);
#13167=ORIENTED_EDGE('',*,*,#9654,.F.);
#13168=ORIENTED_EDGE('',*,*,#9170,.F.);
#13169=ORIENTED_EDGE('',*,*,#9654,.T.);
#13170=ORIENTED_EDGE('',*,*,#9655,.F.);
#13171=ORIENTED_EDGE('',*,*,#9648,.F.);
#13172=ORIENTED_EDGE('',*,*,#8173,.F.);
#13173=ORIENTED_EDGE('',*,*,#9656,.T.);
#13174=ORIENTED_EDGE('',*,*,#9657,.F.);
#13175=ORIENTED_EDGE('',*,*,#9658,.F.);
#13176=ORIENTED_EDGE('',*,*,#8174,.F.);
#13177=ORIENTED_EDGE('',*,*,#9658,.T.);
#13178=ORIENTED_EDGE('',*,*,#9659,.F.);
#13179=ORIENTED_EDGE('',*,*,#9660,.F.);
#13180=ORIENTED_EDGE('',*,*,#8175,.F.);
#13181=ORIENTED_EDGE('',*,*,#9660,.T.);
#13182=ORIENTED_EDGE('',*,*,#9661,.F.);
#13183=ORIENTED_EDGE('',*,*,#9662,.F.);
#13184=ORIENTED_EDGE('',*,*,#8172,.F.);
#13185=ORIENTED_EDGE('',*,*,#9662,.T.);
#13186=ORIENTED_EDGE('',*,*,#9663,.F.);
#13187=ORIENTED_EDGE('',*,*,#9656,.F.);
#13188=ORIENTED_EDGE('',*,*,#9283,.F.);
#13189=ORIENTED_EDGE('',*,*,#9664,.T.);
#13190=ORIENTED_EDGE('',*,*,#9665,.F.);
#13191=ORIENTED_EDGE('',*,*,#9666,.F.);
#13192=ORIENTED_EDGE('',*,*,#9284,.F.);
#13193=ORIENTED_EDGE('',*,*,#9666,.T.);
#13194=ORIENTED_EDGE('',*,*,#9667,.F.);
#13195=ORIENTED_EDGE('',*,*,#9668,.F.);
#13196=ORIENTED_EDGE('',*,*,#9285,.F.);
#13197=ORIENTED_EDGE('',*,*,#9668,.T.);
#13198=ORIENTED_EDGE('',*,*,#9669,.F.);
#13199=ORIENTED_EDGE('',*,*,#9670,.F.);
#13200=ORIENTED_EDGE('',*,*,#9282,.F.);
#13201=ORIENTED_EDGE('',*,*,#9670,.T.);
#13202=ORIENTED_EDGE('',*,*,#9671,.F.);
#13203=ORIENTED_EDGE('',*,*,#9664,.F.);
#13204=ORIENTED_EDGE('',*,*,#9167,.F.);
#13205=ORIENTED_EDGE('',*,*,#9672,.T.);
#13206=ORIENTED_EDGE('',*,*,#9673,.F.);
#13207=ORIENTED_EDGE('',*,*,#9674,.F.);
#13208=ORIENTED_EDGE('',*,*,#9168,.F.);
#13209=ORIENTED_EDGE('',*,*,#9674,.T.);
#13210=ORIENTED_EDGE('',*,*,#9675,.F.);
#13211=ORIENTED_EDGE('',*,*,#9676,.F.);
#13212=ORIENTED_EDGE('',*,*,#9169,.F.);
#13213=ORIENTED_EDGE('',*,*,#9676,.T.);
#13214=ORIENTED_EDGE('',*,*,#9677,.F.);
#13215=ORIENTED_EDGE('',*,*,#9678,.F.);
#13216=ORIENTED_EDGE('',*,*,#9166,.F.);
#13217=ORIENTED_EDGE('',*,*,#9678,.T.);
#13218=ORIENTED_EDGE('',*,*,#9679,.F.);
#13219=ORIENTED_EDGE('',*,*,#9672,.F.);
#13220=ORIENTED_EDGE('',*,*,#8159,.F.);
#13221=ORIENTED_EDGE('',*,*,#9680,.T.);
#13222=ORIENTED_EDGE('',*,*,#9681,.F.);
#13223=ORIENTED_EDGE('',*,*,#9682,.F.);
#13224=ORIENTED_EDGE('',*,*,#8160,.F.);
#13225=ORIENTED_EDGE('',*,*,#9682,.T.);
#13226=ORIENTED_EDGE('',*,*,#9683,.F.);
#13227=ORIENTED_EDGE('',*,*,#9684,.F.);
#13228=ORIENTED_EDGE('',*,*,#8161,.F.);
#13229=ORIENTED_EDGE('',*,*,#9684,.T.);
#13230=ORIENTED_EDGE('',*,*,#9685,.F.);
#13231=ORIENTED_EDGE('',*,*,#9686,.F.);
#13232=ORIENTED_EDGE('',*,*,#8158,.F.);
#13233=ORIENTED_EDGE('',*,*,#9686,.T.);
#13234=ORIENTED_EDGE('',*,*,#9687,.F.);
#13235=ORIENTED_EDGE('',*,*,#9680,.F.);
#13236=ORIENTED_EDGE('',*,*,#8492,.F.);
#13237=ORIENTED_EDGE('',*,*,#9688,.T.);
#13238=ORIENTED_EDGE('',*,*,#9689,.F.);
#13239=ORIENTED_EDGE('',*,*,#9690,.F.);
#13240=ORIENTED_EDGE('',*,*,#8493,.F.);
#13241=ORIENTED_EDGE('',*,*,#9690,.T.);
#13242=ORIENTED_EDGE('',*,*,#9691,.F.);
#13243=ORIENTED_EDGE('',*,*,#9692,.F.);
#13244=ORIENTED_EDGE('',*,*,#8494,.F.);
#13245=ORIENTED_EDGE('',*,*,#9692,.T.);
#13246=ORIENTED_EDGE('',*,*,#9693,.F.);
#13247=ORIENTED_EDGE('',*,*,#9694,.F.);
#13248=ORIENTED_EDGE('',*,*,#8491,.F.);
#13249=ORIENTED_EDGE('',*,*,#9694,.T.);
#13250=ORIENTED_EDGE('',*,*,#9695,.F.);
#13251=ORIENTED_EDGE('',*,*,#9688,.F.);
#13252=ORIENTED_EDGE('',*,*,#9191,.F.);
#13253=ORIENTED_EDGE('',*,*,#9696,.T.);
#13254=ORIENTED_EDGE('',*,*,#9697,.F.);
#13255=ORIENTED_EDGE('',*,*,#9698,.F.);
#13256=ORIENTED_EDGE('',*,*,#9192,.F.);
#13257=ORIENTED_EDGE('',*,*,#9698,.T.);
#13258=ORIENTED_EDGE('',*,*,#9699,.F.);
#13259=ORIENTED_EDGE('',*,*,#9700,.F.);
#13260=ORIENTED_EDGE('',*,*,#9193,.F.);
#13261=ORIENTED_EDGE('',*,*,#9700,.T.);
#13262=ORIENTED_EDGE('',*,*,#9701,.F.);
#13263=ORIENTED_EDGE('',*,*,#9702,.F.);
#13264=ORIENTED_EDGE('',*,*,#9190,.F.);
#13265=ORIENTED_EDGE('',*,*,#9702,.T.);
#13266=ORIENTED_EDGE('',*,*,#9703,.F.);
#13267=ORIENTED_EDGE('',*,*,#9696,.F.);
#13268=ORIENTED_EDGE('',*,*,#8075,.F.);
#13269=ORIENTED_EDGE('',*,*,#9704,.T.);
#13270=ORIENTED_EDGE('',*,*,#9705,.F.);
#13271=ORIENTED_EDGE('',*,*,#9706,.F.);
#13272=ORIENTED_EDGE('',*,*,#8076,.F.);
#13273=ORIENTED_EDGE('',*,*,#9706,.T.);
#13274=ORIENTED_EDGE('',*,*,#9707,.F.);
#13275=ORIENTED_EDGE('',*,*,#9708,.F.);
#13276=ORIENTED_EDGE('',*,*,#8077,.F.);
#13277=ORIENTED_EDGE('',*,*,#9708,.T.);
#13278=ORIENTED_EDGE('',*,*,#9709,.F.);
#13279=ORIENTED_EDGE('',*,*,#9710,.F.);
#13280=ORIENTED_EDGE('',*,*,#8074,.F.);
#13281=ORIENTED_EDGE('',*,*,#9710,.T.);
#13282=ORIENTED_EDGE('',*,*,#9711,.F.);
#13283=ORIENTED_EDGE('',*,*,#9704,.F.);
#13284=ORIENTED_EDGE('',*,*,#8117,.F.);
#13285=ORIENTED_EDGE('',*,*,#9712,.T.);
#13286=ORIENTED_EDGE('',*,*,#9713,.F.);
#13287=ORIENTED_EDGE('',*,*,#9714,.F.);
#13288=ORIENTED_EDGE('',*,*,#8118,.F.);
#13289=ORIENTED_EDGE('',*,*,#9714,.T.);
#13290=ORIENTED_EDGE('',*,*,#9715,.F.);
#13291=ORIENTED_EDGE('',*,*,#9716,.F.);
#13292=ORIENTED_EDGE('',*,*,#8119,.F.);
#13293=ORIENTED_EDGE('',*,*,#9716,.T.);
#13294=ORIENTED_EDGE('',*,*,#9717,.F.);
#13295=ORIENTED_EDGE('',*,*,#9718,.F.);
#13296=ORIENTED_EDGE('',*,*,#8116,.F.);
#13297=ORIENTED_EDGE('',*,*,#9718,.T.);
#13298=ORIENTED_EDGE('',*,*,#9719,.F.);
#13299=ORIENTED_EDGE('',*,*,#9712,.F.);
#13300=ORIENTED_EDGE('',*,*,#9187,.F.);
#13301=ORIENTED_EDGE('',*,*,#9720,.T.);
#13302=ORIENTED_EDGE('',*,*,#9721,.F.);
#13303=ORIENTED_EDGE('',*,*,#9722,.F.);
#13304=ORIENTED_EDGE('',*,*,#9188,.F.);
#13305=ORIENTED_EDGE('',*,*,#9722,.T.);
#13306=ORIENTED_EDGE('',*,*,#9723,.F.);
#13307=ORIENTED_EDGE('',*,*,#9724,.F.);
#13308=ORIENTED_EDGE('',*,*,#9189,.F.);
#13309=ORIENTED_EDGE('',*,*,#9724,.T.);
#13310=ORIENTED_EDGE('',*,*,#9725,.F.);
#13311=ORIENTED_EDGE('',*,*,#9726,.F.);
#13312=ORIENTED_EDGE('',*,*,#9186,.F.);
#13313=ORIENTED_EDGE('',*,*,#9726,.T.);
#13314=ORIENTED_EDGE('',*,*,#9727,.F.);
#13315=ORIENTED_EDGE('',*,*,#9720,.F.);
#13316=ORIENTED_EDGE('',*,*,#9183,.F.);
#13317=ORIENTED_EDGE('',*,*,#9728,.T.);
#13318=ORIENTED_EDGE('',*,*,#9729,.F.);
#13319=ORIENTED_EDGE('',*,*,#9730,.F.);
#13320=ORIENTED_EDGE('',*,*,#9184,.F.);
#13321=ORIENTED_EDGE('',*,*,#9730,.T.);
#13322=ORIENTED_EDGE('',*,*,#9731,.F.);
#13323=ORIENTED_EDGE('',*,*,#9732,.F.);
#13324=ORIENTED_EDGE('',*,*,#9185,.F.);
#13325=ORIENTED_EDGE('',*,*,#9732,.T.);
#13326=ORIENTED_EDGE('',*,*,#9733,.F.);
#13327=ORIENTED_EDGE('',*,*,#9734,.F.);
#13328=ORIENTED_EDGE('',*,*,#9182,.F.);
#13329=ORIENTED_EDGE('',*,*,#9734,.T.);
#13330=ORIENTED_EDGE('',*,*,#9735,.F.);
#13331=ORIENTED_EDGE('',*,*,#9728,.F.);
#13332=ORIENTED_EDGE('',*,*,#9195,.F.);
#13333=ORIENTED_EDGE('',*,*,#9736,.T.);
#13334=ORIENTED_EDGE('',*,*,#9737,.F.);
#13335=ORIENTED_EDGE('',*,*,#9738,.F.);
#13336=ORIENTED_EDGE('',*,*,#9196,.F.);
#13337=ORIENTED_EDGE('',*,*,#9738,.T.);
#13338=ORIENTED_EDGE('',*,*,#9739,.F.);
#13339=ORIENTED_EDGE('',*,*,#9740,.F.);
#13340=ORIENTED_EDGE('',*,*,#9197,.F.);
#13341=ORIENTED_EDGE('',*,*,#9740,.T.);
#13342=ORIENTED_EDGE('',*,*,#9741,.F.);
#13343=ORIENTED_EDGE('',*,*,#9742,.F.);
#13344=ORIENTED_EDGE('',*,*,#9194,.F.);
#13345=ORIENTED_EDGE('',*,*,#9742,.T.);
#13346=ORIENTED_EDGE('',*,*,#9743,.F.);
#13347=ORIENTED_EDGE('',*,*,#9736,.F.);
#13348=ORIENTED_EDGE('',*,*,#9143,.F.);
#13349=ORIENTED_EDGE('',*,*,#9744,.T.);
#13350=ORIENTED_EDGE('',*,*,#9745,.F.);
#13351=ORIENTED_EDGE('',*,*,#9746,.F.);
#13352=ORIENTED_EDGE('',*,*,#9144,.F.);
#13353=ORIENTED_EDGE('',*,*,#9746,.T.);
#13354=ORIENTED_EDGE('',*,*,#9747,.F.);
#13355=ORIENTED_EDGE('',*,*,#9748,.F.);
#13356=ORIENTED_EDGE('',*,*,#9145,.F.);
#13357=ORIENTED_EDGE('',*,*,#9748,.T.);
#13358=ORIENTED_EDGE('',*,*,#9749,.F.);
#13359=ORIENTED_EDGE('',*,*,#9750,.F.);
#13360=ORIENTED_EDGE('',*,*,#9142,.F.);
#13361=ORIENTED_EDGE('',*,*,#9750,.T.);
#13362=ORIENTED_EDGE('',*,*,#9751,.F.);
#13363=ORIENTED_EDGE('',*,*,#9744,.F.);
#13364=ORIENTED_EDGE('',*,*,#9139,.F.);
#13365=ORIENTED_EDGE('',*,*,#9752,.T.);
#13366=ORIENTED_EDGE('',*,*,#9753,.F.);
#13367=ORIENTED_EDGE('',*,*,#9754,.F.);
#13368=ORIENTED_EDGE('',*,*,#9140,.F.);
#13369=ORIENTED_EDGE('',*,*,#9754,.T.);
#13370=ORIENTED_EDGE('',*,*,#9755,.F.);
#13371=ORIENTED_EDGE('',*,*,#9756,.F.);
#13372=ORIENTED_EDGE('',*,*,#9141,.F.);
#13373=ORIENTED_EDGE('',*,*,#9756,.T.);
#13374=ORIENTED_EDGE('',*,*,#9757,.F.);
#13375=ORIENTED_EDGE('',*,*,#9758,.F.);
#13376=ORIENTED_EDGE('',*,*,#9138,.F.);
#13377=ORIENTED_EDGE('',*,*,#9758,.T.);
#13378=ORIENTED_EDGE('',*,*,#9759,.F.);
#13379=ORIENTED_EDGE('',*,*,#9752,.F.);
#13380=ORIENTED_EDGE('',*,*,#9147,.F.);
#13381=ORIENTED_EDGE('',*,*,#9760,.T.);
#13382=ORIENTED_EDGE('',*,*,#9761,.F.);
#13383=ORIENTED_EDGE('',*,*,#9762,.F.);
#13384=ORIENTED_EDGE('',*,*,#9148,.F.);
#13385=ORIENTED_EDGE('',*,*,#9762,.T.);
#13386=ORIENTED_EDGE('',*,*,#9763,.F.);
#13387=ORIENTED_EDGE('',*,*,#9764,.F.);
#13388=ORIENTED_EDGE('',*,*,#9149,.F.);
#13389=ORIENTED_EDGE('',*,*,#9764,.T.);
#13390=ORIENTED_EDGE('',*,*,#9765,.F.);
#13391=ORIENTED_EDGE('',*,*,#9766,.F.);
#13392=ORIENTED_EDGE('',*,*,#9146,.F.);
#13393=ORIENTED_EDGE('',*,*,#9766,.T.);
#13394=ORIENTED_EDGE('',*,*,#9767,.F.);
#13395=ORIENTED_EDGE('',*,*,#9760,.F.);
#13396=ORIENTED_EDGE('',*,*,#8103,.F.);
#13397=ORIENTED_EDGE('',*,*,#9768,.T.);
#13398=ORIENTED_EDGE('',*,*,#9769,.F.);
#13399=ORIENTED_EDGE('',*,*,#9770,.F.);
#13400=ORIENTED_EDGE('',*,*,#8104,.F.);
#13401=ORIENTED_EDGE('',*,*,#9770,.T.);
#13402=ORIENTED_EDGE('',*,*,#9771,.F.);
#13403=ORIENTED_EDGE('',*,*,#9772,.F.);
#13404=ORIENTED_EDGE('',*,*,#8105,.F.);
#13405=ORIENTED_EDGE('',*,*,#9772,.T.);
#13406=ORIENTED_EDGE('',*,*,#9773,.F.);
#13407=ORIENTED_EDGE('',*,*,#9774,.F.);
#13408=ORIENTED_EDGE('',*,*,#8102,.F.);
#13409=ORIENTED_EDGE('',*,*,#9774,.T.);
#13410=ORIENTED_EDGE('',*,*,#9775,.F.);
#13411=ORIENTED_EDGE('',*,*,#9768,.F.);
#13412=ORIENTED_EDGE('',*,*,#9163,.F.);
#13413=ORIENTED_EDGE('',*,*,#9776,.T.);
#13414=ORIENTED_EDGE('',*,*,#9777,.F.);
#13415=ORIENTED_EDGE('',*,*,#9778,.F.);
#13416=ORIENTED_EDGE('',*,*,#9164,.F.);
#13417=ORIENTED_EDGE('',*,*,#9778,.T.);
#13418=ORIENTED_EDGE('',*,*,#9779,.F.);
#13419=ORIENTED_EDGE('',*,*,#9780,.F.);
#13420=ORIENTED_EDGE('',*,*,#9165,.F.);
#13421=ORIENTED_EDGE('',*,*,#9780,.T.);
#13422=ORIENTED_EDGE('',*,*,#9781,.F.);
#13423=ORIENTED_EDGE('',*,*,#9782,.F.);
#13424=ORIENTED_EDGE('',*,*,#9162,.F.);
#13425=ORIENTED_EDGE('',*,*,#9782,.T.);
#13426=ORIENTED_EDGE('',*,*,#9783,.F.);
#13427=ORIENTED_EDGE('',*,*,#9776,.F.);
#13428=ORIENTED_EDGE('',*,*,#9131,.F.);
#13429=ORIENTED_EDGE('',*,*,#9784,.T.);
#13430=ORIENTED_EDGE('',*,*,#9785,.F.);
#13431=ORIENTED_EDGE('',*,*,#9786,.F.);
#13432=ORIENTED_EDGE('',*,*,#9132,.F.);
#13433=ORIENTED_EDGE('',*,*,#9786,.T.);
#13434=ORIENTED_EDGE('',*,*,#9787,.F.);
#13435=ORIENTED_EDGE('',*,*,#9788,.F.);
#13436=ORIENTED_EDGE('',*,*,#9133,.F.);
#13437=ORIENTED_EDGE('',*,*,#9788,.T.);
#13438=ORIENTED_EDGE('',*,*,#9789,.F.);
#13439=ORIENTED_EDGE('',*,*,#9790,.F.);
#13440=ORIENTED_EDGE('',*,*,#9130,.F.);
#13441=ORIENTED_EDGE('',*,*,#9790,.T.);
#13442=ORIENTED_EDGE('',*,*,#9791,.F.);
#13443=ORIENTED_EDGE('',*,*,#9784,.F.);
#13444=ORIENTED_EDGE('',*,*,#9155,.F.);
#13445=ORIENTED_EDGE('',*,*,#9792,.T.);
#13446=ORIENTED_EDGE('',*,*,#9793,.F.);
#13447=ORIENTED_EDGE('',*,*,#9794,.F.);
#13448=ORIENTED_EDGE('',*,*,#9156,.F.);
#13449=ORIENTED_EDGE('',*,*,#9794,.T.);
#13450=ORIENTED_EDGE('',*,*,#9795,.F.);
#13451=ORIENTED_EDGE('',*,*,#9796,.F.);
#13452=ORIENTED_EDGE('',*,*,#9157,.F.);
#13453=ORIENTED_EDGE('',*,*,#9796,.T.);
#13454=ORIENTED_EDGE('',*,*,#9797,.F.);
#13455=ORIENTED_EDGE('',*,*,#9798,.F.);
#13456=ORIENTED_EDGE('',*,*,#9154,.F.);
#13457=ORIENTED_EDGE('',*,*,#9798,.T.);
#13458=ORIENTED_EDGE('',*,*,#9799,.F.);
#13459=ORIENTED_EDGE('',*,*,#9792,.F.);
#13460=ORIENTED_EDGE('',*,*,#9159,.F.);
#13461=ORIENTED_EDGE('',*,*,#9800,.T.);
#13462=ORIENTED_EDGE('',*,*,#9801,.F.);
#13463=ORIENTED_EDGE('',*,*,#9802,.F.);
#13464=ORIENTED_EDGE('',*,*,#9160,.F.);
#13465=ORIENTED_EDGE('',*,*,#9802,.T.);
#13466=ORIENTED_EDGE('',*,*,#9803,.F.);
#13467=ORIENTED_EDGE('',*,*,#9804,.F.);
#13468=ORIENTED_EDGE('',*,*,#9161,.F.);
#13469=ORIENTED_EDGE('',*,*,#9804,.T.);
#13470=ORIENTED_EDGE('',*,*,#9805,.F.);
#13471=ORIENTED_EDGE('',*,*,#9806,.F.);
#13472=ORIENTED_EDGE('',*,*,#9158,.F.);
#13473=ORIENTED_EDGE('',*,*,#9806,.T.);
#13474=ORIENTED_EDGE('',*,*,#9807,.F.);
#13475=ORIENTED_EDGE('',*,*,#9800,.F.);
#13476=ORIENTED_EDGE('',*,*,#8089,.F.);
#13477=ORIENTED_EDGE('',*,*,#9808,.T.);
#13478=ORIENTED_EDGE('',*,*,#9809,.F.);
#13479=ORIENTED_EDGE('',*,*,#9810,.F.);
#13480=ORIENTED_EDGE('',*,*,#8090,.F.);
#13481=ORIENTED_EDGE('',*,*,#9810,.T.);
#13482=ORIENTED_EDGE('',*,*,#9811,.F.);
#13483=ORIENTED_EDGE('',*,*,#9812,.F.);
#13484=ORIENTED_EDGE('',*,*,#8091,.F.);
#13485=ORIENTED_EDGE('',*,*,#9812,.T.);
#13486=ORIENTED_EDGE('',*,*,#9813,.F.);
#13487=ORIENTED_EDGE('',*,*,#9814,.F.);
#13488=ORIENTED_EDGE('',*,*,#8088,.F.);
#13489=ORIENTED_EDGE('',*,*,#9814,.T.);
#13490=ORIENTED_EDGE('',*,*,#9815,.F.);
#13491=ORIENTED_EDGE('',*,*,#9808,.F.);
#13492=ORIENTED_EDGE('',*,*,#8145,.F.);
#13493=ORIENTED_EDGE('',*,*,#9816,.T.);
#13494=ORIENTED_EDGE('',*,*,#9817,.F.);
#13495=ORIENTED_EDGE('',*,*,#9818,.F.);
#13496=ORIENTED_EDGE('',*,*,#8146,.F.);
#13497=ORIENTED_EDGE('',*,*,#9818,.T.);
#13498=ORIENTED_EDGE('',*,*,#9819,.F.);
#13499=ORIENTED_EDGE('',*,*,#9820,.F.);
#13500=ORIENTED_EDGE('',*,*,#8147,.F.);
#13501=ORIENTED_EDGE('',*,*,#9820,.T.);
#13502=ORIENTED_EDGE('',*,*,#9821,.F.);
#13503=ORIENTED_EDGE('',*,*,#9822,.F.);
#13504=ORIENTED_EDGE('',*,*,#8144,.F.);
#13505=ORIENTED_EDGE('',*,*,#9822,.T.);
#13506=ORIENTED_EDGE('',*,*,#9823,.F.);
#13507=ORIENTED_EDGE('',*,*,#9816,.F.);
#13508=ORIENTED_EDGE('',*,*,#9135,.F.);
#13509=ORIENTED_EDGE('',*,*,#9824,.T.);
#13510=ORIENTED_EDGE('',*,*,#9825,.F.);
#13511=ORIENTED_EDGE('',*,*,#9826,.F.);
#13512=ORIENTED_EDGE('',*,*,#9136,.F.);
#13513=ORIENTED_EDGE('',*,*,#9826,.T.);
#13514=ORIENTED_EDGE('',*,*,#9827,.F.);
#13515=ORIENTED_EDGE('',*,*,#9828,.F.);
#13516=ORIENTED_EDGE('',*,*,#9137,.F.);
#13517=ORIENTED_EDGE('',*,*,#9828,.T.);
#13518=ORIENTED_EDGE('',*,*,#9829,.F.);
#13519=ORIENTED_EDGE('',*,*,#9830,.F.);
#13520=ORIENTED_EDGE('',*,*,#9134,.F.);
#13521=ORIENTED_EDGE('',*,*,#9830,.T.);
#13522=ORIENTED_EDGE('',*,*,#9831,.F.);
#13523=ORIENTED_EDGE('',*,*,#9824,.F.);
#13524=ORIENTED_EDGE('',*,*,#9832,.F.);
#13525=ORIENTED_EDGE('',*,*,#9833,.F.);
#13526=ORIENTED_EDGE('',*,*,#9834,.F.);
#13527=ORIENTED_EDGE('',*,*,#9128,.F.);
#13528=ORIENTED_EDGE('',*,*,#9834,.T.);
#13529=ORIENTED_EDGE('',*,*,#9835,.F.);
#13530=ORIENTED_EDGE('',*,*,#9836,.F.);
#13531=ORIENTED_EDGE('',*,*,#9129,.F.);
#13532=ORIENTED_EDGE('',*,*,#9836,.T.);
#13533=ORIENTED_EDGE('',*,*,#9837,.F.);
#13534=ORIENTED_EDGE('',*,*,#9838,.F.);
#13535=ORIENTED_EDGE('',*,*,#9126,.F.);
#13536=ORIENTED_EDGE('',*,*,#9838,.T.);
#13537=ORIENTED_EDGE('',*,*,#9839,.F.);
#13538=ORIENTED_EDGE('',*,*,#9832,.T.);
#13539=ORIENTED_EDGE('',*,*,#9127,.F.);
#13540=ORIENTED_EDGE('',*,*,#9839,.T.);
#13541=ORIENTED_EDGE('',*,*,#9837,.T.);
#13542=ORIENTED_EDGE('',*,*,#9835,.T.);
#13543=ORIENTED_EDGE('',*,*,#9833,.T.);
#13544=ORIENTED_EDGE('',*,*,#9831,.T.);
#13545=ORIENTED_EDGE('',*,*,#9829,.T.);
#13546=ORIENTED_EDGE('',*,*,#9827,.T.);
#13547=ORIENTED_EDGE('',*,*,#9825,.T.);
#13548=ORIENTED_EDGE('',*,*,#9823,.T.);
#13549=ORIENTED_EDGE('',*,*,#9821,.T.);
#13550=ORIENTED_EDGE('',*,*,#9819,.T.);
#13551=ORIENTED_EDGE('',*,*,#9817,.T.);
#13552=ORIENTED_EDGE('',*,*,#9815,.T.);
#13553=ORIENTED_EDGE('',*,*,#9813,.T.);
#13554=ORIENTED_EDGE('',*,*,#9811,.T.);
#13555=ORIENTED_EDGE('',*,*,#9809,.T.);
#13556=ORIENTED_EDGE('',*,*,#9807,.T.);
#13557=ORIENTED_EDGE('',*,*,#9805,.T.);
#13558=ORIENTED_EDGE('',*,*,#9803,.T.);
#13559=ORIENTED_EDGE('',*,*,#9801,.T.);
#13560=ORIENTED_EDGE('',*,*,#9799,.T.);
#13561=ORIENTED_EDGE('',*,*,#9797,.T.);
#13562=ORIENTED_EDGE('',*,*,#9795,.T.);
#13563=ORIENTED_EDGE('',*,*,#9793,.T.);
#13564=ORIENTED_EDGE('',*,*,#9791,.T.);
#13565=ORIENTED_EDGE('',*,*,#9789,.T.);
#13566=ORIENTED_EDGE('',*,*,#9787,.T.);
#13567=ORIENTED_EDGE('',*,*,#9785,.T.);
#13568=ORIENTED_EDGE('',*,*,#9783,.T.);
#13569=ORIENTED_EDGE('',*,*,#9781,.T.);
#13570=ORIENTED_EDGE('',*,*,#9779,.T.);
#13571=ORIENTED_EDGE('',*,*,#9777,.T.);
#13572=ORIENTED_EDGE('',*,*,#9775,.T.);
#13573=ORIENTED_EDGE('',*,*,#9773,.T.);
#13574=ORIENTED_EDGE('',*,*,#9771,.T.);
#13575=ORIENTED_EDGE('',*,*,#9769,.T.);
#13576=ORIENTED_EDGE('',*,*,#9767,.T.);
#13577=ORIENTED_EDGE('',*,*,#9765,.T.);
#13578=ORIENTED_EDGE('',*,*,#9763,.T.);
#13579=ORIENTED_EDGE('',*,*,#9761,.T.);
#13580=ORIENTED_EDGE('',*,*,#9759,.T.);
#13581=ORIENTED_EDGE('',*,*,#9757,.T.);
#13582=ORIENTED_EDGE('',*,*,#9755,.T.);
#13583=ORIENTED_EDGE('',*,*,#9753,.T.);
#13584=ORIENTED_EDGE('',*,*,#9751,.T.);
#13585=ORIENTED_EDGE('',*,*,#9749,.T.);
#13586=ORIENTED_EDGE('',*,*,#9747,.T.);
#13587=ORIENTED_EDGE('',*,*,#9745,.T.);
#13588=ORIENTED_EDGE('',*,*,#9743,.T.);
#13589=ORIENTED_EDGE('',*,*,#9741,.T.);
#13590=ORIENTED_EDGE('',*,*,#9739,.T.);
#13591=ORIENTED_EDGE('',*,*,#9737,.T.);
#13592=ORIENTED_EDGE('',*,*,#9735,.T.);
#13593=ORIENTED_EDGE('',*,*,#9733,.T.);
#13594=ORIENTED_EDGE('',*,*,#9731,.T.);
#13595=ORIENTED_EDGE('',*,*,#9729,.T.);
#13596=ORIENTED_EDGE('',*,*,#9727,.T.);
#13597=ORIENTED_EDGE('',*,*,#9725,.T.);
#13598=ORIENTED_EDGE('',*,*,#9723,.T.);
#13599=ORIENTED_EDGE('',*,*,#9721,.T.);
#13600=ORIENTED_EDGE('',*,*,#9719,.T.);
#13601=ORIENTED_EDGE('',*,*,#9717,.T.);
#13602=ORIENTED_EDGE('',*,*,#9715,.T.);
#13603=ORIENTED_EDGE('',*,*,#9713,.T.);
#13604=ORIENTED_EDGE('',*,*,#9711,.T.);
#13605=ORIENTED_EDGE('',*,*,#9709,.T.);
#13606=ORIENTED_EDGE('',*,*,#9707,.T.);
#13607=ORIENTED_EDGE('',*,*,#9705,.T.);
#13608=ORIENTED_EDGE('',*,*,#9703,.T.);
#13609=ORIENTED_EDGE('',*,*,#9701,.T.);
#13610=ORIENTED_EDGE('',*,*,#9699,.T.);
#13611=ORIENTED_EDGE('',*,*,#9697,.T.);
#13612=ORIENTED_EDGE('',*,*,#9695,.T.);
#13613=ORIENTED_EDGE('',*,*,#9693,.T.);
#13614=ORIENTED_EDGE('',*,*,#9691,.T.);
#13615=ORIENTED_EDGE('',*,*,#9689,.T.);
#13616=ORIENTED_EDGE('',*,*,#9687,.T.);
#13617=ORIENTED_EDGE('',*,*,#9685,.T.);
#13618=ORIENTED_EDGE('',*,*,#9683,.T.);
#13619=ORIENTED_EDGE('',*,*,#9681,.T.);
#13620=ORIENTED_EDGE('',*,*,#9679,.T.);
#13621=ORIENTED_EDGE('',*,*,#9677,.T.);
#13622=ORIENTED_EDGE('',*,*,#9675,.T.);
#13623=ORIENTED_EDGE('',*,*,#9673,.T.);
#13624=ORIENTED_EDGE('',*,*,#9671,.T.);
#13625=ORIENTED_EDGE('',*,*,#9669,.T.);
#13626=ORIENTED_EDGE('',*,*,#9667,.T.);
#13627=ORIENTED_EDGE('',*,*,#9665,.T.);
#13628=ORIENTED_EDGE('',*,*,#9663,.T.);
#13629=ORIENTED_EDGE('',*,*,#9661,.T.);
#13630=ORIENTED_EDGE('',*,*,#9659,.T.);
#13631=ORIENTED_EDGE('',*,*,#9657,.T.);
#13632=ORIENTED_EDGE('',*,*,#9655,.T.);
#13633=ORIENTED_EDGE('',*,*,#9653,.T.);
#13634=ORIENTED_EDGE('',*,*,#9651,.T.);
#13635=ORIENTED_EDGE('',*,*,#9649,.T.);
#13636=ORIENTED_EDGE('',*,*,#9647,.T.);
#13637=ORIENTED_EDGE('',*,*,#9645,.T.);
#13638=ORIENTED_EDGE('',*,*,#9643,.T.);
#13639=ORIENTED_EDGE('',*,*,#9641,.T.);
#13640=ORIENTED_EDGE('',*,*,#9639,.T.);
#13641=ORIENTED_EDGE('',*,*,#9637,.T.);
#13642=ORIENTED_EDGE('',*,*,#9635,.T.);
#13643=ORIENTED_EDGE('',*,*,#9633,.T.);
#13644=ORIENTED_EDGE('',*,*,#9631,.T.);
#13645=ORIENTED_EDGE('',*,*,#9629,.T.);
#13646=ORIENTED_EDGE('',*,*,#9627,.T.);
#13647=ORIENTED_EDGE('',*,*,#9625,.T.);
#13648=ORIENTED_EDGE('',*,*,#9623,.T.);
#13649=ORIENTED_EDGE('',*,*,#9621,.T.);
#13650=ORIENTED_EDGE('',*,*,#9619,.T.);
#13651=ORIENTED_EDGE('',*,*,#9617,.T.);
#13652=ORIENTED_EDGE('',*,*,#9615,.T.);
#13653=ORIENTED_EDGE('',*,*,#9613,.T.);
#13654=ORIENTED_EDGE('',*,*,#9611,.T.);
#13655=ORIENTED_EDGE('',*,*,#9609,.T.);
#13656=ORIENTED_EDGE('',*,*,#9607,.T.);
#13657=ORIENTED_EDGE('',*,*,#9605,.T.);
#13658=ORIENTED_EDGE('',*,*,#9603,.T.);
#13659=ORIENTED_EDGE('',*,*,#9601,.T.);
#13660=ORIENTED_EDGE('',*,*,#9599,.T.);
#13661=ORIENTED_EDGE('',*,*,#9597,.T.);
#13662=ORIENTED_EDGE('',*,*,#9595,.T.);
#13663=ORIENTED_EDGE('',*,*,#9593,.T.);
#13664=ORIENTED_EDGE('',*,*,#9591,.T.);
#13665=ORIENTED_EDGE('',*,*,#9589,.T.);
#13666=ORIENTED_EDGE('',*,*,#9587,.T.);
#13667=ORIENTED_EDGE('',*,*,#9585,.T.);
#13668=ORIENTED_EDGE('',*,*,#9583,.T.);
#13669=ORIENTED_EDGE('',*,*,#9581,.T.);
#13670=ORIENTED_EDGE('',*,*,#9579,.T.);
#13671=ORIENTED_EDGE('',*,*,#9577,.T.);
#13672=ORIENTED_EDGE('',*,*,#9575,.T.);
#13673=ORIENTED_EDGE('',*,*,#9573,.T.);
#13674=ORIENTED_EDGE('',*,*,#9571,.T.);
#13675=ORIENTED_EDGE('',*,*,#9569,.T.);
#13676=ORIENTED_EDGE('',*,*,#9567,.T.);
#13677=ORIENTED_EDGE('',*,*,#9565,.T.);
#13678=ORIENTED_EDGE('',*,*,#9563,.T.);
#13679=ORIENTED_EDGE('',*,*,#9561,.T.);
#13680=ORIENTED_EDGE('',*,*,#9559,.T.);
#13681=ORIENTED_EDGE('',*,*,#9557,.T.);
#13682=ORIENTED_EDGE('',*,*,#9555,.T.);
#13683=ORIENTED_EDGE('',*,*,#9553,.T.);
#13684=ORIENTED_EDGE('',*,*,#9551,.T.);
#13685=ORIENTED_EDGE('',*,*,#9549,.T.);
#13686=ORIENTED_EDGE('',*,*,#9547,.T.);
#13687=ORIENTED_EDGE('',*,*,#9545,.T.);
#13688=ORIENTED_EDGE('',*,*,#9543,.T.);
#13689=ORIENTED_EDGE('',*,*,#9541,.T.);
#13690=ORIENTED_EDGE('',*,*,#9539,.T.);
#13691=ORIENTED_EDGE('',*,*,#9537,.T.);
#13692=ORIENTED_EDGE('',*,*,#9535,.T.);
#13693=ORIENTED_EDGE('',*,*,#9533,.T.);
#13694=ORIENTED_EDGE('',*,*,#9531,.T.);
#13695=ORIENTED_EDGE('',*,*,#9529,.T.);
#13696=ORIENTED_EDGE('',*,*,#9527,.T.);
#13697=ORIENTED_EDGE('',*,*,#9525,.T.);
#13698=ORIENTED_EDGE('',*,*,#9523,.T.);
#13699=ORIENTED_EDGE('',*,*,#9521,.T.);
#13700=ORIENTED_EDGE('',*,*,#9519,.T.);
#13701=ORIENTED_EDGE('',*,*,#9517,.T.);
#13702=ORIENTED_EDGE('',*,*,#9515,.T.);
#13703=ORIENTED_EDGE('',*,*,#9513,.T.);
#13704=ORIENTED_EDGE('',*,*,#9511,.T.);
#13705=ORIENTED_EDGE('',*,*,#9509,.T.);
#13706=ORIENTED_EDGE('',*,*,#9507,.T.);
#13707=ORIENTED_EDGE('',*,*,#9505,.T.);
#13708=ORIENTED_EDGE('',*,*,#9503,.T.);
#13709=ORIENTED_EDGE('',*,*,#9501,.T.);
#13710=ORIENTED_EDGE('',*,*,#9499,.T.);
#13711=ORIENTED_EDGE('',*,*,#9497,.T.);
#13712=ORIENTED_EDGE('',*,*,#9495,.T.);
#13713=ORIENTED_EDGE('',*,*,#9493,.T.);
#13714=ORIENTED_EDGE('',*,*,#9491,.T.);
#13715=ORIENTED_EDGE('',*,*,#9489,.T.);
#13716=ORIENTED_EDGE('',*,*,#9487,.T.);
#13717=ORIENTED_EDGE('',*,*,#9485,.T.);
#13718=ORIENTED_EDGE('',*,*,#9483,.T.);
#13719=ORIENTED_EDGE('',*,*,#9481,.T.);
#13720=ORIENTED_EDGE('',*,*,#9479,.T.);
#13721=ORIENTED_EDGE('',*,*,#9477,.T.);
#13722=ORIENTED_EDGE('',*,*,#9475,.T.);
#13723=ORIENTED_EDGE('',*,*,#9473,.T.);
#13724=ORIENTED_EDGE('',*,*,#9471,.T.);
#13725=ORIENTED_EDGE('',*,*,#9469,.T.);
#13726=ORIENTED_EDGE('',*,*,#9467,.T.);
#13727=ORIENTED_EDGE('',*,*,#9465,.T.);
#13728=ORIENTED_EDGE('',*,*,#9463,.T.);
#13729=ORIENTED_EDGE('',*,*,#9461,.T.);
#13730=ORIENTED_EDGE('',*,*,#9459,.T.);
#13731=ORIENTED_EDGE('',*,*,#9457,.T.);
#13732=ORIENTED_EDGE('',*,*,#9455,.T.);
#13733=ORIENTED_EDGE('',*,*,#9453,.T.);
#13734=ORIENTED_EDGE('',*,*,#9451,.T.);
#13735=ORIENTED_EDGE('',*,*,#9449,.T.);
#13736=ORIENTED_EDGE('',*,*,#9447,.T.);
#13737=ORIENTED_EDGE('',*,*,#9445,.T.);
#13738=ORIENTED_EDGE('',*,*,#9443,.T.);
#13739=ORIENTED_EDGE('',*,*,#9441,.T.);
#13740=ORIENTED_EDGE('',*,*,#9439,.T.);
#13741=ORIENTED_EDGE('',*,*,#9437,.T.);
#13742=ORIENTED_EDGE('',*,*,#9435,.T.);
#13743=ORIENTED_EDGE('',*,*,#9433,.T.);
#13744=ORIENTED_EDGE('',*,*,#9431,.T.);
#13745=ORIENTED_EDGE('',*,*,#9429,.T.);
#13746=ORIENTED_EDGE('',*,*,#9427,.T.);
#13747=ORIENTED_EDGE('',*,*,#9425,.T.);
#13748=ORIENTED_EDGE('',*,*,#9423,.T.);
#13749=ORIENTED_EDGE('',*,*,#9421,.T.);
#13750=ORIENTED_EDGE('',*,*,#9419,.T.);
#13751=ORIENTED_EDGE('',*,*,#9417,.T.);
#13752=ORIENTED_EDGE('',*,*,#9415,.T.);
#13753=ORIENTED_EDGE('',*,*,#9413,.T.);
#13754=ORIENTED_EDGE('',*,*,#9411,.T.);
#13755=ORIENTED_EDGE('',*,*,#9409,.T.);
#13756=ORIENTED_EDGE('',*,*,#9407,.T.);
#13757=ORIENTED_EDGE('',*,*,#9405,.T.);
#13758=ORIENTED_EDGE('',*,*,#9403,.T.);
#13759=ORIENTED_EDGE('',*,*,#9401,.T.);
#13760=ORIENTED_EDGE('',*,*,#9399,.T.);
#13761=ORIENTED_EDGE('',*,*,#9397,.T.);
#13762=ORIENTED_EDGE('',*,*,#9395,.T.);
#13763=ORIENTED_EDGE('',*,*,#9393,.T.);
#13764=ORIENTED_EDGE('',*,*,#9391,.T.);
#13765=ORIENTED_EDGE('',*,*,#9389,.T.);
#13766=ORIENTED_EDGE('',*,*,#9387,.T.);
#13767=ORIENTED_EDGE('',*,*,#9385,.T.);
#13768=ORIENTED_EDGE('',*,*,#9383,.T.);
#13769=ORIENTED_EDGE('',*,*,#9381,.T.);
#13770=ORIENTED_EDGE('',*,*,#9379,.T.);
#13771=ORIENTED_EDGE('',*,*,#9377,.T.);
#13772=ORIENTED_EDGE('',*,*,#9375,.T.);
#13773=ORIENTED_EDGE('',*,*,#9373,.T.);
#13774=ORIENTED_EDGE('',*,*,#9371,.T.);
#13775=ORIENTED_EDGE('',*,*,#9369,.T.);
#13776=ORIENTED_EDGE('',*,*,#9367,.T.);
#13777=ORIENTED_EDGE('',*,*,#9365,.T.);
#13778=ORIENTED_EDGE('',*,*,#9363,.T.);
#13779=ORIENTED_EDGE('',*,*,#9361,.T.);
#13780=ORIENTED_EDGE('',*,*,#8440,.T.);
#13781=ORIENTED_EDGE('',*,*,#9359,.T.);
#13782=ORIENTED_EDGE('',*,*,#9357,.T.);
#13783=ORIENTED_EDGE('',*,*,#8437,.T.);
#13784=ORIENTED_EDGE('',*,*,#8479,.T.);
#13785=ORIENTED_EDGE('',*,*,#9356,.T.);
#13786=ORIENTED_EDGE('',*,*,#9354,.T.);
#13787=ORIENTED_EDGE('',*,*,#8476,.T.);
#13788=ORIENTED_EDGE('',*,*,#9353,.T.);
#13789=ORIENTED_EDGE('',*,*,#9351,.T.);
#13790=ORIENTED_EDGE('',*,*,#9349,.T.);
#13791=ORIENTED_EDGE('',*,*,#9347,.T.);
#13792=ORIENTED_EDGE('',*,*,#8450,.T.);
#13793=ORIENTED_EDGE('',*,*,#9345,.T.);
#13794=ORIENTED_EDGE('',*,*,#9343,.T.);
#13795=ORIENTED_EDGE('',*,*,#8447,.T.);
#13796=ORIENTED_EDGE('',*,*,#8458,.T.);
#13797=ORIENTED_EDGE('',*,*,#9342,.T.);
#13798=ORIENTED_EDGE('',*,*,#9340,.T.);
#13799=ORIENTED_EDGE('',*,*,#8455,.T.);
#13800=ORIENTED_EDGE('',*,*,#8487,.T.);
#13801=ORIENTED_EDGE('',*,*,#9339,.T.);
#13802=ORIENTED_EDGE('',*,*,#9337,.T.);
#13803=ORIENTED_EDGE('',*,*,#8484,.T.);
#13804=ORIENTED_EDGE('',*,*,#8474,.T.);
#13805=ORIENTED_EDGE('',*,*,#9336,.T.);
#13806=ORIENTED_EDGE('',*,*,#9334,.T.);
#13807=ORIENTED_EDGE('',*,*,#8471,.T.);
#13808=ORIENTED_EDGE('',*,*,#8445,.T.);
#13809=ORIENTED_EDGE('',*,*,#9333,.T.);
#13810=ORIENTED_EDGE('',*,*,#9331,.T.);
#13811=ORIENTED_EDGE('',*,*,#8442,.T.);
#13812=ORIENTED_EDGE('',*,*,#8511,.T.);
#13813=ORIENTED_EDGE('',*,*,#9330,.T.);
#13814=ORIENTED_EDGE('',*,*,#9328,.T.);
#13815=ORIENTED_EDGE('',*,*,#8508,.T.);
#13816=ORIENTED_EDGE('',*,*,#8499,.T.);
#13817=ORIENTED_EDGE('',*,*,#9327,.T.);
#13818=ORIENTED_EDGE('',*,*,#9325,.T.);
#13819=ORIENTED_EDGE('',*,*,#8496,.T.);
#13820=ORIENTED_EDGE('',*,*,#8466,.T.);
#13821=ORIENTED_EDGE('',*,*,#9324,.T.);
#13822=ORIENTED_EDGE('',*,*,#9322,.T.);
#13823=ORIENTED_EDGE('',*,*,#8463,.T.);
#13824=ORIENTED_EDGE('',*,*,#9321,.T.);
#13825=ORIENTED_EDGE('',*,*,#9319,.T.);
#13826=ORIENTED_EDGE('',*,*,#9317,.T.);
#13827=ORIENTED_EDGE('',*,*,#9315,.T.);
#13828=ORIENTED_EDGE('',*,*,#8032,.T.);
#13829=ORIENTED_EDGE('',*,*,#8018,.T.);
#13830=ORIENTED_EDGE('',*,*,#8009,.T.);
#13831=ORIENTED_EDGE('',*,*,#7995,.T.);
#13832=ORIENTED_EDGE('',*,*,#7981,.T.);
#13833=ORIENTED_EDGE('',*,*,#7967,.T.);
#13834=ORIENTED_EDGE('',*,*,#7958,.T.);
#13835=ORIENTED_EDGE('',*,*,#7954,.T.);
#13836=ORIENTED_EDGE('',*,*,#7950,.T.);
#13837=ORIENTED_EDGE('',*,*,#7946,.T.);
#13838=ORIENTED_EDGE('',*,*,#7942,.T.);
#13839=ORIENTED_EDGE('',*,*,#7938,.T.);
#13840=ORIENTED_EDGE('',*,*,#7929,.T.);
#13841=ORIENTED_EDGE('',*,*,#7915,.T.);
#13842=ORIENTED_EDGE('',*,*,#7901,.T.);
#13843=ORIENTED_EDGE('',*,*,#7887,.T.);
#13844=ORIENTED_EDGE('',*,*,#7873,.T.);
#13845=ORIENTED_EDGE('',*,*,#7854,.T.);
#13846=ORIENTED_EDGE('',*,*,#7840,.T.);
#13847=ORIENTED_EDGE('',*,*,#7836,.T.);
#13848=CYLINDRICAL_SURFACE('',#14607,2.00000000000001);
#13849=CYLINDRICAL_SURFACE('',#14612,1.99999999999999);
#13850=CYLINDRICAL_SURFACE('',#14621,1.99999999999999);
#13851=CYLINDRICAL_SURFACE('',#14634,1.99999999999999);
#13852=CYLINDRICAL_SURFACE('',#14643,1.99999999999999);
#13853=CYLINDRICAL_SURFACE('',#14652,1.99999999999999);
#13854=CYLINDRICAL_SURFACE('',#14661,2.00000000000001);
#13855=CYLINDRICAL_SURFACE('',#14670,1.99999999999999);
#13856=CYLINDRICAL_SURFACE('',#14675,1.99999999999999);
#13857=CYLINDRICAL_SURFACE('',#14680,1.99999999999999);
#13858=CYLINDRICAL_SURFACE('',#14685,2.);
#13859=CYLINDRICAL_SURFACE('',#14690,2.00000000000003);
#13860=CYLINDRICAL_SURFACE('',#14695,2.);
#13861=CYLINDRICAL_SURFACE('',#14700,1.99999999999999);
#13862=CYLINDRICAL_SURFACE('',#14709,2.);
#13863=CYLINDRICAL_SURFACE('',#14718,1.99999999999999);
#13864=CYLINDRICAL_SURFACE('',#14727,2.);
#13865=CYLINDRICAL_SURFACE('',#14736,1.99999999999999);
#13866=CYLINDRICAL_SURFACE('',#14741,2.);
#13867=CYLINDRICAL_SURFACE('',#14750,1.99999999999999);
#13868=CYLINDRICAL_SURFACE('',#14779,1.20000000000001);
#13869=CYLINDRICAL_SURFACE('',#14781,1.20000000000001);
#13870=CYLINDRICAL_SURFACE('',#14783,1.19999999999999);
#13871=CYLINDRICAL_SURFACE('',#14785,1.20000000000001);
#13872=CYLINDRICAL_SURFACE('',#14787,1.20000000000001);
#13873=CYLINDRICAL_SURFACE('',#14789,1.2);
#13874=CYLINDRICAL_SURFACE('',#14791,1.20000000000001);
#13875=CYLINDRICAL_SURFACE('',#14793,1.20000000000001);
#13876=CYLINDRICAL_SURFACE('',#14795,1.2);
#13877=CYLINDRICAL_SURFACE('',#14797,1.20000000000001);
#13878=CYLINDRICAL_SURFACE('',#14799,1.19999999999999);
#13879=CYLINDRICAL_SURFACE('',#14801,1.20000000000001);
#13880=CYLINDRICAL_SURFACE('',#14803,1.2);
#13881=CYLINDRICAL_SURFACE('',#14805,1.20000000000001);
#13882=CYLINDRICAL_SURFACE('',#14807,1.20000000000001);
#13883=CYLINDRICAL_SURFACE('',#14809,1.19999999999999);
#13884=CYLINDRICAL_SURFACE('',#14811,1.2);
#13885=CYLINDRICAL_SURFACE('',#14813,1.20000000000001);
#13886=CYLINDRICAL_SURFACE('',#14815,1.2);
#13887=CYLINDRICAL_SURFACE('',#14817,1.20000000000001);
#13888=ADVANCED_FACE('',(#945),#13848,.F.);
#13889=ADVANCED_FACE('',(#946,#15),#280,.T.);
#13890=ADVANCED_FACE('',(#947),#13849,.F.);
#13891=ADVANCED_FACE('',(#948,#16),#281,.T.);
#13892=ADVANCED_FACE('',(#949),#13850,.F.);
#13893=ADVANCED_FACE('',(#950,#17),#282,.T.);
#13894=ADVANCED_FACE('',(#951,#18),#283,.T.);
#13895=ADVANCED_FACE('',(#952),#13851,.F.);
#13896=ADVANCED_FACE('',(#953,#19),#284,.T.);
#13897=ADVANCED_FACE('',(#954),#13852,.F.);
#13898=ADVANCED_FACE('',(#955,#20),#285,.T.);
#13899=ADVANCED_FACE('',(#956),#13853,.F.);
#13900=ADVANCED_FACE('',(#957,#21),#286,.T.);
#13901=ADVANCED_FACE('',(#958),#13854,.F.);
#13902=ADVANCED_FACE('',(#959,#22),#287,.T.);
#13903=ADVANCED_FACE('',(#960),#13855,.F.);
#13904=ADVANCED_FACE('',(#961),#13856,.F.);
#13905=ADVANCED_FACE('',(#962,#23),#288,.T.);
#13906=ADVANCED_FACE('',(#963),#13857,.F.);
#13907=ADVANCED_FACE('',(#964,#24),#289,.T.);
#13908=ADVANCED_FACE('',(#965),#13858,.F.);
#13909=ADVANCED_FACE('',(#966,#25),#290,.T.);
#13910=ADVANCED_FACE('',(#967),#13859,.F.);
#13911=ADVANCED_FACE('',(#968,#26),#291,.T.);
#13912=ADVANCED_FACE('',(#969),#13860,.F.);
#13913=ADVANCED_FACE('',(#970,#27),#292,.T.);
#13914=ADVANCED_FACE('',(#971),#13861,.F.);
#13915=ADVANCED_FACE('',(#972,#28),#293,.T.);
#13916=ADVANCED_FACE('',(#973,#29),#294,.T.);
#13917=ADVANCED_FACE('',(#974),#13862,.F.);
#13918=ADVANCED_FACE('',(#975,#30),#295,.T.);
#13919=ADVANCED_FACE('',(#976),#13863,.F.);
#13920=ADVANCED_FACE('',(#977,#31),#296,.T.);
#13921=ADVANCED_FACE('',(#978),#13864,.F.);
#13922=ADVANCED_FACE('',(#979,#32),#297,.T.);
#13923=ADVANCED_FACE('',(#980),#13865,.F.);
#13924=ADVANCED_FACE('',(#981),#13866,.F.);
#13925=ADVANCED_FACE('',(#982,#33),#298,.T.);
#13926=ADVANCED_FACE('',(#983),#13867,.F.);
#13927=ADVANCED_FACE('',(#984,#34),#299,.T.);
#13928=ADVANCED_FACE('',(#985,#35),#300,.F.);
#13929=ADVANCED_FACE('',(#986),#301,.T.);
#13930=ADVANCED_FACE('',(#987,#36),#302,.F.);
#13931=ADVANCED_FACE('',(#988),#303,.T.);
#13932=ADVANCED_FACE('',(#989),#304,.T.);
#13933=ADVANCED_FACE('',(#990,#37),#305,.F.);
#13934=ADVANCED_FACE('',(#991),#306,.T.);
#13935=ADVANCED_FACE('',(#992,#38),#307,.F.);
#13936=ADVANCED_FACE('',(#993),#308,.T.);
#13937=ADVANCED_FACE('',(#994,#39),#309,.F.);
#13938=ADVANCED_FACE('',(#995),#310,.T.);
#13939=ADVANCED_FACE('',(#996,#40),#311,.F.);
#13940=ADVANCED_FACE('',(#997),#312,.T.);
#13941=ADVANCED_FACE('',(#998,#41),#313,.F.);
#13942=ADVANCED_FACE('',(#999),#314,.T.);
#13943=ADVANCED_FACE('',(#1000,#42),#315,.F.);
#13944=ADVANCED_FACE('',(#1001),#316,.T.);
#13945=ADVANCED_FACE('',(#1002,#43),#317,.F.);
#13946=ADVANCED_FACE('',(#1003),#318,.T.);
#13947=ADVANCED_FACE('',(#1004,#44),#319,.F.);
#13948=ADVANCED_FACE('',(#1005),#320,.T.);
#13949=ADVANCED_FACE('',(#1006,#45),#321,.F.);
#13950=ADVANCED_FACE('',(#1007,#46),#322,.F.);
#13951=ADVANCED_FACE('',(#1008),#323,.T.);
#13952=ADVANCED_FACE('',(#1009),#13868,.F.);
#13953=ADVANCED_FACE('',(#1010),#13869,.F.);
#13954=ADVANCED_FACE('',(#1011),#13870,.F.);
#13955=ADVANCED_FACE('',(#1012),#13871,.F.);
#13956=ADVANCED_FACE('',(#1013),#13872,.F.);
#13957=ADVANCED_FACE('',(#1014),#13873,.F.);
#13958=ADVANCED_FACE('',(#1015),#13874,.F.);
#13959=ADVANCED_FACE('',(#1016),#13875,.F.);
#13960=ADVANCED_FACE('',(#1017),#13876,.F.);
#13961=ADVANCED_FACE('',(#1018),#13877,.F.);
#13962=ADVANCED_FACE('',(#1019),#13878,.F.);
#13963=ADVANCED_FACE('',(#1020),#13879,.F.);
#13964=ADVANCED_FACE('',(#1021),#13880,.F.);
#13965=ADVANCED_FACE('',(#1022),#13881,.F.);
#13966=ADVANCED_FACE('',(#1023),#13882,.F.);
#13967=ADVANCED_FACE('',(#1024),#13883,.F.);
#13968=ADVANCED_FACE('',(#1025),#13884,.F.);
#13969=ADVANCED_FACE('',(#1026),#13885,.F.);
#13970=ADVANCED_FACE('',(#1027),#13886,.F.);
#13971=ADVANCED_FACE('',(#1028),#13887,.F.);
#13972=ADVANCED_FACE('',(#1029),#324,.F.);
#13973=ADVANCED_FACE('',(#1030),#325,.F.);
#13974=ADVANCED_FACE('',(#1031),#326,.F.);
#13975=ADVANCED_FACE('',(#1032),#327,.F.);
#13976=ADVANCED_FACE('',(#1033,#47),#328,.F.);
#13977=ADVANCED_FACE('',(#1034),#329,.F.);
#13978=ADVANCED_FACE('',(#1035),#330,.F.);
#13979=ADVANCED_FACE('',(#1036),#331,.F.);
#13980=ADVANCED_FACE('',(#1037),#332,.F.);
#13981=ADVANCED_FACE('',(#1038,#48),#333,.F.);
#13982=ADVANCED_FACE('',(#1039),#334,.F.);
#13983=ADVANCED_FACE('',(#1040),#335,.F.);
#13984=ADVANCED_FACE('',(#1041),#336,.F.);
#13985=ADVANCED_FACE('',(#1042),#337,.F.);
#13986=ADVANCED_FACE('',(#1043,#49),#338,.F.);
#13987=ADVANCED_FACE('',(#1044),#339,.F.);
#13988=ADVANCED_FACE('',(#1045),#340,.F.);
#13989=ADVANCED_FACE('',(#1046),#341,.F.);
#13990=ADVANCED_FACE('',(#1047),#342,.F.);
#13991=ADVANCED_FACE('',(#1048,#50),#343,.F.);
#13992=ADVANCED_FACE('',(#1049),#344,.F.);
#13993=ADVANCED_FACE('',(#1050),#345,.F.);
#13994=ADVANCED_FACE('',(#1051),#346,.F.);
#13995=ADVANCED_FACE('',(#1052),#347,.F.);
#13996=ADVANCED_FACE('',(#1053,#51),#348,.F.);
#13997=ADVANCED_FACE('',(#1054),#349,.F.);
#13998=ADVANCED_FACE('',(#1055),#350,.F.);
#13999=ADVANCED_FACE('',(#1056),#351,.F.);
#14000=ADVANCED_FACE('',(#1057),#352,.F.);
#14001=ADVANCED_FACE('',(#1058,#52),#353,.F.);
#14002=ADVANCED_FACE('',(#1059),#354,.F.);
#14003=ADVANCED_FACE('',(#1060),#355,.F.);
#14004=ADVANCED_FACE('',(#1061),#356,.F.);
#14005=ADVANCED_FACE('',(#1062),#357,.F.);
#14006=ADVANCED_FACE('',(#1063,#53),#358,.F.);
#14007=ADVANCED_FACE('',(#1064),#359,.F.);
#14008=ADVANCED_FACE('',(#1065),#360,.F.);
#14009=ADVANCED_FACE('',(#1066),#361,.F.);
#14010=ADVANCED_FACE('',(#1067),#362,.F.);
#14011=ADVANCED_FACE('',(#1068,#54),#363,.F.);
#14012=ADVANCED_FACE('',(#1069),#364,.F.);
#14013=ADVANCED_FACE('',(#1070),#365,.F.);
#14014=ADVANCED_FACE('',(#1071),#366,.F.);
#14015=ADVANCED_FACE('',(#1072),#367,.F.);
#14016=ADVANCED_FACE('',(#1073,#55),#368,.F.);
#14017=ADVANCED_FACE('',(#1074),#369,.F.);
#14018=ADVANCED_FACE('',(#1075),#370,.F.);
#14019=ADVANCED_FACE('',(#1076),#371,.F.);
#14020=ADVANCED_FACE('',(#1077),#372,.F.);
#14021=ADVANCED_FACE('',(#1078,#56),#373,.F.);
#14022=ADVANCED_FACE('',(#1079),#374,.T.);
#14023=ADVANCED_FACE('',(#1080),#375,.T.);
#14024=ADVANCED_FACE('',(#1081),#376,.T.);
#14025=ADVANCED_FACE('',(#1082),#377,.T.);
#14026=ADVANCED_FACE('',(#1083),#378,.T.);
#14027=ADVANCED_FACE('',(#1084),#379,.T.);
#14028=ADVANCED_FACE('',(#1085),#380,.T.);
#14029=ADVANCED_FACE('',(#1086),#381,.T.);
#14030=ADVANCED_FACE('',(#1087),#382,.T.);
#14031=ADVANCED_FACE('',(#1088),#383,.T.);
#14032=ADVANCED_FACE('',(#1089),#384,.T.);
#14033=ADVANCED_FACE('',(#1090),#385,.T.);
#14034=ADVANCED_FACE('',(#1091),#386,.T.);
#14035=ADVANCED_FACE('',(#1092),#387,.T.);
#14036=ADVANCED_FACE('',(#1093),#388,.T.);
#14037=ADVANCED_FACE('',(#1094),#389,.T.);
#14038=ADVANCED_FACE('',(#1095),#390,.T.);
#14039=ADVANCED_FACE('',(#1096),#391,.T.);
#14040=ADVANCED_FACE('',(#1097),#392,.T.);
#14041=ADVANCED_FACE('',(#1098),#393,.T.);
#14042=ADVANCED_FACE('',(#1099,#57),#394,.F.);
#14043=ADVANCED_FACE('',(#1100),#395,.T.);
#14044=ADVANCED_FACE('',(#1101),#396,.T.);
#14045=ADVANCED_FACE('',(#1102,#58),#397,.F.);
#14046=ADVANCED_FACE('',(#1103),#398,.T.);
#14047=ADVANCED_FACE('',(#1104),#399,.T.);
#14048=ADVANCED_FACE('',(#1105,#59),#400,.F.);
#14049=ADVANCED_FACE('',(#1106),#401,.T.);
#14050=ADVANCED_FACE('',(#1107),#402,.T.);
#14051=ADVANCED_FACE('',(#1108),#403,.T.);
#14052=ADVANCED_FACE('',(#1109),#404,.T.);
#14053=ADVANCED_FACE('',(#1110),#405,.T.);
#14054=ADVANCED_FACE('',(#1111),#406,.T.);
#14055=ADVANCED_FACE('',(#1112),#407,.T.);
#14056=ADVANCED_FACE('',(#1113),#408,.T.);
#14057=ADVANCED_FACE('',(#1114),#409,.T.);
#14058=ADVANCED_FACE('',(#1115),#410,.T.);
#14059=ADVANCED_FACE('',(#1116),#411,.T.);
#14060=ADVANCED_FACE('',(#1117),#412,.T.);
#14061=ADVANCED_FACE('',(#1118),#413,.T.);
#14062=ADVANCED_FACE('',(#1119),#414,.T.);
#14063=ADVANCED_FACE('',(#1120),#415,.T.);
#14064=ADVANCED_FACE('',(#1121),#416,.T.);
#14065=ADVANCED_FACE('',(#1122),#417,.T.);
#14066=ADVANCED_FACE('',(#1123),#418,.T.);
#14067=ADVANCED_FACE('',(#1124),#419,.T.);
#14068=ADVANCED_FACE('',(#1125),#420,.T.);
#14069=ADVANCED_FACE('',(#1126),#421,.T.);
#14070=ADVANCED_FACE('',(#1127),#422,.T.);
#14071=ADVANCED_FACE('',(#1128),#423,.T.);
#14072=ADVANCED_FACE('',(#1129),#424,.T.);
#14073=ADVANCED_FACE('',(#1130),#425,.T.);
#14074=ADVANCED_FACE('',(#1131),#426,.T.);
#14075=ADVANCED_FACE('',(#1132),#427,.T.);
#14076=ADVANCED_FACE('',(#1133),#428,.T.);
#14077=ADVANCED_FACE('',(#1134),#429,.T.);
#14078=ADVANCED_FACE('',(#1135),#430,.T.);
#14079=ADVANCED_FACE('',(#1136),#431,.T.);
#14080=ADVANCED_FACE('',(#1137),#432,.T.);
#14081=ADVANCED_FACE('',(#1138),#433,.T.);
#14082=ADVANCED_FACE('',(#1139),#434,.T.);
#14083=ADVANCED_FACE('',(#1140),#435,.T.);
#14084=ADVANCED_FACE('',(#1141),#436,.T.);
#14085=ADVANCED_FACE('',(#1142),#437,.T.);
#14086=ADVANCED_FACE('',(#1143),#438,.T.);
#14087=ADVANCED_FACE('',(#1144),#439,.T.);
#14088=ADVANCED_FACE('',(#1145),#440,.T.);
#14089=ADVANCED_FACE('',(#1146),#441,.T.);
#14090=ADVANCED_FACE('',(#1147),#442,.T.);
#14091=ADVANCED_FACE('',(#1148),#443,.T.);
#14092=ADVANCED_FACE('',(#1149),#444,.T.);
#14093=ADVANCED_FACE('',(#1150),#445,.T.);
#14094=ADVANCED_FACE('',(#1151),#446,.T.);
#14095=ADVANCED_FACE('',(#1152),#447,.T.);
#14096=ADVANCED_FACE('',(#1153),#448,.T.);
#14097=ADVANCED_FACE('',(#1154),#449,.T.);
#14098=ADVANCED_FACE('',(#1155),#450,.T.);
#14099=ADVANCED_FACE('',(#1156),#451,.T.);
#14100=ADVANCED_FACE('',(#1157),#452,.T.);
#14101=ADVANCED_FACE('',(#1158),#453,.T.);
#14102=ADVANCED_FACE('',(#1159),#454,.T.);
#14103=ADVANCED_FACE('',(#1160),#455,.T.);
#14104=ADVANCED_FACE('',(#1161),#456,.T.);
#14105=ADVANCED_FACE('',(#1162),#457,.T.);
#14106=ADVANCED_FACE('',(#1163),#458,.T.);
#14107=ADVANCED_FACE('',(#1164),#459,.T.);
#14108=ADVANCED_FACE('',(#1165),#460,.T.);
#14109=ADVANCED_FACE('',(#1166),#461,.T.);
#14110=ADVANCED_FACE('',(#1167),#462,.T.);
#14111=ADVANCED_FACE('',(#1168),#463,.T.);
#14112=ADVANCED_FACE('',(#1169),#464,.T.);
#14113=ADVANCED_FACE('',(#1170),#465,.T.);
#14114=ADVANCED_FACE('',(#1171),#466,.T.);
#14115=ADVANCED_FACE('',(#1172),#467,.T.);
#14116=ADVANCED_FACE('',(#1173),#468,.T.);
#14117=ADVANCED_FACE('',(#1174),#469,.T.);
#14118=ADVANCED_FACE('',(#1175),#470,.T.);
#14119=ADVANCED_FACE('',(#1176),#471,.T.);
#14120=ADVANCED_FACE('',(#1177),#472,.T.);
#14121=ADVANCED_FACE('',(#1178),#473,.T.);
#14122=ADVANCED_FACE('',(#1179),#474,.T.);
#14123=ADVANCED_FACE('',(#1180),#475,.T.);
#14124=ADVANCED_FACE('',(#1181),#476,.T.);
#14125=ADVANCED_FACE('',(#1182),#477,.T.);
#14126=ADVANCED_FACE('',(#1183),#478,.T.);
#14127=ADVANCED_FACE('',(#1184),#479,.T.);
#14128=ADVANCED_FACE('',(#1185),#480,.T.);
#14129=ADVANCED_FACE('',(#1186),#481,.T.);
#14130=ADVANCED_FACE('',(#1187),#482,.T.);
#14131=ADVANCED_FACE('',(#1188),#483,.T.);
#14132=ADVANCED_FACE('',(#1189),#484,.T.);
#14133=ADVANCED_FACE('',(#1190),#485,.T.);
#14134=ADVANCED_FACE('',(#1191),#486,.T.);
#14135=ADVANCED_FACE('',(#1192),#487,.T.);
#14136=ADVANCED_FACE('',(#1193),#488,.T.);
#14137=ADVANCED_FACE('',(#1194),#489,.T.);
#14138=ADVANCED_FACE('',(#1195),#490,.T.);
#14139=ADVANCED_FACE('',(#1196),#491,.T.);
#14140=ADVANCED_FACE('',(#1197),#492,.T.);
#14141=ADVANCED_FACE('',(#1198),#493,.T.);
#14142=ADVANCED_FACE('',(#1199),#494,.T.);
#14143=ADVANCED_FACE('',(#1200),#495,.T.);
#14144=ADVANCED_FACE('',(#1201),#496,.T.);
#14145=ADVANCED_FACE('',(#1202),#497,.T.);
#14146=ADVANCED_FACE('',(#1203),#498,.T.);
#14147=ADVANCED_FACE('',(#1204),#499,.T.);
#14148=ADVANCED_FACE('',(#1205),#500,.T.);
#14149=ADVANCED_FACE('',(#1206),#501,.T.);
#14150=ADVANCED_FACE('',(#1207),#502,.T.);
#14151=ADVANCED_FACE('',(#1208),#503,.T.);
#14152=ADVANCED_FACE('',(#1209),#504,.T.);
#14153=ADVANCED_FACE('',(#1210),#505,.T.);
#14154=ADVANCED_FACE('',(#1211),#506,.T.);
#14155=ADVANCED_FACE('',(#1212),#507,.T.);
#14156=ADVANCED_FACE('',(#1213),#508,.T.);
#14157=ADVANCED_FACE('',(#1214),#509,.T.);
#14158=ADVANCED_FACE('',(#1215),#510,.T.);
#14159=ADVANCED_FACE('',(#1216),#511,.T.);
#14160=ADVANCED_FACE('',(#1217),#512,.T.);
#14161=ADVANCED_FACE('',(#1218),#513,.T.);
#14162=ADVANCED_FACE('',(#1219),#514,.T.);
#14163=ADVANCED_FACE('',(#1220),#515,.T.);
#14164=ADVANCED_FACE('',(#1221),#516,.T.);
#14165=ADVANCED_FACE('',(#1222),#517,.T.);
#14166=ADVANCED_FACE('',(#1223),#518,.T.);
#14167=ADVANCED_FACE('',(#1224),#519,.T.);
#14168=ADVANCED_FACE('',(#1225),#520,.T.);
#14169=ADVANCED_FACE('',(#1226),#521,.T.);
#14170=ADVANCED_FACE('',(#1227),#522,.T.);
#14171=ADVANCED_FACE('',(#1228),#523,.T.);
#14172=ADVANCED_FACE('',(#1229),#524,.T.);
#14173=ADVANCED_FACE('',(#1230),#525,.T.);
#14174=ADVANCED_FACE('',(#1231),#526,.T.);
#14175=ADVANCED_FACE('',(#1232),#527,.T.);
#14176=ADVANCED_FACE('',(#1233),#528,.T.);
#14177=ADVANCED_FACE('',(#1234),#529,.T.);
#14178=ADVANCED_FACE('',(#1235),#530,.T.);
#14179=ADVANCED_FACE('',(#1236),#531,.T.);
#14180=ADVANCED_FACE('',(#1237),#532,.T.);
#14181=ADVANCED_FACE('',(#1238),#533,.T.);
#14182=ADVANCED_FACE('',(#1239),#534,.T.);
#14183=ADVANCED_FACE('',(#1240),#535,.T.);
#14184=ADVANCED_FACE('',(#1241),#536,.T.);
#14185=ADVANCED_FACE('',(#1242),#537,.T.);
#14186=ADVANCED_FACE('',(#1243),#538,.T.);
#14187=ADVANCED_FACE('',(#1244),#539,.T.);
#14188=ADVANCED_FACE('',(#1245),#540,.T.);
#14189=ADVANCED_FACE('',(#1246),#541,.T.);
#14190=ADVANCED_FACE('',(#1247),#542,.T.);
#14191=ADVANCED_FACE('',(#1248),#543,.T.);
#14192=ADVANCED_FACE('',(#1249),#544,.T.);
#14193=ADVANCED_FACE('',(#1250),#545,.T.);
#14194=ADVANCED_FACE('',(#1251),#546,.T.);
#14195=ADVANCED_FACE('',(#1252),#547,.T.);
#14196=ADVANCED_FACE('',(#1253),#548,.T.);
#14197=ADVANCED_FACE('',(#1254),#549,.T.);
#14198=ADVANCED_FACE('',(#1255),#550,.T.);
#14199=ADVANCED_FACE('',(#1256),#551,.T.);
#14200=ADVANCED_FACE('',(#1257),#552,.T.);
#14201=ADVANCED_FACE('',(#1258),#553,.T.);
#14202=ADVANCED_FACE('',(#1259),#554,.T.);
#14203=ADVANCED_FACE('',(#1260),#555,.T.);
#14204=ADVANCED_FACE('',(#1261),#556,.T.);
#14205=ADVANCED_FACE('',(#1262),#557,.T.);
#14206=ADVANCED_FACE('',(#1263),#558,.T.);
#14207=ADVANCED_FACE('',(#1264),#559,.T.);
#14208=ADVANCED_FACE('',(#1265),#560,.T.);
#14209=ADVANCED_FACE('',(#1266),#561,.T.);
#14210=ADVANCED_FACE('',(#1267),#562,.T.);
#14211=ADVANCED_FACE('',(#1268),#563,.T.);
#14212=ADVANCED_FACE('',(#1269),#564,.T.);
#14213=ADVANCED_FACE('',(#1270),#565,.T.);
#14214=ADVANCED_FACE('',(#1271),#566,.T.);
#14215=ADVANCED_FACE('',(#1272),#567,.T.);
#14216=ADVANCED_FACE('',(#1273),#568,.T.);
#14217=ADVANCED_FACE('',(#1274),#569,.T.);
#14218=ADVANCED_FACE('',(#1275),#570,.T.);
#14219=ADVANCED_FACE('',(#1276),#571,.T.);
#14220=ADVANCED_FACE('',(#1277),#572,.T.);
#14221=ADVANCED_FACE('',(#1278),#573,.T.);
#14222=ADVANCED_FACE('',(#1279),#574,.T.);
#14223=ADVANCED_FACE('',(#1280),#575,.T.);
#14224=ADVANCED_FACE('',(#1281),#576,.T.);
#14225=ADVANCED_FACE('',(#1282),#577,.T.);
#14226=ADVANCED_FACE('',(#1283),#578,.T.);
#14227=ADVANCED_FACE('',(#1284),#579,.T.);
#14228=ADVANCED_FACE('',(#1285),#580,.T.);
#14229=ADVANCED_FACE('',(#1286),#581,.T.);
#14230=ADVANCED_FACE('',(#1287),#582,.T.);
#14231=ADVANCED_FACE('',(#1288),#583,.T.);
#14232=ADVANCED_FACE('',(#1289),#584,.T.);
#14233=ADVANCED_FACE('',(#1290),#585,.T.);
#14234=ADVANCED_FACE('',(#1291),#586,.T.);
#14235=ADVANCED_FACE('',(#1292),#587,.T.);
#14236=ADVANCED_FACE('',(#1293),#588,.T.);
#14237=ADVANCED_FACE('',(#1294),#589,.T.);
#14238=ADVANCED_FACE('',(#1295),#590,.T.);
#14239=ADVANCED_FACE('',(#1296),#591,.T.);
#14240=ADVANCED_FACE('',(#1297),#592,.T.);
#14241=ADVANCED_FACE('',(#1298),#593,.T.);
#14242=ADVANCED_FACE('',(#1299),#594,.T.);
#14243=ADVANCED_FACE('',(#1300),#595,.T.);
#14244=ADVANCED_FACE('',(#1301),#596,.T.);
#14245=ADVANCED_FACE('',(#1302),#597,.T.);
#14246=ADVANCED_FACE('',(#1303),#598,.T.);
#14247=ADVANCED_FACE('',(#1304),#599,.T.);
#14248=ADVANCED_FACE('',(#1305),#600,.T.);
#14249=ADVANCED_FACE('',(#1306),#601,.T.);
#14250=ADVANCED_FACE('',(#1307),#602,.T.);
#14251=ADVANCED_FACE('',(#1308),#603,.T.);
#14252=ADVANCED_FACE('',(#1309),#604,.T.);
#14253=ADVANCED_FACE('',(#1310),#605,.T.);
#14254=ADVANCED_FACE('',(#1311),#606,.T.);
#14255=ADVANCED_FACE('',(#1312),#607,.T.);
#14256=ADVANCED_FACE('',(#1313),#608,.T.);
#14257=ADVANCED_FACE('',(#1314),#609,.T.);
#14258=ADVANCED_FACE('',(#1315),#610,.T.);
#14259=ADVANCED_FACE('',(#1316),#611,.T.);
#14260=ADVANCED_FACE('',(#1317),#612,.T.);
#14261=ADVANCED_FACE('',(#1318),#613,.T.);
#14262=ADVANCED_FACE('',(#1319),#614,.T.);
#14263=ADVANCED_FACE('',(#1320),#615,.T.);
#14264=ADVANCED_FACE('',(#1321),#616,.T.);
#14265=ADVANCED_FACE('',(#1322),#617,.T.);
#14266=ADVANCED_FACE('',(#1323),#618,.T.);
#14267=ADVANCED_FACE('',(#1324),#619,.T.);
#14268=ADVANCED_FACE('',(#1325),#620,.T.);
#14269=ADVANCED_FACE('',(#1326),#621,.T.);
#14270=ADVANCED_FACE('',(#1327),#622,.T.);
#14271=ADVANCED_FACE('',(#1328),#623,.T.);
#14272=ADVANCED_FACE('',(#1329),#624,.T.);
#14273=ADVANCED_FACE('',(#1330),#625,.T.);
#14274=ADVANCED_FACE('',(#1331),#626,.T.);
#14275=ADVANCED_FACE('',(#1332),#627,.T.);
#14276=ADVANCED_FACE('',(#1333),#628,.T.);
#14277=ADVANCED_FACE('',(#1334,#60,#61,#62,#63,#64,#65,#66,#67,#68,#69,
#70,#71,#72,#73,#74,#75,#76,#77,#78,#79,#80,#81,#82,#83,#84,#85,#86,#87,
#88,#89,#90,#91,#92,#93,#94,#95,#96,#97,#98,#99,#100,#101,#102,#103,#104,
#105,#106,#107,#108,#109,#110,#111,#112,#113,#114,#115,#116,#117,#118,#119,
#120,#121,#122,#123,#124,#125,#126,#127,#128,#129,#130,#131,#132,#133,#134,
#135,#136,#137,#138,#139,#140,#141,#142),#629,.T.);
#14278=ADVANCED_FACE('',(#1335,#143),#630,.F.);
#14279=ADVANCED_FACE('',(#1336,#144),#631,.F.);
#14280=ADVANCED_FACE('',(#1337,#145),#632,.F.);
#14281=ADVANCED_FACE('',(#1338,#146),#633,.F.);
#14282=ADVANCED_FACE('',(#1339,#147),#634,.F.);
#14283=ADVANCED_FACE('',(#1340,#148),#635,.F.);
#14284=ADVANCED_FACE('',(#1341,#149),#636,.F.);
#14285=ADVANCED_FACE('',(#1342,#150),#637,.F.);
#14286=ADVANCED_FACE('',(#1343,#151),#638,.F.);
#14287=ADVANCED_FACE('',(#1344,#152),#639,.F.);
#14288=ADVANCED_FACE('',(#1345,#153),#640,.F.);
#14289=ADVANCED_FACE('',(#1346,#154),#641,.F.);
#14290=ADVANCED_FACE('',(#1347,#155),#642,.F.);
#14291=ADVANCED_FACE('',(#1348,#156),#643,.F.);
#14292=ADVANCED_FACE('',(#1349,#157),#644,.F.);
#14293=ADVANCED_FACE('',(#1350,#158),#645,.F.);
#14294=ADVANCED_FACE('',(#1351,#159),#646,.F.);
#14295=ADVANCED_FACE('',(#1352,#160),#647,.F.);
#14296=ADVANCED_FACE('',(#1353,#161),#648,.F.);
#14297=ADVANCED_FACE('',(#1354,#162),#649,.F.);
#14298=ADVANCED_FACE('',(#1355,#163),#650,.F.);
#14299=ADVANCED_FACE('',(#1356,#164),#651,.F.);
#14300=ADVANCED_FACE('',(#1357,#165),#652,.F.);
#14301=ADVANCED_FACE('',(#1358,#166),#653,.F.);
#14302=ADVANCED_FACE('',(#1359,#167),#654,.F.);
#14303=ADVANCED_FACE('',(#1360,#168),#655,.F.);
#14304=ADVANCED_FACE('',(#1361,#169),#656,.F.);
#14305=ADVANCED_FACE('',(#1362,#170),#657,.F.);
#14306=ADVANCED_FACE('',(#1363,#171),#658,.F.);
#14307=ADVANCED_FACE('',(#1364,#172),#659,.F.);
#14308=ADVANCED_FACE('',(#1365,#173),#660,.F.);
#14309=ADVANCED_FACE('',(#1366,#174),#661,.F.);
#14310=ADVANCED_FACE('',(#1367,#175),#662,.F.);
#14311=ADVANCED_FACE('',(#1368,#176),#663,.F.);
#14312=ADVANCED_FACE('',(#1369,#177),#664,.F.);
#14313=ADVANCED_FACE('',(#1370,#178),#665,.F.);
#14314=ADVANCED_FACE('',(#1371,#179),#666,.F.);
#14315=ADVANCED_FACE('',(#1372,#180),#667,.F.);
#14316=ADVANCED_FACE('',(#1373,#181),#668,.F.);
#14317=ADVANCED_FACE('',(#1374,#182),#669,.F.);
#14318=ADVANCED_FACE('',(#1375,#183),#670,.F.);
#14319=ADVANCED_FACE('',(#1376,#184),#671,.F.);
#14320=ADVANCED_FACE('',(#1377,#185),#672,.F.);
#14321=ADVANCED_FACE('',(#1378,#186),#673,.F.);
#14322=ADVANCED_FACE('',(#1379,#187),#674,.F.);
#14323=ADVANCED_FACE('',(#1380,#188),#675,.F.);
#14324=ADVANCED_FACE('',(#1381),#676,.T.);
#14325=ADVANCED_FACE('',(#1382),#677,.T.);
#14326=ADVANCED_FACE('',(#1383),#678,.T.);
#14327=ADVANCED_FACE('',(#1384),#679,.T.);
#14328=ADVANCED_FACE('',(#1385),#680,.T.);
#14329=ADVANCED_FACE('',(#1386),#681,.T.);
#14330=ADVANCED_FACE('',(#1387),#682,.T.);
#14331=ADVANCED_FACE('',(#1388),#683,.T.);
#14332=ADVANCED_FACE('',(#1389),#684,.T.);
#14333=ADVANCED_FACE('',(#1390),#685,.T.);
#14334=ADVANCED_FACE('',(#1391),#686,.T.);
#14335=ADVANCED_FACE('',(#1392),#687,.T.);
#14336=ADVANCED_FACE('',(#1393),#688,.T.);
#14337=ADVANCED_FACE('',(#1394),#689,.T.);
#14338=ADVANCED_FACE('',(#1395),#690,.T.);
#14339=ADVANCED_FACE('',(#1396),#691,.T.);
#14340=ADVANCED_FACE('',(#1397),#692,.T.);
#14341=ADVANCED_FACE('',(#1398),#693,.T.);
#14342=ADVANCED_FACE('',(#1399),#694,.T.);
#14343=ADVANCED_FACE('',(#1400),#695,.T.);
#14344=ADVANCED_FACE('',(#1401),#696,.T.);
#14345=ADVANCED_FACE('',(#1402),#697,.T.);
#14346=ADVANCED_FACE('',(#1403),#698,.T.);
#14347=ADVANCED_FACE('',(#1404),#699,.T.);
#14348=ADVANCED_FACE('',(#1405),#700,.T.);
#14349=ADVANCED_FACE('',(#1406),#701,.T.);
#14350=ADVANCED_FACE('',(#1407),#702,.T.);
#14351=ADVANCED_FACE('',(#1408),#703,.T.);
#14352=ADVANCED_FACE('',(#1409),#704,.T.);
#14353=ADVANCED_FACE('',(#1410),#705,.T.);
#14354=ADVANCED_FACE('',(#1411),#706,.T.);
#14355=ADVANCED_FACE('',(#1412),#707,.T.);
#14356=ADVANCED_FACE('',(#1413),#708,.T.);
#14357=ADVANCED_FACE('',(#1414),#709,.T.);
#14358=ADVANCED_FACE('',(#1415),#710,.T.);
#14359=ADVANCED_FACE('',(#1416),#711,.T.);
#14360=ADVANCED_FACE('',(#1417),#712,.T.);
#14361=ADVANCED_FACE('',(#1418),#713,.T.);
#14362=ADVANCED_FACE('',(#1419),#714,.T.);
#14363=ADVANCED_FACE('',(#1420),#715,.T.);
#14364=ADVANCED_FACE('',(#1421),#716,.T.);
#14365=ADVANCED_FACE('',(#1422),#717,.T.);
#14366=ADVANCED_FACE('',(#1423),#718,.T.);
#14367=ADVANCED_FACE('',(#1424),#719,.T.);
#14368=ADVANCED_FACE('',(#1425),#720,.T.);
#14369=ADVANCED_FACE('',(#1426),#721,.T.);
#14370=ADVANCED_FACE('',(#1427),#722,.T.);
#14371=ADVANCED_FACE('',(#1428),#723,.T.);
#14372=ADVANCED_FACE('',(#1429),#724,.T.);
#14373=ADVANCED_FACE('',(#1430),#725,.T.);
#14374=ADVANCED_FACE('',(#1431),#726,.T.);
#14375=ADVANCED_FACE('',(#1432),#727,.T.);
#14376=ADVANCED_FACE('',(#1433),#728,.T.);
#14377=ADVANCED_FACE('',(#1434),#729,.T.);
#14378=ADVANCED_FACE('',(#1435),#730,.T.);
#14379=ADVANCED_FACE('',(#1436),#731,.T.);
#14380=ADVANCED_FACE('',(#1437),#732,.T.);
#14381=ADVANCED_FACE('',(#1438),#733,.T.);
#14382=ADVANCED_FACE('',(#1439),#734,.T.);
#14383=ADVANCED_FACE('',(#1440),#735,.T.);
#14384=ADVANCED_FACE('',(#1441),#736,.T.);
#14385=ADVANCED_FACE('',(#1442),#737,.T.);
#14386=ADVANCED_FACE('',(#1443),#738,.T.);
#14387=ADVANCED_FACE('',(#1444),#739,.T.);
#14388=ADVANCED_FACE('',(#1445),#740,.T.);
#14389=ADVANCED_FACE('',(#1446),#741,.T.);
#14390=ADVANCED_FACE('',(#1447),#742,.T.);
#14391=ADVANCED_FACE('',(#1448),#743,.T.);
#14392=ADVANCED_FACE('',(#1449),#744,.T.);
#14393=ADVANCED_FACE('',(#1450),#745,.T.);
#14394=ADVANCED_FACE('',(#1451),#746,.T.);
#14395=ADVANCED_FACE('',(#1452),#747,.T.);
#14396=ADVANCED_FACE('',(#1453),#748,.T.);
#14397=ADVANCED_FACE('',(#1454),#749,.T.);
#14398=ADVANCED_FACE('',(#1455),#750,.T.);
#14399=ADVANCED_FACE('',(#1456),#751,.T.);
#14400=ADVANCED_FACE('',(#1457),#752,.T.);
#14401=ADVANCED_FACE('',(#1458),#753,.T.);
#14402=ADVANCED_FACE('',(#1459),#754,.T.);
#14403=ADVANCED_FACE('',(#1460),#755,.T.);
#14404=ADVANCED_FACE('',(#1461),#756,.T.);
#14405=ADVANCED_FACE('',(#1462),#757,.T.);
#14406=ADVANCED_FACE('',(#1463),#758,.T.);
#14407=ADVANCED_FACE('',(#1464),#759,.T.);
#14408=ADVANCED_FACE('',(#1465),#760,.T.);
#14409=ADVANCED_FACE('',(#1466),#761,.T.);
#14410=ADVANCED_FACE('',(#1467),#762,.T.);
#14411=ADVANCED_FACE('',(#1468),#763,.T.);
#14412=ADVANCED_FACE('',(#1469),#764,.T.);
#14413=ADVANCED_FACE('',(#1470),#765,.T.);
#14414=ADVANCED_FACE('',(#1471),#766,.T.);
#14415=ADVANCED_FACE('',(#1472),#767,.T.);
#14416=ADVANCED_FACE('',(#1473),#768,.T.);
#14417=ADVANCED_FACE('',(#1474),#769,.T.);
#14418=ADVANCED_FACE('',(#1475),#770,.T.);
#14419=ADVANCED_FACE('',(#1476),#771,.T.);
#14420=ADVANCED_FACE('',(#1477),#772,.T.);
#14421=ADVANCED_FACE('',(#1478),#773,.T.);
#14422=ADVANCED_FACE('',(#1479),#774,.T.);
#14423=ADVANCED_FACE('',(#1480),#775,.T.);
#14424=ADVANCED_FACE('',(#1481),#776,.T.);
#14425=ADVANCED_FACE('',(#1482),#777,.T.);
#14426=ADVANCED_FACE('',(#1483),#778,.T.);
#14427=ADVANCED_FACE('',(#1484),#779,.T.);
#14428=ADVANCED_FACE('',(#1485),#780,.T.);
#14429=ADVANCED_FACE('',(#1486),#781,.T.);
#14430=ADVANCED_FACE('',(#1487),#782,.T.);
#14431=ADVANCED_FACE('',(#1488),#783,.T.);
#14432=ADVANCED_FACE('',(#1489),#784,.T.);
#14433=ADVANCED_FACE('',(#1490),#785,.T.);
#14434=ADVANCED_FACE('',(#1491),#786,.T.);
#14435=ADVANCED_FACE('',(#1492),#787,.T.);
#14436=ADVANCED_FACE('',(#1493),#788,.T.);
#14437=ADVANCED_FACE('',(#1494),#789,.T.);
#14438=ADVANCED_FACE('',(#1495),#790,.T.);
#14439=ADVANCED_FACE('',(#1496),#791,.T.);
#14440=ADVANCED_FACE('',(#1497),#792,.T.);
#14441=ADVANCED_FACE('',(#1498),#793,.T.);
#14442=ADVANCED_FACE('',(#1499),#794,.T.);
#14443=ADVANCED_FACE('',(#1500),#795,.T.);
#14444=ADVANCED_FACE('',(#1501),#796,.T.);
#14445=ADVANCED_FACE('',(#1502),#797,.T.);
#14446=ADVANCED_FACE('',(#1503),#798,.T.);
#14447=ADVANCED_FACE('',(#1504),#799,.T.);
#14448=ADVANCED_FACE('',(#1505),#800,.T.);
#14449=ADVANCED_FACE('',(#1506),#801,.T.);
#14450=ADVANCED_FACE('',(#1507),#802,.T.);
#14451=ADVANCED_FACE('',(#1508),#803,.T.);
#14452=ADVANCED_FACE('',(#1509),#804,.T.);
#14453=ADVANCED_FACE('',(#1510),#805,.T.);
#14454=ADVANCED_FACE('',(#1511),#806,.T.);
#14455=ADVANCED_FACE('',(#1512),#807,.T.);
#14456=ADVANCED_FACE('',(#1513),#808,.T.);
#14457=ADVANCED_FACE('',(#1514),#809,.T.);
#14458=ADVANCED_FACE('',(#1515),#810,.T.);
#14459=ADVANCED_FACE('',(#1516),#811,.T.);
#14460=ADVANCED_FACE('',(#1517),#812,.T.);
#14461=ADVANCED_FACE('',(#1518),#813,.T.);
#14462=ADVANCED_FACE('',(#1519),#814,.T.);
#14463=ADVANCED_FACE('',(#1520),#815,.T.);
#14464=ADVANCED_FACE('',(#1521),#816,.T.);
#14465=ADVANCED_FACE('',(#1522),#817,.T.);
#14466=ADVANCED_FACE('',(#1523),#818,.T.);
#14467=ADVANCED_FACE('',(#1524),#819,.T.);
#14468=ADVANCED_FACE('',(#1525),#820,.T.);
#14469=ADVANCED_FACE('',(#1526),#821,.T.);
#14470=ADVANCED_FACE('',(#1527),#822,.T.);
#14471=ADVANCED_FACE('',(#1528),#823,.T.);
#14472=ADVANCED_FACE('',(#1529),#824,.T.);
#14473=ADVANCED_FACE('',(#1530),#825,.T.);
#14474=ADVANCED_FACE('',(#1531),#826,.T.);
#14475=ADVANCED_FACE('',(#1532),#827,.T.);
#14476=ADVANCED_FACE('',(#1533),#828,.T.);
#14477=ADVANCED_FACE('',(#1534),#829,.T.);
#14478=ADVANCED_FACE('',(#1535),#830,.T.);
#14479=ADVANCED_FACE('',(#1536),#831,.T.);
#14480=ADVANCED_FACE('',(#1537),#832,.T.);
#14481=ADVANCED_FACE('',(#1538),#833,.T.);
#14482=ADVANCED_FACE('',(#1539),#834,.T.);
#14483=ADVANCED_FACE('',(#1540),#835,.T.);
#14484=ADVANCED_FACE('',(#1541),#836,.T.);
#14485=ADVANCED_FACE('',(#1542),#837,.T.);
#14486=ADVANCED_FACE('',(#1543),#838,.T.);
#14487=ADVANCED_FACE('',(#1544),#839,.T.);
#14488=ADVANCED_FACE('',(#1545),#840,.T.);
#14489=ADVANCED_FACE('',(#1546),#841,.T.);
#14490=ADVANCED_FACE('',(#1547),#842,.T.);
#14491=ADVANCED_FACE('',(#1548),#843,.T.);
#14492=ADVANCED_FACE('',(#1549),#844,.T.);
#14493=ADVANCED_FACE('',(#1550),#845,.T.);
#14494=ADVANCED_FACE('',(#1551),#846,.T.);
#14495=ADVANCED_FACE('',(#1552),#847,.T.);
#14496=ADVANCED_FACE('',(#1553),#848,.T.);
#14497=ADVANCED_FACE('',(#1554),#849,.T.);
#14498=ADVANCED_FACE('',(#1555),#850,.T.);
#14499=ADVANCED_FACE('',(#1556),#851,.T.);
#14500=ADVANCED_FACE('',(#1557),#852,.T.);
#14501=ADVANCED_FACE('',(#1558),#853,.T.);
#14502=ADVANCED_FACE('',(#1559),#854,.T.);
#14503=ADVANCED_FACE('',(#1560),#855,.T.);
#14504=ADVANCED_FACE('',(#1561),#856,.T.);
#14505=ADVANCED_FACE('',(#1562),#857,.T.);
#14506=ADVANCED_FACE('',(#1563),#858,.T.);
#14507=ADVANCED_FACE('',(#1564),#859,.T.);
#14508=ADVANCED_FACE('',(#1565),#860,.T.);
#14509=ADVANCED_FACE('',(#1566),#861,.T.);
#14510=ADVANCED_FACE('',(#1567),#862,.T.);
#14511=ADVANCED_FACE('',(#1568),#863,.T.);
#14512=ADVANCED_FACE('',(#1569),#864,.T.);
#14513=ADVANCED_FACE('',(#1570),#865,.T.);
#14514=ADVANCED_FACE('',(#1571),#866,.T.);
#14515=ADVANCED_FACE('',(#1572),#867,.T.);
#14516=ADVANCED_FACE('',(#1573),#868,.T.);
#14517=ADVANCED_FACE('',(#1574),#869,.T.);
#14518=ADVANCED_FACE('',(#1575),#870,.T.);
#14519=ADVANCED_FACE('',(#1576),#871,.T.);
#14520=ADVANCED_FACE('',(#1577),#872,.T.);
#14521=ADVANCED_FACE('',(#1578),#873,.T.);
#14522=ADVANCED_FACE('',(#1579),#874,.T.);
#14523=ADVANCED_FACE('',(#1580),#875,.T.);
#14524=ADVANCED_FACE('',(#1581),#876,.T.);
#14525=ADVANCED_FACE('',(#1582),#877,.T.);
#14526=ADVANCED_FACE('',(#1583),#878,.T.);
#14527=ADVANCED_FACE('',(#1584),#879,.T.);
#14528=ADVANCED_FACE('',(#1585),#880,.T.);
#14529=ADVANCED_FACE('',(#1586),#881,.T.);
#14530=ADVANCED_FACE('',(#1587),#882,.T.);
#14531=ADVANCED_FACE('',(#1588),#883,.T.);
#14532=ADVANCED_FACE('',(#1589),#884,.T.);
#14533=ADVANCED_FACE('',(#1590),#885,.T.);
#14534=ADVANCED_FACE('',(#1591),#886,.T.);
#14535=ADVANCED_FACE('',(#1592),#887,.T.);
#14536=ADVANCED_FACE('',(#1593),#888,.T.);
#14537=ADVANCED_FACE('',(#1594),#889,.T.);
#14538=ADVANCED_FACE('',(#1595),#890,.T.);
#14539=ADVANCED_FACE('',(#1596),#891,.T.);
#14540=ADVANCED_FACE('',(#1597),#892,.T.);
#14541=ADVANCED_FACE('',(#1598),#893,.T.);
#14542=ADVANCED_FACE('',(#1599),#894,.T.);
#14543=ADVANCED_FACE('',(#1600),#895,.T.);
#14544=ADVANCED_FACE('',(#1601),#896,.T.);
#14545=ADVANCED_FACE('',(#1602),#897,.T.);
#14546=ADVANCED_FACE('',(#1603),#898,.T.);
#14547=ADVANCED_FACE('',(#1604),#899,.T.);
#14548=ADVANCED_FACE('',(#1605),#900,.T.);
#14549=ADVANCED_FACE('',(#1606),#901,.T.);
#14550=ADVANCED_FACE('',(#1607),#902,.T.);
#14551=ADVANCED_FACE('',(#1608),#903,.T.);
#14552=ADVANCED_FACE('',(#1609),#904,.T.);
#14553=ADVANCED_FACE('',(#1610),#905,.T.);
#14554=ADVANCED_FACE('',(#1611),#906,.T.);
#14555=ADVANCED_FACE('',(#1612),#907,.T.);
#14556=ADVANCED_FACE('',(#1613),#908,.T.);
#14557=ADVANCED_FACE('',(#1614),#909,.T.);
#14558=ADVANCED_FACE('',(#1615),#910,.T.);
#14559=ADVANCED_FACE('',(#1616),#911,.T.);
#14560=ADVANCED_FACE('',(#1617),#912,.T.);
#14561=ADVANCED_FACE('',(#1618),#913,.T.);
#14562=ADVANCED_FACE('',(#1619),#914,.T.);
#14563=ADVANCED_FACE('',(#1620),#915,.T.);
#14564=ADVANCED_FACE('',(#1621),#916,.T.);
#14565=ADVANCED_FACE('',(#1622),#917,.T.);
#14566=ADVANCED_FACE('',(#1623),#918,.T.);
#14567=ADVANCED_FACE('',(#1624),#919,.T.);
#14568=ADVANCED_FACE('',(#1625),#920,.T.);
#14569=ADVANCED_FACE('',(#1626),#921,.T.);
#14570=ADVANCED_FACE('',(#1627),#922,.T.);
#14571=ADVANCED_FACE('',(#1628),#923,.T.);
#14572=ADVANCED_FACE('',(#1629),#924,.T.);
#14573=ADVANCED_FACE('',(#1630),#925,.T.);
#14574=ADVANCED_FACE('',(#1631),#926,.T.);
#14575=ADVANCED_FACE('',(#1632),#927,.T.);
#14576=ADVANCED_FACE('',(#1633),#928,.T.);
#14577=ADVANCED_FACE('',(#1634),#929,.T.);
#14578=ADVANCED_FACE('',(#1635),#930,.T.);
#14579=ADVANCED_FACE('',(#1636),#931,.T.);
#14580=ADVANCED_FACE('',(#1637),#932,.T.);
#14581=ADVANCED_FACE('',(#1638),#933,.T.);
#14582=ADVANCED_FACE('',(#1639),#934,.T.);
#14583=ADVANCED_FACE('',(#1640),#935,.T.);
#14584=ADVANCED_FACE('',(#1641),#936,.T.);
#14585=ADVANCED_FACE('',(#1642),#937,.T.);
#14586=ADVANCED_FACE('',(#1643),#938,.T.);
#14587=ADVANCED_FACE('',(#1644),#939,.T.);
#14588=ADVANCED_FACE('',(#1645),#940,.T.);
#14589=ADVANCED_FACE('',(#1646),#941,.T.);
#14590=ADVANCED_FACE('',(#1647),#942,.T.);
#14591=ADVANCED_FACE('',(#1648),#943,.T.);
#14592=ADVANCED_FACE('',(#1649,#189,#190,#191,#192,#193,#194,#195,#196,
#197,#198,#199,#200,#201,#202,#203,#204,#205,#206,#207,#208,#209,#210,#211,
#212,#213,#214,#215,#216,#217,#218,#219,#220,#221,#222,#223,#224,#225,#226,
#227,#228,#229,#230,#231,#232,#233,#234,#235,#236,#237,#238,#239,#240,#241,
#242,#243,#244,#245,#246,#247,#248,#249,#250,#251,#252,#253,#254,#255,#256,
#257,#258,#259,#260,#261,#262,#263,#264,#265,#266,#267,#268,#269,#270,#271,
#272,#273,#274,#275,#276,#277,#278,#279),#944,.T.);
#14593=CLOSED_SHELL('',(#13888,#13889,#13890,#13891,#13892,#13893,#13894,
#13895,#13896,#13897,#13898,#13899,#13900,#13901,#13902,#13903,#13904,#13905,
#13906,#13907,#13908,#13909,#13910,#13911,#13912,#13913,#13914,#13915,#13916,
#13917,#13918,#13919,#13920,#13921,#13922,#13923,#13924,#13925,#13926,#13927,
#13928,#13929,#13930,#13931,#13932,#13933,#13934,#13935,#13936,#13937,#13938,
#13939,#13940,#13941,#13942,#13943,#13944,#13945,#13946,#13947,#13948,#13949,
#13950,#13951,#13952,#13953,#13954,#13955,#13956,#13957,#13958,#13959,#13960,
#13961,#13962,#13963,#13964,#13965,#13966,#13967,#13968,#13969,#13970,#13971,
#13972,#13973,#13974,#13975,#13976,#13977,#13978,#13979,#13980,#13981,#13982,
#13983,#13984,#13985,#13986,#13987,#13988,#13989,#13990,#13991,#13992,#13993,
#13994,#13995,#13996,#13997,#13998,#13999,#14000,#14001,#14002,#14003,#14004,
#14005,#14006,#14007,#14008,#14009,#14010,#14011,#14012,#14013,#14014,#14015,
#14016,#14017,#14018,#14019,#14020,#14021,#14022,#14023,#14024,#14025,#14026,
#14027,#14028,#14029,#14030,#14031,#14032,#14033,#14034,#14035,#14036,#14037,
#14038,#14039,#14040,#14041,#14042,#14043,#14044,#14045,#14046,#14047,#14048,
#14049,#14050,#14051,#14052,#14053,#14054,#14055,#14056,#14057,#14058,#14059,
#14060,#14061,#14062,#14063,#14064,#14065,#14066,#14067,#14068,#14069,#14070,
#14071,#14072,#14073,#14074,#14075,#14076,#14077,#14078,#14079,#14080,#14081,
#14082,#14083,#14084,#14085,#14086,#14087,#14088,#14089,#14090,#14091,#14092,
#14093,#14094,#14095,#14096,#14097,#14098,#14099,#14100,#14101,#14102,#14103,
#14104,#14105,#14106,#14107,#14108,#14109,#14110,#14111,#14112,#14113,#14114,
#14115,#14116,#14117,#14118,#14119,#14120,#14121,#14122,#14123,#14124,#14125,
#14126,#14127,#14128,#14129,#14130,#14131,#14132,#14133,#14134,#14135,#14136,
#14137,#14138,#14139,#14140,#14141,#14142,#14143,#14144,#14145,#14146,#14147,
#14148,#14149,#14150,#14151,#14152,#14153,#14154,#14155,#14156,#14157,#14158,
#14159,#14160,#14161,#14162,#14163,#14164,#14165,#14166,#14167,#14168,#14169,
#14170,#14171,#14172,#14173,#14174,#14175,#14176,#14177,#14178,#14179,#14180,
#14181,#14182,#14183,#14184,#14185,#14186,#14187,#14188,#14189,#14190,#14191,
#14192,#14193,#14194,#14195,#14196,#14197,#14198,#14199,#14200,#14201,#14202,
#14203,#14204,#14205,#14206,#14207,#14208,#14209,#14210,#14211,#14212,#14213,
#14214,#14215,#14216,#14217,#14218,#14219,#14220,#14221,#14222,#14223,#14224,
#14225,#14226,#14227,#14228,#14229,#14230,#14231,#14232,#14233,#14234,#14235,
#14236,#14237,#14238,#14239,#14240,#14241,#14242,#14243,#14244,#14245,#14246,
#14247,#14248,#14249,#14250,#14251,#14252,#14253,#14254,#14255,#14256,#14257,
#14258,#14259,#14260,#14261,#14262,#14263,#14264,#14265,#14266,#14267,#14268,
#14269,#14270,#14271,#14272,#14273,#14274,#14275,#14276,#14277,#14278,#14279,
#14280,#14281,#14282,#14283,#14284,#14285,#14286,#14287,#14288,#14289,#14290,
#14291,#14292,#14293,#14294,#14295,#14296,#14297,#14298,#14299,#14300,#14301,
#14302,#14303,#14304,#14305,#14306,#14307,#14308,#14309,#14310,#14311,#14312,
#14313,#14314,#14315,#14316,#14317,#14318,#14319,#14320,#14321,#14322,#14323,
#14324,#14325,#14326,#14327,#14328,#14329,#14330,#14331,#14332,#14333,#14334,
#14335,#14336,#14337,#14338,#14339,#14340,#14341,#14342,#14343,#14344,#14345,
#14346,#14347,#14348,#14349,#14350,#14351,#14352,#14353,#14354,#14355,#14356,
#14357,#14358,#14359,#14360,#14361,#14362,#14363,#14364,#14365,#14366,#14367,
#14368,#14369,#14370,#14371,#14372,#14373,#14374,#14375,#14376,#14377,#14378,
#14379,#14380,#14381,#14382,#14383,#14384,#14385,#14386,#14387,#14388,#14389,
#14390,#14391,#14392,#14393,#14394,#14395,#14396,#14397,#14398,#14399,#14400,
#14401,#14402,#14403,#14404,#14405,#14406,#14407,#14408,#14409,#14410,#14411,
#14412,#14413,#14414,#14415,#14416,#14417,#14418,#14419,#14420,#14421,#14422,
#14423,#14424,#14425,#14426,#14427,#14428,#14429,#14430,#14431,#14432,#14433,
#14434,#14435,#14436,#14437,#14438,#14439,#14440,#14441,#14442,#14443,#14444,
#14445,#14446,#14447,#14448,#14449,#14450,#14451,#14452,#14453,#14454,#14455,
#14456,#14457,#14458,#14459,#14460,#14461,#14462,#14463,#14464,#14465,#14466,
#14467,#14468,#14469,#14470,#14471,#14472,#14473,#14474,#14475,#14476,#14477,
#14478,#14479,#14480,#14481,#14482,#14483,#14484,#14485,#14486,#14487,#14488,
#14489,#14490,#14491,#14492,#14493,#14494,#14495,#14496,#14497,#14498,#14499,
#14500,#14501,#14502,#14503,#14504,#14505,#14506,#14507,#14508,#14509,#14510,
#14511,#14512,#14513,#14514,#14515,#14516,#14517,#14518,#14519,#14520,#14521,
#14522,#14523,#14524,#14525,#14526,#14527,#14528,#14529,#14530,#14531,#14532,
#14533,#14534,#14535,#14536,#14537,#14538,#14539,#14540,#14541,#14542,#14543,
#14544,#14545,#14546,#14547,#14548,#14549,#14550,#14551,#14552,#14553,#14554,
#14555,#14556,#14557,#14558,#14559,#14560,#14561,#14562,#14563,#14564,#14565,
#14566,#14567,#14568,#14569,#14570,#14571,#14572,#14573,#14574,#14575,#14576,
#14577,#14578,#14579,#14580,#14581,#14582,#14583,#14584,#14585,#14586,#14587,
#14588,#14589,#14590,#14591,#14592));
#14594=DERIVED_UNIT_ELEMENT(#14596,1.);
#14595=DERIVED_UNIT_ELEMENT(#23035,-3.);
#14596=(
MASS_UNIT()
NAMED_UNIT(*)
SI_UNIT(.KILO.,.GRAM.)
);
#14597=DERIVED_UNIT((#14594,#14595));
#14598=MEASURE_REPRESENTATION_ITEM('density measure',
POSITIVE_RATIO_MEASURE(7850.),#14597);
#14599=PROPERTY_DEFINITION_REPRESENTATION(#14604,#14601);
#14600=PROPERTY_DEFINITION_REPRESENTATION(#14605,#14602);
#14601=REPRESENTATION('material name',(#14603),#23032);
#14602=REPRESENTATION('density',(#14598),#23032);
#14603=DESCRIPTIVE_REPRESENTATION_ITEM('Steel','Steel');
#14604=PROPERTY_DEFINITION('material property','material name',#23042);
#14605=PROPERTY_DEFINITION('material property','density of part',#23042);
#14606=AXIS2_PLACEMENT_3D('',#18984,#15440,#15441);
#14607=AXIS2_PLACEMENT_3D('',#18985,#15442,#15443);
#14608=AXIS2_PLACEMENT_3D('',#18987,#15444,#15445);
#14609=AXIS2_PLACEMENT_3D('',#18990,#15447,#15448);
#14610=AXIS2_PLACEMENT_3D('',#18991,#15449,#15450);
#14611=AXIS2_PLACEMENT_3D('',#18993,#15451,#15452);
#14612=AXIS2_PLACEMENT_3D('',#18994,#15453,#15454);
#14613=AXIS2_PLACEMENT_3D('',#18996,#15455,#15456);
#14614=AXIS2_PLACEMENT_3D('',#19000,#15458,#15459);
#14615=AXIS2_PLACEMENT_3D('',#19004,#15461,#15462);
#14616=AXIS2_PLACEMENT_3D('',#19008,#15464,#15465);
#14617=AXIS2_PLACEMENT_3D('',#19012,#15467,#15468);
#14618=AXIS2_PLACEMENT_3D('',#19015,#15470,#15471);
#14619=AXIS2_PLACEMENT_3D('',#19016,#15472,#15473);
#14620=AXIS2_PLACEMENT_3D('',#19020,#15476,#15477);
#14621=AXIS2_PLACEMENT_3D('',#19021,#15478,#15479);
#14622=AXIS2_PLACEMENT_3D('',#19023,#15480,#15481);
#14623=AXIS2_PLACEMENT_3D('',#19027,#15483,#15484);
#14624=AXIS2_PLACEMENT_3D('',#19031,#15486,#15487);
#14625=AXIS2_PLACEMENT_3D('',#19035,#15489,#15490);
#14626=AXIS2_PLACEMENT_3D('',#19039,#15492,#15493);
#14627=AXIS2_PLACEMENT_3D('',#19042,#15495,#15496);
#14628=AXIS2_PLACEMENT_3D('',#19043,#15497,#15498);
#14629=AXIS2_PLACEMENT_3D('',#19047,#15501,#15502);
#14630=AXIS2_PLACEMENT_3D('',#19048,#15503,#15504);
#14631=AXIS2_PLACEMENT_3D('',#19053,#15506,#15507);
#14632=AXIS2_PLACEMENT_3D('',#19056,#15509,#15510);
#14633=AXIS2_PLACEMENT_3D('',#19058,#15511,#15512);
#14634=AXIS2_PLACEMENT_3D('',#19059,#15513,#15514);
#14635=AXIS2_PLACEMENT_3D('',#19061,#15515,#15516);
#14636=AXIS2_PLACEMENT_3D('',#19065,#15518,#15519);
#14637=AXIS2_PLACEMENT_3D('',#19070,#15522,#15523);
#14638=AXIS2_PLACEMENT_3D('',#19074,#15526,#15527);
#14639=AXIS2_PLACEMENT_3D('',#19075,#15528,#15529);
#14640=AXIS2_PLACEMENT_3D('',#19080,#15531,#15532);
#14641=AXIS2_PLACEMENT_3D('',#19083,#15534,#15535);
#14642=AXIS2_PLACEMENT_3D('',#19085,#15536,#15537);
#14643=AXIS2_PLACEMENT_3D('',#19086,#15538,#15539);
#14644=AXIS2_PLACEMENT_3D('',#19088,#15540,#15541);
#14645=AXIS2_PLACEMENT_3D('',#19092,#15543,#15544);
#14646=AXIS2_PLACEMENT_3D('',#19097,#15547,#15548);
#14647=AXIS2_PLACEMENT_3D('',#19101,#15551,#15552);
#14648=AXIS2_PLACEMENT_3D('',#19102,#15553,#15554);
#14649=AXIS2_PLACEMENT_3D('',#19107,#15556,#15557);
#14650=AXIS2_PLACEMENT_3D('',#19110,#15559,#15560);
#14651=AXIS2_PLACEMENT_3D('',#19112,#15561,#15562);
#14652=AXIS2_PLACEMENT_3D('',#19113,#15563,#15564);
#14653=AXIS2_PLACEMENT_3D('',#19115,#15565,#15566);
#14654=AXIS2_PLACEMENT_3D('',#19119,#15568,#15569);
#14655=AXIS2_PLACEMENT_3D('',#19124,#15572,#15573);
#14656=AXIS2_PLACEMENT_3D('',#19128,#15576,#15577);
#14657=AXIS2_PLACEMENT_3D('',#19129,#15578,#15579);
#14658=AXIS2_PLACEMENT_3D('',#19134,#15581,#15582);
#14659=AXIS2_PLACEMENT_3D('',#19137,#15584,#15585);
#14660=AXIS2_PLACEMENT_3D('',#19139,#15586,#15587);
#14661=AXIS2_PLACEMENT_3D('',#19140,#15588,#15589);
#14662=AXIS2_PLACEMENT_3D('',#19142,#15590,#15591);
#14663=AXIS2_PLACEMENT_3D('',#19146,#15593,#15594);
#14664=AXIS2_PLACEMENT_3D('',#19151,#15597,#15598);
#14665=AXIS2_PLACEMENT_3D('',#19155,#15601,#15602);
#14666=AXIS2_PLACEMENT_3D('',#19156,#15603,#15604);
#14667=AXIS2_PLACEMENT_3D('',#19161,#15606,#15607);
#14668=AXIS2_PLACEMENT_3D('',#19164,#15609,#15610);
#14669=AXIS2_PLACEMENT_3D('',#19166,#15611,#15612);
#14670=AXIS2_PLACEMENT_3D('',#19167,#15613,#15614);
#14671=AXIS2_PLACEMENT_3D('',#19169,#15615,#15616);
#14672=AXIS2_PLACEMENT_3D('',#19173,#15618,#15619);
#14673=AXIS2_PLACEMENT_3D('',#19178,#15622,#15623);
#14674=AXIS2_PLACEMENT_3D('',#19182,#15626,#15627);
#14675=AXIS2_PLACEMENT_3D('',#19183,#15628,#15629);
#14676=AXIS2_PLACEMENT_3D('',#19185,#15630,#15631);
#14677=AXIS2_PLACEMENT_3D('',#19188,#15633,#15634);
#14678=AXIS2_PLACEMENT_3D('',#19189,#15635,#15636);
#14679=AXIS2_PLACEMENT_3D('',#19191,#15637,#15638);
#14680=AXIS2_PLACEMENT_3D('',#19192,#15639,#15640);
#14681=AXIS2_PLACEMENT_3D('',#19194,#15641,#15642);
#14682=AXIS2_PLACEMENT_3D('',#19197,#15644,#15645);
#14683=AXIS2_PLACEMENT_3D('',#19198,#15646,#15647);
#14684=AXIS2_PLACEMENT_3D('',#19200,#15648,#15649);
#14685=AXIS2_PLACEMENT_3D('',#19201,#15650,#15651);
#14686=AXIS2_PLACEMENT_3D('',#19203,#15652,#15653);
#14687=AXIS2_PLACEMENT_3D('',#19206,#15655,#15656);
#14688=AXIS2_PLACEMENT_3D('',#19207,#15657,#15658);
#14689=AXIS2_PLACEMENT_3D('',#19209,#15659,#15660);
#14690=AXIS2_PLACEMENT_3D('',#19210,#15661,#15662);
#14691=AXIS2_PLACEMENT_3D('',#19212,#15663,#15664);
#14692=AXIS2_PLACEMENT_3D('',#19215,#15666,#15667);
#14693=AXIS2_PLACEMENT_3D('',#19216,#15668,#15669);
#14694=AXIS2_PLACEMENT_3D('',#19218,#15670,#15671);
#14695=AXIS2_PLACEMENT_3D('',#19219,#15672,#15673);
#14696=AXIS2_PLACEMENT_3D('',#19221,#15674,#15675);
#14697=AXIS2_PLACEMENT_3D('',#19224,#15677,#15678);
#14698=AXIS2_PLACEMENT_3D('',#19225,#15679,#15680);
#14699=AXIS2_PLACEMENT_3D('',#19227,#15681,#15682);
#14700=AXIS2_PLACEMENT_3D('',#19228,#15683,#15684);
#14701=AXIS2_PLACEMENT_3D('',#19230,#15685,#15686);
#14702=AXIS2_PLACEMENT_3D('',#19233,#15688,#15689);
#14703=AXIS2_PLACEMENT_3D('',#19234,#15690,#15691);
#14704=AXIS2_PLACEMENT_3D('',#19236,#15692,#15693);
#14705=AXIS2_PLACEMENT_3D('',#19237,#15694,#15695);
#14706=AXIS2_PLACEMENT_3D('',#19242,#15697,#15698);
#14707=AXIS2_PLACEMENT_3D('',#19245,#15700,#15701);
#14708=AXIS2_PLACEMENT_3D('',#19247,#15702,#15703);
#14709=AXIS2_PLACEMENT_3D('',#19248,#15704,#15705);
#14710=AXIS2_PLACEMENT_3D('',#19250,#15706,#15707);
#14711=AXIS2_PLACEMENT_3D('',#19254,#15709,#15710);
#14712=AXIS2_PLACEMENT_3D('',#19259,#15713,#15714);
#14713=AXIS2_PLACEMENT_3D('',#19263,#15717,#15718);
#14714=AXIS2_PLACEMENT_3D('',#19264,#15719,#15720);
#14715=AXIS2_PLACEMENT_3D('',#19269,#15722,#15723);
#14716=AXIS2_PLACEMENT_3D('',#19272,#15725,#15726);
#14717=AXIS2_PLACEMENT_3D('',#19274,#15727,#15728);
#14718=AXIS2_PLACEMENT_3D('',#19275,#15729,#15730);
#14719=AXIS2_PLACEMENT_3D('',#19277,#15731,#15732);
#14720=AXIS2_PLACEMENT_3D('',#19281,#15734,#15735);
#14721=AXIS2_PLACEMENT_3D('',#19286,#15738,#15739);
#14722=AXIS2_PLACEMENT_3D('',#19290,#15742,#15743);
#14723=AXIS2_PLACEMENT_3D('',#19291,#15744,#15745);
#14724=AXIS2_PLACEMENT_3D('',#19296,#15747,#15748);
#14725=AXIS2_PLACEMENT_3D('',#19299,#15750,#15751);
#14726=AXIS2_PLACEMENT_3D('',#19301,#15752,#15753);
#14727=AXIS2_PLACEMENT_3D('',#19302,#15754,#15755);
#14728=AXIS2_PLACEMENT_3D('',#19304,#15756,#15757);
#14729=AXIS2_PLACEMENT_3D('',#19308,#15759,#15760);
#14730=AXIS2_PLACEMENT_3D('',#19313,#15763,#15764);
#14731=AXIS2_PLACEMENT_3D('',#19317,#15767,#15768);
#14732=AXIS2_PLACEMENT_3D('',#19318,#15769,#15770);
#14733=AXIS2_PLACEMENT_3D('',#19323,#15772,#15773);
#14734=AXIS2_PLACEMENT_3D('',#19326,#15775,#15776);
#14735=AXIS2_PLACEMENT_3D('',#19328,#15777,#15778);
#14736=AXIS2_PLACEMENT_3D('',#19329,#15779,#15780);
#14737=AXIS2_PLACEMENT_3D('',#19331,#15781,#15782);
#14738=AXIS2_PLACEMENT_3D('',#19335,#15784,#15785);
#14739=AXIS2_PLACEMENT_3D('',#19340,#15788,#15789);
#14740=AXIS2_PLACEMENT_3D('',#19344,#15792,#15793);
#14741=AXIS2_PLACEMENT_3D('',#19345,#15794,#15795);
#14742=AXIS2_PLACEMENT_3D('',#19347,#15796,#15797);
#14743=AXIS2_PLACEMENT_3D('',#19351,#15799,#15800);
#14744=AXIS2_PLACEMENT_3D('',#19355,#15802,#15803);
#14745=AXIS2_PLACEMENT_3D('',#19359,#15805,#15806);
#14746=AXIS2_PLACEMENT_3D('',#19363,#15808,#15809);
#14747=AXIS2_PLACEMENT_3D('',#19366,#15811,#15812);
#14748=AXIS2_PLACEMENT_3D('',#19367,#15813,#15814);
#14749=AXIS2_PLACEMENT_3D('',#19371,#15817,#15818);
#14750=AXIS2_PLACEMENT_3D('',#19372,#15819,#15820);
#14751=AXIS2_PLACEMENT_3D('',#19374,#15821,#15822);
#14752=AXIS2_PLACEMENT_3D('',#19377,#15824,#15825);
#14753=AXIS2_PLACEMENT_3D('',#19378,#15826,#15827);
#14754=AXIS2_PLACEMENT_3D('',#19380,#15828,#15829);
#14755=AXIS2_PLACEMENT_3D('',#19381,#15830,#15831);
#14756=AXIS2_PLACEMENT_3D('',#19399,#15841,#15842);
#14757=AXIS2_PLACEMENT_3D('',#19409,#15848,#15849);
#14758=AXIS2_PLACEMENT_3D('',#19427,#15859,#15860);
#14759=AXIS2_PLACEMENT_3D('',#19437,#15866,#15867);
#14760=AXIS2_PLACEMENT_3D('',#19447,#15873,#15874);
#14761=AXIS2_PLACEMENT_3D('',#19465,#15884,#15885);
#14762=AXIS2_PLACEMENT_3D('',#19475,#15891,#15892);
#14763=AXIS2_PLACEMENT_3D('',#19493,#15902,#15903);
#14764=AXIS2_PLACEMENT_3D('',#19503,#15909,#15910);
#14765=AXIS2_PLACEMENT_3D('',#19521,#15920,#15921);
#14766=AXIS2_PLACEMENT_3D('',#19531,#15927,#15928);
#14767=AXIS2_PLACEMENT_3D('',#19549,#15938,#15939);
#14768=AXIS2_PLACEMENT_3D('',#19559,#15945,#15946);
#14769=AXIS2_PLACEMENT_3D('',#19577,#15956,#15957);
#14770=AXIS2_PLACEMENT_3D('',#19587,#15963,#15964);
#14771=AXIS2_PLACEMENT_3D('',#19605,#15974,#15975);
#14772=AXIS2_PLACEMENT_3D('',#19615,#15981,#15982);
#14773=AXIS2_PLACEMENT_3D('',#19633,#15992,#15993);
#14774=AXIS2_PLACEMENT_3D('',#19643,#15999,#16000);
#14775=AXIS2_PLACEMENT_3D('',#19661,#16010,#16011);
#14776=AXIS2_PLACEMENT_3D('',#19671,#16017,#16018);
#14777=AXIS2_PLACEMENT_3D('',#19689,#16028,#16029);
#14778=AXIS2_PLACEMENT_3D('',#19707,#16039,#16040);
#14779=AXIS2_PLACEMENT_3D('',#19717,#16046,#16047);
#14780=AXIS2_PLACEMENT_3D('',#19720,#16049,#16050);
#14781=AXIS2_PLACEMENT_3D('',#19721,#16051,#16052);
#14782=AXIS2_PLACEMENT_3D('',#19724,#16054,#16055);
#14783=AXIS2_PLACEMENT_3D('',#19725,#16056,#16057);
#14784=AXIS2_PLACEMENT_3D('',#19728,#16059,#16060);
#14785=AXIS2_PLACEMENT_3D('',#19729,#16061,#16062);
#14786=AXIS2_PLACEMENT_3D('',#19732,#16064,#16065);
#14787=AXIS2_PLACEMENT_3D('',#19733,#16066,#16067);
#14788=AXIS2_PLACEMENT_3D('',#19736,#16069,#16070);
#14789=AXIS2_PLACEMENT_3D('',#19737,#16071,#16072);
#14790=AXIS2_PLACEMENT_3D('',#19740,#16074,#16075);
#14791=AXIS2_PLACEMENT_3D('',#19741,#16076,#16077);
#14792=AXIS2_PLACEMENT_3D('',#19744,#16079,#16080);
#14793=AXIS2_PLACEMENT_3D('',#19745,#16081,#16082);
#14794=AXIS2_PLACEMENT_3D('',#19748,#16084,#16085);
#14795=AXIS2_PLACEMENT_3D('',#19749,#16086,#16087);
#14796=AXIS2_PLACEMENT_3D('',#19752,#16089,#16090);
#14797=AXIS2_PLACEMENT_3D('',#19753,#16091,#16092);
#14798=AXIS2_PLACEMENT_3D('',#19756,#16094,#16095);
#14799=AXIS2_PLACEMENT_3D('',#19757,#16096,#16097);
#14800=AXIS2_PLACEMENT_3D('',#19760,#16099,#16100);
#14801=AXIS2_PLACEMENT_3D('',#19761,#16101,#16102);
#14802=AXIS2_PLACEMENT_3D('',#19764,#16104,#16105);
#14803=AXIS2_PLACEMENT_3D('',#19765,#16106,#16107);
#14804=AXIS2_PLACEMENT_3D('',#19768,#16109,#16110);
#14805=AXIS2_PLACEMENT_3D('',#19769,#16111,#16112);
#14806=AXIS2_PLACEMENT_3D('',#19772,#16114,#16115);
#14807=AXIS2_PLACEMENT_3D('',#19773,#16116,#16117);
#14808=AXIS2_PLACEMENT_3D('',#19776,#16119,#16120);
#14809=AXIS2_PLACEMENT_3D('',#19777,#16121,#16122);
#14810=AXIS2_PLACEMENT_3D('',#19780,#16124,#16125);
#14811=AXIS2_PLACEMENT_3D('',#19781,#16126,#16127);
#14812=AXIS2_PLACEMENT_3D('',#19784,#16129,#16130);
#14813=AXIS2_PLACEMENT_3D('',#19785,#16131,#16132);
#14814=AXIS2_PLACEMENT_3D('',#19788,#16134,#16135);
#14815=AXIS2_PLACEMENT_3D('',#19789,#16136,#16137);
#14816=AXIS2_PLACEMENT_3D('',#19792,#16139,#16140);
#14817=AXIS2_PLACEMENT_3D('',#19793,#16141,#16142);
#14818=AXIS2_PLACEMENT_3D('',#19796,#16144,#16145);
#14819=AXIS2_PLACEMENT_3D('',#19797,#16146,#16147);
#14820=AXIS2_PLACEMENT_3D('',#19806,#16152,#16153);
#14821=AXIS2_PLACEMENT_3D('',#19812,#16157,#16158);
#14822=AXIS2_PLACEMENT_3D('',#19818,#16162,#16163);
#14823=AXIS2_PLACEMENT_3D('',#19821,#16166,#16167);
#14824=AXIS2_PLACEMENT_3D('',#19830,#16172,#16173);
#14825=AXIS2_PLACEMENT_3D('',#19839,#16178,#16179);
#14826=AXIS2_PLACEMENT_3D('',#19845,#16183,#16184);
#14827=AXIS2_PLACEMENT_3D('',#19855,#16190,#16191);
#14828=AXIS2_PLACEMENT_3D('',#19862,#16196,#16197);
#14829=AXIS2_PLACEMENT_3D('',#19871,#16202,#16203);
#14830=AXIS2_PLACEMENT_3D('',#19884,#16210,#16211);
#14831=AXIS2_PLACEMENT_3D('',#19894,#16217,#16218);
#14832=AXIS2_PLACEMENT_3D('',#19900,#16222,#16223);
#14833=AXIS2_PLACEMENT_3D('',#19903,#16226,#16227);
#14834=AXIS2_PLACEMENT_3D('',#19912,#16232,#16233);
#14835=AXIS2_PLACEMENT_3D('',#19925,#16240,#16241);
#14836=AXIS2_PLACEMENT_3D('',#19935,#16247,#16248);
#14837=AXIS2_PLACEMENT_3D('',#19941,#16252,#16253);
#14838=AXIS2_PLACEMENT_3D('',#19944,#16256,#16257);
#14839=AXIS2_PLACEMENT_3D('',#19953,#16262,#16263);
#14840=AXIS2_PLACEMENT_3D('',#19966,#16270,#16271);
#14841=AXIS2_PLACEMENT_3D('',#19976,#16277,#16278);
#14842=AXIS2_PLACEMENT_3D('',#19982,#16282,#16283);
#14843=AXIS2_PLACEMENT_3D('',#19985,#16286,#16287);
#14844=AXIS2_PLACEMENT_3D('',#19994,#16292,#16293);
#14845=AXIS2_PLACEMENT_3D('',#20003,#16298,#16299);
#14846=AXIS2_PLACEMENT_3D('',#20009,#16303,#16304);
#14847=AXIS2_PLACEMENT_3D('',#20015,#16308,#16309);
#14848=AXIS2_PLACEMENT_3D('',#20018,#16312,#16313);
#14849=AXIS2_PLACEMENT_3D('',#20027,#16318,#16319);
#14850=AXIS2_PLACEMENT_3D('',#20040,#16326,#16327);
#14851=AXIS2_PLACEMENT_3D('',#20050,#16333,#16334);
#14852=AXIS2_PLACEMENT_3D('',#20056,#16338,#16339);
#14853=AXIS2_PLACEMENT_3D('',#20059,#16342,#16343);
#14854=AXIS2_PLACEMENT_3D('',#20068,#16348,#16349);
#14855=AXIS2_PLACEMENT_3D('',#20077,#16354,#16355);
#14856=AXIS2_PLACEMENT_3D('',#20083,#16359,#16360);
#14857=AXIS2_PLACEMENT_3D('',#20093,#16366,#16367);
#14858=AXIS2_PLACEMENT_3D('',#20100,#16372,#16373);
#14859=AXIS2_PLACEMENT_3D('',#20109,#16378,#16379);
#14860=AXIS2_PLACEMENT_3D('',#20118,#16384,#16385);
#14861=AXIS2_PLACEMENT_3D('',#20124,#16389,#16390);
#14862=AXIS2_PLACEMENT_3D('',#20134,#16396,#16397);
#14863=AXIS2_PLACEMENT_3D('',#20141,#16402,#16403);
#14864=AXIS2_PLACEMENT_3D('',#20150,#16408,#16409);
#14865=AXIS2_PLACEMENT_3D('',#20159,#16414,#16415);
#14866=AXIS2_PLACEMENT_3D('',#20165,#16419,#16420);
#14867=AXIS2_PLACEMENT_3D('',#20175,#16426,#16427);
#14868=AXIS2_PLACEMENT_3D('',#20182,#16432,#16433);
#14869=AXIS2_PLACEMENT_3D('',#20191,#16438,#16439);
#14870=AXIS2_PLACEMENT_3D('',#20197,#16443,#16444);
#14871=AXIS2_PLACEMENT_3D('',#20201,#16447,#16448);
#14872=AXIS2_PLACEMENT_3D('',#20207,#16452,#16453);
#14873=AXIS2_PLACEMENT_3D('',#20211,#16456,#16457);
#14874=AXIS2_PLACEMENT_3D('',#20217,#16461,#16462);
#14875=AXIS2_PLACEMENT_3D('',#20221,#16465,#16466);
#14876=AXIS2_PLACEMENT_3D('',#20227,#16470,#16471);
#14877=AXIS2_PLACEMENT_3D('',#20233,#16475,#16476);
#14878=AXIS2_PLACEMENT_3D('',#20237,#16479,#16480);
#14879=AXIS2_PLACEMENT_3D('',#20243,#16484,#16485);
#14880=AXIS2_PLACEMENT_3D('',#20249,#16489,#16490);
#14881=AXIS2_PLACEMENT_3D('',#20253,#16493,#16494);
#14882=AXIS2_PLACEMENT_3D('',#20259,#16498,#16499);
#14883=AXIS2_PLACEMENT_3D('',#20265,#16503,#16504);
#14884=AXIS2_PLACEMENT_3D('',#20269,#16507,#16508);
#14885=AXIS2_PLACEMENT_3D('',#20275,#16512,#16513);
#14886=AXIS2_PLACEMENT_3D('',#20279,#16516,#16517);
#14887=AXIS2_PLACEMENT_3D('',#20285,#16521,#16522);
#14888=AXIS2_PLACEMENT_3D('',#20291,#16526,#16527);
#14889=AXIS2_PLACEMENT_3D('',#20295,#16530,#16531);
#14890=AXIS2_PLACEMENT_3D('',#20308,#16539,#16540);
#14891=AXIS2_PLACEMENT_3D('',#20314,#16544,#16545);
#14892=AXIS2_PLACEMENT_3D('',#20318,#16548,#16549);
#14893=AXIS2_PLACEMENT_3D('',#20331,#16557,#16558);
#14894=AXIS2_PLACEMENT_3D('',#20337,#16562,#16563);
#14895=AXIS2_PLACEMENT_3D('',#20341,#16566,#16567);
#14896=AXIS2_PLACEMENT_3D('',#20354,#16575,#16576);
#14897=AXIS2_PLACEMENT_3D('',#20363,#16581,#16582);
#14898=AXIS2_PLACEMENT_3D('',#20369,#16586,#16587);
#14899=AXIS2_PLACEMENT_3D('',#20375,#16591,#16592);
#14900=AXIS2_PLACEMENT_3D('',#20378,#16595,#16596);
#14901=AXIS2_PLACEMENT_3D('',#20382,#16599,#16600);
#14902=AXIS2_PLACEMENT_3D('',#20384,#16602,#16603);
#14903=AXIS2_PLACEMENT_3D('',#20386,#16605,#16606);
#14904=AXIS2_PLACEMENT_3D('',#20388,#16608,#16609);
#14905=AXIS2_PLACEMENT_3D('',#20392,#16612,#16613);
#14906=AXIS2_PLACEMENT_3D('',#20394,#16615,#16616);
#14907=AXIS2_PLACEMENT_3D('',#20397,#16619,#16620);
#14908=AXIS2_PLACEMENT_3D('',#20403,#16624,#16625);
#14909=AXIS2_PLACEMENT_3D('',#20406,#16628,#16629);
#14910=AXIS2_PLACEMENT_3D('',#20408,#16631,#16632);
#14911=AXIS2_PLACEMENT_3D('',#20412,#16635,#16636);
#14912=AXIS2_PLACEMENT_3D('',#20414,#16638,#16639);
#14913=AXIS2_PLACEMENT_3D('',#20423,#16644,#16645);
#14914=AXIS2_PLACEMENT_3D('',#20429,#16649,#16650);
#14915=AXIS2_PLACEMENT_3D('',#20435,#16654,#16655);
#14916=AXIS2_PLACEMENT_3D('',#20438,#16658,#16659);
#14917=AXIS2_PLACEMENT_3D('',#20447,#16664,#16665);
#14918=AXIS2_PLACEMENT_3D('',#20453,#16669,#16670);
#14919=AXIS2_PLACEMENT_3D('',#20459,#16674,#16675);
#14920=AXIS2_PLACEMENT_3D('',#20462,#16678,#16679);
#14921=AXIS2_PLACEMENT_3D('',#20471,#16684,#16685);
#14922=AXIS2_PLACEMENT_3D('',#20477,#16689,#16690);
#14923=AXIS2_PLACEMENT_3D('',#20483,#16694,#16695);
#14924=AXIS2_PLACEMENT_3D('',#20486,#16698,#16699);
#14925=AXIS2_PLACEMENT_3D('',#20495,#16704,#16705);
#14926=AXIS2_PLACEMENT_3D('',#20501,#16709,#16710);
#14927=AXIS2_PLACEMENT_3D('',#20507,#16714,#16715);
#14928=AXIS2_PLACEMENT_3D('',#20510,#16718,#16719);
#14929=AXIS2_PLACEMENT_3D('',#20519,#16724,#16725);
#14930=AXIS2_PLACEMENT_3D('',#20525,#16729,#16730);
#14931=AXIS2_PLACEMENT_3D('',#20531,#16734,#16735);
#14932=AXIS2_PLACEMENT_3D('',#20534,#16738,#16739);
#14933=AXIS2_PLACEMENT_3D('',#20543,#16744,#16745);
#14934=AXIS2_PLACEMENT_3D('',#20549,#16749,#16750);
#14935=AXIS2_PLACEMENT_3D('',#20555,#16754,#16755);
#14936=AXIS2_PLACEMENT_3D('',#20558,#16758,#16759);
#14937=AXIS2_PLACEMENT_3D('',#20567,#16764,#16765);
#14938=AXIS2_PLACEMENT_3D('',#20573,#16769,#16770);
#14939=AXIS2_PLACEMENT_3D('',#20579,#16774,#16775);
#14940=AXIS2_PLACEMENT_3D('',#20582,#16778,#16779);
#14941=AXIS2_PLACEMENT_3D('',#20591,#16784,#16785);
#14942=AXIS2_PLACEMENT_3D('',#20597,#16789,#16790);
#14943=AXIS2_PLACEMENT_3D('',#20603,#16794,#16795);
#14944=AXIS2_PLACEMENT_3D('',#20606,#16798,#16799);
#14945=AXIS2_PLACEMENT_3D('',#20615,#16804,#16805);
#14946=AXIS2_PLACEMENT_3D('',#20621,#16809,#16810);
#14947=AXIS2_PLACEMENT_3D('',#20627,#16814,#16815);
#14948=AXIS2_PLACEMENT_3D('',#20630,#16818,#16819);
#14949=AXIS2_PLACEMENT_3D('',#20639,#16824,#16825);
#14950=AXIS2_PLACEMENT_3D('',#20645,#16829,#16830);
#14951=AXIS2_PLACEMENT_3D('',#20651,#16834,#16835);
#14952=AXIS2_PLACEMENT_3D('',#20654,#16838,#16839);
#14953=AXIS2_PLACEMENT_3D('',#20663,#16844,#16845);
#14954=AXIS2_PLACEMENT_3D('',#20669,#16849,#16850);
#14955=AXIS2_PLACEMENT_3D('',#20675,#16854,#16855);
#14956=AXIS2_PLACEMENT_3D('',#20678,#16858,#16859);
#14957=AXIS2_PLACEMENT_3D('',#20687,#16864,#16865);
#14958=AXIS2_PLACEMENT_3D('',#20693,#16869,#16870);
#14959=AXIS2_PLACEMENT_3D('',#20699,#16874,#16875);
#14960=AXIS2_PLACEMENT_3D('',#20702,#16878,#16879);
#14961=AXIS2_PLACEMENT_3D('',#20711,#16884,#16885);
#14962=AXIS2_PLACEMENT_3D('',#20717,#16889,#16890);
#14963=AXIS2_PLACEMENT_3D('',#20723,#16894,#16895);
#14964=AXIS2_PLACEMENT_3D('',#20726,#16898,#16899);
#14965=AXIS2_PLACEMENT_3D('',#20732,#16903,#16904);
#14966=AXIS2_PLACEMENT_3D('',#20736,#16907,#16908);
#14967=AXIS2_PLACEMENT_3D('',#20740,#16911,#16912);
#14968=AXIS2_PLACEMENT_3D('',#20742,#16914,#16915);
#14969=AXIS2_PLACEMENT_3D('',#20751,#16920,#16921);
#14970=AXIS2_PLACEMENT_3D('',#20754,#16924,#16925);
#14971=AXIS2_PLACEMENT_3D('',#20757,#16928,#16929);
#14972=AXIS2_PLACEMENT_3D('',#20763,#16933,#16934);
#14973=AXIS2_PLACEMENT_3D('',#20767,#16937,#16938);
#14974=AXIS2_PLACEMENT_3D('',#20771,#16941,#16942);
#14975=AXIS2_PLACEMENT_3D('',#20773,#16944,#16945);
#14976=AXIS2_PLACEMENT_3D('',#20782,#16950,#16951);
#14977=AXIS2_PLACEMENT_3D('',#20788,#16955,#16956);
#14978=AXIS2_PLACEMENT_3D('',#20794,#16960,#16961);
#14979=AXIS2_PLACEMENT_3D('',#20797,#16964,#16965);
#14980=AXIS2_PLACEMENT_3D('',#20806,#16970,#16971);
#14981=AXIS2_PLACEMENT_3D('',#20812,#16975,#16976);
#14982=AXIS2_PLACEMENT_3D('',#20818,#16980,#16981);
#14983=AXIS2_PLACEMENT_3D('',#20821,#16984,#16985);
#14984=AXIS2_PLACEMENT_3D('',#20830,#16990,#16991);
#14985=AXIS2_PLACEMENT_3D('',#20833,#16994,#16995);
#14986=AXIS2_PLACEMENT_3D('',#20836,#16998,#16999);
#14987=AXIS2_PLACEMENT_3D('',#20845,#17004,#17005);
#14988=AXIS2_PLACEMENT_3D('',#20851,#17009,#17010);
#14989=AXIS2_PLACEMENT_3D('',#20857,#17014,#17015);
#14990=AXIS2_PLACEMENT_3D('',#20860,#17018,#17019);
#14991=AXIS2_PLACEMENT_3D('',#20866,#17023,#17024);
#14992=AXIS2_PLACEMENT_3D('',#20872,#17028,#17029);
#14993=AXIS2_PLACEMENT_3D('',#20875,#17032,#17033);
#14994=AXIS2_PLACEMENT_3D('',#20884,#17038,#17039);
#14995=AXIS2_PLACEMENT_3D('',#20890,#17043,#17044);
#14996=AXIS2_PLACEMENT_3D('',#20896,#17048,#17049);
#14997=AXIS2_PLACEMENT_3D('',#20899,#17052,#17053);
#14998=AXIS2_PLACEMENT_3D('',#20905,#17057,#17058);
#14999=AXIS2_PLACEMENT_3D('',#20911,#17062,#17063);
#15000=AXIS2_PLACEMENT_3D('',#20914,#17066,#17067);
#15001=AXIS2_PLACEMENT_3D('',#20920,#17071,#17072);
#15002=AXIS2_PLACEMENT_3D('',#20924,#17075,#17076);
#15003=AXIS2_PLACEMENT_3D('',#20928,#17079,#17080);
#15004=AXIS2_PLACEMENT_3D('',#20930,#17082,#17083);
#15005=AXIS2_PLACEMENT_3D('',#20936,#17087,#17088);
#15006=AXIS2_PLACEMENT_3D('',#20940,#17091,#17092);
#15007=AXIS2_PLACEMENT_3D('',#20944,#17095,#17096);
#15008=AXIS2_PLACEMENT_3D('',#20946,#17098,#17099);
#15009=AXIS2_PLACEMENT_3D('',#20955,#17104,#17105);
#15010=AXIS2_PLACEMENT_3D('',#20961,#17109,#17110);
#15011=AXIS2_PLACEMENT_3D('',#20967,#17114,#17115);
#15012=AXIS2_PLACEMENT_3D('',#20970,#17118,#17119);
#15013=AXIS2_PLACEMENT_3D('',#20976,#17123,#17124);
#15014=AXIS2_PLACEMENT_3D('',#20980,#17127,#17128);
#15015=AXIS2_PLACEMENT_3D('',#20984,#17131,#17132);
#15016=AXIS2_PLACEMENT_3D('',#20986,#17134,#17135);
#15017=AXIS2_PLACEMENT_3D('',#20992,#17139,#17140);
#15018=AXIS2_PLACEMENT_3D('',#20998,#17144,#17145);
#15019=AXIS2_PLACEMENT_3D('',#21001,#17148,#17149);
#15020=AXIS2_PLACEMENT_3D('',#21010,#17154,#17155);
#15021=AXIS2_PLACEMENT_3D('',#21016,#17159,#17160);
#15022=AXIS2_PLACEMENT_3D('',#21022,#17164,#17165);
#15023=AXIS2_PLACEMENT_3D('',#21025,#17168,#17169);
#15024=AXIS2_PLACEMENT_3D('',#21034,#17174,#17175);
#15025=AXIS2_PLACEMENT_3D('',#21040,#17179,#17180);
#15026=AXIS2_PLACEMENT_3D('',#21046,#17184,#17185);
#15027=AXIS2_PLACEMENT_3D('',#21049,#17188,#17189);
#15028=AXIS2_PLACEMENT_3D('',#21058,#17194,#17195);
#15029=AXIS2_PLACEMENT_3D('',#21064,#17199,#17200);
#15030=AXIS2_PLACEMENT_3D('',#21070,#17204,#17205);
#15031=AXIS2_PLACEMENT_3D('',#21073,#17208,#17209);
#15032=AXIS2_PLACEMENT_3D('',#21082,#17214,#17215);
#15033=AXIS2_PLACEMENT_3D('',#21088,#17219,#17220);
#15034=AXIS2_PLACEMENT_3D('',#21094,#17224,#17225);
#15035=AXIS2_PLACEMENT_3D('',#21097,#17228,#17229);
#15036=AXIS2_PLACEMENT_3D('',#21106,#17234,#17235);
#15037=AXIS2_PLACEMENT_3D('',#21112,#17239,#17240);
#15038=AXIS2_PLACEMENT_3D('',#21118,#17244,#17245);
#15039=AXIS2_PLACEMENT_3D('',#21121,#17248,#17249);
#15040=AXIS2_PLACEMENT_3D('',#21130,#17254,#17255);
#15041=AXIS2_PLACEMENT_3D('',#21133,#17258,#17259);
#15042=AXIS2_PLACEMENT_3D('',#21136,#17262,#17263);
#15043=AXIS2_PLACEMENT_3D('',#21142,#17267,#17268);
#15044=AXIS2_PLACEMENT_3D('',#21146,#17271,#17272);
#15045=AXIS2_PLACEMENT_3D('',#21150,#17275,#17276);
#15046=AXIS2_PLACEMENT_3D('',#21152,#17278,#17279);
#15047=AXIS2_PLACEMENT_3D('',#21161,#17284,#17285);
#15048=AXIS2_PLACEMENT_3D('',#21167,#17289,#17290);
#15049=AXIS2_PLACEMENT_3D('',#21173,#17294,#17295);
#15050=AXIS2_PLACEMENT_3D('',#21176,#17298,#17299);
#15051=AXIS2_PLACEMENT_3D('',#21185,#17304,#17305);
#15052=AXIS2_PLACEMENT_3D('',#21188,#17308,#17309);
#15053=AXIS2_PLACEMENT_3D('',#21191,#17312,#17313);
#15054=AXIS2_PLACEMENT_3D('',#21200,#17318,#17319);
#15055=AXIS2_PLACEMENT_3D('',#21206,#17323,#17324);
#15056=AXIS2_PLACEMENT_3D('',#21212,#17328,#17329);
#15057=AXIS2_PLACEMENT_3D('',#21215,#17332,#17333);
#15058=AXIS2_PLACEMENT_3D('',#21221,#17337,#17338);
#15059=AXIS2_PLACEMENT_3D('',#21225,#17341,#17342);
#15060=AXIS2_PLACEMENT_3D('',#21229,#17345,#17346);
#15061=AXIS2_PLACEMENT_3D('',#21231,#17348,#17349);
#15062=AXIS2_PLACEMENT_3D('',#21240,#17354,#17355);
#15063=AXIS2_PLACEMENT_3D('',#21246,#17359,#17360);
#15064=AXIS2_PLACEMENT_3D('',#21252,#17364,#17365);
#15065=AXIS2_PLACEMENT_3D('',#21255,#17368,#17369);
#15066=AXIS2_PLACEMENT_3D('',#21264,#17374,#17375);
#15067=AXIS2_PLACEMENT_3D('',#21267,#17378,#17379);
#15068=AXIS2_PLACEMENT_3D('',#21270,#17382,#17383);
#15069=AXIS2_PLACEMENT_3D('',#21276,#17387,#17388);
#15070=AXIS2_PLACEMENT_3D('',#21280,#17391,#17392);
#15071=AXIS2_PLACEMENT_3D('',#21284,#17395,#17396);
#15072=AXIS2_PLACEMENT_3D('',#21286,#17398,#17399);
#15073=AXIS2_PLACEMENT_3D('',#21295,#17404,#17405);
#15074=AXIS2_PLACEMENT_3D('',#21301,#17409,#17410);
#15075=AXIS2_PLACEMENT_3D('',#21307,#17414,#17415);
#15076=AXIS2_PLACEMENT_3D('',#21310,#17418,#17419);
#15077=AXIS2_PLACEMENT_3D('',#21319,#17424,#17425);
#15078=AXIS2_PLACEMENT_3D('',#21325,#17429,#17430);
#15079=AXIS2_PLACEMENT_3D('',#21331,#17434,#17435);
#15080=AXIS2_PLACEMENT_3D('',#21334,#17438,#17439);
#15081=AXIS2_PLACEMENT_3D('',#21343,#17444,#17445);
#15082=AXIS2_PLACEMENT_3D('',#21349,#17449,#17450);
#15083=AXIS2_PLACEMENT_3D('',#21355,#17454,#17455);
#15084=AXIS2_PLACEMENT_3D('',#21358,#17458,#17459);
#15085=AXIS2_PLACEMENT_3D('',#21367,#17464,#17465);
#15086=AXIS2_PLACEMENT_3D('',#21370,#17468,#17469);
#15087=AXIS2_PLACEMENT_3D('',#21373,#17472,#17473);
#15088=AXIS2_PLACEMENT_3D('',#21382,#17478,#17479);
#15089=AXIS2_PLACEMENT_3D('',#21385,#17482,#17483);
#15090=AXIS2_PLACEMENT_3D('',#21388,#17486,#17487);
#15091=AXIS2_PLACEMENT_3D('',#21394,#17491,#17492);
#15092=AXIS2_PLACEMENT_3D('',#21398,#17495,#17496);
#15093=AXIS2_PLACEMENT_3D('',#21402,#17499,#17500);
#15094=AXIS2_PLACEMENT_3D('',#21404,#17502,#17503);
#15095=AXIS2_PLACEMENT_3D('',#21410,#17507,#17508);
#15096=AXIS2_PLACEMENT_3D('',#21416,#17512,#17513);
#15097=AXIS2_PLACEMENT_3D('',#21419,#17516,#17517);
#15098=AXIS2_PLACEMENT_3D('',#21428,#17522,#17523);
#15099=AXIS2_PLACEMENT_3D('',#21434,#17527,#17528);
#15100=AXIS2_PLACEMENT_3D('',#21440,#17532,#17533);
#15101=AXIS2_PLACEMENT_3D('',#21443,#17536,#17537);
#15102=AXIS2_PLACEMENT_3D('',#21449,#17541,#17542);
#15103=AXIS2_PLACEMENT_3D('',#21453,#17545,#17546);
#15104=AXIS2_PLACEMENT_3D('',#21457,#17549,#17550);
#15105=AXIS2_PLACEMENT_3D('',#21459,#17552,#17553);
#15106=AXIS2_PLACEMENT_3D('',#21468,#17558,#17559);
#15107=AXIS2_PLACEMENT_3D('',#21474,#17563,#17564);
#15108=AXIS2_PLACEMENT_3D('',#21480,#17568,#17569);
#15109=AXIS2_PLACEMENT_3D('',#21483,#17572,#17573);
#15110=AXIS2_PLACEMENT_3D('',#21489,#17577,#17578);
#15111=AXIS2_PLACEMENT_3D('',#21495,#17582,#17583);
#15112=AXIS2_PLACEMENT_3D('',#21498,#17586,#17587);
#15113=AXIS2_PLACEMENT_3D('',#21507,#17592,#17593);
#15114=AXIS2_PLACEMENT_3D('',#21513,#17597,#17598);
#15115=AXIS2_PLACEMENT_3D('',#21519,#17602,#17603);
#15116=AXIS2_PLACEMENT_3D('',#21522,#17606,#17607);
#15117=AXIS2_PLACEMENT_3D('',#21528,#17611,#17612);
#15118=AXIS2_PLACEMENT_3D('',#21532,#17615,#17616);
#15119=AXIS2_PLACEMENT_3D('',#21536,#17619,#17620);
#15120=AXIS2_PLACEMENT_3D('',#21538,#17622,#17623);
#15121=AXIS2_PLACEMENT_3D('',#21544,#17627,#17628);
#15122=AXIS2_PLACEMENT_3D('',#21548,#17631,#17632);
#15123=AXIS2_PLACEMENT_3D('',#21552,#17635,#17636);
#15124=AXIS2_PLACEMENT_3D('',#21554,#17638,#17639);
#15125=AXIS2_PLACEMENT_3D('',#21563,#17644,#17645);
#15126=AXIS2_PLACEMENT_3D('',#21572,#17650,#17651);
#15127=AXIS2_PLACEMENT_3D('',#21581,#17656,#17657);
#15128=AXIS2_PLACEMENT_3D('',#21590,#17662,#17663);
#15129=AXIS2_PLACEMENT_3D('',#21599,#17668,#17669);
#15130=AXIS2_PLACEMENT_3D('',#21608,#17674,#17675);
#15131=AXIS2_PLACEMENT_3D('',#21617,#17680,#17681);
#15132=AXIS2_PLACEMENT_3D('',#21626,#17686,#17687);
#15133=AXIS2_PLACEMENT_3D('',#21635,#17692,#17693);
#15134=AXIS2_PLACEMENT_3D('',#21644,#17698,#17699);
#15135=AXIS2_PLACEMENT_3D('',#21653,#17704,#17705);
#15136=AXIS2_PLACEMENT_3D('',#21662,#17710,#17711);
#15137=AXIS2_PLACEMENT_3D('',#21671,#17716,#17717);
#15138=AXIS2_PLACEMENT_3D('',#21680,#17722,#17723);
#15139=AXIS2_PLACEMENT_3D('',#21689,#17728,#17729);
#15140=AXIS2_PLACEMENT_3D('',#21698,#17734,#17735);
#15141=AXIS2_PLACEMENT_3D('',#21707,#17740,#17741);
#15142=AXIS2_PLACEMENT_3D('',#21716,#17746,#17747);
#15143=AXIS2_PLACEMENT_3D('',#21725,#17752,#17753);
#15144=AXIS2_PLACEMENT_3D('',#21734,#17758,#17759);
#15145=AXIS2_PLACEMENT_3D('',#21743,#17764,#17765);
#15146=AXIS2_PLACEMENT_3D('',#21752,#17770,#17771);
#15147=AXIS2_PLACEMENT_3D('',#21761,#17776,#17777);
#15148=AXIS2_PLACEMENT_3D('',#21770,#17782,#17783);
#15149=AXIS2_PLACEMENT_3D('',#21779,#17788,#17789);
#15150=AXIS2_PLACEMENT_3D('',#21788,#17794,#17795);
#15151=AXIS2_PLACEMENT_3D('',#21797,#17800,#17801);
#15152=AXIS2_PLACEMENT_3D('',#21806,#17806,#17807);
#15153=AXIS2_PLACEMENT_3D('',#21815,#17812,#17813);
#15154=AXIS2_PLACEMENT_3D('',#21824,#17818,#17819);
#15155=AXIS2_PLACEMENT_3D('',#21833,#17824,#17825);
#15156=AXIS2_PLACEMENT_3D('',#21842,#17830,#17831);
#15157=AXIS2_PLACEMENT_3D('',#21851,#17836,#17837);
#15158=AXIS2_PLACEMENT_3D('',#21860,#17842,#17843);
#15159=AXIS2_PLACEMENT_3D('',#21869,#17848,#17849);
#15160=AXIS2_PLACEMENT_3D('',#21878,#17854,#17855);
#15161=AXIS2_PLACEMENT_3D('',#21887,#17860,#17861);
#15162=AXIS2_PLACEMENT_3D('',#21896,#17866,#17867);
#15163=AXIS2_PLACEMENT_3D('',#21905,#17872,#17873);
#15164=AXIS2_PLACEMENT_3D('',#21914,#17878,#17879);
#15165=AXIS2_PLACEMENT_3D('',#21923,#17884,#17885);
#15166=AXIS2_PLACEMENT_3D('',#21932,#17890,#17891);
#15167=AXIS2_PLACEMENT_3D('',#21941,#17896,#17897);
#15168=AXIS2_PLACEMENT_3D('',#21950,#17902,#17903);
#15169=AXIS2_PLACEMENT_3D('',#21959,#17908,#17909);
#15170=AXIS2_PLACEMENT_3D('',#21968,#17914,#17915);
#15171=AXIS2_PLACEMENT_3D('',#21977,#17920,#17921);
#15172=AXIS2_PLACEMENT_3D('',#21983,#17925,#17926);
#15173=AXIS2_PLACEMENT_3D('',#21987,#17929,#17930);
#15174=AXIS2_PLACEMENT_3D('',#21991,#17933,#17934);
#15175=AXIS2_PLACEMENT_3D('',#21993,#17936,#17937);
#15176=AXIS2_PLACEMENT_3D('',#21997,#17940,#17941);
#15177=AXIS2_PLACEMENT_3D('',#21999,#17943,#17944);
#15178=AXIS2_PLACEMENT_3D('',#22003,#17947,#17948);
#15179=AXIS2_PLACEMENT_3D('',#22005,#17950,#17951);
#15180=AXIS2_PLACEMENT_3D('',#22009,#17954,#17955);
#15181=AXIS2_PLACEMENT_3D('',#22011,#17957,#17958);
#15182=AXIS2_PLACEMENT_3D('',#22015,#17961,#17962);
#15183=AXIS2_PLACEMENT_3D('',#22017,#17964,#17965);
#15184=AXIS2_PLACEMENT_3D('',#22021,#17968,#17969);
#15185=AXIS2_PLACEMENT_3D('',#22023,#17971,#17972);
#15186=AXIS2_PLACEMENT_3D('',#22027,#17975,#17976);
#15187=AXIS2_PLACEMENT_3D('',#22029,#17978,#17979);
#15188=AXIS2_PLACEMENT_3D('',#22033,#17982,#17983);
#15189=AXIS2_PLACEMENT_3D('',#22035,#17985,#17986);
#15190=AXIS2_PLACEMENT_3D('',#22039,#17989,#17990);
#15191=AXIS2_PLACEMENT_3D('',#22041,#17992,#17993);
#15192=AXIS2_PLACEMENT_3D('',#22047,#17997,#17998);
#15193=AXIS2_PLACEMENT_3D('',#22051,#18001,#18002);
#15194=AXIS2_PLACEMENT_3D('',#22055,#18005,#18006);
#15195=AXIS2_PLACEMENT_3D('',#22057,#18008,#18009);
#15196=AXIS2_PLACEMENT_3D('',#22061,#18012,#18013);
#15197=AXIS2_PLACEMENT_3D('',#22063,#18015,#18016);
#15198=AXIS2_PLACEMENT_3D('',#22067,#18019,#18020);
#15199=AXIS2_PLACEMENT_3D('',#22069,#18022,#18023);
#15200=AXIS2_PLACEMENT_3D('',#22075,#18027,#18028);
#15201=AXIS2_PLACEMENT_3D('',#22079,#18031,#18032);
#15202=AXIS2_PLACEMENT_3D('',#22083,#18035,#18036);
#15203=AXIS2_PLACEMENT_3D('',#22085,#18038,#18039);
#15204=AXIS2_PLACEMENT_3D('',#22091,#18043,#18044);
#15205=AXIS2_PLACEMENT_3D('',#22095,#18047,#18048);
#15206=AXIS2_PLACEMENT_3D('',#22099,#18051,#18052);
#15207=AXIS2_PLACEMENT_3D('',#22101,#18054,#18055);
#15208=AXIS2_PLACEMENT_3D('',#22107,#18059,#18060);
#15209=AXIS2_PLACEMENT_3D('',#22111,#18063,#18064);
#15210=AXIS2_PLACEMENT_3D('',#22115,#18067,#18068);
#15211=AXIS2_PLACEMENT_3D('',#22117,#18070,#18071);
#15212=AXIS2_PLACEMENT_3D('',#22123,#18075,#18076);
#15213=AXIS2_PLACEMENT_3D('',#22127,#18079,#18080);
#15214=AXIS2_PLACEMENT_3D('',#22131,#18083,#18084);
#15215=AXIS2_PLACEMENT_3D('',#22133,#18086,#18087);
#15216=AXIS2_PLACEMENT_3D('',#22139,#18091,#18092);
#15217=AXIS2_PLACEMENT_3D('',#22143,#18095,#18096);
#15218=AXIS2_PLACEMENT_3D('',#22147,#18099,#18100);
#15219=AXIS2_PLACEMENT_3D('',#22149,#18102,#18103);
#15220=AXIS2_PLACEMENT_3D('',#22155,#18107,#18108);
#15221=AXIS2_PLACEMENT_3D('',#22159,#18111,#18112);
#15222=AXIS2_PLACEMENT_3D('',#22163,#18115,#18116);
#15223=AXIS2_PLACEMENT_3D('',#22165,#18118,#18119);
#15224=AXIS2_PLACEMENT_3D('',#22171,#18123,#18124);
#15225=AXIS2_PLACEMENT_3D('',#22175,#18127,#18128);
#15226=AXIS2_PLACEMENT_3D('',#22179,#18131,#18132);
#15227=AXIS2_PLACEMENT_3D('',#22181,#18134,#18135);
#15228=AXIS2_PLACEMENT_3D('',#22187,#18139,#18140);
#15229=AXIS2_PLACEMENT_3D('',#22191,#18143,#18144);
#15230=AXIS2_PLACEMENT_3D('',#22195,#18147,#18148);
#15231=AXIS2_PLACEMENT_3D('',#22197,#18150,#18151);
#15232=AXIS2_PLACEMENT_3D('',#22203,#18155,#18156);
#15233=AXIS2_PLACEMENT_3D('',#22207,#18159,#18160);
#15234=AXIS2_PLACEMENT_3D('',#22211,#18163,#18164);
#15235=AXIS2_PLACEMENT_3D('',#22213,#18166,#18167);
#15236=AXIS2_PLACEMENT_3D('',#22219,#18171,#18172);
#15237=AXIS2_PLACEMENT_3D('',#22223,#18175,#18176);
#15238=AXIS2_PLACEMENT_3D('',#22227,#18179,#18180);
#15239=AXIS2_PLACEMENT_3D('',#22229,#18182,#18183);
#15240=AXIS2_PLACEMENT_3D('',#22235,#18187,#18188);
#15241=AXIS2_PLACEMENT_3D('',#22239,#18191,#18192);
#15242=AXIS2_PLACEMENT_3D('',#22243,#18195,#18196);
#15243=AXIS2_PLACEMENT_3D('',#22245,#18198,#18199);
#15244=AXIS2_PLACEMENT_3D('',#22251,#18203,#18204);
#15245=AXIS2_PLACEMENT_3D('',#22255,#18207,#18208);
#15246=AXIS2_PLACEMENT_3D('',#22259,#18211,#18212);
#15247=AXIS2_PLACEMENT_3D('',#22261,#18214,#18215);
#15248=AXIS2_PLACEMENT_3D('',#22267,#18219,#18220);
#15249=AXIS2_PLACEMENT_3D('',#22271,#18223,#18224);
#15250=AXIS2_PLACEMENT_3D('',#22275,#18227,#18228);
#15251=AXIS2_PLACEMENT_3D('',#22277,#18230,#18231);
#15252=AXIS2_PLACEMENT_3D('',#22283,#18235,#18236);
#15253=AXIS2_PLACEMENT_3D('',#22287,#18239,#18240);
#15254=AXIS2_PLACEMENT_3D('',#22291,#18243,#18244);
#15255=AXIS2_PLACEMENT_3D('',#22293,#18246,#18247);
#15256=AXIS2_PLACEMENT_3D('',#22299,#18251,#18252);
#15257=AXIS2_PLACEMENT_3D('',#22303,#18255,#18256);
#15258=AXIS2_PLACEMENT_3D('',#22307,#18259,#18260);
#15259=AXIS2_PLACEMENT_3D('',#22309,#18262,#18263);
#15260=AXIS2_PLACEMENT_3D('',#22315,#18267,#18268);
#15261=AXIS2_PLACEMENT_3D('',#22319,#18271,#18272);
#15262=AXIS2_PLACEMENT_3D('',#22323,#18275,#18276);
#15263=AXIS2_PLACEMENT_3D('',#22325,#18278,#18279);
#15264=AXIS2_PLACEMENT_3D('',#22331,#18283,#18284);
#15265=AXIS2_PLACEMENT_3D('',#22335,#18287,#18288);
#15266=AXIS2_PLACEMENT_3D('',#22339,#18291,#18292);
#15267=AXIS2_PLACEMENT_3D('',#22341,#18294,#18295);
#15268=AXIS2_PLACEMENT_3D('',#22347,#18299,#18300);
#15269=AXIS2_PLACEMENT_3D('',#22351,#18303,#18304);
#15270=AXIS2_PLACEMENT_3D('',#22355,#18307,#18308);
#15271=AXIS2_PLACEMENT_3D('',#22357,#18310,#18311);
#15272=AXIS2_PLACEMENT_3D('',#22363,#18315,#18316);
#15273=AXIS2_PLACEMENT_3D('',#22367,#18319,#18320);
#15274=AXIS2_PLACEMENT_3D('',#22371,#18323,#18324);
#15275=AXIS2_PLACEMENT_3D('',#22373,#18326,#18327);
#15276=AXIS2_PLACEMENT_3D('',#22379,#18331,#18332);
#15277=AXIS2_PLACEMENT_3D('',#22383,#18335,#18336);
#15278=AXIS2_PLACEMENT_3D('',#22387,#18339,#18340);
#15279=AXIS2_PLACEMENT_3D('',#22389,#18342,#18343);
#15280=AXIS2_PLACEMENT_3D('',#22395,#18347,#18348);
#15281=AXIS2_PLACEMENT_3D('',#22399,#18351,#18352);
#15282=AXIS2_PLACEMENT_3D('',#22403,#18355,#18356);
#15283=AXIS2_PLACEMENT_3D('',#22405,#18358,#18359);
#15284=AXIS2_PLACEMENT_3D('',#22411,#18363,#18364);
#15285=AXIS2_PLACEMENT_3D('',#22415,#18367,#18368);
#15286=AXIS2_PLACEMENT_3D('',#22419,#18371,#18372);
#15287=AXIS2_PLACEMENT_3D('',#22421,#18374,#18375);
#15288=AXIS2_PLACEMENT_3D('',#22427,#18379,#18380);
#15289=AXIS2_PLACEMENT_3D('',#22431,#18383,#18384);
#15290=AXIS2_PLACEMENT_3D('',#22435,#18387,#18388);
#15291=AXIS2_PLACEMENT_3D('',#22437,#18390,#18391);
#15292=AXIS2_PLACEMENT_3D('',#22443,#18395,#18396);
#15293=AXIS2_PLACEMENT_3D('',#22447,#18399,#18400);
#15294=AXIS2_PLACEMENT_3D('',#22451,#18403,#18404);
#15295=AXIS2_PLACEMENT_3D('',#22453,#18406,#18407);
#15296=AXIS2_PLACEMENT_3D('',#22459,#18411,#18412);
#15297=AXIS2_PLACEMENT_3D('',#22463,#18415,#18416);
#15298=AXIS2_PLACEMENT_3D('',#22467,#18419,#18420);
#15299=AXIS2_PLACEMENT_3D('',#22469,#18422,#18423);
#15300=AXIS2_PLACEMENT_3D('',#22475,#18427,#18428);
#15301=AXIS2_PLACEMENT_3D('',#22479,#18431,#18432);
#15302=AXIS2_PLACEMENT_3D('',#22483,#18435,#18436);
#15303=AXIS2_PLACEMENT_3D('',#22485,#18438,#18439);
#15304=AXIS2_PLACEMENT_3D('',#22491,#18443,#18444);
#15305=AXIS2_PLACEMENT_3D('',#22495,#18447,#18448);
#15306=AXIS2_PLACEMENT_3D('',#22499,#18451,#18452);
#15307=AXIS2_PLACEMENT_3D('',#22501,#18454,#18455);
#15308=AXIS2_PLACEMENT_3D('',#22507,#18459,#18460);
#15309=AXIS2_PLACEMENT_3D('',#22511,#18463,#18464);
#15310=AXIS2_PLACEMENT_3D('',#22515,#18467,#18468);
#15311=AXIS2_PLACEMENT_3D('',#22517,#18470,#18471);
#15312=AXIS2_PLACEMENT_3D('',#22523,#18475,#18476);
#15313=AXIS2_PLACEMENT_3D('',#22527,#18479,#18480);
#15314=AXIS2_PLACEMENT_3D('',#22531,#18483,#18484);
#15315=AXIS2_PLACEMENT_3D('',#22533,#18486,#18487);
#15316=AXIS2_PLACEMENT_3D('',#22539,#18491,#18492);
#15317=AXIS2_PLACEMENT_3D('',#22543,#18495,#18496);
#15318=AXIS2_PLACEMENT_3D('',#22547,#18499,#18500);
#15319=AXIS2_PLACEMENT_3D('',#22549,#18502,#18503);
#15320=AXIS2_PLACEMENT_3D('',#22555,#18507,#18508);
#15321=AXIS2_PLACEMENT_3D('',#22559,#18511,#18512);
#15322=AXIS2_PLACEMENT_3D('',#22563,#18515,#18516);
#15323=AXIS2_PLACEMENT_3D('',#22565,#18518,#18519);
#15324=AXIS2_PLACEMENT_3D('',#22571,#18523,#18524);
#15325=AXIS2_PLACEMENT_3D('',#22575,#18527,#18528);
#15326=AXIS2_PLACEMENT_3D('',#22579,#18531,#18532);
#15327=AXIS2_PLACEMENT_3D('',#22581,#18534,#18535);
#15328=AXIS2_PLACEMENT_3D('',#22587,#18539,#18540);
#15329=AXIS2_PLACEMENT_3D('',#22591,#18543,#18544);
#15330=AXIS2_PLACEMENT_3D('',#22595,#18547,#18548);
#15331=AXIS2_PLACEMENT_3D('',#22597,#18550,#18551);
#15332=AXIS2_PLACEMENT_3D('',#22603,#18555,#18556);
#15333=AXIS2_PLACEMENT_3D('',#22607,#18559,#18560);
#15334=AXIS2_PLACEMENT_3D('',#22611,#18563,#18564);
#15335=AXIS2_PLACEMENT_3D('',#22613,#18566,#18567);
#15336=AXIS2_PLACEMENT_3D('',#22619,#18571,#18572);
#15337=AXIS2_PLACEMENT_3D('',#22623,#18575,#18576);
#15338=AXIS2_PLACEMENT_3D('',#22627,#18579,#18580);
#15339=AXIS2_PLACEMENT_3D('',#22629,#18582,#18583);
#15340=AXIS2_PLACEMENT_3D('',#22635,#18587,#18588);
#15341=AXIS2_PLACEMENT_3D('',#22639,#18591,#18592);
#15342=AXIS2_PLACEMENT_3D('',#22643,#18595,#18596);
#15343=AXIS2_PLACEMENT_3D('',#22645,#18598,#18599);
#15344=AXIS2_PLACEMENT_3D('',#22651,#18603,#18604);
#15345=AXIS2_PLACEMENT_3D('',#22655,#18607,#18608);
#15346=AXIS2_PLACEMENT_3D('',#22659,#18611,#18612);
#15347=AXIS2_PLACEMENT_3D('',#22661,#18614,#18615);
#15348=AXIS2_PLACEMENT_3D('',#22667,#18619,#18620);
#15349=AXIS2_PLACEMENT_3D('',#22671,#18623,#18624);
#15350=AXIS2_PLACEMENT_3D('',#22675,#18627,#18628);
#15351=AXIS2_PLACEMENT_3D('',#22677,#18630,#18631);
#15352=AXIS2_PLACEMENT_3D('',#22683,#18635,#18636);
#15353=AXIS2_PLACEMENT_3D('',#22687,#18639,#18640);
#15354=AXIS2_PLACEMENT_3D('',#22691,#18643,#18644);
#15355=AXIS2_PLACEMENT_3D('',#22693,#18646,#18647);
#15356=AXIS2_PLACEMENT_3D('',#22699,#18651,#18652);
#15357=AXIS2_PLACEMENT_3D('',#22703,#18655,#18656);
#15358=AXIS2_PLACEMENT_3D('',#22707,#18659,#18660);
#15359=AXIS2_PLACEMENT_3D('',#22709,#18662,#18663);
#15360=AXIS2_PLACEMENT_3D('',#22715,#18667,#18668);
#15361=AXIS2_PLACEMENT_3D('',#22719,#18671,#18672);
#15362=AXIS2_PLACEMENT_3D('',#22723,#18675,#18676);
#15363=AXIS2_PLACEMENT_3D('',#22725,#18678,#18679);
#15364=AXIS2_PLACEMENT_3D('',#22731,#18683,#18684);
#15365=AXIS2_PLACEMENT_3D('',#22735,#18687,#18688);
#15366=AXIS2_PLACEMENT_3D('',#22739,#18691,#18692);
#15367=AXIS2_PLACEMENT_3D('',#22741,#18694,#18695);
#15368=AXIS2_PLACEMENT_3D('',#22747,#18699,#18700);
#15369=AXIS2_PLACEMENT_3D('',#22751,#18703,#18704);
#15370=AXIS2_PLACEMENT_3D('',#22755,#18707,#18708);
#15371=AXIS2_PLACEMENT_3D('',#22757,#18710,#18711);
#15372=AXIS2_PLACEMENT_3D('',#22763,#18715,#18716);
#15373=AXIS2_PLACEMENT_3D('',#22767,#18719,#18720);
#15374=AXIS2_PLACEMENT_3D('',#22771,#18723,#18724);
#15375=AXIS2_PLACEMENT_3D('',#22773,#18726,#18727);
#15376=AXIS2_PLACEMENT_3D('',#22779,#18731,#18732);
#15377=AXIS2_PLACEMENT_3D('',#22783,#18735,#18736);
#15378=AXIS2_PLACEMENT_3D('',#22787,#18739,#18740);
#15379=AXIS2_PLACEMENT_3D('',#22789,#18742,#18743);
#15380=AXIS2_PLACEMENT_3D('',#22795,#18747,#18748);
#15381=AXIS2_PLACEMENT_3D('',#22799,#18751,#18752);
#15382=AXIS2_PLACEMENT_3D('',#22803,#18755,#18756);
#15383=AXIS2_PLACEMENT_3D('',#22805,#18758,#18759);
#15384=AXIS2_PLACEMENT_3D('',#22811,#18763,#18764);
#15385=AXIS2_PLACEMENT_3D('',#22815,#18767,#18768);
#15386=AXIS2_PLACEMENT_3D('',#22819,#18771,#18772);
#15387=AXIS2_PLACEMENT_3D('',#22821,#18774,#18775);
#15388=AXIS2_PLACEMENT_3D('',#22827,#18779,#18780);
#15389=AXIS2_PLACEMENT_3D('',#22831,#18783,#18784);
#15390=AXIS2_PLACEMENT_3D('',#22835,#18787,#18788);
#15391=AXIS2_PLACEMENT_3D('',#22837,#18790,#18791);
#15392=AXIS2_PLACEMENT_3D('',#22843,#18795,#18796);
#15393=AXIS2_PLACEMENT_3D('',#22847,#18799,#18800);
#15394=AXIS2_PLACEMENT_3D('',#22851,#18803,#18804);
#15395=AXIS2_PLACEMENT_3D('',#22853,#18806,#18807);
#15396=AXIS2_PLACEMENT_3D('',#22859,#18811,#18812);
#15397=AXIS2_PLACEMENT_3D('',#22863,#18815,#18816);
#15398=AXIS2_PLACEMENT_3D('',#22867,#18819,#18820);
#15399=AXIS2_PLACEMENT_3D('',#22869,#18822,#18823);
#15400=AXIS2_PLACEMENT_3D('',#22875,#18827,#18828);
#15401=AXIS2_PLACEMENT_3D('',#22879,#18831,#18832);
#15402=AXIS2_PLACEMENT_3D('',#22883,#18835,#18836);
#15403=AXIS2_PLACEMENT_3D('',#22885,#18838,#18839);
#15404=AXIS2_PLACEMENT_3D('',#22891,#18843,#18844);
#15405=AXIS2_PLACEMENT_3D('',#22895,#18847,#18848);
#15406=AXIS2_PLACEMENT_3D('',#22899,#18851,#18852);
#15407=AXIS2_PLACEMENT_3D('',#22901,#18854,#18855);
#15408=AXIS2_PLACEMENT_3D('',#22907,#18859,#18860);
#15409=AXIS2_PLACEMENT_3D('',#22911,#18863,#18864);
#15410=AXIS2_PLACEMENT_3D('',#22915,#18867,#18868);
#15411=AXIS2_PLACEMENT_3D('',#22917,#18870,#18871);
#15412=AXIS2_PLACEMENT_3D('',#22923,#18875,#18876);
#15413=AXIS2_PLACEMENT_3D('',#22927,#18879,#18880);
#15414=AXIS2_PLACEMENT_3D('',#22931,#18883,#18884);
#15415=AXIS2_PLACEMENT_3D('',#22933,#18886,#18887);
#15416=AXIS2_PLACEMENT_3D('',#22939,#18891,#18892);
#15417=AXIS2_PLACEMENT_3D('',#22943,#18895,#18896);
#15418=AXIS2_PLACEMENT_3D('',#22947,#18899,#18900);
#15419=AXIS2_PLACEMENT_3D('',#22949,#18902,#18903);
#15420=AXIS2_PLACEMENT_3D('',#22955,#18907,#18908);
#15421=AXIS2_PLACEMENT_3D('',#22959,#18911,#18912);
#15422=AXIS2_PLACEMENT_3D('',#22963,#18915,#18916);
#15423=AXIS2_PLACEMENT_3D('',#22965,#18918,#18919);
#15424=AXIS2_PLACEMENT_3D('',#22971,#18923,#18924);
#15425=AXIS2_PLACEMENT_3D('',#22975,#18927,#18928);
#15426=AXIS2_PLACEMENT_3D('',#22979,#18931,#18932);
#15427=AXIS2_PLACEMENT_3D('',#22981,#18934,#18935);
#15428=AXIS2_PLACEMENT_3D('',#22987,#18939,#18940);
#15429=AXIS2_PLACEMENT_3D('',#22991,#18943,#18944);
#15430=AXIS2_PLACEMENT_3D('',#22995,#18947,#18948);
#15431=AXIS2_PLACEMENT_3D('',#22997,#18950,#18951);
#15432=AXIS2_PLACEMENT_3D('',#23003,#18955,#18956);
#15433=AXIS2_PLACEMENT_3D('',#23007,#18959,#18960);
#15434=AXIS2_PLACEMENT_3D('',#23011,#18963,#18964);
#15435=AXIS2_PLACEMENT_3D('',#23013,#18966,#18967);
#15436=AXIS2_PLACEMENT_3D('',#23019,#18971,#18972);
#15437=AXIS2_PLACEMENT_3D('',#23023,#18975,#18976);
#15438=AXIS2_PLACEMENT_3D('',#23027,#18979,#18980);
#15439=AXIS2_PLACEMENT_3D('',#23029,#18982,#18983);
#15440=DIRECTION('axis',(0.,0.,1.));
#15441=DIRECTION('refdir',(1.,0.,0.));
#15442=DIRECTION('center_axis',(0.,0.,-1.));
#15443=DIRECTION('ref_axis',(-1.,0.,0.));
#15444=DIRECTION('center_axis',(0.,0.,-1.));
#15445=DIRECTION('ref_axis',(-1.,0.,0.));
#15446=DIRECTION('',(0.,0.,-1.));
#15447=DIRECTION('center_axis',(0.,0.,-1.));
#15448=DIRECTION('ref_axis',(-1.,0.,0.));
#15449=DIRECTION('center_axis',(0.,0.,1.));
#15450=DIRECTION('ref_axis',(-1.,0.,0.));
#15451=DIRECTION('center_axis',(0.,0.,1.));
#15452=DIRECTION('ref_axis',(-1.,0.,0.));
#15453=DIRECTION('center_axis',(0.,0.,-1.));
#15454=DIRECTION('ref_axis',(-1.,0.,0.));
#15455=DIRECTION('center_axis',(0.,0.,-1.));
#15456=DIRECTION('ref_axis',(-1.,0.,0.));
#15457=DIRECTION('',(0.,0.,-1.));
#15458=DIRECTION('center_axis',(0.,0.,1.));
#15459=DIRECTION('ref_axis',(-1.,0.,0.));
#15460=DIRECTION('',(0.,0.,1.));
#15461=DIRECTION('center_axis',(0.,0.,-1.));
#15462=DIRECTION('ref_axis',(-1.,0.,0.));
#15463=DIRECTION('',(0.,0.,-1.));
#15464=DIRECTION('center_axis',(0.,0.,1.));
#15465=DIRECTION('ref_axis',(-1.,0.,0.));
#15466=DIRECTION('',(0.,0.,1.));
#15467=DIRECTION('center_axis',(0.,0.,-1.));
#15468=DIRECTION('ref_axis',(-1.,0.,0.));
#15469=DIRECTION('',(0.,0.,-1.));
#15470=DIRECTION('center_axis',(0.,0.,1.));
#15471=DIRECTION('ref_axis',(-1.,0.,0.));
#15472=DIRECTION('center_axis',(0.,0.,1.));
#15473=DIRECTION('ref_axis',(-1.,0.,0.));
#15474=DIRECTION('',(0.,1.,0.));
#15475=DIRECTION('',(0.,-1.,0.));
#15476=DIRECTION('center_axis',(0.,0.,1.));
#15477=DIRECTION('ref_axis',(-1.,0.,0.));
#15478=DIRECTION('center_axis',(0.,0.,-1.));
#15479=DIRECTION('ref_axis',(-1.,0.,0.));
#15480=DIRECTION('center_axis',(0.,0.,-1.));
#15481=DIRECTION('ref_axis',(-1.,0.,0.));
#15482=DIRECTION('',(0.,0.,-1.));
#15483=DIRECTION('center_axis',(0.,0.,1.));
#15484=DIRECTION('ref_axis',(-1.,0.,0.));
#15485=DIRECTION('',(0.,0.,1.));
#15486=DIRECTION('center_axis',(0.,0.,-1.));
#15487=DIRECTION('ref_axis',(-1.,0.,0.));
#15488=DIRECTION('',(0.,0.,-1.));
#15489=DIRECTION('center_axis',(0.,0.,1.));
#15490=DIRECTION('ref_axis',(-1.,0.,0.));
#15491=DIRECTION('',(0.,0.,1.));
#15492=DIRECTION('center_axis',(0.,0.,-1.));
#15493=DIRECTION('ref_axis',(-1.,0.,0.));
#15494=DIRECTION('',(0.,0.,-1.));
#15495=DIRECTION('center_axis',(0.,0.,1.));
#15496=DIRECTION('ref_axis',(-1.,0.,0.));
#15497=DIRECTION('center_axis',(0.,0.,1.));
#15498=DIRECTION('ref_axis',(-1.,0.,0.));
#15499=DIRECTION('',(0.,1.,0.));
#15500=DIRECTION('',(0.,-1.,0.));
#15501=DIRECTION('center_axis',(0.,0.,1.));
#15502=DIRECTION('ref_axis',(-1.,0.,0.));
#15503=DIRECTION('center_axis',(0.,0.,1.));
#15504=DIRECTION('ref_axis',(-1.,0.,0.));
#15505=DIRECTION('',(0.,-1.,0.));
#15506=DIRECTION('center_axis',(0.,0.,-1.));
#15507=DIRECTION('ref_axis',(-1.,0.,0.));
#15508=DIRECTION('',(0.,1.,0.));
#15509=DIRECTION('center_axis',(0.,0.,-1.));
#15510=DIRECTION('ref_axis',(-1.,0.,0.));
#15511=DIRECTION('center_axis',(0.,0.,1.));
#15512=DIRECTION('ref_axis',(-1.,0.,0.));
#15513=DIRECTION('center_axis',(0.,0.,-1.));
#15514=DIRECTION('ref_axis',(-1.,0.,0.));
#15515=DIRECTION('center_axis',(0.,0.,-1.));
#15516=DIRECTION('ref_axis',(-1.,0.,0.));
#15517=DIRECTION('',(0.,0.,-1.));
#15518=DIRECTION('center_axis',(0.,0.,1.));
#15519=DIRECTION('ref_axis',(-1.,0.,0.));
#15520=DIRECTION('',(0.,0.,1.));
#15521=DIRECTION('',(0.,0.,-1.));
#15522=DIRECTION('center_axis',(0.,0.,1.));
#15523=DIRECTION('ref_axis',(-1.,0.,0.));
#15524=DIRECTION('',(0.,0.,1.));
#15525=DIRECTION('',(0.,0.,-1.));
#15526=DIRECTION('center_axis',(0.,0.,1.));
#15527=DIRECTION('ref_axis',(-1.,0.,0.));
#15528=DIRECTION('center_axis',(0.,0.,1.));
#15529=DIRECTION('ref_axis',(-1.,0.,0.));
#15530=DIRECTION('',(0.,-1.,0.));
#15531=DIRECTION('center_axis',(0.,0.,-1.));
#15532=DIRECTION('ref_axis',(-1.,0.,0.));
#15533=DIRECTION('',(0.,1.,0.));
#15534=DIRECTION('center_axis',(0.,0.,-1.));
#15535=DIRECTION('ref_axis',(-1.,0.,0.));
#15536=DIRECTION('center_axis',(0.,0.,1.));
#15537=DIRECTION('ref_axis',(-1.,0.,0.));
#15538=DIRECTION('center_axis',(0.,0.,-1.));
#15539=DIRECTION('ref_axis',(-1.,0.,0.));
#15540=DIRECTION('center_axis',(0.,0.,-1.));
#15541=DIRECTION('ref_axis',(-1.,0.,0.));
#15542=DIRECTION('',(0.,0.,-1.));
#15543=DIRECTION('center_axis',(0.,0.,1.));
#15544=DIRECTION('ref_axis',(-1.,0.,0.));
#15545=DIRECTION('',(0.,0.,1.));
#15546=DIRECTION('',(0.,0.,-1.));
#15547=DIRECTION('center_axis',(0.,0.,1.));
#15548=DIRECTION('ref_axis',(-1.,0.,0.));
#15549=DIRECTION('',(0.,0.,1.));
#15550=DIRECTION('',(0.,0.,-1.));
#15551=DIRECTION('center_axis',(0.,0.,1.));
#15552=DIRECTION('ref_axis',(-1.,0.,0.));
#15553=DIRECTION('center_axis',(0.,0.,1.));
#15554=DIRECTION('ref_axis',(-1.,0.,0.));
#15555=DIRECTION('',(0.,-1.,0.));
#15556=DIRECTION('center_axis',(0.,0.,-1.));
#15557=DIRECTION('ref_axis',(-1.,0.,0.));
#15558=DIRECTION('',(0.,1.,0.));
#15559=DIRECTION('center_axis',(0.,0.,-1.));
#15560=DIRECTION('ref_axis',(-1.,0.,0.));
#15561=DIRECTION('center_axis',(0.,0.,1.));
#15562=DIRECTION('ref_axis',(-1.,0.,0.));
#15563=DIRECTION('center_axis',(0.,0.,-1.));
#15564=DIRECTION('ref_axis',(-1.,0.,0.));
#15565=DIRECTION('center_axis',(0.,0.,-1.));
#15566=DIRECTION('ref_axis',(-1.,0.,0.));
#15567=DIRECTION('',(0.,0.,-1.));
#15568=DIRECTION('center_axis',(0.,0.,1.));
#15569=DIRECTION('ref_axis',(-1.,0.,0.));
#15570=DIRECTION('',(0.,0.,1.));
#15571=DIRECTION('',(0.,0.,-1.));
#15572=DIRECTION('center_axis',(0.,0.,1.));
#15573=DIRECTION('ref_axis',(-1.,0.,0.));
#15574=DIRECTION('',(0.,0.,1.));
#15575=DIRECTION('',(0.,0.,-1.));
#15576=DIRECTION('center_axis',(0.,0.,1.));
#15577=DIRECTION('ref_axis',(-1.,0.,0.));
#15578=DIRECTION('center_axis',(0.,0.,1.));
#15579=DIRECTION('ref_axis',(-1.,0.,0.));
#15580=DIRECTION('',(0.,-1.,0.));
#15581=DIRECTION('center_axis',(0.,0.,-1.));
#15582=DIRECTION('ref_axis',(-1.,0.,0.));
#15583=DIRECTION('',(0.,1.,0.));
#15584=DIRECTION('center_axis',(0.,0.,-1.));
#15585=DIRECTION('ref_axis',(-1.,0.,0.));
#15586=DIRECTION('center_axis',(0.,0.,1.));
#15587=DIRECTION('ref_axis',(-1.,0.,0.));
#15588=DIRECTION('center_axis',(0.,0.,-1.));
#15589=DIRECTION('ref_axis',(-1.,0.,0.));
#15590=DIRECTION('center_axis',(0.,0.,-1.));
#15591=DIRECTION('ref_axis',(-1.,0.,0.));
#15592=DIRECTION('',(0.,0.,-1.));
#15593=DIRECTION('center_axis',(0.,0.,1.));
#15594=DIRECTION('ref_axis',(-1.,0.,0.));
#15595=DIRECTION('',(0.,0.,1.));
#15596=DIRECTION('',(0.,0.,-1.));
#15597=DIRECTION('center_axis',(0.,0.,1.));
#15598=DIRECTION('ref_axis',(-1.,0.,0.));
#15599=DIRECTION('',(0.,0.,1.));
#15600=DIRECTION('',(0.,0.,-1.));
#15601=DIRECTION('center_axis',(0.,0.,1.));
#15602=DIRECTION('ref_axis',(-1.,0.,0.));
#15603=DIRECTION('center_axis',(0.,0.,1.));
#15604=DIRECTION('ref_axis',(-1.,0.,0.));
#15605=DIRECTION('',(0.,-1.,0.));
#15606=DIRECTION('center_axis',(0.,0.,-1.));
#15607=DIRECTION('ref_axis',(-1.,0.,0.));
#15608=DIRECTION('',(0.,1.,0.));
#15609=DIRECTION('center_axis',(0.,0.,-1.));
#15610=DIRECTION('ref_axis',(-1.,0.,0.));
#15611=DIRECTION('center_axis',(0.,0.,1.));
#15612=DIRECTION('ref_axis',(-1.,0.,0.));
#15613=DIRECTION('center_axis',(0.,0.,-1.));
#15614=DIRECTION('ref_axis',(-1.,0.,0.));
#15615=DIRECTION('center_axis',(0.,0.,-1.));
#15616=DIRECTION('ref_axis',(-1.,0.,0.));
#15617=DIRECTION('',(0.,0.,-1.));
#15618=DIRECTION('center_axis',(0.,0.,1.));
#15619=DIRECTION('ref_axis',(-1.,0.,0.));
#15620=DIRECTION('',(0.,0.,1.));
#15621=DIRECTION('',(0.,0.,-1.));
#15622=DIRECTION('center_axis',(0.,0.,1.));
#15623=DIRECTION('ref_axis',(-1.,0.,0.));
#15624=DIRECTION('',(0.,0.,1.));
#15625=DIRECTION('',(0.,0.,-1.));
#15626=DIRECTION('center_axis',(0.,0.,1.));
#15627=DIRECTION('ref_axis',(-1.,0.,0.));
#15628=DIRECTION('center_axis',(0.,0.,-1.));
#15629=DIRECTION('ref_axis',(-1.,0.,0.));
#15630=DIRECTION('center_axis',(0.,0.,-1.));
#15631=DIRECTION('ref_axis',(-1.,0.,0.));
#15632=DIRECTION('',(0.,0.,-1.));
#15633=DIRECTION('center_axis',(0.,0.,-1.));
#15634=DIRECTION('ref_axis',(-1.,0.,0.));
#15635=DIRECTION('center_axis',(0.,0.,1.));
#15636=DIRECTION('ref_axis',(-1.,0.,0.));
#15637=DIRECTION('center_axis',(0.,0.,1.));
#15638=DIRECTION('ref_axis',(-1.,0.,0.));
#15639=DIRECTION('center_axis',(0.,0.,-1.));
#15640=DIRECTION('ref_axis',(-1.,0.,0.));
#15641=DIRECTION('center_axis',(0.,0.,-1.));
#15642=DIRECTION('ref_axis',(-1.,0.,0.));
#15643=DIRECTION('',(0.,0.,-1.));
#15644=DIRECTION('center_axis',(0.,0.,-1.));
#15645=DIRECTION('ref_axis',(-1.,0.,0.));
#15646=DIRECTION('center_axis',(0.,0.,1.));
#15647=DIRECTION('ref_axis',(-1.,0.,0.));
#15648=DIRECTION('center_axis',(0.,0.,1.));
#15649=DIRECTION('ref_axis',(-1.,0.,0.));
#15650=DIRECTION('center_axis',(0.,0.,-1.));
#15651=DIRECTION('ref_axis',(-1.,0.,0.));
#15652=DIRECTION('center_axis',(0.,0.,-1.));
#15653=DIRECTION('ref_axis',(-1.,0.,0.));
#15654=DIRECTION('',(0.,0.,-1.));
#15655=DIRECTION('center_axis',(0.,0.,-1.));
#15656=DIRECTION('ref_axis',(-1.,0.,0.));
#15657=DIRECTION('center_axis',(0.,0.,1.));
#15658=DIRECTION('ref_axis',(-1.,0.,0.));
#15659=DIRECTION('center_axis',(0.,0.,1.));
#15660=DIRECTION('ref_axis',(-1.,0.,0.));
#15661=DIRECTION('center_axis',(0.,0.,-1.));
#15662=DIRECTION('ref_axis',(-1.,0.,0.));
#15663=DIRECTION('center_axis',(0.,0.,-1.));
#15664=DIRECTION('ref_axis',(-1.,0.,0.));
#15665=DIRECTION('',(0.,0.,-1.));
#15666=DIRECTION('center_axis',(0.,0.,-1.));
#15667=DIRECTION('ref_axis',(-1.,0.,0.));
#15668=DIRECTION('center_axis',(0.,0.,1.));
#15669=DIRECTION('ref_axis',(-1.,0.,0.));
#15670=DIRECTION('center_axis',(0.,0.,1.));
#15671=DIRECTION('ref_axis',(-1.,0.,0.));
#15672=DIRECTION('center_axis',(0.,0.,-1.));
#15673=DIRECTION('ref_axis',(-1.,0.,0.));
#15674=DIRECTION('center_axis',(0.,0.,-1.));
#15675=DIRECTION('ref_axis',(-1.,0.,0.));
#15676=DIRECTION('',(0.,0.,-1.));
#15677=DIRECTION('center_axis',(0.,0.,-1.));
#15678=DIRECTION('ref_axis',(-1.,0.,0.));
#15679=DIRECTION('center_axis',(0.,0.,1.));
#15680=DIRECTION('ref_axis',(-1.,0.,0.));
#15681=DIRECTION('center_axis',(0.,0.,1.));
#15682=DIRECTION('ref_axis',(-1.,0.,0.));
#15683=DIRECTION('center_axis',(0.,0.,-1.));
#15684=DIRECTION('ref_axis',(-1.,0.,0.));
#15685=DIRECTION('center_axis',(0.,0.,-1.));
#15686=DIRECTION('ref_axis',(-1.,0.,0.));
#15687=DIRECTION('',(0.,0.,-1.));
#15688=DIRECTION('center_axis',(0.,0.,-1.));
#15689=DIRECTION('ref_axis',(-1.,0.,0.));
#15690=DIRECTION('center_axis',(0.,0.,1.));
#15691=DIRECTION('ref_axis',(-1.,0.,0.));
#15692=DIRECTION('center_axis',(0.,0.,1.));
#15693=DIRECTION('ref_axis',(-1.,0.,0.));
#15694=DIRECTION('center_axis',(0.,0.,1.));
#15695=DIRECTION('ref_axis',(-1.,0.,0.));
#15696=DIRECTION('',(0.,-1.,0.));
#15697=DIRECTION('center_axis',(0.,0.,-1.));
#15698=DIRECTION('ref_axis',(-1.,0.,0.));
#15699=DIRECTION('',(0.,1.,0.));
#15700=DIRECTION('center_axis',(0.,0.,-1.));
#15701=DIRECTION('ref_axis',(-1.,0.,0.));
#15702=DIRECTION('center_axis',(0.,0.,1.));
#15703=DIRECTION('ref_axis',(-1.,0.,0.));
#15704=DIRECTION('center_axis',(0.,0.,-1.));
#15705=DIRECTION('ref_axis',(-1.,0.,0.));
#15706=DIRECTION('center_axis',(0.,0.,-1.));
#15707=DIRECTION('ref_axis',(-1.,0.,0.));
#15708=DIRECTION('',(0.,0.,-1.));
#15709=DIRECTION('center_axis',(0.,0.,1.));
#15710=DIRECTION('ref_axis',(-1.,0.,0.));
#15711=DIRECTION('',(0.,0.,1.));
#15712=DIRECTION('',(0.,0.,-1.));
#15713=DIRECTION('center_axis',(0.,0.,1.));
#15714=DIRECTION('ref_axis',(-1.,0.,0.));
#15715=DIRECTION('',(0.,0.,1.));
#15716=DIRECTION('',(0.,0.,-1.));
#15717=DIRECTION('center_axis',(0.,0.,1.));
#15718=DIRECTION('ref_axis',(-1.,0.,0.));
#15719=DIRECTION('center_axis',(0.,0.,1.));
#15720=DIRECTION('ref_axis',(-1.,0.,0.));
#15721=DIRECTION('',(0.,-1.,0.));
#15722=DIRECTION('center_axis',(0.,0.,-1.));
#15723=DIRECTION('ref_axis',(-1.,0.,0.));
#15724=DIRECTION('',(0.,1.,0.));
#15725=DIRECTION('center_axis',(0.,0.,-1.));
#15726=DIRECTION('ref_axis',(-1.,0.,0.));
#15727=DIRECTION('center_axis',(0.,0.,1.));
#15728=DIRECTION('ref_axis',(-1.,0.,0.));
#15729=DIRECTION('center_axis',(0.,0.,-1.));
#15730=DIRECTION('ref_axis',(-1.,0.,0.));
#15731=DIRECTION('center_axis',(0.,0.,-1.));
#15732=DIRECTION('ref_axis',(-1.,0.,0.));
#15733=DIRECTION('',(0.,0.,-1.));
#15734=DIRECTION('center_axis',(0.,0.,1.));
#15735=DIRECTION('ref_axis',(-1.,0.,0.));
#15736=DIRECTION('',(0.,0.,1.));
#15737=DIRECTION('',(0.,0.,-1.));
#15738=DIRECTION('center_axis',(0.,0.,1.));
#15739=DIRECTION('ref_axis',(-1.,0.,0.));
#15740=DIRECTION('',(0.,0.,1.));
#15741=DIRECTION('',(0.,0.,-1.));
#15742=DIRECTION('center_axis',(0.,0.,1.));
#15743=DIRECTION('ref_axis',(-1.,0.,0.));
#15744=DIRECTION('center_axis',(0.,0.,1.));
#15745=DIRECTION('ref_axis',(-1.,0.,0.));
#15746=DIRECTION('',(0.,-1.,0.));
#15747=DIRECTION('center_axis',(0.,0.,-1.));
#15748=DIRECTION('ref_axis',(-1.,0.,0.));
#15749=DIRECTION('',(0.,1.,0.));
#15750=DIRECTION('center_axis',(0.,0.,-1.));
#15751=DIRECTION('ref_axis',(-1.,0.,0.));
#15752=DIRECTION('center_axis',(0.,0.,1.));
#15753=DIRECTION('ref_axis',(-1.,0.,0.));
#15754=DIRECTION('center_axis',(0.,0.,-1.));
#15755=DIRECTION('ref_axis',(-1.,0.,0.));
#15756=DIRECTION('center_axis',(0.,0.,-1.));
#15757=DIRECTION('ref_axis',(-1.,0.,0.));
#15758=DIRECTION('',(0.,0.,-1.));
#15759=DIRECTION('center_axis',(0.,0.,1.));
#15760=DIRECTION('ref_axis',(-1.,0.,0.));
#15761=DIRECTION('',(0.,0.,1.));
#15762=DIRECTION('',(0.,0.,-1.));
#15763=DIRECTION('center_axis',(0.,0.,1.));
#15764=DIRECTION('ref_axis',(-1.,0.,0.));
#15765=DIRECTION('',(0.,0.,1.));
#15766=DIRECTION('',(0.,0.,-1.));
#15767=DIRECTION('center_axis',(0.,0.,1.));
#15768=DIRECTION('ref_axis',(-1.,0.,0.));
#15769=DIRECTION('center_axis',(0.,0.,1.));
#15770=DIRECTION('ref_axis',(-1.,0.,0.));
#15771=DIRECTION('',(0.,-1.,0.));
#15772=DIRECTION('center_axis',(0.,0.,-1.));
#15773=DIRECTION('ref_axis',(-1.,0.,0.));
#15774=DIRECTION('',(0.,1.,0.));
#15775=DIRECTION('center_axis',(0.,0.,-1.));
#15776=DIRECTION('ref_axis',(-1.,0.,0.));
#15777=DIRECTION('center_axis',(0.,0.,1.));
#15778=DIRECTION('ref_axis',(-1.,0.,0.));
#15779=DIRECTION('center_axis',(0.,0.,-1.));
#15780=DIRECTION('ref_axis',(-1.,0.,0.));
#15781=DIRECTION('center_axis',(0.,0.,-1.));
#15782=DIRECTION('ref_axis',(-1.,0.,0.));
#15783=DIRECTION('',(0.,0.,-1.));
#15784=DIRECTION('center_axis',(0.,0.,1.));
#15785=DIRECTION('ref_axis',(-1.,0.,0.));
#15786=DIRECTION('',(0.,0.,1.));
#15787=DIRECTION('',(0.,0.,-1.));
#15788=DIRECTION('center_axis',(0.,0.,1.));
#15789=DIRECTION('ref_axis',(-1.,0.,0.));
#15790=DIRECTION('',(0.,0.,1.));
#15791=DIRECTION('',(0.,0.,-1.));
#15792=DIRECTION('center_axis',(0.,0.,1.));
#15793=DIRECTION('ref_axis',(-1.,0.,0.));
#15794=DIRECTION('center_axis',(0.,0.,-1.));
#15795=DIRECTION('ref_axis',(-1.,0.,0.));
#15796=DIRECTION('center_axis',(0.,0.,-1.));
#15797=DIRECTION('ref_axis',(-1.,0.,0.));
#15798=DIRECTION('',(0.,0.,-1.));
#15799=DIRECTION('center_axis',(0.,0.,1.));
#15800=DIRECTION('ref_axis',(-1.,0.,0.));
#15801=DIRECTION('',(0.,0.,1.));
#15802=DIRECTION('center_axis',(0.,0.,-1.));
#15803=DIRECTION('ref_axis',(-1.,0.,0.));
#15804=DIRECTION('',(0.,0.,-1.));
#15805=DIRECTION('center_axis',(0.,0.,1.));
#15806=DIRECTION('ref_axis',(-1.,0.,0.));
#15807=DIRECTION('',(0.,0.,1.));
#15808=DIRECTION('center_axis',(0.,0.,-1.));
#15809=DIRECTION('ref_axis',(-1.,0.,0.));
#15810=DIRECTION('',(0.,0.,-1.));
#15811=DIRECTION('center_axis',(0.,0.,1.));
#15812=DIRECTION('ref_axis',(-1.,0.,0.));
#15813=DIRECTION('center_axis',(0.,0.,1.));
#15814=DIRECTION('ref_axis',(-1.,0.,0.));
#15815=DIRECTION('',(0.,1.,0.));
#15816=DIRECTION('',(0.,-1.,0.));
#15817=DIRECTION('center_axis',(0.,0.,1.));
#15818=DIRECTION('ref_axis',(-1.,0.,0.));
#15819=DIRECTION('center_axis',(0.,0.,-1.));
#15820=DIRECTION('ref_axis',(-1.,0.,0.));
#15821=DIRECTION('center_axis',(0.,0.,-1.));
#15822=DIRECTION('ref_axis',(-1.,0.,0.));
#15823=DIRECTION('',(0.,0.,-1.));
#15824=DIRECTION('center_axis',(0.,0.,-1.));
#15825=DIRECTION('ref_axis',(-1.,0.,0.));
#15826=DIRECTION('center_axis',(0.,0.,1.));
#15827=DIRECTION('ref_axis',(-1.,0.,0.));
#15828=DIRECTION('center_axis',(0.,0.,1.));
#15829=DIRECTION('ref_axis',(-1.,0.,0.));
#15830=DIRECTION('center_axis',(0.,0.,1.));
#15831=DIRECTION('ref_axis',(1.,0.,0.));
#15832=DIRECTION('',(0.,-1.,0.));
#15833=DIRECTION('',(-1.,0.,0.));
#15834=DIRECTION('',(0.,1.,0.));
#15835=DIRECTION('',(1.,0.,0.));
#15836=DIRECTION('',(0.,-1.,0.));
#15837=DIRECTION('',(0.,-1.,0.));
#15838=DIRECTION('',(1.,0.,0.));
#15839=DIRECTION('',(0.,1.,0.));
#15840=DIRECTION('',(-1.,0.,0.));
#15841=DIRECTION('center_axis',(1.,0.,0.));
#15842=DIRECTION('ref_axis',(0.,-1.,0.));
#15843=DIRECTION('',(0.,1.,0.));
#15844=DIRECTION('',(0.,0.,-1.));
#15845=DIRECTION('',(0.,-1.,0.));
#15846=DIRECTION('',(0.,0.,-1.));
#15847=DIRECTION('',(0.,1.,0.));
#15848=DIRECTION('center_axis',(0.,0.,1.));
#15849=DIRECTION('ref_axis',(1.,0.,0.));
#15850=DIRECTION('',(0.,-1.,0.));
#15851=DIRECTION('',(-1.,0.,0.));
#15852=DIRECTION('',(0.,1.,0.));
#15853=DIRECTION('',(1.,0.,0.));
#15854=DIRECTION('',(0.,-1.,0.));
#15855=DIRECTION('',(0.,-1.,0.));
#15856=DIRECTION('',(1.,0.,0.));
#15857=DIRECTION('',(0.,1.,0.));
#15858=DIRECTION('',(-1.,0.,0.));
#15859=DIRECTION('center_axis',(1.,0.,0.));
#15860=DIRECTION('ref_axis',(0.,-1.,0.));
#15861=DIRECTION('',(0.,1.,0.));
#15862=DIRECTION('',(0.,0.,-1.));
#15863=DIRECTION('',(0.,-1.,0.));
#15864=DIRECTION('',(0.,0.,-1.));
#15865=DIRECTION('',(0.,1.,0.));
#15866=DIRECTION('center_axis',(1.,0.,0.));
#15867=DIRECTION('ref_axis',(0.,-1.,0.));
#15868=DIRECTION('',(0.,1.,0.));
#15869=DIRECTION('',(0.,0.,-1.));
#15870=DIRECTION('',(0.,-1.,0.));
#15871=DIRECTION('',(0.,0.,-1.));
#15872=DIRECTION('',(0.,1.,0.));
#15873=DIRECTION('center_axis',(0.,0.,1.));
#15874=DIRECTION('ref_axis',(1.,0.,0.));
#15875=DIRECTION('',(0.,-1.,0.));
#15876=DIRECTION('',(-1.,0.,0.));
#15877=DIRECTION('',(0.,1.,0.));
#15878=DIRECTION('',(1.,0.,0.));
#15879=DIRECTION('',(0.,-1.,0.));
#15880=DIRECTION('',(0.,-1.,0.));
#15881=DIRECTION('',(1.,0.,0.));
#15882=DIRECTION('',(0.,1.,0.));
#15883=DIRECTION('',(-1.,0.,0.));
#15884=DIRECTION('center_axis',(1.,0.,0.));
#15885=DIRECTION('ref_axis',(0.,-1.,0.));
#15886=DIRECTION('',(0.,1.,0.));
#15887=DIRECTION('',(0.,0.,-1.));
#15888=DIRECTION('',(0.,-1.,0.));
#15889=DIRECTION('',(0.,0.,-1.));
#15890=DIRECTION('',(0.,1.,0.));
#15891=DIRECTION('center_axis',(0.,0.,1.));
#15892=DIRECTION('ref_axis',(1.,0.,0.));
#15893=DIRECTION('',(0.,-1.,0.));
#15894=DIRECTION('',(-1.,0.,0.));
#15895=DIRECTION('',(0.,1.,0.));
#15896=DIRECTION('',(1.,0.,0.));
#15897=DIRECTION('',(0.,-1.,0.));
#15898=DIRECTION('',(0.,-1.,0.));
#15899=DIRECTION('',(1.,0.,0.));
#15900=DIRECTION('',(0.,1.,0.));
#15901=DIRECTION('',(-1.,0.,0.));
#15902=DIRECTION('center_axis',(1.,0.,0.));
#15903=DIRECTION('ref_axis',(0.,-1.,0.));
#15904=DIRECTION('',(0.,1.,0.));
#15905=DIRECTION('',(0.,0.,-1.));
#15906=DIRECTION('',(0.,-1.,0.));
#15907=DIRECTION('',(0.,0.,-1.));
#15908=DIRECTION('',(0.,1.,0.));
#15909=DIRECTION('center_axis',(0.,0.,1.));
#15910=DIRECTION('ref_axis',(1.,0.,0.));
#15911=DIRECTION('',(0.,-1.,0.));
#15912=DIRECTION('',(-1.,0.,0.));
#15913=DIRECTION('',(0.,1.,0.));
#15914=DIRECTION('',(1.,0.,0.));
#15915=DIRECTION('',(0.,-1.,0.));
#15916=DIRECTION('',(1.,0.,0.));
#15917=DIRECTION('',(0.,1.,0.));
#15918=DIRECTION('',(-1.,0.,0.));
#15919=DIRECTION('',(0.,-1.,0.));
#15920=DIRECTION('center_axis',(1.,0.,0.));
#15921=DIRECTION('ref_axis',(0.,-1.,0.));
#15922=DIRECTION('',(0.,1.,0.));
#15923=DIRECTION('',(0.,0.,-1.));
#15924=DIRECTION('',(0.,-1.,0.));
#15925=DIRECTION('',(0.,0.,-1.));
#15926=DIRECTION('',(0.,1.,0.));
#15927=DIRECTION('center_axis',(0.,0.,1.));
#15928=DIRECTION('ref_axis',(1.,0.,0.));
#15929=DIRECTION('',(0.,-1.,0.));
#15930=DIRECTION('',(-1.,0.,0.));
#15931=DIRECTION('',(0.,1.,0.));
#15932=DIRECTION('',(1.,0.,0.));
#15933=DIRECTION('',(0.,-1.,0.));
#15934=DIRECTION('',(1.,0.,0.));
#15935=DIRECTION('',(0.,1.,0.));
#15936=DIRECTION('',(-1.,0.,0.));
#15937=DIRECTION('',(0.,-1.,0.));
#15938=DIRECTION('center_axis',(1.,0.,0.));
#15939=DIRECTION('ref_axis',(0.,-1.,0.));
#15940=DIRECTION('',(0.,1.,0.));
#15941=DIRECTION('',(0.,0.,-1.));
#15942=DIRECTION('',(0.,-1.,0.));
#15943=DIRECTION('',(0.,0.,-1.));
#15944=DIRECTION('',(0.,1.,0.));
#15945=DIRECTION('center_axis',(0.,0.,1.));
#15946=DIRECTION('ref_axis',(1.,0.,0.));
#15947=DIRECTION('',(0.,-1.,0.));
#15948=DIRECTION('',(-1.,0.,0.));
#15949=DIRECTION('',(0.,1.,0.));
#15950=DIRECTION('',(1.,0.,0.));
#15951=DIRECTION('',(0.,-1.,0.));
#15952=DIRECTION('',(1.,0.,0.));
#15953=DIRECTION('',(0.,1.,0.));
#15954=DIRECTION('',(-1.,0.,0.));
#15955=DIRECTION('',(0.,-1.,0.));
#15956=DIRECTION('center_axis',(1.,0.,0.));
#15957=DIRECTION('ref_axis',(0.,-1.,0.));
#15958=DIRECTION('',(0.,1.,0.));
#15959=DIRECTION('',(0.,0.,-1.));
#15960=DIRECTION('',(0.,-1.,0.));
#15961=DIRECTION('',(0.,0.,-1.));
#15962=DIRECTION('',(0.,1.,0.));
#15963=DIRECTION('center_axis',(0.,0.,1.));
#15964=DIRECTION('ref_axis',(1.,0.,0.));
#15965=DIRECTION('',(0.,-1.,0.));
#15966=DIRECTION('',(-1.,0.,0.));
#15967=DIRECTION('',(0.,1.,0.));
#15968=DIRECTION('',(1.,0.,0.));
#15969=DIRECTION('',(0.,-1.,0.));
#15970=DIRECTION('',(0.,-1.,0.));
#15971=DIRECTION('',(1.,0.,0.));
#15972=DIRECTION('',(0.,1.,0.));
#15973=DIRECTION('',(-1.,0.,0.));
#15974=DIRECTION('center_axis',(1.,0.,0.));
#15975=DIRECTION('ref_axis',(0.,-1.,0.));
#15976=DIRECTION('',(0.,1.,0.));
#15977=DIRECTION('',(0.,0.,-1.));
#15978=DIRECTION('',(0.,-1.,0.));
#15979=DIRECTION('',(0.,0.,-1.));
#15980=DIRECTION('',(0.,1.,0.));
#15981=DIRECTION('center_axis',(0.,0.,1.));
#15982=DIRECTION('ref_axis',(1.,0.,0.));
#15983=DIRECTION('',(0.,-1.,0.));
#15984=DIRECTION('',(-1.,0.,0.));
#15985=DIRECTION('',(0.,1.,0.));
#15986=DIRECTION('',(1.,0.,0.));
#15987=DIRECTION('',(0.,-1.,0.));
#15988=DIRECTION('',(-1.,0.,0.));
#15989=DIRECTION('',(0.,-1.,0.));
#15990=DIRECTION('',(1.,0.,0.));
#15991=DIRECTION('',(0.,1.,0.));
#15992=DIRECTION('center_axis',(1.,0.,0.));
#15993=DIRECTION('ref_axis',(0.,-1.,0.));
#15994=DIRECTION('',(0.,1.,0.));
#15995=DIRECTION('',(0.,0.,-1.));
#15996=DIRECTION('',(0.,-1.,0.));
#15997=DIRECTION('',(0.,0.,-1.));
#15998=DIRECTION('',(0.,1.,0.));
#15999=DIRECTION('center_axis',(0.,0.,1.));
#16000=DIRECTION('ref_axis',(1.,0.,0.));
#16001=DIRECTION('',(0.,-1.,0.));
#16002=DIRECTION('',(-1.,0.,0.));
#16003=DIRECTION('',(0.,1.,0.));
#16004=DIRECTION('',(1.,0.,0.));
#16005=DIRECTION('',(0.,-1.,0.));
#16006=DIRECTION('',(0.,-1.,0.));
#16007=DIRECTION('',(1.,0.,0.));
#16008=DIRECTION('',(0.,1.,0.));
#16009=DIRECTION('',(-1.,0.,0.));
#16010=DIRECTION('center_axis',(1.,0.,0.));
#16011=DIRECTION('ref_axis',(0.,-1.,0.));
#16012=DIRECTION('',(0.,1.,0.));
#16013=DIRECTION('',(0.,0.,-1.));
#16014=DIRECTION('',(0.,-1.,0.));
#16015=DIRECTION('',(0.,0.,-1.));
#16016=DIRECTION('',(0.,1.,0.));
#16017=DIRECTION('center_axis',(0.,0.,1.));
#16018=DIRECTION('ref_axis',(1.,0.,0.));
#16019=DIRECTION('',(0.,-1.,0.));
#16020=DIRECTION('',(-1.,0.,0.));
#16021=DIRECTION('',(0.,1.,0.));
#16022=DIRECTION('',(1.,0.,0.));
#16023=DIRECTION('',(0.,-1.,0.));
#16024=DIRECTION('',(0.,-1.,0.));
#16025=DIRECTION('',(1.,0.,0.));
#16026=DIRECTION('',(0.,1.,0.));
#16027=DIRECTION('',(-1.,0.,0.));
#16028=DIRECTION('center_axis',(0.,0.,1.));
#16029=DIRECTION('ref_axis',(1.,0.,0.));
#16030=DIRECTION('',(0.,-1.,0.));
#16031=DIRECTION('',(-1.,0.,0.));
#16032=DIRECTION('',(0.,1.,0.));
#16033=DIRECTION('',(1.,0.,0.));
#16034=DIRECTION('',(0.,-1.,0.));
#16035=DIRECTION('',(0.,1.,0.));
#16036=DIRECTION('',(-1.,0.,0.));
#16037=DIRECTION('',(0.,-1.,0.));
#16038=DIRECTION('',(1.,0.,0.));
#16039=DIRECTION('center_axis',(1.,0.,0.));
#16040=DIRECTION('ref_axis',(0.,-1.,0.));
#16041=DIRECTION('',(0.,1.,0.));
#16042=DIRECTION('',(0.,0.,-1.));
#16043=DIRECTION('',(0.,-1.,0.));
#16044=DIRECTION('',(0.,0.,-1.));
#16045=DIRECTION('',(0.,1.,0.));
#16046=DIRECTION('center_axis',(0.,0.,-1.));
#16047=DIRECTION('ref_axis',(-1.,0.,0.));
#16048=DIRECTION('',(0.,0.,-1.));
#16049=DIRECTION('center_axis',(0.,0.,1.));
#16050=DIRECTION('ref_axis',(-1.,0.,0.));
#16051=DIRECTION('center_axis',(0.,0.,-1.));
#16052=DIRECTION('ref_axis',(-1.,0.,0.));
#16053=DIRECTION('',(0.,0.,-1.));
#16054=DIRECTION('center_axis',(0.,0.,1.));
#16055=DIRECTION('ref_axis',(-1.,0.,0.));
#16056=DIRECTION('center_axis',(0.,0.,-1.));
#16057=DIRECTION('ref_axis',(-1.,0.,0.));
#16058=DIRECTION('',(0.,0.,-1.));
#16059=DIRECTION('center_axis',(0.,0.,1.));
#16060=DIRECTION('ref_axis',(-1.,0.,0.));
#16061=DIRECTION('center_axis',(0.,0.,-1.));
#16062=DIRECTION('ref_axis',(-1.,0.,0.));
#16063=DIRECTION('',(0.,0.,-1.));
#16064=DIRECTION('center_axis',(0.,0.,1.));
#16065=DIRECTION('ref_axis',(-1.,0.,0.));
#16066=DIRECTION('center_axis',(0.,0.,-1.));
#16067=DIRECTION('ref_axis',(-1.,0.,0.));
#16068=DIRECTION('',(0.,0.,-1.));
#16069=DIRECTION('center_axis',(0.,0.,1.));
#16070=DIRECTION('ref_axis',(-1.,0.,0.));
#16071=DIRECTION('center_axis',(0.,0.,-1.));
#16072=DIRECTION('ref_axis',(-1.,0.,0.));
#16073=DIRECTION('',(0.,0.,-1.));
#16074=DIRECTION('center_axis',(0.,0.,1.));
#16075=DIRECTION('ref_axis',(-1.,0.,0.));
#16076=DIRECTION('center_axis',(0.,0.,-1.));
#16077=DIRECTION('ref_axis',(-1.,0.,0.));
#16078=DIRECTION('',(0.,0.,-1.));
#16079=DIRECTION('center_axis',(0.,0.,1.));
#16080=DIRECTION('ref_axis',(-1.,0.,0.));
#16081=DIRECTION('center_axis',(0.,0.,-1.));
#16082=DIRECTION('ref_axis',(-1.,0.,0.));
#16083=DIRECTION('',(0.,0.,-1.));
#16084=DIRECTION('center_axis',(0.,0.,1.));
#16085=DIRECTION('ref_axis',(-1.,0.,0.));
#16086=DIRECTION('center_axis',(0.,0.,-1.));
#16087=DIRECTION('ref_axis',(-1.,0.,0.));
#16088=DIRECTION('',(0.,0.,-1.));
#16089=DIRECTION('center_axis',(0.,0.,1.));
#16090=DIRECTION('ref_axis',(-1.,0.,0.));
#16091=DIRECTION('center_axis',(0.,0.,-1.));
#16092=DIRECTION('ref_axis',(-1.,0.,0.));
#16093=DIRECTION('',(0.,0.,-1.));
#16094=DIRECTION('center_axis',(0.,0.,1.));
#16095=DIRECTION('ref_axis',(-1.,0.,0.));
#16096=DIRECTION('center_axis',(0.,0.,-1.));
#16097=DIRECTION('ref_axis',(-1.,0.,0.));
#16098=DIRECTION('',(0.,0.,-1.));
#16099=DIRECTION('center_axis',(0.,0.,1.));
#16100=DIRECTION('ref_axis',(-1.,0.,0.));
#16101=DIRECTION('center_axis',(0.,0.,-1.));
#16102=DIRECTION('ref_axis',(-1.,0.,0.));
#16103=DIRECTION('',(0.,0.,-1.));
#16104=DIRECTION('center_axis',(0.,0.,1.));
#16105=DIRECTION('ref_axis',(-1.,0.,0.));
#16106=DIRECTION('center_axis',(0.,0.,-1.));
#16107=DIRECTION('ref_axis',(-1.,0.,0.));
#16108=DIRECTION('',(0.,0.,-1.));
#16109=DIRECTION('center_axis',(0.,0.,1.));
#16110=DIRECTION('ref_axis',(-1.,0.,0.));
#16111=DIRECTION('center_axis',(0.,0.,-1.));
#16112=DIRECTION('ref_axis',(-1.,0.,0.));
#16113=DIRECTION('',(0.,0.,-1.));
#16114=DIRECTION('center_axis',(0.,0.,1.));
#16115=DIRECTION('ref_axis',(-1.,0.,0.));
#16116=DIRECTION('center_axis',(0.,0.,-1.));
#16117=DIRECTION('ref_axis',(-1.,0.,0.));
#16118=DIRECTION('',(0.,0.,-1.));
#16119=DIRECTION('center_axis',(0.,0.,1.));
#16120=DIRECTION('ref_axis',(-1.,0.,0.));
#16121=DIRECTION('center_axis',(0.,0.,-1.));
#16122=DIRECTION('ref_axis',(-1.,0.,0.));
#16123=DIRECTION('',(0.,0.,-1.));
#16124=DIRECTION('center_axis',(0.,0.,1.));
#16125=DIRECTION('ref_axis',(-1.,0.,0.));
#16126=DIRECTION('center_axis',(0.,0.,-1.));
#16127=DIRECTION('ref_axis',(-1.,0.,0.));
#16128=DIRECTION('',(0.,0.,-1.));
#16129=DIRECTION('center_axis',(0.,0.,1.));
#16130=DIRECTION('ref_axis',(-1.,0.,0.));
#16131=DIRECTION('center_axis',(0.,0.,-1.));
#16132=DIRECTION('ref_axis',(-1.,0.,0.));
#16133=DIRECTION('',(0.,0.,-1.));
#16134=DIRECTION('center_axis',(0.,0.,1.));
#16135=DIRECTION('ref_axis',(-1.,0.,0.));
#16136=DIRECTION('center_axis',(0.,0.,-1.));
#16137=DIRECTION('ref_axis',(-1.,0.,0.));
#16138=DIRECTION('',(0.,0.,-1.));
#16139=DIRECTION('center_axis',(0.,0.,1.));
#16140=DIRECTION('ref_axis',(-1.,0.,0.));
#16141=DIRECTION('center_axis',(0.,0.,-1.));
#16142=DIRECTION('ref_axis',(-1.,0.,0.));
#16143=DIRECTION('',(0.,0.,-1.));
#16144=DIRECTION('center_axis',(0.,0.,1.));
#16145=DIRECTION('ref_axis',(-1.,0.,0.));
#16146=DIRECTION('center_axis',(0.,1.,0.));
#16147=DIRECTION('ref_axis',(-1.,0.,0.));
#16148=DIRECTION('',(-1.,0.,0.));
#16149=DIRECTION('',(0.,0.,1.));
#16150=DIRECTION('',(-1.,0.,0.));
#16151=DIRECTION('',(0.,0.,1.));
#16152=DIRECTION('center_axis',(1.,0.,0.));
#16153=DIRECTION('ref_axis',(0.,1.,0.));
#16154=DIRECTION('',(0.,1.,0.));
#16155=DIRECTION('',(0.,0.,1.));
#16156=DIRECTION('',(0.,1.,0.));
#16157=DIRECTION('center_axis',(0.,-1.,0.));
#16158=DIRECTION('ref_axis',(1.,0.,0.));
#16159=DIRECTION('',(1.,0.,0.));
#16160=DIRECTION('',(0.,0.,1.));
#16161=DIRECTION('',(1.,0.,0.));
#16162=DIRECTION('center_axis',(-1.,0.,0.));
#16163=DIRECTION('ref_axis',(0.,-1.,0.));
#16164=DIRECTION('',(0.,-1.,0.));
#16165=DIRECTION('',(0.,-1.,0.));
#16166=DIRECTION('center_axis',(0.,0.,1.));
#16167=DIRECTION('ref_axis',(1.,0.,0.));
#16168=DIRECTION('',(-1.,0.,0.));
#16169=DIRECTION('',(0.,-1.,0.));
#16170=DIRECTION('',(1.,0.,0.));
#16171=DIRECTION('',(0.,1.,0.));
#16172=DIRECTION('center_axis',(0.,-1.,0.));
#16173=DIRECTION('ref_axis',(1.,0.,0.));
#16174=DIRECTION('',(1.,0.,0.));
#16175=DIRECTION('',(0.,0.,1.));
#16176=DIRECTION('',(1.,0.,0.));
#16177=DIRECTION('',(0.,0.,1.));
#16178=DIRECTION('center_axis',(-1.,0.,0.));
#16179=DIRECTION('ref_axis',(0.,-1.,0.));
#16180=DIRECTION('',(0.,-1.,0.));
#16181=DIRECTION('',(0.,0.,1.));
#16182=DIRECTION('',(0.,-1.,0.));
#16183=DIRECTION('center_axis',(0.,1.,0.));
#16184=DIRECTION('ref_axis',(-1.,0.,0.));
#16185=DIRECTION('',(0.,0.,-1.));
#16186=DIRECTION('',(-1.,0.,0.));
#16187=DIRECTION('',(0.,0.,1.));
#16188=DIRECTION('',(-1.,0.,0.));
#16189=DIRECTION('',(-1.,0.,0.));
#16190=DIRECTION('center_axis',(1.,0.,0.));
#16191=DIRECTION('ref_axis',(0.,1.,0.));
#16192=DIRECTION('',(0.,1.,0.));
#16193=DIRECTION('',(0.,0.,1.));
#16194=DIRECTION('',(0.,1.,0.));
#16195=DIRECTION('',(0.,1.,0.));
#16196=DIRECTION('center_axis',(0.,0.,1.));
#16197=DIRECTION('ref_axis',(1.,0.,0.));
#16198=DIRECTION('',(1.,0.,0.));
#16199=DIRECTION('',(0.,1.,0.));
#16200=DIRECTION('',(-1.,0.,0.));
#16201=DIRECTION('',(0.,-1.,0.));
#16202=DIRECTION('center_axis',(0.,1.,0.));
#16203=DIRECTION('ref_axis',(-1.,0.,0.));
#16204=DIRECTION('',(0.,0.,1.));
#16205=DIRECTION('',(-1.,0.,0.));
#16206=DIRECTION('',(0.,0.,1.));
#16207=DIRECTION('',(-1.,0.,0.));
#16208=DIRECTION('',(0.,0.,1.));
#16209=DIRECTION('',(-1.,0.,0.));
#16210=DIRECTION('center_axis',(-1.,0.,0.));
#16211=DIRECTION('ref_axis',(0.,-1.,0.));
#16212=DIRECTION('',(0.,-1.,0.));
#16213=DIRECTION('',(0.,-1.,0.));
#16214=DIRECTION('',(0.,0.,1.));
#16215=DIRECTION('',(0.,-1.,0.));
#16216=DIRECTION('',(0.,0.,-1.));
#16217=DIRECTION('center_axis',(1.,0.,0.));
#16218=DIRECTION('ref_axis',(0.,1.,0.));
#16219=DIRECTION('',(0.,1.,0.));
#16220=DIRECTION('',(0.,0.,1.));
#16221=DIRECTION('',(0.,1.,0.));
#16222=DIRECTION('center_axis',(0.,-1.,0.));
#16223=DIRECTION('ref_axis',(1.,0.,0.));
#16224=DIRECTION('',(1.,0.,0.));
#16225=DIRECTION('',(1.,0.,0.));
#16226=DIRECTION('center_axis',(0.,0.,1.));
#16227=DIRECTION('ref_axis',(1.,0.,0.));
#16228=DIRECTION('',(0.,-1.,0.));
#16229=DIRECTION('',(1.,0.,0.));
#16230=DIRECTION('',(0.,1.,0.));
#16231=DIRECTION('',(-1.,1.58603289232165E-16,0.));
#16232=DIRECTION('center_axis',(0.,1.,0.));
#16233=DIRECTION('ref_axis',(-1.,0.,0.));
#16234=DIRECTION('',(0.,0.,1.));
#16235=DIRECTION('',(-1.,0.,0.));
#16236=DIRECTION('',(0.,0.,1.));
#16237=DIRECTION('',(-1.,0.,0.));
#16238=DIRECTION('',(0.,0.,1.));
#16239=DIRECTION('',(-1.,0.,0.));
#16240=DIRECTION('center_axis',(-1.,0.,0.));
#16241=DIRECTION('ref_axis',(0.,-1.,0.));
#16242=DIRECTION('',(0.,-1.,0.));
#16243=DIRECTION('',(0.,-1.,0.));
#16244=DIRECTION('',(0.,0.,1.));
#16245=DIRECTION('',(0.,-1.,0.));
#16246=DIRECTION('',(0.,0.,-1.));
#16247=DIRECTION('center_axis',(1.,0.,0.));
#16248=DIRECTION('ref_axis',(0.,1.,0.));
#16249=DIRECTION('',(0.,1.,0.));
#16250=DIRECTION('',(0.,0.,1.));
#16251=DIRECTION('',(0.,1.,0.));
#16252=DIRECTION('center_axis',(0.,-1.,0.));
#16253=DIRECTION('ref_axis',(1.,0.,0.));
#16254=DIRECTION('',(1.,0.,0.));
#16255=DIRECTION('',(1.,0.,0.));
#16256=DIRECTION('center_axis',(0.,0.,1.));
#16257=DIRECTION('ref_axis',(1.,0.,0.));
#16258=DIRECTION('',(0.,1.,0.));
#16259=DIRECTION('',(-1.,0.,0.));
#16260=DIRECTION('',(0.,-1.,0.));
#16261=DIRECTION('',(1.,0.,0.));
#16262=DIRECTION('center_axis',(0.,1.,0.));
#16263=DIRECTION('ref_axis',(-1.,0.,0.));
#16264=DIRECTION('',(0.,0.,1.));
#16265=DIRECTION('',(-1.,0.,0.));
#16266=DIRECTION('',(0.,0.,1.));
#16267=DIRECTION('',(-1.,0.,0.));
#16268=DIRECTION('',(0.,0.,1.));
#16269=DIRECTION('',(-1.,0.,0.));
#16270=DIRECTION('center_axis',(-1.,0.,0.));
#16271=DIRECTION('ref_axis',(0.,-1.,0.));
#16272=DIRECTION('',(0.,-1.,0.));
#16273=DIRECTION('',(0.,-1.,0.));
#16274=DIRECTION('',(0.,0.,1.));
#16275=DIRECTION('',(0.,-1.,0.));
#16276=DIRECTION('',(0.,0.,-1.));
#16277=DIRECTION('center_axis',(1.,0.,0.));
#16278=DIRECTION('ref_axis',(0.,1.,0.));
#16279=DIRECTION('',(0.,1.,0.));
#16280=DIRECTION('',(0.,0.,1.));
#16281=DIRECTION('',(0.,1.,0.));
#16282=DIRECTION('center_axis',(0.,-1.,0.));
#16283=DIRECTION('ref_axis',(1.,0.,0.));
#16284=DIRECTION('',(1.,0.,0.));
#16285=DIRECTION('',(1.,0.,0.));
#16286=DIRECTION('center_axis',(0.,0.,1.));
#16287=DIRECTION('ref_axis',(1.,0.,0.));
#16288=DIRECTION('',(0.,1.,0.));
#16289=DIRECTION('',(-1.,0.,0.));
#16290=DIRECTION('',(0.,-1.,0.));
#16291=DIRECTION('',(1.,0.,0.));
#16292=DIRECTION('center_axis',(-1.,0.,0.));
#16293=DIRECTION('ref_axis',(0.,-1.,0.));
#16294=DIRECTION('',(0.,-1.,0.));
#16295=DIRECTION('',(0.,0.,1.));
#16296=DIRECTION('',(0.,-1.,0.));
#16297=DIRECTION('',(0.,0.,1.));
#16298=DIRECTION('center_axis',(0.,1.,0.));
#16299=DIRECTION('ref_axis',(-1.,0.,0.));
#16300=DIRECTION('',(-1.,0.,0.));
#16301=DIRECTION('',(0.,0.,1.));
#16302=DIRECTION('',(-1.,0.,0.));
#16303=DIRECTION('center_axis',(1.,0.,0.));
#16304=DIRECTION('ref_axis',(0.,1.,0.));
#16305=DIRECTION('',(0.,1.,0.));
#16306=DIRECTION('',(0.,0.,1.));
#16307=DIRECTION('',(0.,1.,0.));
#16308=DIRECTION('center_axis',(0.,-1.,0.));
#16309=DIRECTION('ref_axis',(1.,0.,0.));
#16310=DIRECTION('',(1.,0.,0.));
#16311=DIRECTION('',(1.,0.,0.));
#16312=DIRECTION('center_axis',(0.,0.,1.));
#16313=DIRECTION('ref_axis',(1.,0.,0.));
#16314=DIRECTION('',(0.,1.,0.));
#16315=DIRECTION('',(-1.,0.,0.));
#16316=DIRECTION('',(0.,-1.,0.));
#16317=DIRECTION('',(1.,0.,0.));
#16318=DIRECTION('center_axis',(0.,1.,0.));
#16319=DIRECTION('ref_axis',(-1.,0.,0.));
#16320=DIRECTION('',(0.,0.,1.));
#16321=DIRECTION('',(-1.,0.,0.));
#16322=DIRECTION('',(0.,0.,1.));
#16323=DIRECTION('',(-1.,0.,0.));
#16324=DIRECTION('',(0.,0.,1.));
#16325=DIRECTION('',(-1.,0.,0.));
#16326=DIRECTION('center_axis',(-1.,0.,0.));
#16327=DIRECTION('ref_axis',(0.,-1.,0.));
#16328=DIRECTION('',(0.,-1.,0.));
#16329=DIRECTION('',(0.,-1.,0.));
#16330=DIRECTION('',(0.,0.,1.));
#16331=DIRECTION('',(0.,-1.,0.));
#16332=DIRECTION('',(0.,0.,-1.));
#16333=DIRECTION('center_axis',(1.,0.,0.));
#16334=DIRECTION('ref_axis',(0.,1.,0.));
#16335=DIRECTION('',(0.,1.,0.));
#16336=DIRECTION('',(0.,0.,1.));
#16337=DIRECTION('',(0.,1.,0.));
#16338=DIRECTION('center_axis',(0.,-1.,0.));
#16339=DIRECTION('ref_axis',(1.,0.,0.));
#16340=DIRECTION('',(1.,0.,0.));
#16341=DIRECTION('',(1.,0.,0.));
#16342=DIRECTION('center_axis',(0.,0.,1.));
#16343=DIRECTION('ref_axis',(1.,0.,0.));
#16344=DIRECTION('',(0.,-1.,0.));
#16345=DIRECTION('',(1.,0.,0.));
#16346=DIRECTION('',(0.,1.,0.));
#16347=DIRECTION('',(-1.,0.,0.));
#16348=DIRECTION('center_axis',(0.,-1.,0.));
#16349=DIRECTION('ref_axis',(1.,0.,0.));
#16350=DIRECTION('',(1.,0.,0.));
#16351=DIRECTION('',(0.,0.,1.));
#16352=DIRECTION('',(1.,0.,0.));
#16353=DIRECTION('',(0.,0.,1.));
#16354=DIRECTION('center_axis',(-1.,0.,0.));
#16355=DIRECTION('ref_axis',(0.,-1.,0.));
#16356=DIRECTION('',(0.,-1.,0.));
#16357=DIRECTION('',(0.,0.,1.));
#16358=DIRECTION('',(0.,-1.,0.));
#16359=DIRECTION('center_axis',(0.,1.,0.));
#16360=DIRECTION('ref_axis',(-1.,0.,0.));
#16361=DIRECTION('',(0.,0.,-1.));
#16362=DIRECTION('',(-1.,0.,0.));
#16363=DIRECTION('',(0.,0.,1.));
#16364=DIRECTION('',(-1.,0.,0.));
#16365=DIRECTION('',(-1.,0.,0.));
#16366=DIRECTION('center_axis',(1.,0.,0.));
#16367=DIRECTION('ref_axis',(0.,1.,0.));
#16368=DIRECTION('',(0.,1.,0.));
#16369=DIRECTION('',(0.,0.,1.));
#16370=DIRECTION('',(0.,1.,0.));
#16371=DIRECTION('',(0.,1.,0.));
#16372=DIRECTION('center_axis',(0.,0.,1.));
#16373=DIRECTION('ref_axis',(1.,0.,0.));
#16374=DIRECTION('',(0.,1.,0.));
#16375=DIRECTION('',(-1.,0.,0.));
#16376=DIRECTION('',(0.,-1.,0.));
#16377=DIRECTION('',(1.,-1.58603289232165E-16,0.));
#16378=DIRECTION('center_axis',(0.,-1.,0.));
#16379=DIRECTION('ref_axis',(1.,0.,0.));
#16380=DIRECTION('',(1.,0.,0.));
#16381=DIRECTION('',(0.,0.,1.));
#16382=DIRECTION('',(1.,0.,0.));
#16383=DIRECTION('',(0.,0.,1.));
#16384=DIRECTION('center_axis',(-1.,0.,0.));
#16385=DIRECTION('ref_axis',(0.,-1.,0.));
#16386=DIRECTION('',(0.,-1.,0.));
#16387=DIRECTION('',(0.,0.,1.));
#16388=DIRECTION('',(0.,-1.,0.));
#16389=DIRECTION('center_axis',(0.,1.,0.));
#16390=DIRECTION('ref_axis',(-1.,0.,0.));
#16391=DIRECTION('',(0.,0.,-1.));
#16392=DIRECTION('',(-1.,0.,0.));
#16393=DIRECTION('',(0.,0.,1.));
#16394=DIRECTION('',(-1.,0.,0.));
#16395=DIRECTION('',(-1.,0.,0.));
#16396=DIRECTION('center_axis',(1.,0.,0.));
#16397=DIRECTION('ref_axis',(0.,1.,0.));
#16398=DIRECTION('',(0.,1.,0.));
#16399=DIRECTION('',(0.,0.,1.));
#16400=DIRECTION('',(0.,1.,0.));
#16401=DIRECTION('',(0.,1.,0.));
#16402=DIRECTION('center_axis',(0.,0.,1.));
#16403=DIRECTION('ref_axis',(1.,0.,0.));
#16404=DIRECTION('',(0.,-1.,0.));
#16405=DIRECTION('',(1.,0.,0.));
#16406=DIRECTION('',(0.,1.,0.));
#16407=DIRECTION('',(-1.,0.,0.));
#16408=DIRECTION('center_axis',(0.,-1.,0.));
#16409=DIRECTION('ref_axis',(1.,0.,0.));
#16410=DIRECTION('',(1.,0.,0.));
#16411=DIRECTION('',(0.,0.,1.));
#16412=DIRECTION('',(1.,0.,0.));
#16413=DIRECTION('',(0.,0.,1.));
#16414=DIRECTION('center_axis',(-1.,0.,0.));
#16415=DIRECTION('ref_axis',(0.,-1.,0.));
#16416=DIRECTION('',(0.,-1.,0.));
#16417=DIRECTION('',(0.,0.,1.));
#16418=DIRECTION('',(0.,-1.,0.));
#16419=DIRECTION('center_axis',(0.,1.,0.));
#16420=DIRECTION('ref_axis',(-1.,0.,0.));
#16421=DIRECTION('',(0.,0.,-1.));
#16422=DIRECTION('',(-1.,0.,0.));
#16423=DIRECTION('',(0.,0.,1.));
#16424=DIRECTION('',(-1.,0.,0.));
#16425=DIRECTION('',(-1.,0.,0.));
#16426=DIRECTION('center_axis',(1.,0.,0.));
#16427=DIRECTION('ref_axis',(0.,1.,0.));
#16428=DIRECTION('',(0.,1.,0.));
#16429=DIRECTION('',(0.,0.,1.));
#16430=DIRECTION('',(0.,1.,0.));
#16431=DIRECTION('',(0.,1.,0.));
#16432=DIRECTION('center_axis',(0.,0.,1.));
#16433=DIRECTION('ref_axis',(1.,0.,0.));
#16434=DIRECTION('',(-1.,0.,0.));
#16435=DIRECTION('',(0.,-1.,0.));
#16436=DIRECTION('',(1.,0.,0.));
#16437=DIRECTION('',(3.70074341541719E-17,1.,0.));
#16438=DIRECTION('center_axis',(1.,0.,0.));
#16439=DIRECTION('ref_axis',(0.,1.,0.));
#16440=DIRECTION('',(0.,0.,-1.));
#16441=DIRECTION('',(0.,1.,0.));
#16442=DIRECTION('',(0.,0.,1.));
#16443=DIRECTION('center_axis',(0.,-1.,0.));
#16444=DIRECTION('ref_axis',(1.,0.,0.));
#16445=DIRECTION('',(0.,0.,1.));
#16446=DIRECTION('',(1.,0.,0.));
#16447=DIRECTION('center_axis',(-1.,0.,0.));
#16448=DIRECTION('ref_axis',(0.,-1.,0.));
#16449=DIRECTION('',(0.,0.,-1.));
#16450=DIRECTION('',(0.,-1.,0.));
#16451=DIRECTION('',(0.,0.,1.));
#16452=DIRECTION('center_axis',(0.,1.,0.));
#16453=DIRECTION('ref_axis',(-1.,0.,0.));
#16454=DIRECTION('',(0.,0.,1.));
#16455=DIRECTION('',(-1.,0.,0.));
#16456=DIRECTION('center_axis',(1.58603289232165E-16,1.,0.));
#16457=DIRECTION('ref_axis',(-1.,1.58603289232165E-16,0.));
#16458=DIRECTION('',(0.,0.,-1.));
#16459=DIRECTION('',(-1.,1.58603289232165E-16,0.));
#16460=DIRECTION('',(0.,0.,1.));
#16461=DIRECTION('center_axis',(1.,0.,0.));
#16462=DIRECTION('ref_axis',(0.,1.,0.));
#16463=DIRECTION('',(0.,0.,1.));
#16464=DIRECTION('',(0.,1.,0.));
#16465=DIRECTION('center_axis',(-1.,0.,0.));
#16466=DIRECTION('ref_axis',(0.,1.,0.));
#16467=DIRECTION('',(0.,-1.,0.));
#16468=DIRECTION('',(0.,0.,-1.));
#16469=DIRECTION('',(0.,1.,0.));
#16470=DIRECTION('center_axis',(0.,-1.,0.));
#16471=DIRECTION('ref_axis',(1.,0.,0.));
#16472=DIRECTION('',(0.,0.,-1.));
#16473=DIRECTION('',(1.,0.,0.));
#16474=DIRECTION('',(0.,0.,1.));
#16475=DIRECTION('center_axis',(-1.,0.,0.));
#16476=DIRECTION('ref_axis',(0.,-1.,0.));
#16477=DIRECTION('',(0.,0.,1.));
#16478=DIRECTION('',(0.,-1.,0.));
#16479=DIRECTION('center_axis',(-1.,0.,0.));
#16480=DIRECTION('ref_axis',(0.,1.,0.));
#16481=DIRECTION('',(0.,-1.,0.));
#16482=DIRECTION('',(0.,0.,-1.));
#16483=DIRECTION('',(0.,1.,0.));
#16484=DIRECTION('center_axis',(0.,-1.,0.));
#16485=DIRECTION('ref_axis',(1.,0.,0.));
#16486=DIRECTION('',(0.,0.,-1.));
#16487=DIRECTION('',(1.,0.,0.));
#16488=DIRECTION('',(0.,0.,1.));
#16489=DIRECTION('center_axis',(-1.,0.,0.));
#16490=DIRECTION('ref_axis',(0.,-1.,0.));
#16491=DIRECTION('',(0.,0.,1.));
#16492=DIRECTION('',(0.,-1.,0.));
#16493=DIRECTION('center_axis',(-1.,0.,0.));
#16494=DIRECTION('ref_axis',(0.,1.,0.));
#16495=DIRECTION('',(0.,-1.,0.));
#16496=DIRECTION('',(0.,0.,-1.));
#16497=DIRECTION('',(0.,1.,0.));
#16498=DIRECTION('center_axis',(0.,-1.,0.));
#16499=DIRECTION('ref_axis',(1.,0.,0.));
#16500=DIRECTION('',(0.,0.,-1.));
#16501=DIRECTION('',(1.,0.,0.));
#16502=DIRECTION('',(0.,0.,1.));
#16503=DIRECTION('center_axis',(-1.,0.,0.));
#16504=DIRECTION('ref_axis',(0.,-1.,0.));
#16505=DIRECTION('',(0.,0.,1.));
#16506=DIRECTION('',(0.,-1.,0.));
#16507=DIRECTION('center_axis',(0.,1.,0.));
#16508=DIRECTION('ref_axis',(-1.,0.,0.));
#16509=DIRECTION('',(0.,0.,-1.));
#16510=DIRECTION('',(-1.,0.,0.));
#16511=DIRECTION('',(0.,0.,1.));
#16512=DIRECTION('center_axis',(1.,0.,0.));
#16513=DIRECTION('ref_axis',(0.,1.,0.));
#16514=DIRECTION('',(0.,0.,1.));
#16515=DIRECTION('',(0.,1.,0.));
#16516=DIRECTION('center_axis',(-1.,0.,0.));
#16517=DIRECTION('ref_axis',(0.,1.,0.));
#16518=DIRECTION('',(0.,-1.,0.));
#16519=DIRECTION('',(0.,0.,-1.));
#16520=DIRECTION('',(0.,1.,0.));
#16521=DIRECTION('center_axis',(-1.58603289232165E-16,-1.,0.));
#16522=DIRECTION('ref_axis',(1.,-1.58603289232165E-16,0.));
#16523=DIRECTION('',(0.,0.,-1.));
#16524=DIRECTION('',(1.,-1.58603289232165E-16,0.));
#16525=DIRECTION('',(0.,0.,1.));
#16526=DIRECTION('center_axis',(-1.,0.,0.));
#16527=DIRECTION('ref_axis',(0.,-1.,0.));
#16528=DIRECTION('',(0.,0.,1.));
#16529=DIRECTION('',(0.,-1.,0.));
#16530=DIRECTION('center_axis',(0.,0.,1.));
#16531=DIRECTION('ref_axis',(1.,0.,0.));
#16532=DIRECTION('',(-1.,0.,0.));
#16533=DIRECTION('',(0.,1.,0.));
#16534=DIRECTION('',(1.,0.,0.));
#16535=DIRECTION('',(1.,0.,0.));
#16536=DIRECTION('',(0.,1.,0.));
#16537=DIRECTION('',(-1.,0.,0.));
#16538=DIRECTION('',(0.,-1.,0.));
#16539=DIRECTION('center_axis',(0.,1.,0.));
#16540=DIRECTION('ref_axis',(-1.,0.,0.));
#16541=DIRECTION('',(0.,0.,-1.));
#16542=DIRECTION('',(-1.,0.,0.));
#16543=DIRECTION('',(0.,0.,1.));
#16544=DIRECTION('center_axis',(1.,0.,0.));
#16545=DIRECTION('ref_axis',(0.,1.,0.));
#16546=DIRECTION('',(0.,0.,1.));
#16547=DIRECTION('',(0.,1.,0.));
#16548=DIRECTION('center_axis',(0.,0.,1.));
#16549=DIRECTION('ref_axis',(1.,0.,0.));
#16550=DIRECTION('',(-1.,0.,0.));
#16551=DIRECTION('',(0.,1.,0.));
#16552=DIRECTION('',(1.,0.,0.));
#16553=DIRECTION('',(1.,0.,0.));
#16554=DIRECTION('',(0.,1.,0.));
#16555=DIRECTION('',(-1.,0.,0.));
#16556=DIRECTION('',(0.,-1.,0.));
#16557=DIRECTION('center_axis',(1.,-3.70074341541719E-17,0.));
#16558=DIRECTION('ref_axis',(3.70074341541719E-17,1.,0.));
#16559=DIRECTION('',(0.,0.,-1.));
#16560=DIRECTION('',(3.70074341541719E-17,1.,0.));
#16561=DIRECTION('',(0.,0.,1.));
#16562=DIRECTION('center_axis',(0.,-1.,0.));
#16563=DIRECTION('ref_axis',(1.,0.,0.));
#16564=DIRECTION('',(0.,0.,1.));
#16565=DIRECTION('',(1.,0.,0.));
#16566=DIRECTION('center_axis',(0.,0.,1.));
#16567=DIRECTION('ref_axis',(1.,0.,0.));
#16568=DIRECTION('',(-1.,0.,0.));
#16569=DIRECTION('',(0.,1.,0.));
#16570=DIRECTION('',(1.,0.,0.));
#16571=DIRECTION('',(1.,0.,0.));
#16572=DIRECTION('',(0.,1.,0.));
#16573=DIRECTION('',(-1.,0.,0.));
#16574=DIRECTION('',(0.,-1.,0.));
#16575=DIRECTION('center_axis',(-1.,0.,0.));
#16576=DIRECTION('ref_axis',(0.,1.,0.));
#16577=DIRECTION('',(0.,-1.,0.));
#16578=DIRECTION('',(0.,0.,-1.));
#16579=DIRECTION('',(0.,1.,0.));
#16580=DIRECTION('',(0.,0.,-1.));
#16581=DIRECTION('center_axis',(0.,1.,0.));
#16582=DIRECTION('ref_axis',(1.,0.,0.));
#16583=DIRECTION('',(-1.,0.,0.));
#16584=DIRECTION('',(1.,0.,0.));
#16585=DIRECTION('',(0.,0.,-1.));
#16586=DIRECTION('center_axis',(1.,0.,0.));
#16587=DIRECTION('ref_axis',(0.,-1.,0.));
#16588=DIRECTION('',(0.,1.,0.));
#16589=DIRECTION('',(0.,-1.,0.));
#16590=DIRECTION('',(0.,0.,-1.));
#16591=DIRECTION('center_axis',(0.,-1.,0.));
#16592=DIRECTION('ref_axis',(-1.,0.,0.));
#16593=DIRECTION('',(1.,0.,0.));
#16594=DIRECTION('',(-1.,0.,0.));
#16595=DIRECTION('center_axis',(0.,-1.,0.));
#16596=DIRECTION('ref_axis',(-1.,0.,0.));
#16597=DIRECTION('',(0.,0.,-1.));
#16598=DIRECTION('',(-1.,0.,0.));
#16599=DIRECTION('center_axis',(0.,1.,0.));
#16600=DIRECTION('ref_axis',(1.,0.,0.));
#16601=DIRECTION('',(1.,0.,0.));
#16602=DIRECTION('center_axis',(1.,0.,0.));
#16603=DIRECTION('ref_axis',(0.,-1.,0.));
#16604=DIRECTION('',(0.,-1.,0.));
#16605=DIRECTION('center_axis',(0.,1.,0.));
#16606=DIRECTION('ref_axis',(1.,0.,0.));
#16607=DIRECTION('',(1.,0.,0.));
#16608=DIRECTION('center_axis',(1.,0.,0.));
#16609=DIRECTION('ref_axis',(0.,-1.,0.));
#16610=DIRECTION('',(0.,-1.,0.));
#16611=DIRECTION('',(0.,0.,-1.));
#16612=DIRECTION('center_axis',(0.,-1.,0.));
#16613=DIRECTION('ref_axis',(-1.,0.,0.));
#16614=DIRECTION('',(-1.,0.,0.));
#16615=DIRECTION('center_axis',(0.,1.,0.));
#16616=DIRECTION('ref_axis',(1.,0.,0.));
#16617=DIRECTION('',(-1.,0.,0.));
#16618=DIRECTION('',(1.,0.,0.));
#16619=DIRECTION('center_axis',(1.,0.,0.));
#16620=DIRECTION('ref_axis',(0.,-1.,0.));
#16621=DIRECTION('',(0.,-1.,0.));
#16622=DIRECTION('',(0.,0.,-1.));
#16623=DIRECTION('',(0.,1.,0.));
#16624=DIRECTION('center_axis',(0.,-1.,0.));
#16625=DIRECTION('ref_axis',(-1.,0.,0.));
#16626=DIRECTION('',(1.,0.,0.));
#16627=DIRECTION('',(-1.,0.,0.));
#16628=DIRECTION('center_axis',(0.,1.,0.));
#16629=DIRECTION('ref_axis',(1.,0.,0.));
#16630=DIRECTION('',(1.,0.,0.));
#16631=DIRECTION('center_axis',(1.,0.,0.));
#16632=DIRECTION('ref_axis',(0.,-1.,0.));
#16633=DIRECTION('',(0.,-1.,0.));
#16634=DIRECTION('',(0.,0.,-1.));
#16635=DIRECTION('center_axis',(0.,-1.,0.));
#16636=DIRECTION('ref_axis',(-1.,0.,0.));
#16637=DIRECTION('',(-1.,0.,0.));
#16638=DIRECTION('center_axis',(1.,0.,0.));
#16639=DIRECTION('ref_axis',(0.,-1.,0.));
#16640=DIRECTION('',(0.,1.,0.));
#16641=DIRECTION('',(0.,0.,-1.));
#16642=DIRECTION('',(0.,-1.,0.));
#16643=DIRECTION('',(0.,0.,-1.));
#16644=DIRECTION('center_axis',(0.,-1.,0.));
#16645=DIRECTION('ref_axis',(-1.,0.,0.));
#16646=DIRECTION('',(1.,0.,0.));
#16647=DIRECTION('',(-1.,0.,0.));
#16648=DIRECTION('',(0.,0.,-1.));
#16649=DIRECTION('center_axis',(-1.,0.,0.));
#16650=DIRECTION('ref_axis',(0.,1.,0.));
#16651=DIRECTION('',(0.,-1.,0.));
#16652=DIRECTION('',(0.,1.,0.));
#16653=DIRECTION('',(0.,0.,-1.));
#16654=DIRECTION('center_axis',(0.,1.,0.));
#16655=DIRECTION('ref_axis',(1.,0.,0.));
#16656=DIRECTION('',(-1.,0.,0.));
#16657=DIRECTION('',(1.,0.,0.));
#16658=DIRECTION('center_axis',(0.,1.,0.));
#16659=DIRECTION('ref_axis',(1.,0.,0.));
#16660=DIRECTION('',(-1.,0.,0.));
#16661=DIRECTION('',(0.,0.,-1.));
#16662=DIRECTION('',(1.,0.,0.));
#16663=DIRECTION('',(0.,0.,-1.));
#16664=DIRECTION('center_axis',(1.,0.,0.));
#16665=DIRECTION('ref_axis',(0.,-1.,0.));
#16666=DIRECTION('',(0.,1.,0.));
#16667=DIRECTION('',(0.,-1.,0.));
#16668=DIRECTION('',(0.,0.,-1.));
#16669=DIRECTION('center_axis',(0.,-1.,0.));
#16670=DIRECTION('ref_axis',(-1.,0.,0.));
#16671=DIRECTION('',(1.,0.,0.));
#16672=DIRECTION('',(-1.,0.,0.));
#16673=DIRECTION('',(0.,0.,-1.));
#16674=DIRECTION('center_axis',(-1.,0.,0.));
#16675=DIRECTION('ref_axis',(0.,1.,0.));
#16676=DIRECTION('',(0.,-1.,0.));
#16677=DIRECTION('',(0.,1.,0.));
#16678=DIRECTION('center_axis',(1.,0.,0.));
#16679=DIRECTION('ref_axis',(0.,-1.,0.));
#16680=DIRECTION('',(0.,1.,0.));
#16681=DIRECTION('',(0.,0.,-1.));
#16682=DIRECTION('',(0.,-1.,0.));
#16683=DIRECTION('',(0.,0.,-1.));
#16684=DIRECTION('center_axis',(0.,-1.,0.));
#16685=DIRECTION('ref_axis',(-1.,0.,0.));
#16686=DIRECTION('',(1.,0.,0.));
#16687=DIRECTION('',(-1.,0.,0.));
#16688=DIRECTION('',(0.,0.,-1.));
#16689=DIRECTION('center_axis',(-1.,0.,0.));
#16690=DIRECTION('ref_axis',(0.,1.,0.));
#16691=DIRECTION('',(0.,-1.,0.));
#16692=DIRECTION('',(0.,1.,0.));
#16693=DIRECTION('',(0.,0.,-1.));
#16694=DIRECTION('center_axis',(0.,1.,0.));
#16695=DIRECTION('ref_axis',(1.,0.,0.));
#16696=DIRECTION('',(-1.,0.,0.));
#16697=DIRECTION('',(1.,0.,0.));
#16698=DIRECTION('center_axis',(1.,0.,0.));
#16699=DIRECTION('ref_axis',(0.,-1.,0.));
#16700=DIRECTION('',(0.,1.,0.));
#16701=DIRECTION('',(0.,0.,-1.));
#16702=DIRECTION('',(0.,-1.,0.));
#16703=DIRECTION('',(0.,0.,-1.));
#16704=DIRECTION('center_axis',(0.,-1.,0.));
#16705=DIRECTION('ref_axis',(-1.,0.,0.));
#16706=DIRECTION('',(1.,0.,0.));
#16707=DIRECTION('',(-1.,0.,0.));
#16708=DIRECTION('',(0.,0.,-1.));
#16709=DIRECTION('center_axis',(-1.,0.,0.));
#16710=DIRECTION('ref_axis',(0.,1.,0.));
#16711=DIRECTION('',(0.,-1.,0.));
#16712=DIRECTION('',(0.,1.,0.));
#16713=DIRECTION('',(0.,0.,-1.));
#16714=DIRECTION('center_axis',(0.,1.,0.));
#16715=DIRECTION('ref_axis',(1.,0.,0.));
#16716=DIRECTION('',(-1.,0.,0.));
#16717=DIRECTION('',(1.,0.,0.));
#16718=DIRECTION('center_axis',(1.,0.,0.));
#16719=DIRECTION('ref_axis',(0.,-1.,0.));
#16720=DIRECTION('',(0.,1.,0.));
#16721=DIRECTION('',(0.,0.,-1.));
#16722=DIRECTION('',(0.,-1.,0.));
#16723=DIRECTION('',(0.,0.,-1.));
#16724=DIRECTION('center_axis',(0.,-1.,0.));
#16725=DIRECTION('ref_axis',(-1.,0.,0.));
#16726=DIRECTION('',(1.,0.,0.));
#16727=DIRECTION('',(-1.,0.,0.));
#16728=DIRECTION('',(0.,0.,-1.));
#16729=DIRECTION('center_axis',(-1.,0.,0.));
#16730=DIRECTION('ref_axis',(0.,1.,0.));
#16731=DIRECTION('',(0.,-1.,0.));
#16732=DIRECTION('',(0.,1.,0.));
#16733=DIRECTION('',(0.,0.,-1.));
#16734=DIRECTION('center_axis',(0.,1.,0.));
#16735=DIRECTION('ref_axis',(1.,0.,0.));
#16736=DIRECTION('',(-1.,0.,0.));
#16737=DIRECTION('',(1.,0.,0.));
#16738=DIRECTION('center_axis',(0.,1.,0.));
#16739=DIRECTION('ref_axis',(1.,0.,0.));
#16740=DIRECTION('',(-1.,0.,0.));
#16741=DIRECTION('',(0.,0.,-1.));
#16742=DIRECTION('',(1.,0.,0.));
#16743=DIRECTION('',(0.,0.,-1.));
#16744=DIRECTION('center_axis',(1.,0.,0.));
#16745=DIRECTION('ref_axis',(0.,-1.,0.));
#16746=DIRECTION('',(0.,1.,0.));
#16747=DIRECTION('',(0.,-1.,0.));
#16748=DIRECTION('',(0.,0.,-1.));
#16749=DIRECTION('center_axis',(0.,-1.,0.));
#16750=DIRECTION('ref_axis',(-1.,0.,0.));
#16751=DIRECTION('',(1.,0.,0.));
#16752=DIRECTION('',(-1.,0.,0.));
#16753=DIRECTION('',(0.,0.,-1.));
#16754=DIRECTION('center_axis',(-1.,0.,0.));
#16755=DIRECTION('ref_axis',(0.,1.,0.));
#16756=DIRECTION('',(0.,-1.,0.));
#16757=DIRECTION('',(0.,1.,0.));
#16758=DIRECTION('center_axis',(1.,0.,0.));
#16759=DIRECTION('ref_axis',(0.,-1.,0.));
#16760=DIRECTION('',(0.,1.,0.));
#16761=DIRECTION('',(0.,0.,-1.));
#16762=DIRECTION('',(0.,-1.,0.));
#16763=DIRECTION('',(0.,0.,-1.));
#16764=DIRECTION('center_axis',(0.,-1.,0.));
#16765=DIRECTION('ref_axis',(-1.,0.,0.));
#16766=DIRECTION('',(1.,0.,0.));
#16767=DIRECTION('',(-1.,0.,0.));
#16768=DIRECTION('',(0.,0.,-1.));
#16769=DIRECTION('center_axis',(-1.,0.,0.));
#16770=DIRECTION('ref_axis',(0.,1.,0.));
#16771=DIRECTION('',(0.,-1.,0.));
#16772=DIRECTION('',(0.,1.,0.));
#16773=DIRECTION('',(0.,0.,-1.));
#16774=DIRECTION('center_axis',(0.,1.,0.));
#16775=DIRECTION('ref_axis',(1.,0.,0.));
#16776=DIRECTION('',(-1.,0.,0.));
#16777=DIRECTION('',(1.,0.,0.));
#16778=DIRECTION('center_axis',(1.,0.,0.));
#16779=DIRECTION('ref_axis',(0.,-1.,0.));
#16780=DIRECTION('',(0.,1.,0.));
#16781=DIRECTION('',(0.,0.,-1.));
#16782=DIRECTION('',(0.,-1.,0.));
#16783=DIRECTION('',(0.,0.,-1.));
#16784=DIRECTION('center_axis',(0.,-1.,0.));
#16785=DIRECTION('ref_axis',(-1.,0.,0.));
#16786=DIRECTION('',(1.,0.,0.));
#16787=DIRECTION('',(-1.,0.,0.));
#16788=DIRECTION('',(0.,0.,-1.));
#16789=DIRECTION('center_axis',(-1.,0.,0.));
#16790=DIRECTION('ref_axis',(0.,1.,0.));
#16791=DIRECTION('',(0.,-1.,0.));
#16792=DIRECTION('',(0.,1.,0.));
#16793=DIRECTION('',(0.,0.,-1.));
#16794=DIRECTION('center_axis',(0.,1.,0.));
#16795=DIRECTION('ref_axis',(1.,0.,0.));
#16796=DIRECTION('',(-1.,0.,0.));
#16797=DIRECTION('',(1.,0.,0.));
#16798=DIRECTION('center_axis',(1.,0.,0.));
#16799=DIRECTION('ref_axis',(0.,-1.,0.));
#16800=DIRECTION('',(0.,1.,0.));
#16801=DIRECTION('',(0.,0.,-1.));
#16802=DIRECTION('',(0.,-1.,0.));
#16803=DIRECTION('',(0.,0.,-1.));
#16804=DIRECTION('center_axis',(0.,-1.,0.));
#16805=DIRECTION('ref_axis',(-1.,0.,0.));
#16806=DIRECTION('',(1.,0.,0.));
#16807=DIRECTION('',(-1.,0.,0.));
#16808=DIRECTION('',(0.,0.,-1.));
#16809=DIRECTION('center_axis',(-1.,0.,0.));
#16810=DIRECTION('ref_axis',(0.,1.,0.));
#16811=DIRECTION('',(0.,-1.,0.));
#16812=DIRECTION('',(0.,1.,0.));
#16813=DIRECTION('',(0.,0.,-1.));
#16814=DIRECTION('center_axis',(0.,1.,0.));
#16815=DIRECTION('ref_axis',(1.,0.,0.));
#16816=DIRECTION('',(-1.,0.,0.));
#16817=DIRECTION('',(1.,0.,0.));
#16818=DIRECTION('center_axis',(1.,0.,0.));
#16819=DIRECTION('ref_axis',(0.,-1.,0.));
#16820=DIRECTION('',(0.,1.,0.));
#16821=DIRECTION('',(0.,0.,-1.));
#16822=DIRECTION('',(0.,-1.,0.));
#16823=DIRECTION('',(0.,0.,-1.));
#16824=DIRECTION('center_axis',(0.,-1.,0.));
#16825=DIRECTION('ref_axis',(-1.,0.,0.));
#16826=DIRECTION('',(1.,0.,0.));
#16827=DIRECTION('',(-1.,0.,0.));
#16828=DIRECTION('',(0.,0.,-1.));
#16829=DIRECTION('center_axis',(-1.,0.,0.));
#16830=DIRECTION('ref_axis',(0.,1.,0.));
#16831=DIRECTION('',(0.,-1.,0.));
#16832=DIRECTION('',(0.,1.,0.));
#16833=DIRECTION('',(0.,0.,-1.));
#16834=DIRECTION('center_axis',(0.,1.,0.));
#16835=DIRECTION('ref_axis',(1.,0.,0.));
#16836=DIRECTION('',(-1.,0.,0.));
#16837=DIRECTION('',(1.,0.,0.));
#16838=DIRECTION('center_axis',(-1.,0.,0.));
#16839=DIRECTION('ref_axis',(0.,1.,0.));
#16840=DIRECTION('',(0.,-1.,0.));
#16841=DIRECTION('',(0.,0.,-1.));
#16842=DIRECTION('',(0.,1.,0.));
#16843=DIRECTION('',(0.,0.,-1.));
#16844=DIRECTION('center_axis',(0.,1.,0.));
#16845=DIRECTION('ref_axis',(1.,0.,0.));
#16846=DIRECTION('',(-1.,0.,0.));
#16847=DIRECTION('',(1.,0.,0.));
#16848=DIRECTION('',(0.,0.,-1.));
#16849=DIRECTION('center_axis',(1.,0.,0.));
#16850=DIRECTION('ref_axis',(0.,-1.,0.));
#16851=DIRECTION('',(0.,1.,0.));
#16852=DIRECTION('',(0.,-1.,0.));
#16853=DIRECTION('',(0.,0.,-1.));
#16854=DIRECTION('center_axis',(0.,-1.,0.));
#16855=DIRECTION('ref_axis',(-1.,0.,0.));
#16856=DIRECTION('',(1.,0.,0.));
#16857=DIRECTION('',(-1.,0.,0.));
#16858=DIRECTION('center_axis',(-1.,0.,0.));
#16859=DIRECTION('ref_axis',(0.,1.,0.));
#16860=DIRECTION('',(0.,-1.,0.));
#16861=DIRECTION('',(0.,0.,-1.));
#16862=DIRECTION('',(0.,1.,0.));
#16863=DIRECTION('',(0.,0.,-1.));
#16864=DIRECTION('center_axis',(0.,1.,0.));
#16865=DIRECTION('ref_axis',(1.,0.,0.));
#16866=DIRECTION('',(-1.,0.,0.));
#16867=DIRECTION('',(1.,0.,0.));
#16868=DIRECTION('',(0.,0.,-1.));
#16869=DIRECTION('center_axis',(1.,0.,0.));
#16870=DIRECTION('ref_axis',(0.,-1.,0.));
#16871=DIRECTION('',(0.,1.,0.));
#16872=DIRECTION('',(0.,-1.,0.));
#16873=DIRECTION('',(0.,0.,-1.));
#16874=DIRECTION('center_axis',(0.,-1.,0.));
#16875=DIRECTION('ref_axis',(-1.,0.,0.));
#16876=DIRECTION('',(1.,0.,0.));
#16877=DIRECTION('',(-1.,0.,0.));
#16878=DIRECTION('center_axis',(-1.,0.,0.));
#16879=DIRECTION('ref_axis',(0.,1.,0.));
#16880=DIRECTION('',(0.,-1.,0.));
#16881=DIRECTION('',(0.,0.,-1.));
#16882=DIRECTION('',(0.,1.,0.));
#16883=DIRECTION('',(0.,0.,-1.));
#16884=DIRECTION('center_axis',(0.,1.,0.));
#16885=DIRECTION('ref_axis',(1.,0.,0.));
#16886=DIRECTION('',(-1.,0.,0.));
#16887=DIRECTION('',(1.,0.,0.));
#16888=DIRECTION('',(0.,0.,-1.));
#16889=DIRECTION('center_axis',(1.,0.,0.));
#16890=DIRECTION('ref_axis',(0.,-1.,0.));
#16891=DIRECTION('',(0.,1.,0.));
#16892=DIRECTION('',(0.,-1.,0.));
#16893=DIRECTION('',(0.,0.,-1.));
#16894=DIRECTION('center_axis',(0.,-1.,0.));
#16895=DIRECTION('ref_axis',(-1.,0.,0.));
#16896=DIRECTION('',(1.,0.,0.));
#16897=DIRECTION('',(-1.,0.,0.));
#16898=DIRECTION('center_axis',(-1.,0.,0.));
#16899=DIRECTION('ref_axis',(0.,1.,0.));
#16900=DIRECTION('',(0.,0.,-1.));
#16901=DIRECTION('',(0.,1.,0.));
#16902=DIRECTION('',(0.,0.,-1.));
#16903=DIRECTION('center_axis',(0.,1.,0.));
#16904=DIRECTION('ref_axis',(1.,0.,0.));
#16905=DIRECTION('',(1.,0.,0.));
#16906=DIRECTION('',(0.,0.,-1.));
#16907=DIRECTION('center_axis',(1.,0.,0.));
#16908=DIRECTION('ref_axis',(0.,-1.,0.));
#16909=DIRECTION('',(0.,-1.,0.));
#16910=DIRECTION('',(0.,0.,-1.));
#16911=DIRECTION('center_axis',(0.,-1.,0.));
#16912=DIRECTION('ref_axis',(-1.,0.,0.));
#16913=DIRECTION('',(-1.,0.,0.));
#16914=DIRECTION('center_axis',(-1.,0.,0.));
#16915=DIRECTION('ref_axis',(0.,1.,0.));
#16916=DIRECTION('',(0.,-1.,0.));
#16917=DIRECTION('',(0.,0.,-1.));
#16918=DIRECTION('',(0.,1.,0.));
#16919=DIRECTION('',(0.,0.,-1.));
#16920=DIRECTION('center_axis',(0.,1.,0.));
#16921=DIRECTION('ref_axis',(1.,0.,0.));
#16922=DIRECTION('',(-1.,0.,0.));
#16923=DIRECTION('',(1.,0.,0.));
#16924=DIRECTION('center_axis',(0.,-1.,0.));
#16925=DIRECTION('ref_axis',(-1.,0.,0.));
#16926=DIRECTION('',(1.,0.,0.));
#16927=DIRECTION('',(-1.,0.,0.));
#16928=DIRECTION('center_axis',(-1.,0.,0.));
#16929=DIRECTION('ref_axis',(0.,1.,0.));
#16930=DIRECTION('',(0.,0.,-1.));
#16931=DIRECTION('',(0.,1.,0.));
#16932=DIRECTION('',(0.,0.,-1.));
#16933=DIRECTION('center_axis',(0.,1.,0.));
#16934=DIRECTION('ref_axis',(1.,0.,0.));
#16935=DIRECTION('',(1.,0.,0.));
#16936=DIRECTION('',(0.,0.,-1.));
#16937=DIRECTION('center_axis',(1.,0.,0.));
#16938=DIRECTION('ref_axis',(0.,-1.,0.));
#16939=DIRECTION('',(0.,-1.,0.));
#16940=DIRECTION('',(0.,0.,-1.));
#16941=DIRECTION('center_axis',(0.,-1.,0.));
#16942=DIRECTION('ref_axis',(-1.,0.,0.));
#16943=DIRECTION('',(-1.,0.,0.));
#16944=DIRECTION('center_axis',(-1.,0.,0.));
#16945=DIRECTION('ref_axis',(0.,1.,0.));
#16946=DIRECTION('',(0.,-1.,0.));
#16947=DIRECTION('',(0.,0.,-1.));
#16948=DIRECTION('',(0.,1.,0.));
#16949=DIRECTION('',(0.,0.,-1.));
#16950=DIRECTION('center_axis',(0.,1.,0.));
#16951=DIRECTION('ref_axis',(1.,0.,0.));
#16952=DIRECTION('',(-1.,0.,0.));
#16953=DIRECTION('',(1.,0.,0.));
#16954=DIRECTION('',(0.,0.,-1.));
#16955=DIRECTION('center_axis',(1.,0.,0.));
#16956=DIRECTION('ref_axis',(0.,-1.,0.));
#16957=DIRECTION('',(0.,1.,0.));
#16958=DIRECTION('',(0.,-1.,0.));
#16959=DIRECTION('',(0.,0.,-1.));
#16960=DIRECTION('center_axis',(0.,-1.,0.));
#16961=DIRECTION('ref_axis',(-1.,0.,0.));
#16962=DIRECTION('',(1.,0.,0.));
#16963=DIRECTION('',(-1.,0.,0.));
#16964=DIRECTION('center_axis',(-1.,0.,0.));
#16965=DIRECTION('ref_axis',(0.,1.,0.));
#16966=DIRECTION('',(0.,-1.,0.));
#16967=DIRECTION('',(0.,0.,-1.));
#16968=DIRECTION('',(0.,1.,0.));
#16969=DIRECTION('',(0.,0.,-1.));
#16970=DIRECTION('center_axis',(0.,1.,0.));
#16971=DIRECTION('ref_axis',(1.,0.,0.));
#16972=DIRECTION('',(-1.,0.,0.));
#16973=DIRECTION('',(1.,0.,0.));
#16974=DIRECTION('',(0.,0.,-1.));
#16975=DIRECTION('center_axis',(1.,0.,0.));
#16976=DIRECTION('ref_axis',(0.,-1.,0.));
#16977=DIRECTION('',(0.,1.,0.));
#16978=DIRECTION('',(0.,-1.,0.));
#16979=DIRECTION('',(0.,0.,-1.));
#16980=DIRECTION('center_axis',(0.,-1.,0.));
#16981=DIRECTION('ref_axis',(-1.,0.,0.));
#16982=DIRECTION('',(1.,0.,0.));
#16983=DIRECTION('',(-1.,0.,0.));
#16984=DIRECTION('center_axis',(-1.,0.,0.));
#16985=DIRECTION('ref_axis',(0.,1.,0.));
#16986=DIRECTION('',(0.,-1.,0.));
#16987=DIRECTION('',(0.,0.,-1.));
#16988=DIRECTION('',(0.,1.,0.));
#16989=DIRECTION('',(0.,0.,-1.));
#16990=DIRECTION('center_axis',(0.,1.,0.));
#16991=DIRECTION('ref_axis',(1.,0.,0.));
#16992=DIRECTION('',(-1.,0.,0.));
#16993=DIRECTION('',(1.,0.,0.));
#16994=DIRECTION('center_axis',(0.,-1.,0.));
#16995=DIRECTION('ref_axis',(-1.,0.,0.));
#16996=DIRECTION('',(1.,0.,0.));
#16997=DIRECTION('',(-1.,0.,0.));
#16998=DIRECTION('center_axis',(0.,1.,0.));
#16999=DIRECTION('ref_axis',(1.,0.,0.));
#17000=DIRECTION('',(-1.,0.,0.));
#17001=DIRECTION('',(0.,0.,-1.));
#17002=DIRECTION('',(1.,0.,0.));
#17003=DIRECTION('',(0.,0.,-1.));
#17004=DIRECTION('center_axis',(1.,0.,0.));
#17005=DIRECTION('ref_axis',(0.,-1.,0.));
#17006=DIRECTION('',(0.,1.,0.));
#17007=DIRECTION('',(0.,-1.,0.));
#17008=DIRECTION('',(0.,0.,-1.));
#17009=DIRECTION('center_axis',(0.,-1.,0.));
#17010=DIRECTION('ref_axis',(-1.,0.,0.));
#17011=DIRECTION('',(1.,0.,0.));
#17012=DIRECTION('',(-1.,0.,0.));
#17013=DIRECTION('',(0.,0.,-1.));
#17014=DIRECTION('center_axis',(-1.,0.,0.));
#17015=DIRECTION('ref_axis',(0.,1.,0.));
#17016=DIRECTION('',(0.,-1.,0.));
#17017=DIRECTION('',(0.,1.,0.));
#17018=DIRECTION('center_axis',(0.,1.,0.));
#17019=DIRECTION('ref_axis',(1.,0.,0.));
#17020=DIRECTION('',(-1.,0.,0.));
#17021=DIRECTION('',(0.,0.,-1.));
#17022=DIRECTION('',(1.,0.,0.));
#17023=DIRECTION('center_axis',(0.,-1.,0.));
#17024=DIRECTION('ref_axis',(-1.,0.,0.));
#17025=DIRECTION('',(1.,0.,0.));
#17026=DIRECTION('',(-1.,0.,0.));
#17027=DIRECTION('',(0.,0.,-1.));
#17028=DIRECTION('center_axis',(-1.,0.,0.));
#17029=DIRECTION('ref_axis',(0.,1.,0.));
#17030=DIRECTION('',(0.,-1.,0.));
#17031=DIRECTION('',(0.,1.,0.));
#17032=DIRECTION('center_axis',(0.,1.,0.));
#17033=DIRECTION('ref_axis',(1.,0.,0.));
#17034=DIRECTION('',(-1.,0.,0.));
#17035=DIRECTION('',(0.,0.,-1.));
#17036=DIRECTION('',(1.,0.,0.));
#17037=DIRECTION('',(0.,0.,-1.));
#17038=DIRECTION('center_axis',(1.,0.,0.));
#17039=DIRECTION('ref_axis',(0.,-1.,0.));
#17040=DIRECTION('',(0.,1.,0.));
#17041=DIRECTION('',(0.,-1.,0.));
#17042=DIRECTION('',(0.,0.,-1.));
#17043=DIRECTION('center_axis',(0.,-1.,0.));
#17044=DIRECTION('ref_axis',(-1.,0.,0.));
#17045=DIRECTION('',(1.,0.,0.));
#17046=DIRECTION('',(-1.,0.,0.));
#17047=DIRECTION('',(0.,0.,-1.));
#17048=DIRECTION('center_axis',(-1.,0.,0.));
#17049=DIRECTION('ref_axis',(0.,1.,0.));
#17050=DIRECTION('',(0.,-1.,0.));
#17051=DIRECTION('',(0.,1.,0.));
#17052=DIRECTION('center_axis',(0.,1.,0.));
#17053=DIRECTION('ref_axis',(1.,0.,0.));
#17054=DIRECTION('',(-1.,0.,0.));
#17055=DIRECTION('',(0.,0.,-1.));
#17056=DIRECTION('',(1.,0.,0.));
#17057=DIRECTION('center_axis',(0.,-1.,0.));
#17058=DIRECTION('ref_axis',(-1.,0.,0.));
#17059=DIRECTION('',(1.,0.,0.));
#17060=DIRECTION('',(-1.,0.,0.));
#17061=DIRECTION('',(0.,0.,-1.));
#17062=DIRECTION('center_axis',(-1.,0.,0.));
#17063=DIRECTION('ref_axis',(0.,1.,0.));
#17064=DIRECTION('',(0.,-1.,0.));
#17065=DIRECTION('',(0.,1.,0.));
#17066=DIRECTION('center_axis',(0.,1.,0.));
#17067=DIRECTION('ref_axis',(1.,0.,0.));
#17068=DIRECTION('',(0.,0.,-1.));
#17069=DIRECTION('',(1.,0.,0.));
#17070=DIRECTION('',(0.,0.,-1.));
#17071=DIRECTION('center_axis',(1.,0.,0.));
#17072=DIRECTION('ref_axis',(0.,-1.,0.));
#17073=DIRECTION('',(0.,-1.,0.));
#17074=DIRECTION('',(0.,0.,-1.));
#17075=DIRECTION('center_axis',(0.,-1.,0.));
#17076=DIRECTION('ref_axis',(-1.,0.,0.));
#17077=DIRECTION('',(-1.,0.,0.));
#17078=DIRECTION('',(0.,0.,-1.));
#17079=DIRECTION('center_axis',(-1.,0.,0.));
#17080=DIRECTION('ref_axis',(0.,1.,0.));
#17081=DIRECTION('',(0.,1.,0.));
#17082=DIRECTION('center_axis',(0.,1.,0.));
#17083=DIRECTION('ref_axis',(1.,0.,0.));
#17084=DIRECTION('',(0.,0.,-1.));
#17085=DIRECTION('',(1.,0.,0.));
#17086=DIRECTION('',(0.,0.,-1.));
#17087=DIRECTION('center_axis',(1.,0.,0.));
#17088=DIRECTION('ref_axis',(0.,-1.,0.));
#17089=DIRECTION('',(0.,-1.,0.));
#17090=DIRECTION('',(0.,0.,-1.));
#17091=DIRECTION('center_axis',(0.,-1.,0.));
#17092=DIRECTION('ref_axis',(-1.,0.,0.));
#17093=DIRECTION('',(-1.,0.,0.));
#17094=DIRECTION('',(0.,0.,-1.));
#17095=DIRECTION('center_axis',(-1.,0.,0.));
#17096=DIRECTION('ref_axis',(0.,1.,0.));
#17097=DIRECTION('',(0.,1.,0.));
#17098=DIRECTION('center_axis',(0.,1.,0.));
#17099=DIRECTION('ref_axis',(1.,0.,0.));
#17100=DIRECTION('',(-1.,0.,0.));
#17101=DIRECTION('',(0.,0.,-1.));
#17102=DIRECTION('',(1.,0.,0.));
#17103=DIRECTION('',(0.,0.,-1.));
#17104=DIRECTION('center_axis',(1.,0.,0.));
#17105=DIRECTION('ref_axis',(0.,-1.,0.));
#17106=DIRECTION('',(0.,1.,0.));
#17107=DIRECTION('',(0.,-1.,0.));
#17108=DIRECTION('',(0.,0.,-1.));
#17109=DIRECTION('center_axis',(0.,-1.,0.));
#17110=DIRECTION('ref_axis',(-1.,0.,0.));
#17111=DIRECTION('',(1.,0.,0.));
#17112=DIRECTION('',(-1.,0.,0.));
#17113=DIRECTION('',(0.,0.,-1.));
#17114=DIRECTION('center_axis',(-1.,0.,0.));
#17115=DIRECTION('ref_axis',(0.,1.,0.));
#17116=DIRECTION('',(0.,-1.,0.));
#17117=DIRECTION('',(0.,1.,0.));
#17118=DIRECTION('center_axis',(0.,1.,0.));
#17119=DIRECTION('ref_axis',(1.,0.,0.));
#17120=DIRECTION('',(0.,0.,-1.));
#17121=DIRECTION('',(1.,0.,0.));
#17122=DIRECTION('',(0.,0.,-1.));
#17123=DIRECTION('center_axis',(1.,0.,0.));
#17124=DIRECTION('ref_axis',(0.,-1.,0.));
#17125=DIRECTION('',(0.,-1.,0.));
#17126=DIRECTION('',(0.,0.,-1.));
#17127=DIRECTION('center_axis',(0.,-1.,0.));
#17128=DIRECTION('ref_axis',(-1.,0.,0.));
#17129=DIRECTION('',(-1.,0.,0.));
#17130=DIRECTION('',(0.,0.,-1.));
#17131=DIRECTION('center_axis',(-1.,0.,0.));
#17132=DIRECTION('ref_axis',(0.,1.,0.));
#17133=DIRECTION('',(0.,1.,0.));
#17134=DIRECTION('center_axis',(0.,1.,0.));
#17135=DIRECTION('ref_axis',(1.,0.,0.));
#17136=DIRECTION('',(-1.,0.,0.));
#17137=DIRECTION('',(0.,0.,-1.));
#17138=DIRECTION('',(1.,0.,0.));
#17139=DIRECTION('center_axis',(0.,-1.,0.));
#17140=DIRECTION('ref_axis',(-1.,0.,0.));
#17141=DIRECTION('',(1.,0.,0.));
#17142=DIRECTION('',(-1.,0.,0.));
#17143=DIRECTION('',(0.,0.,-1.));
#17144=DIRECTION('center_axis',(-1.,0.,0.));
#17145=DIRECTION('ref_axis',(0.,1.,0.));
#17146=DIRECTION('',(0.,-1.,0.));
#17147=DIRECTION('',(0.,1.,0.));
#17148=DIRECTION('center_axis',(0.,1.,0.));
#17149=DIRECTION('ref_axis',(1.,0.,0.));
#17150=DIRECTION('',(-1.,0.,0.));
#17151=DIRECTION('',(0.,0.,-1.));
#17152=DIRECTION('',(1.,0.,0.));
#17153=DIRECTION('',(0.,0.,-1.));
#17154=DIRECTION('center_axis',(1.,0.,0.));
#17155=DIRECTION('ref_axis',(0.,-1.,0.));
#17156=DIRECTION('',(0.,1.,0.));
#17157=DIRECTION('',(0.,-1.,0.));
#17158=DIRECTION('',(0.,0.,-1.));
#17159=DIRECTION('center_axis',(0.,-1.,0.));
#17160=DIRECTION('ref_axis',(-1.,0.,0.));
#17161=DIRECTION('',(1.,0.,0.));
#17162=DIRECTION('',(-1.,0.,0.));
#17163=DIRECTION('',(0.,0.,-1.));
#17164=DIRECTION('center_axis',(-1.,0.,0.));
#17165=DIRECTION('ref_axis',(0.,1.,0.));
#17166=DIRECTION('',(0.,-1.,0.));
#17167=DIRECTION('',(0.,1.,0.));
#17168=DIRECTION('center_axis',(0.,1.,0.));
#17169=DIRECTION('ref_axis',(1.,0.,0.));
#17170=DIRECTION('',(-1.,0.,0.));
#17171=DIRECTION('',(0.,0.,-1.));
#17172=DIRECTION('',(1.,0.,0.));
#17173=DIRECTION('',(0.,0.,-1.));
#17174=DIRECTION('center_axis',(1.,0.,0.));
#17175=DIRECTION('ref_axis',(0.,-1.,0.));
#17176=DIRECTION('',(0.,1.,0.));
#17177=DIRECTION('',(0.,-1.,0.));
#17178=DIRECTION('',(0.,0.,-1.));
#17179=DIRECTION('center_axis',(0.,-1.,0.));
#17180=DIRECTION('ref_axis',(-1.,0.,0.));
#17181=DIRECTION('',(1.,0.,0.));
#17182=DIRECTION('',(-1.,0.,0.));
#17183=DIRECTION('',(0.,0.,-1.));
#17184=DIRECTION('center_axis',(-1.,0.,0.));
#17185=DIRECTION('ref_axis',(0.,1.,0.));
#17186=DIRECTION('',(0.,-1.,0.));
#17187=DIRECTION('',(0.,1.,0.));
#17188=DIRECTION('center_axis',(0.,1.,0.));
#17189=DIRECTION('ref_axis',(1.,0.,0.));
#17190=DIRECTION('',(-1.,0.,0.));
#17191=DIRECTION('',(0.,0.,-1.));
#17192=DIRECTION('',(1.,0.,0.));
#17193=DIRECTION('',(0.,0.,-1.));
#17194=DIRECTION('center_axis',(1.,0.,0.));
#17195=DIRECTION('ref_axis',(0.,-1.,0.));
#17196=DIRECTION('',(0.,1.,0.));
#17197=DIRECTION('',(0.,-1.,0.));
#17198=DIRECTION('',(0.,0.,-1.));
#17199=DIRECTION('center_axis',(0.,-1.,0.));
#17200=DIRECTION('ref_axis',(-1.,0.,0.));
#17201=DIRECTION('',(1.,0.,0.));
#17202=DIRECTION('',(-1.,0.,0.));
#17203=DIRECTION('',(0.,0.,-1.));
#17204=DIRECTION('center_axis',(-1.,0.,0.));
#17205=DIRECTION('ref_axis',(0.,1.,0.));
#17206=DIRECTION('',(0.,-1.,0.));
#17207=DIRECTION('',(0.,1.,0.));
#17208=DIRECTION('center_axis',(-1.,0.,0.));
#17209=DIRECTION('ref_axis',(0.,1.,0.));
#17210=DIRECTION('',(0.,-1.,0.));
#17211=DIRECTION('',(0.,0.,-1.));
#17212=DIRECTION('',(0.,1.,0.));
#17213=DIRECTION('',(0.,0.,-1.));
#17214=DIRECTION('center_axis',(0.,1.,0.));
#17215=DIRECTION('ref_axis',(1.,0.,0.));
#17216=DIRECTION('',(-1.,0.,0.));
#17217=DIRECTION('',(1.,0.,0.));
#17218=DIRECTION('',(0.,0.,-1.));
#17219=DIRECTION('center_axis',(1.,0.,0.));
#17220=DIRECTION('ref_axis',(0.,-1.,0.));
#17221=DIRECTION('',(0.,1.,0.));
#17222=DIRECTION('',(0.,-1.,0.));
#17223=DIRECTION('',(0.,0.,-1.));
#17224=DIRECTION('center_axis',(0.,-1.,0.));
#17225=DIRECTION('ref_axis',(-1.,0.,0.));
#17226=DIRECTION('',(1.,0.,0.));
#17227=DIRECTION('',(-1.,0.,0.));
#17228=DIRECTION('center_axis',(-1.,0.,0.));
#17229=DIRECTION('ref_axis',(0.,1.,0.));
#17230=DIRECTION('',(0.,-1.,0.));
#17231=DIRECTION('',(0.,0.,-1.));
#17232=DIRECTION('',(0.,1.,0.));
#17233=DIRECTION('',(0.,0.,-1.));
#17234=DIRECTION('center_axis',(0.,1.,0.));
#17235=DIRECTION('ref_axis',(1.,0.,0.));
#17236=DIRECTION('',(-1.,0.,0.));
#17237=DIRECTION('',(1.,0.,0.));
#17238=DIRECTION('',(0.,0.,-1.));
#17239=DIRECTION('center_axis',(1.,0.,0.));
#17240=DIRECTION('ref_axis',(0.,-1.,0.));
#17241=DIRECTION('',(0.,1.,0.));
#17242=DIRECTION('',(0.,-1.,0.));
#17243=DIRECTION('',(0.,0.,-1.));
#17244=DIRECTION('center_axis',(0.,-1.,0.));
#17245=DIRECTION('ref_axis',(-1.,0.,0.));
#17246=DIRECTION('',(1.,0.,0.));
#17247=DIRECTION('',(-1.,0.,0.));
#17248=DIRECTION('center_axis',(-1.,0.,0.));
#17249=DIRECTION('ref_axis',(0.,1.,0.));
#17250=DIRECTION('',(0.,-1.,0.));
#17251=DIRECTION('',(0.,0.,-1.));
#17252=DIRECTION('',(0.,1.,0.));
#17253=DIRECTION('',(0.,0.,-1.));
#17254=DIRECTION('center_axis',(0.,1.,0.));
#17255=DIRECTION('ref_axis',(1.,0.,0.));
#17256=DIRECTION('',(-1.,0.,0.));
#17257=DIRECTION('',(1.,0.,0.));
#17258=DIRECTION('center_axis',(0.,-1.,0.));
#17259=DIRECTION('ref_axis',(-1.,0.,0.));
#17260=DIRECTION('',(1.,0.,0.));
#17261=DIRECTION('',(-1.,0.,0.));
#17262=DIRECTION('center_axis',(-1.,0.,0.));
#17263=DIRECTION('ref_axis',(0.,1.,0.));
#17264=DIRECTION('',(0.,0.,-1.));
#17265=DIRECTION('',(0.,1.,0.));
#17266=DIRECTION('',(0.,0.,-1.));
#17267=DIRECTION('center_axis',(0.,1.,0.));
#17268=DIRECTION('ref_axis',(1.,0.,0.));
#17269=DIRECTION('',(1.,0.,0.));
#17270=DIRECTION('',(0.,0.,-1.));
#17271=DIRECTION('center_axis',(1.,0.,0.));
#17272=DIRECTION('ref_axis',(0.,-1.,0.));
#17273=DIRECTION('',(0.,-1.,0.));
#17274=DIRECTION('',(0.,0.,-1.));
#17275=DIRECTION('center_axis',(0.,-1.,0.));
#17276=DIRECTION('ref_axis',(-1.,0.,0.));
#17277=DIRECTION('',(-1.,0.,0.));
#17278=DIRECTION('center_axis',(-1.,0.,0.));
#17279=DIRECTION('ref_axis',(0.,1.,0.));
#17280=DIRECTION('',(0.,-1.,0.));
#17281=DIRECTION('',(0.,0.,-1.));
#17282=DIRECTION('',(0.,1.,0.));
#17283=DIRECTION('',(0.,0.,-1.));
#17284=DIRECTION('center_axis',(0.,1.,0.));
#17285=DIRECTION('ref_axis',(1.,0.,0.));
#17286=DIRECTION('',(-1.,0.,0.));
#17287=DIRECTION('',(1.,0.,0.));
#17288=DIRECTION('',(0.,0.,-1.));
#17289=DIRECTION('center_axis',(1.,0.,0.));
#17290=DIRECTION('ref_axis',(0.,-1.,0.));
#17291=DIRECTION('',(0.,1.,0.));
#17292=DIRECTION('',(0.,-1.,0.));
#17293=DIRECTION('',(0.,0.,-1.));
#17294=DIRECTION('center_axis',(0.,-1.,0.));
#17295=DIRECTION('ref_axis',(-1.,0.,0.));
#17296=DIRECTION('',(1.,0.,0.));
#17297=DIRECTION('',(-1.,0.,0.));
#17298=DIRECTION('center_axis',(-1.,0.,0.));
#17299=DIRECTION('ref_axis',(0.,1.,0.));
#17300=DIRECTION('',(0.,-1.,0.));
#17301=DIRECTION('',(0.,0.,-1.));
#17302=DIRECTION('',(0.,1.,0.));
#17303=DIRECTION('',(0.,0.,-1.));
#17304=DIRECTION('center_axis',(0.,1.,0.));
#17305=DIRECTION('ref_axis',(1.,0.,0.));
#17306=DIRECTION('',(-1.,0.,0.));
#17307=DIRECTION('',(1.,0.,0.));
#17308=DIRECTION('center_axis',(0.,-1.,0.));
#17309=DIRECTION('ref_axis',(-1.,0.,0.));
#17310=DIRECTION('',(1.,0.,0.));
#17311=DIRECTION('',(-1.,0.,0.));
#17312=DIRECTION('center_axis',(-1.,0.,0.));
#17313=DIRECTION('ref_axis',(0.,1.,0.));
#17314=DIRECTION('',(0.,-1.,0.));
#17315=DIRECTION('',(0.,0.,-1.));
#17316=DIRECTION('',(0.,1.,0.));
#17317=DIRECTION('',(0.,0.,-1.));
#17318=DIRECTION('center_axis',(0.,1.,0.));
#17319=DIRECTION('ref_axis',(1.,0.,0.));
#17320=DIRECTION('',(-1.,0.,0.));
#17321=DIRECTION('',(1.,0.,0.));
#17322=DIRECTION('',(0.,0.,-1.));
#17323=DIRECTION('center_axis',(1.,0.,0.));
#17324=DIRECTION('ref_axis',(0.,-1.,0.));
#17325=DIRECTION('',(0.,1.,0.));
#17326=DIRECTION('',(0.,-1.,0.));
#17327=DIRECTION('',(0.,0.,-1.));
#17328=DIRECTION('center_axis',(0.,-1.,0.));
#17329=DIRECTION('ref_axis',(-1.,0.,0.));
#17330=DIRECTION('',(1.,0.,0.));
#17331=DIRECTION('',(-1.,0.,0.));
#17332=DIRECTION('center_axis',(-1.,0.,0.));
#17333=DIRECTION('ref_axis',(0.,1.,0.));
#17334=DIRECTION('',(0.,0.,-1.));
#17335=DIRECTION('',(0.,1.,0.));
#17336=DIRECTION('',(0.,0.,-1.));
#17337=DIRECTION('center_axis',(0.,1.,0.));
#17338=DIRECTION('ref_axis',(1.,0.,0.));
#17339=DIRECTION('',(1.,0.,0.));
#17340=DIRECTION('',(0.,0.,-1.));
#17341=DIRECTION('center_axis',(1.,0.,0.));
#17342=DIRECTION('ref_axis',(0.,-1.,0.));
#17343=DIRECTION('',(0.,-1.,0.));
#17344=DIRECTION('',(0.,0.,-1.));
#17345=DIRECTION('center_axis',(0.,-1.,0.));
#17346=DIRECTION('ref_axis',(-1.,0.,0.));
#17347=DIRECTION('',(-1.,0.,0.));
#17348=DIRECTION('center_axis',(-1.,0.,0.));
#17349=DIRECTION('ref_axis',(0.,1.,0.));
#17350=DIRECTION('',(0.,-1.,0.));
#17351=DIRECTION('',(0.,0.,-1.));
#17352=DIRECTION('',(0.,1.,0.));
#17353=DIRECTION('',(0.,0.,-1.));
#17354=DIRECTION('center_axis',(0.,1.,0.));
#17355=DIRECTION('ref_axis',(1.,0.,0.));
#17356=DIRECTION('',(-1.,0.,0.));
#17357=DIRECTION('',(1.,0.,0.));
#17358=DIRECTION('',(0.,0.,-1.));
#17359=DIRECTION('center_axis',(1.,0.,0.));
#17360=DIRECTION('ref_axis',(0.,-1.,0.));
#17361=DIRECTION('',(0.,1.,0.));
#17362=DIRECTION('',(0.,-1.,0.));
#17363=DIRECTION('',(0.,0.,-1.));
#17364=DIRECTION('center_axis',(0.,-1.,0.));
#17365=DIRECTION('ref_axis',(-1.,0.,0.));
#17366=DIRECTION('',(1.,0.,0.));
#17367=DIRECTION('',(-1.,0.,0.));
#17368=DIRECTION('center_axis',(-1.,0.,0.));
#17369=DIRECTION('ref_axis',(0.,1.,0.));
#17370=DIRECTION('',(0.,-1.,0.));
#17371=DIRECTION('',(0.,0.,-1.));
#17372=DIRECTION('',(0.,1.,0.));
#17373=DIRECTION('',(0.,0.,-1.));
#17374=DIRECTION('center_axis',(0.,1.,0.));
#17375=DIRECTION('ref_axis',(1.,0.,0.));
#17376=DIRECTION('',(-1.,0.,0.));
#17377=DIRECTION('',(1.,0.,0.));
#17378=DIRECTION('center_axis',(0.,-1.,0.));
#17379=DIRECTION('ref_axis',(-1.,0.,0.));
#17380=DIRECTION('',(1.,0.,0.));
#17381=DIRECTION('',(-1.,0.,0.));
#17382=DIRECTION('center_axis',(-1.,0.,0.));
#17383=DIRECTION('ref_axis',(0.,1.,0.));
#17384=DIRECTION('',(0.,0.,-1.));
#17385=DIRECTION('',(0.,1.,0.));
#17386=DIRECTION('',(0.,0.,-1.));
#17387=DIRECTION('center_axis',(0.,1.,0.));
#17388=DIRECTION('ref_axis',(1.,0.,0.));
#17389=DIRECTION('',(1.,0.,0.));
#17390=DIRECTION('',(0.,0.,-1.));
#17391=DIRECTION('center_axis',(1.,0.,0.));
#17392=DIRECTION('ref_axis',(0.,-1.,0.));
#17393=DIRECTION('',(0.,-1.,0.));
#17394=DIRECTION('',(0.,0.,-1.));
#17395=DIRECTION('center_axis',(0.,-1.,0.));
#17396=DIRECTION('ref_axis',(-1.,0.,0.));
#17397=DIRECTION('',(-1.,0.,0.));
#17398=DIRECTION('center_axis',(0.,-1.,0.));
#17399=DIRECTION('ref_axis',(-1.,0.,0.));
#17400=DIRECTION('',(1.,0.,0.));
#17401=DIRECTION('',(0.,0.,-1.));
#17402=DIRECTION('',(-1.,0.,0.));
#17403=DIRECTION('',(0.,0.,-1.));
#17404=DIRECTION('center_axis',(-1.,0.,0.));
#17405=DIRECTION('ref_axis',(0.,1.,0.));
#17406=DIRECTION('',(0.,-1.,0.));
#17407=DIRECTION('',(0.,1.,0.));
#17408=DIRECTION('',(0.,0.,-1.));
#17409=DIRECTION('center_axis',(0.,1.,0.));
#17410=DIRECTION('ref_axis',(1.,0.,0.));
#17411=DIRECTION('',(-1.,0.,0.));
#17412=DIRECTION('',(1.,0.,0.));
#17413=DIRECTION('',(0.,0.,-1.));
#17414=DIRECTION('center_axis',(1.,0.,0.));
#17415=DIRECTION('ref_axis',(0.,-1.,0.));
#17416=DIRECTION('',(0.,1.,0.));
#17417=DIRECTION('',(0.,-1.,0.));
#17418=DIRECTION('center_axis',(-1.,0.,0.));
#17419=DIRECTION('ref_axis',(0.,1.,0.));
#17420=DIRECTION('',(0.,-1.,0.));
#17421=DIRECTION('',(0.,0.,-1.));
#17422=DIRECTION('',(0.,1.,0.));
#17423=DIRECTION('',(0.,0.,-1.));
#17424=DIRECTION('center_axis',(0.,1.,0.));
#17425=DIRECTION('ref_axis',(1.,0.,0.));
#17426=DIRECTION('',(-1.,0.,0.));
#17427=DIRECTION('',(1.,0.,0.));
#17428=DIRECTION('',(0.,0.,-1.));
#17429=DIRECTION('center_axis',(1.,0.,0.));
#17430=DIRECTION('ref_axis',(0.,-1.,0.));
#17431=DIRECTION('',(0.,1.,0.));
#17432=DIRECTION('',(0.,-1.,0.));
#17433=DIRECTION('',(0.,0.,-1.));
#17434=DIRECTION('center_axis',(0.,-1.,0.));
#17435=DIRECTION('ref_axis',(-1.,0.,0.));
#17436=DIRECTION('',(1.,0.,0.));
#17437=DIRECTION('',(-1.,0.,0.));
#17438=DIRECTION('center_axis',(1.,0.,0.));
#17439=DIRECTION('ref_axis',(0.,-1.,0.));
#17440=DIRECTION('',(0.,1.,0.));
#17441=DIRECTION('',(0.,0.,-1.));
#17442=DIRECTION('',(0.,-1.,0.));
#17443=DIRECTION('',(0.,0.,-1.));
#17444=DIRECTION('center_axis',(0.,-1.,0.));
#17445=DIRECTION('ref_axis',(-1.,0.,0.));
#17446=DIRECTION('',(1.,0.,0.));
#17447=DIRECTION('',(-1.,0.,0.));
#17448=DIRECTION('',(0.,0.,-1.));
#17449=DIRECTION('center_axis',(-1.,0.,0.));
#17450=DIRECTION('ref_axis',(0.,1.,0.));
#17451=DIRECTION('',(0.,-1.,0.));
#17452=DIRECTION('',(0.,1.,0.));
#17453=DIRECTION('',(0.,0.,-1.));
#17454=DIRECTION('center_axis',(0.,1.,0.));
#17455=DIRECTION('ref_axis',(1.,0.,0.));
#17456=DIRECTION('',(-1.,0.,0.));
#17457=DIRECTION('',(1.,0.,0.));
#17458=DIRECTION('center_axis',(-1.,0.,0.));
#17459=DIRECTION('ref_axis',(0.,1.,0.));
#17460=DIRECTION('',(0.,-1.,0.));
#17461=DIRECTION('',(0.,0.,-1.));
#17462=DIRECTION('',(0.,1.,0.));
#17463=DIRECTION('',(0.,0.,-1.));
#17464=DIRECTION('center_axis',(0.,1.,0.));
#17465=DIRECTION('ref_axis',(1.,0.,0.));
#17466=DIRECTION('',(-1.,0.,0.));
#17467=DIRECTION('',(1.,0.,0.));
#17468=DIRECTION('center_axis',(0.,-1.,0.));
#17469=DIRECTION('ref_axis',(-1.,0.,0.));
#17470=DIRECTION('',(1.,0.,0.));
#17471=DIRECTION('',(-1.,0.,0.));
#17472=DIRECTION('center_axis',(-1.,0.,0.));
#17473=DIRECTION('ref_axis',(0.,1.,0.));
#17474=DIRECTION('',(0.,-1.,0.));
#17475=DIRECTION('',(0.,0.,-1.));
#17476=DIRECTION('',(0.,1.,0.));
#17477=DIRECTION('',(0.,0.,-1.));
#17478=DIRECTION('center_axis',(0.,1.,0.));
#17479=DIRECTION('ref_axis',(1.,0.,0.));
#17480=DIRECTION('',(-1.,0.,0.));
#17481=DIRECTION('',(1.,0.,0.));
#17482=DIRECTION('center_axis',(0.,-1.,0.));
#17483=DIRECTION('ref_axis',(-1.,0.,0.));
#17484=DIRECTION('',(1.,0.,0.));
#17485=DIRECTION('',(-1.,0.,0.));
#17486=DIRECTION('center_axis',(-1.,0.,0.));
#17487=DIRECTION('ref_axis',(0.,1.,0.));
#17488=DIRECTION('',(0.,0.,-1.));
#17489=DIRECTION('',(0.,1.,0.));
#17490=DIRECTION('',(0.,0.,-1.));
#17491=DIRECTION('center_axis',(0.,1.,0.));
#17492=DIRECTION('ref_axis',(1.,0.,0.));
#17493=DIRECTION('',(1.,0.,0.));
#17494=DIRECTION('',(0.,0.,-1.));
#17495=DIRECTION('center_axis',(1.,0.,0.));
#17496=DIRECTION('ref_axis',(0.,-1.,0.));
#17497=DIRECTION('',(0.,-1.,0.));
#17498=DIRECTION('',(0.,0.,-1.));
#17499=DIRECTION('center_axis',(0.,-1.,0.));
#17500=DIRECTION('ref_axis',(-1.,0.,0.));
#17501=DIRECTION('',(-1.,0.,0.));
#17502=DIRECTION('center_axis',(0.,-1.,0.));
#17503=DIRECTION('ref_axis',(-1.,0.,0.));
#17504=DIRECTION('',(1.,0.,0.));
#17505=DIRECTION('',(-1.,0.,0.));
#17506=DIRECTION('',(0.,0.,-1.));
#17507=DIRECTION('center_axis',(-1.,0.,0.));
#17508=DIRECTION('ref_axis',(0.,1.,0.));
#17509=DIRECTION('',(0.,-1.,0.));
#17510=DIRECTION('',(0.,1.,0.));
#17511=DIRECTION('',(0.,0.,-1.));
#17512=DIRECTION('center_axis',(0.,1.,0.));
#17513=DIRECTION('ref_axis',(1.,0.,0.));
#17514=DIRECTION('',(-1.,0.,0.));
#17515=DIRECTION('',(1.,0.,0.));
#17516=DIRECTION('center_axis',(1.,0.,0.));
#17517=DIRECTION('ref_axis',(0.,-1.,0.));
#17518=DIRECTION('',(0.,1.,0.));
#17519=DIRECTION('',(0.,0.,-1.));
#17520=DIRECTION('',(0.,-1.,0.));
#17521=DIRECTION('',(0.,0.,-1.));
#17522=DIRECTION('center_axis',(0.,-1.,0.));
#17523=DIRECTION('ref_axis',(-1.,0.,0.));
#17524=DIRECTION('',(1.,0.,0.));
#17525=DIRECTION('',(-1.,0.,0.));
#17526=DIRECTION('',(0.,0.,-1.));
#17527=DIRECTION('center_axis',(-1.,0.,0.));
#17528=DIRECTION('ref_axis',(0.,1.,0.));
#17529=DIRECTION('',(0.,-1.,0.));
#17530=DIRECTION('',(0.,1.,0.));
#17531=DIRECTION('',(0.,0.,-1.));
#17532=DIRECTION('center_axis',(0.,1.,0.));
#17533=DIRECTION('ref_axis',(1.,0.,0.));
#17534=DIRECTION('',(-1.,0.,0.));
#17535=DIRECTION('',(1.,0.,0.));
#17536=DIRECTION('center_axis',(1.,0.,0.));
#17537=DIRECTION('ref_axis',(0.,-1.,0.));
#17538=DIRECTION('',(0.,0.,-1.));
#17539=DIRECTION('',(0.,-1.,0.));
#17540=DIRECTION('',(0.,0.,-1.));
#17541=DIRECTION('center_axis',(0.,-1.,0.));
#17542=DIRECTION('ref_axis',(-1.,0.,0.));
#17543=DIRECTION('',(-1.,0.,0.));
#17544=DIRECTION('',(0.,0.,-1.));
#17545=DIRECTION('center_axis',(-1.,0.,0.));
#17546=DIRECTION('ref_axis',(0.,1.,0.));
#17547=DIRECTION('',(0.,1.,0.));
#17548=DIRECTION('',(0.,0.,-1.));
#17549=DIRECTION('center_axis',(0.,1.,0.));
#17550=DIRECTION('ref_axis',(1.,0.,0.));
#17551=DIRECTION('',(1.,0.,0.));
#17552=DIRECTION('center_axis',(0.,1.,0.));
#17553=DIRECTION('ref_axis',(1.,0.,0.));
#17554=DIRECTION('',(-1.,0.,0.));
#17555=DIRECTION('',(0.,0.,-1.));
#17556=DIRECTION('',(1.,0.,0.));
#17557=DIRECTION('',(0.,0.,-1.));
#17558=DIRECTION('center_axis',(1.,0.,0.));
#17559=DIRECTION('ref_axis',(0.,-1.,0.));
#17560=DIRECTION('',(0.,1.,0.));
#17561=DIRECTION('',(0.,-1.,0.));
#17562=DIRECTION('',(0.,0.,-1.));
#17563=DIRECTION('center_axis',(0.,-1.,0.));
#17564=DIRECTION('ref_axis',(-1.,0.,0.));
#17565=DIRECTION('',(1.,0.,0.));
#17566=DIRECTION('',(-1.,0.,0.));
#17567=DIRECTION('',(0.,0.,-1.));
#17568=DIRECTION('center_axis',(-1.,0.,0.));
#17569=DIRECTION('ref_axis',(0.,1.,0.));
#17570=DIRECTION('',(0.,-1.,0.));
#17571=DIRECTION('',(0.,1.,0.));
#17572=DIRECTION('center_axis',(0.,-1.,0.));
#17573=DIRECTION('ref_axis',(-1.,0.,0.));
#17574=DIRECTION('',(1.,0.,0.));
#17575=DIRECTION('',(-1.,0.,0.));
#17576=DIRECTION('',(0.,0.,-1.));
#17577=DIRECTION('center_axis',(-1.,0.,0.));
#17578=DIRECTION('ref_axis',(0.,1.,0.));
#17579=DIRECTION('',(0.,-1.,0.));
#17580=DIRECTION('',(0.,1.,0.));
#17581=DIRECTION('',(0.,0.,-1.));
#17582=DIRECTION('center_axis',(0.,1.,0.));
#17583=DIRECTION('ref_axis',(1.,0.,0.));
#17584=DIRECTION('',(-1.,0.,0.));
#17585=DIRECTION('',(1.,0.,0.));
#17586=DIRECTION('center_axis',(-1.,0.,0.));
#17587=DIRECTION('ref_axis',(0.,1.,0.));
#17588=DIRECTION('',(0.,-1.,0.));
#17589=DIRECTION('',(0.,0.,-1.));
#17590=DIRECTION('',(0.,1.,0.));
#17591=DIRECTION('',(0.,0.,-1.));
#17592=DIRECTION('center_axis',(0.,1.,0.));
#17593=DIRECTION('ref_axis',(1.,0.,0.));
#17594=DIRECTION('',(-1.,0.,0.));
#17595=DIRECTION('',(1.,0.,0.));
#17596=DIRECTION('',(0.,0.,-1.));
#17597=DIRECTION('center_axis',(1.,0.,0.));
#17598=DIRECTION('ref_axis',(0.,-1.,0.));
#17599=DIRECTION('',(0.,1.,0.));
#17600=DIRECTION('',(0.,-1.,0.));
#17601=DIRECTION('',(0.,0.,-1.));
#17602=DIRECTION('center_axis',(0.,-1.,0.));
#17603=DIRECTION('ref_axis',(-1.,0.,0.));
#17604=DIRECTION('',(1.,0.,0.));
#17605=DIRECTION('',(-1.,0.,0.));
#17606=DIRECTION('center_axis',(0.,1.,0.));
#17607=DIRECTION('ref_axis',(1.,0.,0.));
#17608=DIRECTION('',(0.,0.,-1.));
#17609=DIRECTION('',(1.,0.,0.));
#17610=DIRECTION('',(0.,0.,-1.));
#17611=DIRECTION('center_axis',(1.,0.,0.));
#17612=DIRECTION('ref_axis',(0.,-1.,0.));
#17613=DIRECTION('',(0.,-1.,0.));
#17614=DIRECTION('',(0.,0.,-1.));
#17615=DIRECTION('center_axis',(0.,-1.,0.));
#17616=DIRECTION('ref_axis',(-1.,0.,0.));
#17617=DIRECTION('',(-1.,0.,0.));
#17618=DIRECTION('',(0.,0.,-1.));
#17619=DIRECTION('center_axis',(-1.,0.,0.));
#17620=DIRECTION('ref_axis',(0.,1.,0.));
#17621=DIRECTION('',(0.,1.,0.));
#17622=DIRECTION('center_axis',(0.,-1.,0.));
#17623=DIRECTION('ref_axis',(-1.,0.,0.));
#17624=DIRECTION('',(0.,0.,-1.));
#17625=DIRECTION('',(-1.,0.,0.));
#17626=DIRECTION('',(0.,0.,-1.));
#17627=DIRECTION('center_axis',(-1.,0.,0.));
#17628=DIRECTION('ref_axis',(0.,1.,0.));
#17629=DIRECTION('',(0.,1.,0.));
#17630=DIRECTION('',(0.,0.,-1.));
#17631=DIRECTION('center_axis',(0.,1.,0.));
#17632=DIRECTION('ref_axis',(1.,0.,0.));
#17633=DIRECTION('',(1.,0.,0.));
#17634=DIRECTION('',(0.,0.,-1.));
#17635=DIRECTION('center_axis',(1.,0.,0.));
#17636=DIRECTION('ref_axis',(0.,-1.,0.));
#17637=DIRECTION('',(0.,-1.,0.));
#17638=DIRECTION('center_axis',(0.,0.,-1.));
#17639=DIRECTION('ref_axis',(-1.,0.,0.));
#17640=DIRECTION('',(-1.,0.,0.));
#17641=DIRECTION('',(0.,1.,0.));
#17642=DIRECTION('',(1.,0.,0.));
#17643=DIRECTION('',(0.,-1.,0.));
#17644=DIRECTION('center_axis',(0.,0.,1.));
#17645=DIRECTION('ref_axis',(1.,0.,0.));
#17646=DIRECTION('',(1.,0.,0.));
#17647=DIRECTION('',(0.,1.,0.));
#17648=DIRECTION('',(-1.,0.,0.));
#17649=DIRECTION('',(0.,-1.,0.));
#17650=DIRECTION('center_axis',(0.,0.,1.));
#17651=DIRECTION('ref_axis',(1.,0.,0.));
#17652=DIRECTION('',(0.,1.,0.));
#17653=DIRECTION('',(-1.,0.,0.));
#17654=DIRECTION('',(0.,-1.,0.));
#17655=DIRECTION('',(1.,0.,0.));
#17656=DIRECTION('center_axis',(0.,0.,1.));
#17657=DIRECTION('ref_axis',(1.,0.,0.));
#17658=DIRECTION('',(1.,0.,0.));
#17659=DIRECTION('',(0.,1.,0.));
#17660=DIRECTION('',(-1.,0.,0.));
#17661=DIRECTION('',(0.,-1.,0.));
#17662=DIRECTION('center_axis',(0.,0.,1.));
#17663=DIRECTION('ref_axis',(1.,0.,0.));
#17664=DIRECTION('',(-1.,0.,0.));
#17665=DIRECTION('',(0.,-1.,0.));
#17666=DIRECTION('',(1.,0.,0.));
#17667=DIRECTION('',(0.,1.,0.));
#17668=DIRECTION('center_axis',(0.,0.,1.));
#17669=DIRECTION('ref_axis',(1.,0.,0.));
#17670=DIRECTION('',(-1.,0.,0.));
#17671=DIRECTION('',(0.,-1.,0.));
#17672=DIRECTION('',(1.,0.,0.));
#17673=DIRECTION('',(0.,1.,0.));
#17674=DIRECTION('center_axis',(0.,0.,1.));
#17675=DIRECTION('ref_axis',(1.,0.,0.));
#17676=DIRECTION('',(1.,0.,0.));
#17677=DIRECTION('',(0.,1.,0.));
#17678=DIRECTION('',(-1.,0.,0.));
#17679=DIRECTION('',(0.,-1.,0.));
#17680=DIRECTION('center_axis',(0.,0.,1.));
#17681=DIRECTION('ref_axis',(1.,0.,0.));
#17682=DIRECTION('',(0.,1.,0.));
#17683=DIRECTION('',(-1.,0.,0.));
#17684=DIRECTION('',(0.,-1.,0.));
#17685=DIRECTION('',(1.,0.,0.));
#17686=DIRECTION('center_axis',(0.,0.,1.));
#17687=DIRECTION('ref_axis',(1.,0.,0.));
#17688=DIRECTION('',(1.,0.,0.));
#17689=DIRECTION('',(0.,1.,0.));
#17690=DIRECTION('',(-1.,0.,0.));
#17691=DIRECTION('',(0.,-1.,0.));
#17692=DIRECTION('center_axis',(0.,0.,1.));
#17693=DIRECTION('ref_axis',(1.,0.,0.));
#17694=DIRECTION('',(1.,0.,0.));
#17695=DIRECTION('',(0.,1.,0.));
#17696=DIRECTION('',(-1.,0.,0.));
#17697=DIRECTION('',(0.,-1.,0.));
#17698=DIRECTION('center_axis',(0.,0.,1.));
#17699=DIRECTION('ref_axis',(1.,0.,0.));
#17700=DIRECTION('',(-1.,0.,0.));
#17701=DIRECTION('',(0.,-1.,0.));
#17702=DIRECTION('',(1.,0.,0.));
#17703=DIRECTION('',(0.,1.,0.));
#17704=DIRECTION('center_axis',(0.,0.,1.));
#17705=DIRECTION('ref_axis',(1.,0.,0.));
#17706=DIRECTION('',(0.,1.,0.));
#17707=DIRECTION('',(-1.,0.,0.));
#17708=DIRECTION('',(0.,-1.,0.));
#17709=DIRECTION('',(1.,0.,0.));
#17710=DIRECTION('center_axis',(0.,0.,1.));
#17711=DIRECTION('ref_axis',(1.,0.,0.));
#17712=DIRECTION('',(-1.,0.,0.));
#17713=DIRECTION('',(0.,-1.,0.));
#17714=DIRECTION('',(1.,0.,0.));
#17715=DIRECTION('',(0.,1.,0.));
#17716=DIRECTION('center_axis',(0.,0.,1.));
#17717=DIRECTION('ref_axis',(1.,0.,0.));
#17718=DIRECTION('',(0.,1.,0.));
#17719=DIRECTION('',(-1.,0.,0.));
#17720=DIRECTION('',(0.,-1.,0.));
#17721=DIRECTION('',(1.,0.,0.));
#17722=DIRECTION('center_axis',(0.,0.,1.));
#17723=DIRECTION('ref_axis',(1.,0.,0.));
#17724=DIRECTION('',(0.,-1.,0.));
#17725=DIRECTION('',(1.,0.,0.));
#17726=DIRECTION('',(0.,1.,0.));
#17727=DIRECTION('',(-1.,0.,0.));
#17728=DIRECTION('center_axis',(0.,0.,1.));
#17729=DIRECTION('ref_axis',(1.,0.,0.));
#17730=DIRECTION('',(1.,0.,0.));
#17731=DIRECTION('',(0.,1.,0.));
#17732=DIRECTION('',(-1.,0.,0.));
#17733=DIRECTION('',(0.,-1.,0.));
#17734=DIRECTION('center_axis',(0.,0.,1.));
#17735=DIRECTION('ref_axis',(1.,0.,0.));
#17736=DIRECTION('',(0.,1.,0.));
#17737=DIRECTION('',(-1.,0.,0.));
#17738=DIRECTION('',(0.,-1.,0.));
#17739=DIRECTION('',(1.,0.,0.));
#17740=DIRECTION('center_axis',(0.,0.,1.));
#17741=DIRECTION('ref_axis',(1.,0.,0.));
#17742=DIRECTION('',(-1.,0.,0.));
#17743=DIRECTION('',(0.,-1.,0.));
#17744=DIRECTION('',(1.,0.,0.));
#17745=DIRECTION('',(0.,1.,0.));
#17746=DIRECTION('center_axis',(0.,0.,1.));
#17747=DIRECTION('ref_axis',(1.,0.,0.));
#17748=DIRECTION('',(-1.,0.,0.));
#17749=DIRECTION('',(0.,-1.,0.));
#17750=DIRECTION('',(1.,0.,0.));
#17751=DIRECTION('',(0.,1.,0.));
#17752=DIRECTION('center_axis',(0.,0.,1.));
#17753=DIRECTION('ref_axis',(1.,0.,0.));
#17754=DIRECTION('',(0.,1.,0.));
#17755=DIRECTION('',(-1.,0.,0.));
#17756=DIRECTION('',(0.,-1.,0.));
#17757=DIRECTION('',(1.,0.,0.));
#17758=DIRECTION('center_axis',(0.,0.,1.));
#17759=DIRECTION('ref_axis',(1.,0.,0.));
#17760=DIRECTION('',(-1.,0.,0.));
#17761=DIRECTION('',(0.,-1.,0.));
#17762=DIRECTION('',(1.,0.,0.));
#17763=DIRECTION('',(0.,1.,0.));
#17764=DIRECTION('center_axis',(0.,0.,1.));
#17765=DIRECTION('ref_axis',(1.,0.,0.));
#17766=DIRECTION('',(0.,-1.,0.));
#17767=DIRECTION('',(1.,0.,0.));
#17768=DIRECTION('',(0.,1.,0.));
#17769=DIRECTION('',(-1.,0.,0.));
#17770=DIRECTION('center_axis',(0.,0.,1.));
#17771=DIRECTION('ref_axis',(1.,0.,0.));
#17772=DIRECTION('',(0.,1.,0.));
#17773=DIRECTION('',(-1.,0.,0.));
#17774=DIRECTION('',(0.,-1.,0.));
#17775=DIRECTION('',(1.,0.,0.));
#17776=DIRECTION('center_axis',(0.,0.,1.));
#17777=DIRECTION('ref_axis',(1.,0.,0.));
#17778=DIRECTION('',(1.,0.,0.));
#17779=DIRECTION('',(0.,1.,0.));
#17780=DIRECTION('',(-1.,0.,0.));
#17781=DIRECTION('',(0.,-1.,0.));
#17782=DIRECTION('center_axis',(0.,0.,1.));
#17783=DIRECTION('ref_axis',(1.,0.,0.));
#17784=DIRECTION('',(0.,1.,0.));
#17785=DIRECTION('',(-1.,0.,0.));
#17786=DIRECTION('',(0.,-1.,0.));
#17787=DIRECTION('',(1.,0.,0.));
#17788=DIRECTION('center_axis',(0.,0.,1.));
#17789=DIRECTION('ref_axis',(1.,0.,0.));
#17790=DIRECTION('',(1.,0.,0.));
#17791=DIRECTION('',(0.,1.,0.));
#17792=DIRECTION('',(-1.,0.,0.));
#17793=DIRECTION('',(0.,-1.,0.));
#17794=DIRECTION('center_axis',(0.,0.,1.));
#17795=DIRECTION('ref_axis',(1.,0.,0.));
#17796=DIRECTION('',(-1.,0.,0.));
#17797=DIRECTION('',(0.,-1.,0.));
#17798=DIRECTION('',(1.,0.,0.));
#17799=DIRECTION('',(0.,1.,0.));
#17800=DIRECTION('center_axis',(0.,0.,1.));
#17801=DIRECTION('ref_axis',(1.,0.,0.));
#17802=DIRECTION('',(-1.,0.,0.));
#17803=DIRECTION('',(0.,-1.,0.));
#17804=DIRECTION('',(1.,0.,0.));
#17805=DIRECTION('',(0.,1.,0.));
#17806=DIRECTION('center_axis',(0.,0.,1.));
#17807=DIRECTION('ref_axis',(1.,0.,0.));
#17808=DIRECTION('',(-1.,0.,0.));
#17809=DIRECTION('',(0.,-1.,0.));
#17810=DIRECTION('',(1.,0.,0.));
#17811=DIRECTION('',(0.,1.,0.));
#17812=DIRECTION('center_axis',(0.,0.,1.));
#17813=DIRECTION('ref_axis',(1.,0.,0.));
#17814=DIRECTION('',(0.,1.,0.));
#17815=DIRECTION('',(-1.,0.,0.));
#17816=DIRECTION('',(0.,-1.,0.));
#17817=DIRECTION('',(1.,0.,0.));
#17818=DIRECTION('center_axis',(0.,0.,1.));
#17819=DIRECTION('ref_axis',(1.,0.,0.));
#17820=DIRECTION('',(-1.,0.,0.));
#17821=DIRECTION('',(0.,-1.,0.));
#17822=DIRECTION('',(1.,0.,0.));
#17823=DIRECTION('',(0.,1.,0.));
#17824=DIRECTION('center_axis',(0.,0.,1.));
#17825=DIRECTION('ref_axis',(1.,0.,0.));
#17826=DIRECTION('',(-1.,0.,0.));
#17827=DIRECTION('',(0.,-1.,0.));
#17828=DIRECTION('',(1.,0.,0.));
#17829=DIRECTION('',(0.,1.,0.));
#17830=DIRECTION('center_axis',(0.,0.,1.));
#17831=DIRECTION('ref_axis',(1.,0.,0.));
#17832=DIRECTION('',(-1.,0.,0.));
#17833=DIRECTION('',(0.,-1.,0.));
#17834=DIRECTION('',(1.,0.,0.));
#17835=DIRECTION('',(0.,1.,0.));
#17836=DIRECTION('center_axis',(0.,0.,1.));
#17837=DIRECTION('ref_axis',(1.,0.,0.));
#17838=DIRECTION('',(-1.,0.,0.));
#17839=DIRECTION('',(0.,-1.,0.));
#17840=DIRECTION('',(1.,0.,0.));
#17841=DIRECTION('',(0.,1.,0.));
#17842=DIRECTION('center_axis',(0.,0.,1.));
#17843=DIRECTION('ref_axis',(1.,0.,0.));
#17844=DIRECTION('',(-1.,0.,0.));
#17845=DIRECTION('',(0.,-1.,0.));
#17846=DIRECTION('',(1.,0.,0.));
#17847=DIRECTION('',(0.,1.,0.));
#17848=DIRECTION('center_axis',(0.,0.,1.));
#17849=DIRECTION('ref_axis',(1.,0.,0.));
#17850=DIRECTION('',(-1.,0.,0.));
#17851=DIRECTION('',(-7.93016446160826E-17,-1.,0.));
#17852=DIRECTION('',(1.,0.,0.));
#17853=DIRECTION('',(7.93016446160826E-17,1.,0.));
#17854=DIRECTION('center_axis',(0.,0.,1.));
#17855=DIRECTION('ref_axis',(1.,0.,0.));
#17856=DIRECTION('',(-1.,0.,0.));
#17857=DIRECTION('',(0.,-1.,0.));
#17858=DIRECTION('',(1.,0.,0.));
#17859=DIRECTION('',(0.,1.,0.));
#17860=DIRECTION('center_axis',(0.,0.,1.));
#17861=DIRECTION('ref_axis',(1.,0.,0.));
#17862=DIRECTION('',(0.,-1.,0.));
#17863=DIRECTION('',(1.,0.,0.));
#17864=DIRECTION('',(0.,1.,0.));
#17865=DIRECTION('',(-1.,0.,0.));
#17866=DIRECTION('center_axis',(0.,0.,1.));
#17867=DIRECTION('ref_axis',(1.,0.,0.));
#17868=DIRECTION('',(0.,1.,0.));
#17869=DIRECTION('',(-1.,0.,0.));
#17870=DIRECTION('',(0.,-1.,0.));
#17871=DIRECTION('',(1.,0.,0.));
#17872=DIRECTION('center_axis',(0.,0.,1.));
#17873=DIRECTION('ref_axis',(1.,0.,0.));
#17874=DIRECTION('',(-7.93016446160826E-17,-1.,0.));
#17875=DIRECTION('',(1.,0.,0.));
#17876=DIRECTION('',(0.,1.,0.));
#17877=DIRECTION('',(-1.,0.,0.));
#17878=DIRECTION('center_axis',(0.,0.,1.));
#17879=DIRECTION('ref_axis',(1.,0.,0.));
#17880=DIRECTION('',(0.,1.,0.));
#17881=DIRECTION('',(-1.,0.,0.));
#17882=DIRECTION('',(0.,-1.,0.));
#17883=DIRECTION('',(1.,0.,0.));
#17884=DIRECTION('center_axis',(0.,0.,1.));
#17885=DIRECTION('ref_axis',(1.,0.,0.));
#17886=DIRECTION('',(0.,-1.,0.));
#17887=DIRECTION('',(1.,0.,0.));
#17888=DIRECTION('',(0.,1.,0.));
#17889=DIRECTION('',(-1.,0.,0.));
#17890=DIRECTION('center_axis',(0.,0.,1.));
#17891=DIRECTION('ref_axis',(1.,0.,0.));
#17892=DIRECTION('',(1.,0.,0.));
#17893=DIRECTION('',(0.,1.,0.));
#17894=DIRECTION('',(-1.,0.,0.));
#17895=DIRECTION('',(0.,-1.,0.));
#17896=DIRECTION('center_axis',(0.,0.,1.));
#17897=DIRECTION('ref_axis',(1.,0.,0.));
#17898=DIRECTION('',(-1.,0.,0.));
#17899=DIRECTION('',(0.,-1.,0.));
#17900=DIRECTION('',(1.,0.,0.));
#17901=DIRECTION('',(0.,1.,0.));
#17902=DIRECTION('center_axis',(0.,0.,1.));
#17903=DIRECTION('ref_axis',(1.,0.,0.));
#17904=DIRECTION('',(-1.,0.,0.));
#17905=DIRECTION('',(0.,-1.,0.));
#17906=DIRECTION('',(1.,0.,0.));
#17907=DIRECTION('',(0.,1.,0.));
#17908=DIRECTION('center_axis',(0.,0.,1.));
#17909=DIRECTION('ref_axis',(1.,0.,0.));
#17910=DIRECTION('',(0.,-1.,0.));
#17911=DIRECTION('',(1.,0.,0.));
#17912=DIRECTION('',(0.,1.,0.));
#17913=DIRECTION('',(-1.,0.,0.));
#17914=DIRECTION('center_axis',(0.,0.,1.));
#17915=DIRECTION('ref_axis',(1.,0.,0.));
#17916=DIRECTION('',(0.,-1.,0.));
#17917=DIRECTION('',(1.,0.,0.));
#17918=DIRECTION('',(0.,1.,0.));
#17919=DIRECTION('',(-1.,0.,0.));
#17920=DIRECTION('center_axis',(-1.,0.,0.));
#17921=DIRECTION('ref_axis',(0.,-1.,0.));
#17922=DIRECTION('',(0.,0.,1.));
#17923=DIRECTION('',(0.,-1.,0.));
#17924=DIRECTION('',(0.,0.,1.));
#17925=DIRECTION('center_axis',(0.,-1.,0.));
#17926=DIRECTION('ref_axis',(1.,0.,0.));
#17927=DIRECTION('',(1.,0.,0.));
#17928=DIRECTION('',(0.,0.,1.));
#17929=DIRECTION('center_axis',(1.,0.,0.));
#17930=DIRECTION('ref_axis',(0.,1.,0.));
#17931=DIRECTION('',(0.,1.,0.));
#17932=DIRECTION('',(0.,0.,1.));
#17933=DIRECTION('center_axis',(0.,1.,0.));
#17934=DIRECTION('ref_axis',(-1.,0.,0.));
#17935=DIRECTION('',(-1.,0.,0.));
#17936=DIRECTION('center_axis',(1.,0.,0.));
#17937=DIRECTION('ref_axis',(0.,1.,0.));
#17938=DIRECTION('',(0.,1.,0.));
#17939=DIRECTION('',(0.,0.,1.));
#17940=DIRECTION('center_axis',(0.,1.,0.));
#17941=DIRECTION('ref_axis',(-1.,0.,0.));
#17942=DIRECTION('',(-1.,0.,0.));
#17943=DIRECTION('center_axis',(-1.,0.,0.));
#17944=DIRECTION('ref_axis',(0.,-1.,0.));
#17945=DIRECTION('',(0.,-1.,0.));
#17946=DIRECTION('',(0.,0.,1.));
#17947=DIRECTION('center_axis',(0.,-1.,0.));
#17948=DIRECTION('ref_axis',(1.,0.,0.));
#17949=DIRECTION('',(1.,0.,0.));
#17950=DIRECTION('center_axis',(0.,1.,0.));
#17951=DIRECTION('ref_axis',(-1.,0.,0.));
#17952=DIRECTION('',(-1.,0.,0.));
#17953=DIRECTION('',(0.,0.,1.));
#17954=DIRECTION('center_axis',(-1.,0.,0.));
#17955=DIRECTION('ref_axis',(0.,-1.,0.));
#17956=DIRECTION('',(0.,-1.,0.));
#17957=DIRECTION('center_axis',(0.,-1.,0.));
#17958=DIRECTION('ref_axis',(1.,0.,0.));
#17959=DIRECTION('',(1.,0.,0.));
#17960=DIRECTION('',(0.,0.,1.));
#17961=DIRECTION('center_axis',(1.,0.,0.));
#17962=DIRECTION('ref_axis',(0.,1.,0.));
#17963=DIRECTION('',(0.,1.,0.));
#17964=DIRECTION('center_axis',(1.,0.,0.));
#17965=DIRECTION('ref_axis',(0.,1.,0.));
#17966=DIRECTION('',(0.,1.,0.));
#17967=DIRECTION('',(0.,0.,1.));
#17968=DIRECTION('center_axis',(0.,1.,0.));
#17969=DIRECTION('ref_axis',(-1.,0.,0.));
#17970=DIRECTION('',(-1.,0.,0.));
#17971=DIRECTION('center_axis',(1.,0.,0.));
#17972=DIRECTION('ref_axis',(0.,1.,0.));
#17973=DIRECTION('',(0.,1.,0.));
#17974=DIRECTION('',(0.,0.,1.));
#17975=DIRECTION('center_axis',(0.,1.,0.));
#17976=DIRECTION('ref_axis',(-1.,0.,0.));
#17977=DIRECTION('',(-1.,0.,0.));
#17978=DIRECTION('center_axis',(1.,0.,0.));
#17979=DIRECTION('ref_axis',(0.,1.,0.));
#17980=DIRECTION('',(0.,1.,0.));
#17981=DIRECTION('',(0.,0.,1.));
#17982=DIRECTION('center_axis',(0.,1.,0.));
#17983=DIRECTION('ref_axis',(-1.,0.,0.));
#17984=DIRECTION('',(-1.,0.,0.));
#17985=DIRECTION('center_axis',(-1.,0.,0.));
#17986=DIRECTION('ref_axis',(0.,-1.,0.));
#17987=DIRECTION('',(0.,-1.,0.));
#17988=DIRECTION('',(0.,0.,1.));
#17989=DIRECTION('center_axis',(0.,-1.,0.));
#17990=DIRECTION('ref_axis',(1.,0.,0.));
#17991=DIRECTION('',(1.,0.,0.));
#17992=DIRECTION('center_axis',(0.,1.,0.));
#17993=DIRECTION('ref_axis',(-1.,0.,0.));
#17994=DIRECTION('',(0.,0.,1.));
#17995=DIRECTION('',(-1.,0.,0.));
#17996=DIRECTION('',(0.,0.,1.));
#17997=DIRECTION('center_axis',(-1.,0.,0.));
#17998=DIRECTION('ref_axis',(0.,-1.,0.));
#17999=DIRECTION('',(0.,-1.,0.));
#18000=DIRECTION('',(0.,0.,1.));
#18001=DIRECTION('center_axis',(0.,-1.,0.));
#18002=DIRECTION('ref_axis',(1.,0.,0.));
#18003=DIRECTION('',(1.,0.,0.));
#18004=DIRECTION('',(0.,0.,1.));
#18005=DIRECTION('center_axis',(1.,0.,0.));
#18006=DIRECTION('ref_axis',(0.,1.,0.));
#18007=DIRECTION('',(0.,1.,0.));
#18008=DIRECTION('center_axis',(-1.,0.,0.));
#18009=DIRECTION('ref_axis',(0.,-1.,0.));
#18010=DIRECTION('',(0.,-1.,0.));
#18011=DIRECTION('',(0.,0.,1.));
#18012=DIRECTION('center_axis',(0.,-1.,0.));
#18013=DIRECTION('ref_axis',(1.,0.,0.));
#18014=DIRECTION('',(1.,0.,0.));
#18015=DIRECTION('center_axis',(0.,1.,0.));
#18016=DIRECTION('ref_axis',(-1.,0.,0.));
#18017=DIRECTION('',(-1.,0.,0.));
#18018=DIRECTION('',(0.,0.,1.));
#18019=DIRECTION('center_axis',(-1.,0.,0.));
#18020=DIRECTION('ref_axis',(0.,-1.,0.));
#18021=DIRECTION('',(0.,-1.,0.));
#18022=DIRECTION('center_axis',(1.,0.,0.));
#18023=DIRECTION('ref_axis',(0.,1.,0.));
#18024=DIRECTION('',(0.,0.,1.));
#18025=DIRECTION('',(0.,1.,0.));
#18026=DIRECTION('',(0.,0.,1.));
#18027=DIRECTION('center_axis',(0.,1.,0.));
#18028=DIRECTION('ref_axis',(-1.,0.,0.));
#18029=DIRECTION('',(-1.,0.,0.));
#18030=DIRECTION('',(0.,0.,1.));
#18031=DIRECTION('center_axis',(-1.,0.,0.));
#18032=DIRECTION('ref_axis',(0.,-1.,0.));
#18033=DIRECTION('',(0.,-1.,0.));
#18034=DIRECTION('',(0.,0.,1.));
#18035=DIRECTION('center_axis',(0.,-1.,0.));
#18036=DIRECTION('ref_axis',(1.,0.,0.));
#18037=DIRECTION('',(1.,0.,0.));
#18038=DIRECTION('center_axis',(1.,-7.93016446160826E-17,0.));
#18039=DIRECTION('ref_axis',(7.93016446160826E-17,1.,0.));
#18040=DIRECTION('',(0.,0.,1.));
#18041=DIRECTION('',(7.93016446160826E-17,1.,0.));
#18042=DIRECTION('',(0.,0.,1.));
#18043=DIRECTION('center_axis',(0.,1.,0.));
#18044=DIRECTION('ref_axis',(-1.,0.,0.));
#18045=DIRECTION('',(-1.,0.,0.));
#18046=DIRECTION('',(0.,0.,1.));
#18047=DIRECTION('center_axis',(-1.,7.93016446160826E-17,0.));
#18048=DIRECTION('ref_axis',(-7.93016446160826E-17,-1.,0.));
#18049=DIRECTION('',(-7.93016446160826E-17,-1.,0.));
#18050=DIRECTION('',(0.,0.,1.));
#18051=DIRECTION('center_axis',(0.,-1.,0.));
#18052=DIRECTION('ref_axis',(1.,0.,0.));
#18053=DIRECTION('',(1.,0.,0.));
#18054=DIRECTION('center_axis',(0.,1.,0.));
#18055=DIRECTION('ref_axis',(-1.,0.,0.));
#18056=DIRECTION('',(0.,0.,1.));
#18057=DIRECTION('',(-1.,0.,0.));
#18058=DIRECTION('',(0.,0.,1.));
#18059=DIRECTION('center_axis',(-1.,0.,0.));
#18060=DIRECTION('ref_axis',(0.,-1.,0.));
#18061=DIRECTION('',(0.,-1.,0.));
#18062=DIRECTION('',(0.,0.,1.));
#18063=DIRECTION('center_axis',(0.,-1.,0.));
#18064=DIRECTION('ref_axis',(1.,0.,0.));
#18065=DIRECTION('',(1.,0.,0.));
#18066=DIRECTION('',(0.,0.,1.));
#18067=DIRECTION('center_axis',(1.,0.,0.));
#18068=DIRECTION('ref_axis',(0.,1.,0.));
#18069=DIRECTION('',(0.,1.,0.));
#18070=DIRECTION('center_axis',(-1.,0.,0.));
#18071=DIRECTION('ref_axis',(0.,-1.,0.));
#18072=DIRECTION('',(0.,0.,1.));
#18073=DIRECTION('',(0.,-1.,0.));
#18074=DIRECTION('',(0.,0.,1.));
#18075=DIRECTION('center_axis',(0.,-1.,0.));
#18076=DIRECTION('ref_axis',(1.,0.,0.));
#18077=DIRECTION('',(1.,0.,0.));
#18078=DIRECTION('',(0.,0.,1.));
#18079=DIRECTION('center_axis',(1.,0.,0.));
#18080=DIRECTION('ref_axis',(0.,1.,0.));
#18081=DIRECTION('',(0.,1.,0.));
#18082=DIRECTION('',(0.,0.,1.));
#18083=DIRECTION('center_axis',(0.,1.,0.));
#18084=DIRECTION('ref_axis',(-1.,0.,0.));
#18085=DIRECTION('',(-1.,0.,0.));
#18086=DIRECTION('center_axis',(1.,0.,0.));
#18087=DIRECTION('ref_axis',(0.,1.,0.));
#18088=DIRECTION('',(0.,0.,1.));
#18089=DIRECTION('',(0.,1.,0.));
#18090=DIRECTION('',(0.,0.,1.));
#18091=DIRECTION('center_axis',(0.,1.,0.));
#18092=DIRECTION('ref_axis',(-1.,0.,0.));
#18093=DIRECTION('',(-1.,0.,0.));
#18094=DIRECTION('',(0.,0.,1.));
#18095=DIRECTION('center_axis',(-1.,0.,0.));
#18096=DIRECTION('ref_axis',(0.,-1.,0.));
#18097=DIRECTION('',(0.,-1.,0.));
#18098=DIRECTION('',(0.,0.,1.));
#18099=DIRECTION('center_axis',(0.,-1.,0.));
#18100=DIRECTION('ref_axis',(1.,0.,0.));
#18101=DIRECTION('',(1.,0.,0.));
#18102=DIRECTION('center_axis',(1.,0.,0.));
#18103=DIRECTION('ref_axis',(0.,1.,0.));
#18104=DIRECTION('',(0.,0.,1.));
#18105=DIRECTION('',(0.,1.,0.));
#18106=DIRECTION('',(0.,0.,1.));
#18107=DIRECTION('center_axis',(0.,1.,0.));
#18108=DIRECTION('ref_axis',(-1.,0.,0.));
#18109=DIRECTION('',(-1.,0.,0.));
#18110=DIRECTION('',(0.,0.,1.));
#18111=DIRECTION('center_axis',(-1.,0.,0.));
#18112=DIRECTION('ref_axis',(0.,-1.,0.));
#18113=DIRECTION('',(0.,-1.,0.));
#18114=DIRECTION('',(0.,0.,1.));
#18115=DIRECTION('center_axis',(0.,-1.,0.));
#18116=DIRECTION('ref_axis',(1.,0.,0.));
#18117=DIRECTION('',(1.,0.,0.));
#18118=DIRECTION('center_axis',(0.,-1.,0.));
#18119=DIRECTION('ref_axis',(1.,0.,0.));
#18120=DIRECTION('',(0.,0.,1.));
#18121=DIRECTION('',(1.,0.,0.));
#18122=DIRECTION('',(0.,0.,1.));
#18123=DIRECTION('center_axis',(1.,0.,0.));
#18124=DIRECTION('ref_axis',(0.,1.,0.));
#18125=DIRECTION('',(0.,1.,0.));
#18126=DIRECTION('',(0.,0.,1.));
#18127=DIRECTION('center_axis',(0.,1.,0.));
#18128=DIRECTION('ref_axis',(-1.,0.,0.));
#18129=DIRECTION('',(-1.,0.,0.));
#18130=DIRECTION('',(0.,0.,1.));
#18131=DIRECTION('center_axis',(-1.,0.,0.));
#18132=DIRECTION('ref_axis',(0.,-1.,0.));
#18133=DIRECTION('',(0.,-1.,0.));
#18134=DIRECTION('center_axis',(0.,1.,0.));
#18135=DIRECTION('ref_axis',(-1.,0.,0.));
#18136=DIRECTION('',(0.,0.,1.));
#18137=DIRECTION('',(-1.,0.,0.));
#18138=DIRECTION('',(0.,0.,1.));
#18139=DIRECTION('center_axis',(-1.,0.,0.));
#18140=DIRECTION('ref_axis',(0.,-1.,0.));
#18141=DIRECTION('',(0.,-1.,0.));
#18142=DIRECTION('',(0.,0.,1.));
#18143=DIRECTION('center_axis',(0.,-1.,0.));
#18144=DIRECTION('ref_axis',(1.,0.,0.));
#18145=DIRECTION('',(1.,0.,0.));
#18146=DIRECTION('',(0.,0.,1.));
#18147=DIRECTION('center_axis',(1.,0.,0.));
#18148=DIRECTION('ref_axis',(0.,1.,0.));
#18149=DIRECTION('',(0.,1.,0.));
#18150=DIRECTION('center_axis',(1.,0.,0.));
#18151=DIRECTION('ref_axis',(0.,1.,0.));
#18152=DIRECTION('',(0.,0.,1.));
#18153=DIRECTION('',(0.,1.,0.));
#18154=DIRECTION('',(0.,0.,1.));
#18155=DIRECTION('center_axis',(0.,1.,0.));
#18156=DIRECTION('ref_axis',(-1.,0.,0.));
#18157=DIRECTION('',(-1.,0.,0.));
#18158=DIRECTION('',(0.,0.,1.));
#18159=DIRECTION('center_axis',(-1.,0.,0.));
#18160=DIRECTION('ref_axis',(0.,-1.,0.));
#18161=DIRECTION('',(0.,-1.,0.));
#18162=DIRECTION('',(0.,0.,1.));
#18163=DIRECTION('center_axis',(0.,-1.,0.));
#18164=DIRECTION('ref_axis',(1.,0.,0.));
#18165=DIRECTION('',(1.,0.,0.));
#18166=DIRECTION('center_axis',(0.,-1.,0.));
#18167=DIRECTION('ref_axis',(1.,0.,0.));
#18168=DIRECTION('',(0.,0.,1.));
#18169=DIRECTION('',(1.,0.,0.));
#18170=DIRECTION('',(0.,0.,1.));
#18171=DIRECTION('center_axis',(1.,0.,0.));
#18172=DIRECTION('ref_axis',(0.,1.,0.));
#18173=DIRECTION('',(0.,1.,0.));
#18174=DIRECTION('',(0.,0.,1.));
#18175=DIRECTION('center_axis',(0.,1.,0.));
#18176=DIRECTION('ref_axis',(-1.,0.,0.));
#18177=DIRECTION('',(-1.,0.,0.));
#18178=DIRECTION('',(0.,0.,1.));
#18179=DIRECTION('center_axis',(-1.,0.,0.));
#18180=DIRECTION('ref_axis',(0.,-1.,0.));
#18181=DIRECTION('',(0.,-1.,0.));
#18182=DIRECTION('center_axis',(1.,0.,0.));
#18183=DIRECTION('ref_axis',(0.,1.,0.));
#18184=DIRECTION('',(0.,0.,1.));
#18185=DIRECTION('',(0.,1.,0.));
#18186=DIRECTION('',(0.,0.,1.));
#18187=DIRECTION('center_axis',(0.,1.,0.));
#18188=DIRECTION('ref_axis',(-1.,0.,0.));
#18189=DIRECTION('',(-1.,0.,0.));
#18190=DIRECTION('',(0.,0.,1.));
#18191=DIRECTION('center_axis',(-1.,0.,0.));
#18192=DIRECTION('ref_axis',(0.,-1.,0.));
#18193=DIRECTION('',(0.,-1.,0.));
#18194=DIRECTION('',(0.,0.,1.));
#18195=DIRECTION('center_axis',(0.,-1.,0.));
#18196=DIRECTION('ref_axis',(1.,0.,0.));
#18197=DIRECTION('',(1.,0.,0.));
#18198=DIRECTION('center_axis',(0.,1.,0.));
#18199=DIRECTION('ref_axis',(-1.,0.,0.));
#18200=DIRECTION('',(0.,0.,1.));
#18201=DIRECTION('',(-1.,0.,0.));
#18202=DIRECTION('',(0.,0.,1.));
#18203=DIRECTION('center_axis',(-1.,0.,0.));
#18204=DIRECTION('ref_axis',(0.,-1.,0.));
#18205=DIRECTION('',(0.,-1.,0.));
#18206=DIRECTION('',(0.,0.,1.));
#18207=DIRECTION('center_axis',(0.,-1.,0.));
#18208=DIRECTION('ref_axis',(1.,0.,0.));
#18209=DIRECTION('',(1.,0.,0.));
#18210=DIRECTION('',(0.,0.,1.));
#18211=DIRECTION('center_axis',(1.,0.,0.));
#18212=DIRECTION('ref_axis',(0.,1.,0.));
#18213=DIRECTION('',(0.,1.,0.));
#18214=DIRECTION('center_axis',(1.,0.,0.));
#18215=DIRECTION('ref_axis',(0.,1.,0.));
#18216=DIRECTION('',(0.,0.,1.));
#18217=DIRECTION('',(0.,1.,0.));
#18218=DIRECTION('',(0.,0.,1.));
#18219=DIRECTION('center_axis',(0.,1.,0.));
#18220=DIRECTION('ref_axis',(-1.,0.,0.));
#18221=DIRECTION('',(-1.,0.,0.));
#18222=DIRECTION('',(0.,0.,1.));
#18223=DIRECTION('center_axis',(-1.,0.,0.));
#18224=DIRECTION('ref_axis',(0.,-1.,0.));
#18225=DIRECTION('',(0.,-1.,0.));
#18226=DIRECTION('',(0.,0.,1.));
#18227=DIRECTION('center_axis',(0.,-1.,0.));
#18228=DIRECTION('ref_axis',(1.,0.,0.));
#18229=DIRECTION('',(1.,0.,0.));
#18230=DIRECTION('center_axis',(1.,0.,0.));
#18231=DIRECTION('ref_axis',(0.,1.,0.));
#18232=DIRECTION('',(0.,0.,1.));
#18233=DIRECTION('',(0.,1.,0.));
#18234=DIRECTION('',(0.,0.,1.));
#18235=DIRECTION('center_axis',(0.,1.,0.));
#18236=DIRECTION('ref_axis',(-1.,0.,0.));
#18237=DIRECTION('',(-1.,0.,0.));
#18238=DIRECTION('',(0.,0.,1.));
#18239=DIRECTION('center_axis',(-1.,0.,0.));
#18240=DIRECTION('ref_axis',(0.,-1.,0.));
#18241=DIRECTION('',(0.,-1.,0.));
#18242=DIRECTION('',(0.,0.,1.));
#18243=DIRECTION('center_axis',(0.,-1.,0.));
#18244=DIRECTION('ref_axis',(1.,0.,0.));
#18245=DIRECTION('',(1.,0.,0.));
#18246=DIRECTION('center_axis',(1.,0.,0.));
#18247=DIRECTION('ref_axis',(0.,1.,0.));
#18248=DIRECTION('',(0.,0.,1.));
#18249=DIRECTION('',(0.,1.,0.));
#18250=DIRECTION('',(0.,0.,1.));
#18251=DIRECTION('center_axis',(0.,1.,0.));
#18252=DIRECTION('ref_axis',(-1.,0.,0.));
#18253=DIRECTION('',(-1.,0.,0.));
#18254=DIRECTION('',(0.,0.,1.));
#18255=DIRECTION('center_axis',(-1.,0.,0.));
#18256=DIRECTION('ref_axis',(0.,-1.,0.));
#18257=DIRECTION('',(0.,-1.,0.));
#18258=DIRECTION('',(0.,0.,1.));
#18259=DIRECTION('center_axis',(0.,-1.,0.));
#18260=DIRECTION('ref_axis',(1.,0.,0.));
#18261=DIRECTION('',(1.,0.,0.));
#18262=DIRECTION('center_axis',(1.,0.,0.));
#18263=DIRECTION('ref_axis',(0.,1.,0.));
#18264=DIRECTION('',(0.,0.,1.));
#18265=DIRECTION('',(0.,1.,0.));
#18266=DIRECTION('',(0.,0.,1.));
#18267=DIRECTION('center_axis',(0.,1.,0.));
#18268=DIRECTION('ref_axis',(-1.,0.,0.));
#18269=DIRECTION('',(-1.,0.,0.));
#18270=DIRECTION('',(0.,0.,1.));
#18271=DIRECTION('center_axis',(-1.,0.,0.));
#18272=DIRECTION('ref_axis',(0.,-1.,0.));
#18273=DIRECTION('',(0.,-1.,0.));
#18274=DIRECTION('',(0.,0.,1.));
#18275=DIRECTION('center_axis',(0.,-1.,0.));
#18276=DIRECTION('ref_axis',(1.,0.,0.));
#18277=DIRECTION('',(1.,0.,0.));
#18278=DIRECTION('center_axis',(1.,0.,0.));
#18279=DIRECTION('ref_axis',(0.,1.,0.));
#18280=DIRECTION('',(0.,0.,1.));
#18281=DIRECTION('',(0.,1.,0.));
#18282=DIRECTION('',(0.,0.,1.));
#18283=DIRECTION('center_axis',(0.,1.,0.));
#18284=DIRECTION('ref_axis',(-1.,0.,0.));
#18285=DIRECTION('',(-1.,0.,0.));
#18286=DIRECTION('',(0.,0.,1.));
#18287=DIRECTION('center_axis',(-1.,0.,0.));
#18288=DIRECTION('ref_axis',(0.,-1.,0.));
#18289=DIRECTION('',(0.,-1.,0.));
#18290=DIRECTION('',(0.,0.,1.));
#18291=DIRECTION('center_axis',(0.,-1.,0.));
#18292=DIRECTION('ref_axis',(1.,0.,0.));
#18293=DIRECTION('',(1.,0.,0.));
#18294=DIRECTION('center_axis',(0.,-1.,0.));
#18295=DIRECTION('ref_axis',(1.,0.,0.));
#18296=DIRECTION('',(0.,0.,1.));
#18297=DIRECTION('',(1.,0.,0.));
#18298=DIRECTION('',(0.,0.,1.));
#18299=DIRECTION('center_axis',(1.,0.,0.));
#18300=DIRECTION('ref_axis',(0.,1.,0.));
#18301=DIRECTION('',(0.,1.,0.));
#18302=DIRECTION('',(0.,0.,1.));
#18303=DIRECTION('center_axis',(0.,1.,0.));
#18304=DIRECTION('ref_axis',(-1.,0.,0.));
#18305=DIRECTION('',(-1.,0.,0.));
#18306=DIRECTION('',(0.,0.,1.));
#18307=DIRECTION('center_axis',(-1.,0.,0.));
#18308=DIRECTION('ref_axis',(0.,-1.,0.));
#18309=DIRECTION('',(0.,-1.,0.));
#18310=DIRECTION('center_axis',(0.,1.,0.));
#18311=DIRECTION('ref_axis',(-1.,0.,0.));
#18312=DIRECTION('',(0.,0.,1.));
#18313=DIRECTION('',(-1.,0.,0.));
#18314=DIRECTION('',(0.,0.,1.));
#18315=DIRECTION('center_axis',(-1.,0.,0.));
#18316=DIRECTION('ref_axis',(0.,-1.,0.));
#18317=DIRECTION('',(0.,-1.,0.));
#18318=DIRECTION('',(0.,0.,1.));
#18319=DIRECTION('center_axis',(0.,-1.,0.));
#18320=DIRECTION('ref_axis',(1.,0.,0.));
#18321=DIRECTION('',(1.,0.,0.));
#18322=DIRECTION('',(0.,0.,1.));
#18323=DIRECTION('center_axis',(1.,0.,0.));
#18324=DIRECTION('ref_axis',(0.,1.,0.));
#18325=DIRECTION('',(0.,1.,0.));
#18326=DIRECTION('center_axis',(-1.,0.,0.));
#18327=DIRECTION('ref_axis',(0.,-1.,0.));
#18328=DIRECTION('',(0.,0.,1.));
#18329=DIRECTION('',(0.,-1.,0.));
#18330=DIRECTION('',(0.,0.,1.));
#18331=DIRECTION('center_axis',(0.,-1.,0.));
#18332=DIRECTION('ref_axis',(1.,0.,0.));
#18333=DIRECTION('',(1.,0.,0.));
#18334=DIRECTION('',(0.,0.,1.));
#18335=DIRECTION('center_axis',(1.,0.,0.));
#18336=DIRECTION('ref_axis',(0.,1.,0.));
#18337=DIRECTION('',(0.,1.,0.));
#18338=DIRECTION('',(0.,0.,1.));
#18339=DIRECTION('center_axis',(0.,1.,0.));
#18340=DIRECTION('ref_axis',(-1.,0.,0.));
#18341=DIRECTION('',(-1.,0.,0.));
#18342=DIRECTION('center_axis',(0.,-1.,0.));
#18343=DIRECTION('ref_axis',(1.,0.,0.));
#18344=DIRECTION('',(0.,0.,1.));
#18345=DIRECTION('',(1.,0.,0.));
#18346=DIRECTION('',(0.,0.,1.));
#18347=DIRECTION('center_axis',(1.,0.,0.));
#18348=DIRECTION('ref_axis',(0.,1.,0.));
#18349=DIRECTION('',(0.,1.,0.));
#18350=DIRECTION('',(0.,0.,1.));
#18351=DIRECTION('center_axis',(0.,1.,0.));
#18352=DIRECTION('ref_axis',(-1.,0.,0.));
#18353=DIRECTION('',(-1.,0.,0.));
#18354=DIRECTION('',(0.,0.,1.));
#18355=DIRECTION('center_axis',(-1.,0.,0.));
#18356=DIRECTION('ref_axis',(0.,-1.,0.));
#18357=DIRECTION('',(0.,-1.,0.));
#18358=DIRECTION('center_axis',(0.,-1.,0.));
#18359=DIRECTION('ref_axis',(1.,0.,0.));
#18360=DIRECTION('',(0.,0.,1.));
#18361=DIRECTION('',(1.,0.,0.));
#18362=DIRECTION('',(0.,0.,1.));
#18363=DIRECTION('center_axis',(1.,0.,0.));
#18364=DIRECTION('ref_axis',(0.,1.,0.));
#18365=DIRECTION('',(0.,1.,0.));
#18366=DIRECTION('',(0.,0.,1.));
#18367=DIRECTION('center_axis',(0.,1.,0.));
#18368=DIRECTION('ref_axis',(-1.,0.,0.));
#18369=DIRECTION('',(-1.,0.,0.));
#18370=DIRECTION('',(0.,0.,1.));
#18371=DIRECTION('center_axis',(-1.,0.,0.));
#18372=DIRECTION('ref_axis',(0.,-1.,0.));
#18373=DIRECTION('',(0.,-1.,0.));
#18374=DIRECTION('center_axis',(0.,1.,0.));
#18375=DIRECTION('ref_axis',(-1.,0.,0.));
#18376=DIRECTION('',(0.,0.,1.));
#18377=DIRECTION('',(-1.,0.,0.));
#18378=DIRECTION('',(0.,0.,1.));
#18379=DIRECTION('center_axis',(-1.,0.,0.));
#18380=DIRECTION('ref_axis',(0.,-1.,0.));
#18381=DIRECTION('',(0.,-1.,0.));
#18382=DIRECTION('',(0.,0.,1.));
#18383=DIRECTION('center_axis',(0.,-1.,0.));
#18384=DIRECTION('ref_axis',(1.,0.,0.));
#18385=DIRECTION('',(1.,0.,0.));
#18386=DIRECTION('',(0.,0.,1.));
#18387=DIRECTION('center_axis',(1.,0.,0.));
#18388=DIRECTION('ref_axis',(0.,1.,0.));
#18389=DIRECTION('',(0.,1.,0.));
#18390=DIRECTION('center_axis',(0.,-1.,0.));
#18391=DIRECTION('ref_axis',(1.,0.,0.));
#18392=DIRECTION('',(0.,0.,1.));
#18393=DIRECTION('',(1.,0.,0.));
#18394=DIRECTION('',(0.,0.,1.));
#18395=DIRECTION('center_axis',(1.,0.,0.));
#18396=DIRECTION('ref_axis',(0.,1.,0.));
#18397=DIRECTION('',(0.,1.,0.));
#18398=DIRECTION('',(0.,0.,1.));
#18399=DIRECTION('center_axis',(0.,1.,0.));
#18400=DIRECTION('ref_axis',(-1.,0.,0.));
#18401=DIRECTION('',(-1.,0.,0.));
#18402=DIRECTION('',(0.,0.,1.));
#18403=DIRECTION('center_axis',(-1.,0.,0.));
#18404=DIRECTION('ref_axis',(0.,-1.,0.));
#18405=DIRECTION('',(0.,-1.,0.));
#18406=DIRECTION('center_axis',(1.,0.,0.));
#18407=DIRECTION('ref_axis',(0.,1.,0.));
#18408=DIRECTION('',(0.,0.,1.));
#18409=DIRECTION('',(0.,1.,0.));
#18410=DIRECTION('',(0.,0.,1.));
#18411=DIRECTION('center_axis',(0.,1.,0.));
#18412=DIRECTION('ref_axis',(-1.,0.,0.));
#18413=DIRECTION('',(-1.,0.,0.));
#18414=DIRECTION('',(0.,0.,1.));
#18415=DIRECTION('center_axis',(-1.,0.,0.));
#18416=DIRECTION('ref_axis',(0.,-1.,0.));
#18417=DIRECTION('',(0.,-1.,0.));
#18418=DIRECTION('',(0.,0.,1.));
#18419=DIRECTION('center_axis',(0.,-1.,0.));
#18420=DIRECTION('ref_axis',(1.,0.,0.));
#18421=DIRECTION('',(1.,0.,0.));
#18422=DIRECTION('center_axis',(-1.,0.,0.));
#18423=DIRECTION('ref_axis',(0.,-1.,0.));
#18424=DIRECTION('',(0.,0.,1.));
#18425=DIRECTION('',(0.,-1.,0.));
#18426=DIRECTION('',(0.,0.,1.));
#18427=DIRECTION('center_axis',(0.,-1.,0.));
#18428=DIRECTION('ref_axis',(1.,0.,0.));
#18429=DIRECTION('',(1.,0.,0.));
#18430=DIRECTION('',(0.,0.,1.));
#18431=DIRECTION('center_axis',(1.,0.,0.));
#18432=DIRECTION('ref_axis',(0.,1.,0.));
#18433=DIRECTION('',(0.,1.,0.));
#18434=DIRECTION('',(0.,0.,1.));
#18435=DIRECTION('center_axis',(0.,1.,0.));
#18436=DIRECTION('ref_axis',(-1.,0.,0.));
#18437=DIRECTION('',(-1.,0.,0.));
#18438=DIRECTION('center_axis',(0.,1.,0.));
#18439=DIRECTION('ref_axis',(-1.,0.,0.));
#18440=DIRECTION('',(0.,0.,1.));
#18441=DIRECTION('',(-1.,0.,0.));
#18442=DIRECTION('',(0.,0.,1.));
#18443=DIRECTION('center_axis',(-1.,0.,0.));
#18444=DIRECTION('ref_axis',(0.,-1.,0.));
#18445=DIRECTION('',(0.,-1.,0.));
#18446=DIRECTION('',(0.,0.,1.));
#18447=DIRECTION('center_axis',(0.,-1.,0.));
#18448=DIRECTION('ref_axis',(1.,0.,0.));
#18449=DIRECTION('',(1.,0.,0.));
#18450=DIRECTION('',(0.,0.,1.));
#18451=DIRECTION('center_axis',(1.,0.,0.));
#18452=DIRECTION('ref_axis',(0.,1.,0.));
#18453=DIRECTION('',(0.,1.,0.));
#18454=DIRECTION('center_axis',(0.,-1.,0.));
#18455=DIRECTION('ref_axis',(1.,0.,0.));
#18456=DIRECTION('',(0.,0.,1.));
#18457=DIRECTION('',(1.,0.,0.));
#18458=DIRECTION('',(0.,0.,1.));
#18459=DIRECTION('center_axis',(1.,0.,0.));
#18460=DIRECTION('ref_axis',(0.,1.,0.));
#18461=DIRECTION('',(0.,1.,0.));
#18462=DIRECTION('',(0.,0.,1.));
#18463=DIRECTION('center_axis',(0.,1.,0.));
#18464=DIRECTION('ref_axis',(-1.,0.,0.));
#18465=DIRECTION('',(-1.,0.,0.));
#18466=DIRECTION('',(0.,0.,1.));
#18467=DIRECTION('center_axis',(-1.,0.,0.));
#18468=DIRECTION('ref_axis',(0.,-1.,0.));
#18469=DIRECTION('',(0.,-1.,0.));
#18470=DIRECTION('center_axis',(1.,0.,0.));
#18471=DIRECTION('ref_axis',(0.,1.,0.));
#18472=DIRECTION('',(0.,0.,1.));
#18473=DIRECTION('',(0.,1.,0.));
#18474=DIRECTION('',(0.,0.,1.));
#18475=DIRECTION('center_axis',(0.,1.,0.));
#18476=DIRECTION('ref_axis',(-1.,0.,0.));
#18477=DIRECTION('',(-1.,0.,0.));
#18478=DIRECTION('',(0.,0.,1.));
#18479=DIRECTION('center_axis',(-1.,0.,0.));
#18480=DIRECTION('ref_axis',(0.,-1.,0.));
#18481=DIRECTION('',(0.,-1.,0.));
#18482=DIRECTION('',(0.,0.,1.));
#18483=DIRECTION('center_axis',(0.,-1.,0.));
#18484=DIRECTION('ref_axis',(1.,0.,0.));
#18485=DIRECTION('',(1.,0.,0.));
#18486=DIRECTION('center_axis',(1.,0.,0.));
#18487=DIRECTION('ref_axis',(0.,1.,0.));
#18488=DIRECTION('',(0.,0.,1.));
#18489=DIRECTION('',(0.,1.,0.));
#18490=DIRECTION('',(0.,0.,1.));
#18491=DIRECTION('center_axis',(0.,1.,0.));
#18492=DIRECTION('ref_axis',(-1.,0.,0.));
#18493=DIRECTION('',(-1.,0.,0.));
#18494=DIRECTION('',(0.,0.,1.));
#18495=DIRECTION('center_axis',(-1.,0.,0.));
#18496=DIRECTION('ref_axis',(0.,-1.,0.));
#18497=DIRECTION('',(0.,-1.,0.));
#18498=DIRECTION('',(0.,0.,1.));
#18499=DIRECTION('center_axis',(0.,-1.,0.));
#18500=DIRECTION('ref_axis',(1.,0.,0.));
#18501=DIRECTION('',(1.,0.,0.));
#18502=DIRECTION('center_axis',(-1.,0.,0.));
#18503=DIRECTION('ref_axis',(0.,-1.,0.));
#18504=DIRECTION('',(0.,0.,1.));
#18505=DIRECTION('',(0.,-1.,0.));
#18506=DIRECTION('',(0.,0.,1.));
#18507=DIRECTION('center_axis',(0.,-1.,0.));
#18508=DIRECTION('ref_axis',(1.,0.,0.));
#18509=DIRECTION('',(1.,0.,0.));
#18510=DIRECTION('',(0.,0.,1.));
#18511=DIRECTION('center_axis',(1.,0.,0.));
#18512=DIRECTION('ref_axis',(0.,1.,0.));
#18513=DIRECTION('',(0.,1.,0.));
#18514=DIRECTION('',(0.,0.,1.));
#18515=DIRECTION('center_axis',(0.,1.,0.));
#18516=DIRECTION('ref_axis',(-1.,0.,0.));
#18517=DIRECTION('',(-1.,0.,0.));
#18518=DIRECTION('center_axis',(-1.,0.,0.));
#18519=DIRECTION('ref_axis',(0.,-1.,0.));
#18520=DIRECTION('',(0.,0.,1.));
#18521=DIRECTION('',(0.,-1.,0.));
#18522=DIRECTION('',(0.,0.,1.));
#18523=DIRECTION('center_axis',(0.,-1.,0.));
#18524=DIRECTION('ref_axis',(1.,0.,0.));
#18525=DIRECTION('',(1.,0.,0.));
#18526=DIRECTION('',(0.,0.,1.));
#18527=DIRECTION('center_axis',(1.,0.,0.));
#18528=DIRECTION('ref_axis',(0.,1.,0.));
#18529=DIRECTION('',(0.,1.,0.));
#18530=DIRECTION('',(0.,0.,1.));
#18531=DIRECTION('center_axis',(0.,1.,0.));
#18532=DIRECTION('ref_axis',(-1.,0.,0.));
#18533=DIRECTION('',(-1.,0.,0.));
#18534=DIRECTION('center_axis',(0.,1.,0.));
#18535=DIRECTION('ref_axis',(-1.,0.,0.));
#18536=DIRECTION('',(0.,0.,1.));
#18537=DIRECTION('',(-1.,0.,0.));
#18538=DIRECTION('',(0.,0.,1.));
#18539=DIRECTION('center_axis',(-1.,0.,0.));
#18540=DIRECTION('ref_axis',(0.,-1.,0.));
#18541=DIRECTION('',(0.,-1.,0.));
#18542=DIRECTION('',(0.,0.,1.));
#18543=DIRECTION('center_axis',(0.,-1.,0.));
#18544=DIRECTION('ref_axis',(1.,0.,0.));
#18545=DIRECTION('',(1.,0.,0.));
#18546=DIRECTION('',(0.,0.,1.));
#18547=DIRECTION('center_axis',(1.,0.,0.));
#18548=DIRECTION('ref_axis',(0.,1.,0.));
#18549=DIRECTION('',(0.,1.,0.));
#18550=DIRECTION('center_axis',(-1.,0.,0.));
#18551=DIRECTION('ref_axis',(0.,-1.,0.));
#18552=DIRECTION('',(0.,0.,1.));
#18553=DIRECTION('',(0.,-1.,0.));
#18554=DIRECTION('',(0.,0.,1.));
#18555=DIRECTION('center_axis',(0.,-1.,0.));
#18556=DIRECTION('ref_axis',(1.,0.,0.));
#18557=DIRECTION('',(1.,0.,0.));
#18558=DIRECTION('',(0.,0.,1.));
#18559=DIRECTION('center_axis',(1.,0.,0.));
#18560=DIRECTION('ref_axis',(0.,1.,0.));
#18561=DIRECTION('',(0.,1.,0.));
#18562=DIRECTION('',(0.,0.,1.));
#18563=DIRECTION('center_axis',(0.,1.,0.));
#18564=DIRECTION('ref_axis',(-1.,0.,0.));
#18565=DIRECTION('',(-1.,0.,0.));
#18566=DIRECTION('center_axis',(0.,-1.,0.));
#18567=DIRECTION('ref_axis',(1.,0.,0.));
#18568=DIRECTION('',(0.,0.,1.));
#18569=DIRECTION('',(1.,0.,0.));
#18570=DIRECTION('',(0.,0.,1.));
#18571=DIRECTION('center_axis',(1.,0.,0.));
#18572=DIRECTION('ref_axis',(0.,1.,0.));
#18573=DIRECTION('',(0.,1.,0.));
#18574=DIRECTION('',(0.,0.,1.));
#18575=DIRECTION('center_axis',(0.,1.,0.));
#18576=DIRECTION('ref_axis',(-1.,0.,0.));
#18577=DIRECTION('',(-1.,0.,0.));
#18578=DIRECTION('',(0.,0.,1.));
#18579=DIRECTION('center_axis',(-1.,0.,0.));
#18580=DIRECTION('ref_axis',(0.,-1.,0.));
#18581=DIRECTION('',(0.,-1.,0.));
#18582=DIRECTION('center_axis',(1.,0.,0.));
#18583=DIRECTION('ref_axis',(0.,1.,0.));
#18584=DIRECTION('',(0.,0.,1.));
#18585=DIRECTION('',(0.,1.,0.));
#18586=DIRECTION('',(0.,0.,1.));
#18587=DIRECTION('center_axis',(0.,1.,0.));
#18588=DIRECTION('ref_axis',(-1.,0.,0.));
#18589=DIRECTION('',(-1.,0.,0.));
#18590=DIRECTION('',(0.,0.,1.));
#18591=DIRECTION('center_axis',(-1.,0.,0.));
#18592=DIRECTION('ref_axis',(0.,-1.,0.));
#18593=DIRECTION('',(0.,-1.,0.));
#18594=DIRECTION('',(0.,0.,1.));
#18595=DIRECTION('center_axis',(0.,-1.,0.));
#18596=DIRECTION('ref_axis',(1.,0.,0.));
#18597=DIRECTION('',(1.,0.,0.));
#18598=DIRECTION('center_axis',(0.,-1.,0.));
#18599=DIRECTION('ref_axis',(1.,0.,0.));
#18600=DIRECTION('',(0.,0.,1.));
#18601=DIRECTION('',(1.,0.,0.));
#18602=DIRECTION('',(0.,0.,1.));
#18603=DIRECTION('center_axis',(1.,0.,0.));
#18604=DIRECTION('ref_axis',(0.,1.,0.));
#18605=DIRECTION('',(0.,1.,0.));
#18606=DIRECTION('',(0.,0.,1.));
#18607=DIRECTION('center_axis',(0.,1.,0.));
#18608=DIRECTION('ref_axis',(-1.,0.,0.));
#18609=DIRECTION('',(-1.,0.,0.));
#18610=DIRECTION('',(0.,0.,1.));
#18611=DIRECTION('center_axis',(-1.,0.,0.));
#18612=DIRECTION('ref_axis',(0.,-1.,0.));
#18613=DIRECTION('',(0.,-1.,0.));
#18614=DIRECTION('center_axis',(0.,1.,0.));
#18615=DIRECTION('ref_axis',(-1.,0.,0.));
#18616=DIRECTION('',(0.,0.,1.));
#18617=DIRECTION('',(-1.,0.,0.));
#18618=DIRECTION('',(0.,0.,1.));
#18619=DIRECTION('center_axis',(-1.,0.,0.));
#18620=DIRECTION('ref_axis',(0.,-1.,0.));
#18621=DIRECTION('',(0.,-1.,0.));
#18622=DIRECTION('',(0.,0.,1.));
#18623=DIRECTION('center_axis',(0.,-1.,0.));
#18624=DIRECTION('ref_axis',(1.,0.,0.));
#18625=DIRECTION('',(1.,0.,0.));
#18626=DIRECTION('',(0.,0.,1.));
#18627=DIRECTION('center_axis',(1.,0.,0.));
#18628=DIRECTION('ref_axis',(0.,1.,0.));
#18629=DIRECTION('',(0.,1.,0.));
#18630=DIRECTION('center_axis',(0.,1.,0.));
#18631=DIRECTION('ref_axis',(-1.,0.,0.));
#18632=DIRECTION('',(0.,0.,1.));
#18633=DIRECTION('',(-1.,0.,0.));
#18634=DIRECTION('',(0.,0.,1.));
#18635=DIRECTION('center_axis',(-1.,0.,0.));
#18636=DIRECTION('ref_axis',(0.,-1.,0.));
#18637=DIRECTION('',(0.,-1.,0.));
#18638=DIRECTION('',(0.,0.,1.));
#18639=DIRECTION('center_axis',(0.,-1.,0.));
#18640=DIRECTION('ref_axis',(1.,0.,0.));
#18641=DIRECTION('',(1.,0.,0.));
#18642=DIRECTION('',(0.,0.,1.));
#18643=DIRECTION('center_axis',(1.,-7.93016446160826E-17,0.));
#18644=DIRECTION('ref_axis',(7.93016446160826E-17,1.,0.));
#18645=DIRECTION('',(7.93016446160826E-17,1.,0.));
#18646=DIRECTION('center_axis',(1.,0.,0.));
#18647=DIRECTION('ref_axis',(0.,1.,0.));
#18648=DIRECTION('',(0.,0.,1.));
#18649=DIRECTION('',(0.,1.,0.));
#18650=DIRECTION('',(0.,0.,1.));
#18651=DIRECTION('center_axis',(0.,1.,0.));
#18652=DIRECTION('ref_axis',(-1.,0.,0.));
#18653=DIRECTION('',(-1.,0.,0.));
#18654=DIRECTION('',(0.,0.,1.));
#18655=DIRECTION('center_axis',(-1.,0.,0.));
#18656=DIRECTION('ref_axis',(0.,-1.,0.));
#18657=DIRECTION('',(0.,-1.,0.));
#18658=DIRECTION('',(0.,0.,1.));
#18659=DIRECTION('center_axis',(0.,-1.,0.));
#18660=DIRECTION('ref_axis',(1.,0.,0.));
#18661=DIRECTION('',(1.,0.,0.));
#18662=DIRECTION('center_axis',(1.,0.,0.));
#18663=DIRECTION('ref_axis',(0.,1.,0.));
#18664=DIRECTION('',(0.,0.,1.));
#18665=DIRECTION('',(0.,1.,0.));
#18666=DIRECTION('',(0.,0.,1.));
#18667=DIRECTION('center_axis',(0.,1.,0.));
#18668=DIRECTION('ref_axis',(-1.,0.,0.));
#18669=DIRECTION('',(-1.,0.,0.));
#18670=DIRECTION('',(0.,0.,1.));
#18671=DIRECTION('center_axis',(-1.,0.,0.));
#18672=DIRECTION('ref_axis',(0.,-1.,0.));
#18673=DIRECTION('',(0.,-1.,0.));
#18674=DIRECTION('',(0.,0.,1.));
#18675=DIRECTION('center_axis',(0.,-1.,0.));
#18676=DIRECTION('ref_axis',(1.,0.,0.));
#18677=DIRECTION('',(1.,0.,0.));
#18678=DIRECTION('center_axis',(-1.,0.,0.));
#18679=DIRECTION('ref_axis',(0.,-1.,0.));
#18680=DIRECTION('',(0.,0.,1.));
#18681=DIRECTION('',(0.,-1.,0.));
#18682=DIRECTION('',(0.,0.,1.));
#18683=DIRECTION('center_axis',(0.,-1.,0.));
#18684=DIRECTION('ref_axis',(1.,0.,0.));
#18685=DIRECTION('',(1.,0.,0.));
#18686=DIRECTION('',(0.,0.,1.));
#18687=DIRECTION('center_axis',(1.,0.,0.));
#18688=DIRECTION('ref_axis',(0.,1.,0.));
#18689=DIRECTION('',(0.,1.,0.));
#18690=DIRECTION('',(0.,0.,1.));
#18691=DIRECTION('center_axis',(0.,1.,0.));
#18692=DIRECTION('ref_axis',(-1.,0.,0.));
#18693=DIRECTION('',(-1.,0.,0.));
#18694=DIRECTION('center_axis',(0.,-1.,0.));
#18695=DIRECTION('ref_axis',(1.,0.,0.));
#18696=DIRECTION('',(0.,0.,1.));
#18697=DIRECTION('',(1.,0.,0.));
#18698=DIRECTION('',(0.,0.,1.));
#18699=DIRECTION('center_axis',(1.,0.,0.));
#18700=DIRECTION('ref_axis',(0.,1.,0.));
#18701=DIRECTION('',(0.,1.,0.));
#18702=DIRECTION('',(0.,0.,1.));
#18703=DIRECTION('center_axis',(0.,1.,0.));
#18704=DIRECTION('ref_axis',(-1.,0.,0.));
#18705=DIRECTION('',(-1.,0.,0.));
#18706=DIRECTION('',(0.,0.,1.));
#18707=DIRECTION('center_axis',(-1.,0.,0.));
#18708=DIRECTION('ref_axis',(0.,-1.,0.));
#18709=DIRECTION('',(0.,-1.,0.));
#18710=DIRECTION('center_axis',(0.,1.,0.));
#18711=DIRECTION('ref_axis',(-1.,0.,0.));
#18712=DIRECTION('',(0.,0.,1.));
#18713=DIRECTION('',(-1.,0.,0.));
#18714=DIRECTION('',(0.,0.,1.));
#18715=DIRECTION('center_axis',(-1.,0.,0.));
#18716=DIRECTION('ref_axis',(0.,-1.,0.));
#18717=DIRECTION('',(0.,-1.,0.));
#18718=DIRECTION('',(0.,0.,1.));
#18719=DIRECTION('center_axis',(0.,-1.,0.));
#18720=DIRECTION('ref_axis',(1.,0.,0.));
#18721=DIRECTION('',(1.,0.,0.));
#18722=DIRECTION('',(0.,0.,1.));
#18723=DIRECTION('center_axis',(1.,0.,0.));
#18724=DIRECTION('ref_axis',(0.,1.,0.));
#18725=DIRECTION('',(0.,1.,0.));
#18726=DIRECTION('center_axis',(-1.,0.,0.));
#18727=DIRECTION('ref_axis',(0.,-1.,0.));
#18728=DIRECTION('',(0.,0.,1.));
#18729=DIRECTION('',(0.,-1.,0.));
#18730=DIRECTION('',(0.,0.,1.));
#18731=DIRECTION('center_axis',(0.,-1.,0.));
#18732=DIRECTION('ref_axis',(1.,0.,0.));
#18733=DIRECTION('',(1.,0.,0.));
#18734=DIRECTION('',(0.,0.,1.));
#18735=DIRECTION('center_axis',(1.,0.,0.));
#18736=DIRECTION('ref_axis',(0.,1.,0.));
#18737=DIRECTION('',(0.,1.,0.));
#18738=DIRECTION('',(0.,0.,1.));
#18739=DIRECTION('center_axis',(0.,1.,0.));
#18740=DIRECTION('ref_axis',(-1.,0.,0.));
#18741=DIRECTION('',(-1.,0.,0.));
#18742=DIRECTION('center_axis',(-1.,0.,0.));
#18743=DIRECTION('ref_axis',(0.,-1.,0.));
#18744=DIRECTION('',(0.,0.,1.));
#18745=DIRECTION('',(0.,-1.,0.));
#18746=DIRECTION('',(0.,0.,1.));
#18747=DIRECTION('center_axis',(0.,-1.,0.));
#18748=DIRECTION('ref_axis',(1.,0.,0.));
#18749=DIRECTION('',(1.,0.,0.));
#18750=DIRECTION('',(0.,0.,1.));
#18751=DIRECTION('center_axis',(1.,0.,0.));
#18752=DIRECTION('ref_axis',(0.,1.,0.));
#18753=DIRECTION('',(0.,1.,0.));
#18754=DIRECTION('',(0.,0.,1.));
#18755=DIRECTION('center_axis',(0.,1.,0.));
#18756=DIRECTION('ref_axis',(-1.,0.,0.));
#18757=DIRECTION('',(-1.,0.,0.));
#18758=DIRECTION('center_axis',(0.,1.,0.));
#18759=DIRECTION('ref_axis',(-1.,0.,0.));
#18760=DIRECTION('',(0.,0.,1.));
#18761=DIRECTION('',(-1.,0.,0.));
#18762=DIRECTION('',(0.,0.,1.));
#18763=DIRECTION('center_axis',(-1.,0.,0.));
#18764=DIRECTION('ref_axis',(0.,-1.,0.));
#18765=DIRECTION('',(0.,-1.,0.));
#18766=DIRECTION('',(0.,0.,1.));
#18767=DIRECTION('center_axis',(0.,-1.,0.));
#18768=DIRECTION('ref_axis',(1.,0.,0.));
#18769=DIRECTION('',(1.,0.,0.));
#18770=DIRECTION('',(0.,0.,1.));
#18771=DIRECTION('center_axis',(1.,0.,0.));
#18772=DIRECTION('ref_axis',(0.,1.,0.));
#18773=DIRECTION('',(0.,1.,0.));
#18774=DIRECTION('center_axis',(1.,0.,0.));
#18775=DIRECTION('ref_axis',(0.,1.,0.));
#18776=DIRECTION('',(0.,0.,1.));
#18777=DIRECTION('',(0.,1.,0.));
#18778=DIRECTION('',(0.,0.,1.));
#18779=DIRECTION('center_axis',(0.,1.,0.));
#18780=DIRECTION('ref_axis',(-1.,0.,0.));
#18781=DIRECTION('',(-1.,0.,0.));
#18782=DIRECTION('',(0.,0.,1.));
#18783=DIRECTION('center_axis',(-1.,0.,0.));
#18784=DIRECTION('ref_axis',(0.,-1.,0.));
#18785=DIRECTION('',(0.,-1.,0.));
#18786=DIRECTION('',(0.,0.,1.));
#18787=DIRECTION('center_axis',(0.,-1.,0.));
#18788=DIRECTION('ref_axis',(1.,0.,0.));
#18789=DIRECTION('',(1.,0.,0.));
#18790=DIRECTION('center_axis',(1.,0.,0.));
#18791=DIRECTION('ref_axis',(0.,1.,0.));
#18792=DIRECTION('',(0.,0.,1.));
#18793=DIRECTION('',(0.,1.,0.));
#18794=DIRECTION('',(0.,0.,1.));
#18795=DIRECTION('center_axis',(0.,1.,0.));
#18796=DIRECTION('ref_axis',(-1.,0.,0.));
#18797=DIRECTION('',(-1.,0.,0.));
#18798=DIRECTION('',(0.,0.,1.));
#18799=DIRECTION('center_axis',(-1.,0.,0.));
#18800=DIRECTION('ref_axis',(0.,-1.,0.));
#18801=DIRECTION('',(0.,-1.,0.));
#18802=DIRECTION('',(0.,0.,1.));
#18803=DIRECTION('center_axis',(0.,-1.,0.));
#18804=DIRECTION('ref_axis',(1.,0.,0.));
#18805=DIRECTION('',(1.,0.,0.));
#18806=DIRECTION('center_axis',(-1.,0.,0.));
#18807=DIRECTION('ref_axis',(0.,-1.,0.));
#18808=DIRECTION('',(0.,0.,1.));
#18809=DIRECTION('',(0.,-1.,0.));
#18810=DIRECTION('',(0.,0.,1.));
#18811=DIRECTION('center_axis',(0.,-1.,0.));
#18812=DIRECTION('ref_axis',(1.,0.,0.));
#18813=DIRECTION('',(1.,0.,0.));
#18814=DIRECTION('',(0.,0.,1.));
#18815=DIRECTION('center_axis',(1.,0.,0.));
#18816=DIRECTION('ref_axis',(0.,1.,0.));
#18817=DIRECTION('',(0.,1.,0.));
#18818=DIRECTION('',(0.,0.,1.));
#18819=DIRECTION('center_axis',(0.,1.,0.));
#18820=DIRECTION('ref_axis',(-1.,0.,0.));
#18821=DIRECTION('',(-1.,0.,0.));
#18822=DIRECTION('center_axis',(1.,0.,0.));
#18823=DIRECTION('ref_axis',(0.,1.,0.));
#18824=DIRECTION('',(0.,0.,1.));
#18825=DIRECTION('',(0.,1.,0.));
#18826=DIRECTION('',(0.,0.,1.));
#18827=DIRECTION('center_axis',(0.,1.,0.));
#18828=DIRECTION('ref_axis',(-1.,0.,0.));
#18829=DIRECTION('',(-1.,0.,0.));
#18830=DIRECTION('',(0.,0.,1.));
#18831=DIRECTION('center_axis',(-1.,0.,0.));
#18832=DIRECTION('ref_axis',(0.,-1.,0.));
#18833=DIRECTION('',(0.,-1.,0.));
#18834=DIRECTION('',(0.,0.,1.));
#18835=DIRECTION('center_axis',(0.,-1.,0.));
#18836=DIRECTION('ref_axis',(1.,0.,0.));
#18837=DIRECTION('',(1.,0.,0.));
#18838=DIRECTION('center_axis',(-1.,0.,0.));
#18839=DIRECTION('ref_axis',(0.,-1.,0.));
#18840=DIRECTION('',(0.,0.,1.));
#18841=DIRECTION('',(0.,-1.,0.));
#18842=DIRECTION('',(0.,0.,1.));
#18843=DIRECTION('center_axis',(0.,-1.,0.));
#18844=DIRECTION('ref_axis',(1.,0.,0.));
#18845=DIRECTION('',(1.,0.,0.));
#18846=DIRECTION('',(0.,0.,1.));
#18847=DIRECTION('center_axis',(1.,0.,0.));
#18848=DIRECTION('ref_axis',(0.,1.,0.));
#18849=DIRECTION('',(0.,1.,0.));
#18850=DIRECTION('',(0.,0.,1.));
#18851=DIRECTION('center_axis',(0.,1.,0.));
#18852=DIRECTION('ref_axis',(-1.,0.,0.));
#18853=DIRECTION('',(-1.,0.,0.));
#18854=DIRECTION('center_axis',(-1.,0.,0.));
#18855=DIRECTION('ref_axis',(0.,-1.,0.));
#18856=DIRECTION('',(0.,0.,1.));
#18857=DIRECTION('',(0.,-1.,0.));
#18858=DIRECTION('',(0.,0.,1.));
#18859=DIRECTION('center_axis',(0.,-1.,0.));
#18860=DIRECTION('ref_axis',(1.,0.,0.));
#18861=DIRECTION('',(1.,0.,0.));
#18862=DIRECTION('',(0.,0.,1.));
#18863=DIRECTION('center_axis',(1.,0.,0.));
#18864=DIRECTION('ref_axis',(0.,1.,0.));
#18865=DIRECTION('',(0.,1.,0.));
#18866=DIRECTION('',(0.,0.,1.));
#18867=DIRECTION('center_axis',(0.,1.,0.));
#18868=DIRECTION('ref_axis',(-1.,0.,0.));
#18869=DIRECTION('',(-1.,0.,0.));
#18870=DIRECTION('center_axis',(-1.,0.,0.));
#18871=DIRECTION('ref_axis',(0.,-1.,0.));
#18872=DIRECTION('',(0.,0.,1.));
#18873=DIRECTION('',(0.,-1.,0.));
#18874=DIRECTION('',(0.,0.,1.));
#18875=DIRECTION('center_axis',(0.,-1.,0.));
#18876=DIRECTION('ref_axis',(1.,0.,0.));
#18877=DIRECTION('',(1.,0.,0.));
#18878=DIRECTION('',(0.,0.,1.));
#18879=DIRECTION('center_axis',(1.,0.,0.));
#18880=DIRECTION('ref_axis',(0.,1.,0.));
#18881=DIRECTION('',(0.,1.,0.));
#18882=DIRECTION('',(0.,0.,1.));
#18883=DIRECTION('center_axis',(0.,1.,0.));
#18884=DIRECTION('ref_axis',(-1.,0.,0.));
#18885=DIRECTION('',(-1.,0.,0.));
#18886=DIRECTION('center_axis',(0.,-1.,0.));
#18887=DIRECTION('ref_axis',(1.,0.,0.));
#18888=DIRECTION('',(0.,0.,1.));
#18889=DIRECTION('',(1.,0.,0.));
#18890=DIRECTION('',(0.,0.,1.));
#18891=DIRECTION('center_axis',(1.,0.,0.));
#18892=DIRECTION('ref_axis',(0.,1.,0.));
#18893=DIRECTION('',(0.,1.,0.));
#18894=DIRECTION('',(0.,0.,1.));
#18895=DIRECTION('center_axis',(0.,1.,0.));
#18896=DIRECTION('ref_axis',(-1.,0.,0.));
#18897=DIRECTION('',(-1.,0.,0.));
#18898=DIRECTION('',(0.,0.,1.));
#18899=DIRECTION('center_axis',(-1.,0.,0.));
#18900=DIRECTION('ref_axis',(0.,-1.,0.));
#18901=DIRECTION('',(0.,-1.,0.));
#18902=DIRECTION('center_axis',(-1.,0.,0.));
#18903=DIRECTION('ref_axis',(0.,-1.,0.));
#18904=DIRECTION('',(0.,0.,1.));
#18905=DIRECTION('',(0.,-1.,0.));
#18906=DIRECTION('',(0.,0.,1.));
#18907=DIRECTION('center_axis',(0.,-1.,0.));
#18908=DIRECTION('ref_axis',(1.,0.,0.));
#18909=DIRECTION('',(1.,0.,0.));
#18910=DIRECTION('',(0.,0.,1.));
#18911=DIRECTION('center_axis',(1.,0.,0.));
#18912=DIRECTION('ref_axis',(0.,1.,0.));
#18913=DIRECTION('',(0.,1.,0.));
#18914=DIRECTION('',(0.,0.,1.));
#18915=DIRECTION('center_axis',(0.,1.,0.));
#18916=DIRECTION('ref_axis',(-1.,0.,0.));
#18917=DIRECTION('',(-1.,0.,0.));
#18918=DIRECTION('center_axis',(0.,1.,0.));
#18919=DIRECTION('ref_axis',(-1.,0.,0.));
#18920=DIRECTION('',(0.,0.,1.));
#18921=DIRECTION('',(-1.,0.,0.));
#18922=DIRECTION('',(0.,0.,1.));
#18923=DIRECTION('center_axis',(-1.,0.,0.));
#18924=DIRECTION('ref_axis',(0.,-1.,0.));
#18925=DIRECTION('',(0.,-1.,0.));
#18926=DIRECTION('',(0.,0.,1.));
#18927=DIRECTION('center_axis',(0.,-1.,0.));
#18928=DIRECTION('ref_axis',(1.,0.,0.));
#18929=DIRECTION('',(1.,0.,0.));
#18930=DIRECTION('',(0.,0.,1.));
#18931=DIRECTION('center_axis',(1.,0.,0.));
#18932=DIRECTION('ref_axis',(0.,1.,0.));
#18933=DIRECTION('',(0.,1.,0.));
#18934=DIRECTION('center_axis',(0.,1.,0.));
#18935=DIRECTION('ref_axis',(-1.,0.,0.));
#18936=DIRECTION('',(0.,0.,1.));
#18937=DIRECTION('',(-1.,0.,0.));
#18938=DIRECTION('',(0.,0.,1.));
#18939=DIRECTION('center_axis',(-1.,0.,0.));
#18940=DIRECTION('ref_axis',(0.,-1.,0.));
#18941=DIRECTION('',(0.,-1.,0.));
#18942=DIRECTION('',(0.,0.,1.));
#18943=DIRECTION('center_axis',(0.,-1.,0.));
#18944=DIRECTION('ref_axis',(1.,0.,0.));
#18945=DIRECTION('',(1.,0.,0.));
#18946=DIRECTION('',(0.,0.,1.));
#18947=DIRECTION('center_axis',(1.,0.,0.));
#18948=DIRECTION('ref_axis',(0.,1.,0.));
#18949=DIRECTION('',(0.,1.,0.));
#18950=DIRECTION('center_axis',(0.,-1.,0.));
#18951=DIRECTION('ref_axis',(1.,0.,0.));
#18952=DIRECTION('',(0.,0.,1.));
#18953=DIRECTION('',(1.,0.,0.));
#18954=DIRECTION('',(0.,0.,1.));
#18955=DIRECTION('center_axis',(1.,0.,0.));
#18956=DIRECTION('ref_axis',(0.,1.,0.));
#18957=DIRECTION('',(0.,1.,0.));
#18958=DIRECTION('',(0.,0.,1.));
#18959=DIRECTION('center_axis',(0.,1.,0.));
#18960=DIRECTION('ref_axis',(-1.,0.,0.));
#18961=DIRECTION('',(-1.,0.,0.));
#18962=DIRECTION('',(0.,0.,1.));
#18963=DIRECTION('center_axis',(-1.,0.,0.));
#18964=DIRECTION('ref_axis',(0.,-1.,0.));
#18965=DIRECTION('',(0.,-1.,0.));
#18966=DIRECTION('center_axis',(0.,1.,0.));
#18967=DIRECTION('ref_axis',(-1.,0.,0.));
#18968=DIRECTION('',(0.,0.,-1.));
#18969=DIRECTION('',(-1.,0.,0.));
#18970=DIRECTION('',(0.,0.,1.));
#18971=DIRECTION('center_axis',(1.,-3.54562242760522E-16,0.));
#18972=DIRECTION('ref_axis',(3.54562242760522E-16,1.,0.));
#18973=DIRECTION('',(3.54562242760522E-16,1.,0.));
#18974=DIRECTION('',(0.,0.,1.));
#18975=DIRECTION('center_axis',(0.,-1.,0.));
#18976=DIRECTION('ref_axis',(1.,0.,0.));
#18977=DIRECTION('',(1.,0.,0.));
#18978=DIRECTION('',(0.,0.,1.));
#18979=DIRECTION('center_axis',(-1.,0.,0.));
#18980=DIRECTION('ref_axis',(0.,-1.,0.));
#18981=DIRECTION('',(0.,-1.,0.));
#18982=DIRECTION('center_axis',(0.,0.,1.));
#18983=DIRECTION('ref_axis',(1.,0.,0.));
#18984=CARTESIAN_POINT('',(0.,0.,0.));
#18985=CARTESIAN_POINT('Origin',(150.318049874789,-76.0926091293762,7.5));
#18986=CARTESIAN_POINT('',(152.318049874789,-76.0926091293762,7.5));
#18987=CARTESIAN_POINT('Origin',(150.318049874789,-76.0926091293762,7.5));
#18988=CARTESIAN_POINT('',(152.318049874789,-76.0926091293762,5.5));
#18989=CARTESIAN_POINT('',(152.318049874789,-76.0926091293762,7.5));
#18990=CARTESIAN_POINT('Origin',(150.318049874789,-76.0926091293762,5.5));
#18991=CARTESIAN_POINT('Origin',(133.350125,-38.099999910593,5.5));
#18992=CARTESIAN_POINT('',(151.518049874789,-76.0926091293762,5.5));
#18993=CARTESIAN_POINT('Origin',(150.318049874789,-76.0926091293762,5.5));
#18994=CARTESIAN_POINT('Origin',(147.6375,-57.15,7.5));
#18995=CARTESIAN_POINT('',(149.6375,-57.15,7.5));
#18996=CARTESIAN_POINT('Origin',(147.6375,-57.15,7.5));
#18997=CARTESIAN_POINT('',(149.6375,-57.15,6.));
#18998=CARTESIAN_POINT('',(149.6375,-57.15,7.5));
#18999=CARTESIAN_POINT('',(149.1625,-58.4439764294607,6.));
#19000=CARTESIAN_POINT('Origin',(147.6375,-57.15,6.));
#19001=CARTESIAN_POINT('',(149.1625,-58.4439764294607,5.5));
#19002=CARTESIAN_POINT('',(149.1625,-58.4439764294607,7.5));
#19003=CARTESIAN_POINT('',(146.1125,-58.4439764294607,5.5));
#19004=CARTESIAN_POINT('Origin',(147.6375,-57.15,5.5));
#19005=CARTESIAN_POINT('',(146.1125,-58.4439764294607,6.));
#19006=CARTESIAN_POINT('',(146.1125,-58.4439764294607,7.5));
#19007=CARTESIAN_POINT('',(146.1125,-55.8560235705393,6.));
#19008=CARTESIAN_POINT('Origin',(147.6375,-57.15,6.));
#19009=CARTESIAN_POINT('',(146.1125,-55.8560235705393,5.5));
#19010=CARTESIAN_POINT('',(146.1125,-55.8560235705393,7.5));
#19011=CARTESIAN_POINT('',(149.1625,-55.8560235705393,5.5));
#19012=CARTESIAN_POINT('Origin',(147.6375,-57.15,5.5));
#19013=CARTESIAN_POINT('',(149.1625,-55.8560235705393,6.));
#19014=CARTESIAN_POINT('',(149.1625,-55.8560235705393,7.5));
#19015=CARTESIAN_POINT('Origin',(147.6375,-57.15,6.));
#19016=CARTESIAN_POINT('Origin',(133.350125,-38.099999910593,5.5));
#19017=CARTESIAN_POINT('',(146.1125,-51.6249999552965,5.5));
#19018=CARTESIAN_POINT('',(149.1625,-43.6249999552965,5.5));
#19019=CARTESIAN_POINT('',(148.8375,-57.15,5.5));
#19020=CARTESIAN_POINT('Origin',(147.6375,-57.15,5.5));
#19021=CARTESIAN_POINT('Origin',(100.0125,-38.1,7.5));
#19022=CARTESIAN_POINT('',(102.0125,-38.1,7.5));
#19023=CARTESIAN_POINT('Origin',(100.0125,-38.1,7.5));
#19024=CARTESIAN_POINT('',(102.0125,-38.1,6.));
#19025=CARTESIAN_POINT('',(102.0125,-38.1,7.5));
#19026=CARTESIAN_POINT('',(101.5375,-39.3939764294607,6.));
#19027=CARTESIAN_POINT('Origin',(100.0125,-38.1,6.));
#19028=CARTESIAN_POINT('',(101.5375,-39.3939764294607,5.5));
#19029=CARTESIAN_POINT('',(101.5375,-39.3939764294607,7.5));
#19030=CARTESIAN_POINT('',(98.4875,-39.3939764294608,5.5));
#19031=CARTESIAN_POINT('Origin',(100.0125,-38.1,5.5));
#19032=CARTESIAN_POINT('',(98.4875,-39.3939764294608,6.));
#19033=CARTESIAN_POINT('',(98.4875,-39.3939764294608,7.5));
#19034=CARTESIAN_POINT('',(98.4875,-36.8060235705392,6.));
#19035=CARTESIAN_POINT('Origin',(100.0125,-38.1,6.));
#19036=CARTESIAN_POINT('',(98.4875,-36.8060235705392,5.5));
#19037=CARTESIAN_POINT('',(98.4875,-36.8060235705392,7.5));
#19038=CARTESIAN_POINT('',(101.5375,-36.8060235705393,5.5));
#19039=CARTESIAN_POINT('Origin',(100.0125,-38.1,5.5));
#19040=CARTESIAN_POINT('',(101.5375,-36.8060235705393,6.));
#19041=CARTESIAN_POINT('',(101.5375,-36.8060235705393,7.5));
#19042=CARTESIAN_POINT('Origin',(100.0125,-38.1,6.));
#19043=CARTESIAN_POINT('Origin',(133.350125,-38.099999910593,5.5));
#19044=CARTESIAN_POINT('',(98.4875,-42.0999999552965,5.5));
#19045=CARTESIAN_POINT('',(101.5375,-34.0999999552965,5.5));
#19046=CARTESIAN_POINT('',(101.2125,-38.1,5.5));
#19047=CARTESIAN_POINT('Origin',(100.0125,-38.1,5.5));
#19048=CARTESIAN_POINT('Origin',(133.350125,-38.099999910593,5.5));
#19049=CARTESIAN_POINT('',(192.025,-17.7560235705393,5.5));
#19050=CARTESIAN_POINT('',(192.025,-20.3439764294607,5.5));
#19051=CARTESIAN_POINT('',(192.025,-24.5749999552965,5.5));
#19052=CARTESIAN_POINT('',(188.975,-17.7560235705393,5.5));
#19053=CARTESIAN_POINT('Origin',(190.5,-19.05,5.5));
#19054=CARTESIAN_POINT('',(188.975,-20.3439764294607,5.5));
#19055=CARTESIAN_POINT('',(188.975,-32.5749999552965,5.5));
#19056=CARTESIAN_POINT('Origin',(190.5,-19.05,5.5));
#19057=CARTESIAN_POINT('',(191.7,-19.05,5.5));
#19058=CARTESIAN_POINT('Origin',(190.5,-19.05,5.5));
#19059=CARTESIAN_POINT('Origin',(190.5,-19.05,7.5));
#19060=CARTESIAN_POINT('',(192.5,-19.05,7.5));
#19061=CARTESIAN_POINT('Origin',(190.5,-19.05,7.5));
#19062=CARTESIAN_POINT('',(192.5,-19.05,6.));
#19063=CARTESIAN_POINT('',(192.5,-19.05,7.5));
#19064=CARTESIAN_POINT('',(192.025,-20.3439764294607,6.));
#19065=CARTESIAN_POINT('Origin',(190.5,-19.05,6.));
#19066=CARTESIAN_POINT('',(192.025,-20.3439764294607,7.5));
#19067=CARTESIAN_POINT('',(188.975,-20.3439764294607,6.));
#19068=CARTESIAN_POINT('',(188.975,-20.3439764294607,7.5));
#19069=CARTESIAN_POINT('',(188.975,-17.7560235705393,6.));
#19070=CARTESIAN_POINT('Origin',(190.5,-19.05,6.));
#19071=CARTESIAN_POINT('',(188.975,-17.7560235705393,7.5));
#19072=CARTESIAN_POINT('',(192.025,-17.7560235705393,6.));
#19073=CARTESIAN_POINT('',(192.025,-17.7560235705393,7.5));
#19074=CARTESIAN_POINT('Origin',(190.5,-19.05,6.));
#19075=CARTESIAN_POINT('Origin',(133.350125,-38.099999910593,5.5));
#19076=CARTESIAN_POINT('',(87.25,1.29397642946074,5.5));
#19077=CARTESIAN_POINT('',(87.25,-1.29397642946074,5.5));
#19078=CARTESIAN_POINT('',(87.25,-15.0499999552965,5.5));
#19079=CARTESIAN_POINT('',(84.2,1.29397642946074,5.5));
#19080=CARTESIAN_POINT('Origin',(85.725,-1.11022302462516E-15,5.5));
#19081=CARTESIAN_POINT('',(84.2,-1.29397642946074,5.5));
#19082=CARTESIAN_POINT('',(84.2,-23.0499999552965,5.5));
#19083=CARTESIAN_POINT('Origin',(85.725,-1.11022302462516E-15,5.5));
#19084=CARTESIAN_POINT('',(86.925,-9.63265408727475E-16,5.5));
#19085=CARTESIAN_POINT('Origin',(85.725,-1.11022302462516E-15,5.5));
#19086=CARTESIAN_POINT('Origin',(85.725,-1.11022302462516E-15,7.5));
#19087=CARTESIAN_POINT('',(87.725,-8.65293664795687E-16,7.5));
#19088=CARTESIAN_POINT('Origin',(85.725,-1.11022302462516E-15,7.5));
#19089=CARTESIAN_POINT('',(87.725,-1.35515238445463E-15,6.));
#19090=CARTESIAN_POINT('',(87.725,-1.35515238445463E-15,7.5));
#19091=CARTESIAN_POINT('',(87.25,-1.29397642946074,6.));
#19092=CARTESIAN_POINT('Origin',(85.725,-1.11022302462516E-15,6.));
#19093=CARTESIAN_POINT('',(87.25,-1.29397642946074,7.5));
#19094=CARTESIAN_POINT('',(84.2,-1.29397642946074,6.));
#19095=CARTESIAN_POINT('',(84.2,-1.29397642946074,7.5));
#19096=CARTESIAN_POINT('',(84.2,1.29397642946074,6.));
#19097=CARTESIAN_POINT('Origin',(85.725,-1.11022302462516E-15,6.));
#19098=CARTESIAN_POINT('',(84.2,1.29397642946074,7.5));
#19099=CARTESIAN_POINT('',(87.25,1.29397642946074,6.));
#19100=CARTESIAN_POINT('',(87.25,1.29397642946074,7.5));
#19101=CARTESIAN_POINT('Origin',(85.725,-1.11022302462516E-15,6.));
#19102=CARTESIAN_POINT('Origin',(133.350125,-38.099999910593,5.5));
#19103=CARTESIAN_POINT('',(163.45,1.29397642946074,5.5));
#19104=CARTESIAN_POINT('',(163.45,-1.29397642946074,5.5));
#19105=CARTESIAN_POINT('',(163.45,-15.0499999552965,5.5));
#19106=CARTESIAN_POINT('',(160.4,1.29397642946078,5.5));
#19107=CARTESIAN_POINT('Origin',(161.925,-1.11022302462516E-15,5.5));
#19108=CARTESIAN_POINT('',(160.4,-1.29397642946079,5.5));
#19109=CARTESIAN_POINT('',(160.4,-23.0499999552965,5.5));
#19110=CARTESIAN_POINT('Origin',(161.925,-1.11022302462516E-15,5.5));
#19111=CARTESIAN_POINT('',(163.125,-9.63265408727473E-16,5.5));
#19112=CARTESIAN_POINT('Origin',(161.925,-1.11022302462516E-15,5.5));
#19113=CARTESIAN_POINT('Origin',(161.925,-1.11022302462516E-15,7.5));
#19114=CARTESIAN_POINT('',(163.925,-8.65293664795687E-16,7.5));
#19115=CARTESIAN_POINT('Origin',(161.925,-1.11022302462516E-15,7.5));
#19116=CARTESIAN_POINT('',(163.925,-1.35515238445463E-15,6.));
#19117=CARTESIAN_POINT('',(163.925,-1.35515238445463E-15,7.5));
#19118=CARTESIAN_POINT('',(163.45,-1.29397642946074,6.));
#19119=CARTESIAN_POINT('Origin',(161.925,-1.11022302462516E-15,6.));
#19120=CARTESIAN_POINT('',(163.45,-1.29397642946074,7.5));
#19121=CARTESIAN_POINT('',(160.4,-1.29397642946079,6.));
#19122=CARTESIAN_POINT('',(160.4,-1.29397642946079,7.5));
#19123=CARTESIAN_POINT('',(160.4,1.29397642946078,6.));
#19124=CARTESIAN_POINT('Origin',(161.925,-1.11022302462516E-15,6.));
#19125=CARTESIAN_POINT('',(160.4,1.29397642946078,7.5));
#19126=CARTESIAN_POINT('',(163.45,1.29397642946074,6.));
#19127=CARTESIAN_POINT('',(163.45,1.29397642946074,7.5));
#19128=CARTESIAN_POINT('Origin',(161.925,-1.11022302462516E-15,6.));
#19129=CARTESIAN_POINT('Origin',(133.350125,-38.099999910593,5.5));
#19130=CARTESIAN_POINT('',(134.875,-17.7560235705392,5.5));
#19131=CARTESIAN_POINT('',(134.875,-20.3439764294608,5.5));
#19132=CARTESIAN_POINT('',(134.875,-24.5749999552965,5.5));
#19133=CARTESIAN_POINT('',(131.825,-17.7560235705393,5.5));
#19134=CARTESIAN_POINT('Origin',(133.35,-19.05,5.5));
#19135=CARTESIAN_POINT('',(131.825,-20.3439764294608,5.5));
#19136=CARTESIAN_POINT('',(131.825,-32.5749999552965,5.5));
#19137=CARTESIAN_POINT('Origin',(133.35,-19.05,5.5));
#19138=CARTESIAN_POINT('',(134.55,-19.05,5.5));
#19139=CARTESIAN_POINT('Origin',(133.35,-19.05,5.5));
#19140=CARTESIAN_POINT('Origin',(133.35,-19.05,7.5));
#19141=CARTESIAN_POINT('',(135.35,-19.05,7.5));
#19142=CARTESIAN_POINT('Origin',(133.35,-19.05,7.5));
#19143=CARTESIAN_POINT('',(135.35,-19.05,6.));
#19144=CARTESIAN_POINT('',(135.35,-19.05,7.5));
#19145=CARTESIAN_POINT('',(134.875,-20.3439764294608,6.));
#19146=CARTESIAN_POINT('Origin',(133.35,-19.05,6.));
#19147=CARTESIAN_POINT('',(134.875,-20.3439764294608,7.5));
#19148=CARTESIAN_POINT('',(131.825,-20.3439764294607,6.));
#19149=CARTESIAN_POINT('',(131.825,-20.3439764294608,7.5));
#19150=CARTESIAN_POINT('',(131.825,-17.7560235705393,6.));
#19151=CARTESIAN_POINT('Origin',(133.35,-19.05,6.));
#19152=CARTESIAN_POINT('',(131.825,-17.7560235705393,7.5));
#19153=CARTESIAN_POINT('',(134.875,-17.7560235705392,6.));
#19154=CARTESIAN_POINT('',(134.875,-17.7560235705392,7.5));
#19155=CARTESIAN_POINT('Origin',(133.35,-19.05,6.));
#19156=CARTESIAN_POINT('Origin',(133.350125,-38.099999910593,5.5));
#19157=CARTESIAN_POINT('',(177.7375,-36.8060235705393,5.5));
#19158=CARTESIAN_POINT('',(177.7375,-39.3939764294607,5.5));
#19159=CARTESIAN_POINT('',(177.7375,-34.0999999552965,5.5));
#19160=CARTESIAN_POINT('',(174.6875,-36.8060235705392,5.5));
#19161=CARTESIAN_POINT('Origin',(176.2125,-38.1,5.5));
#19162=CARTESIAN_POINT('',(174.6875,-39.3939764294608,5.5));
#19163=CARTESIAN_POINT('',(174.6875,-42.0999999552965,5.5));
#19164=CARTESIAN_POINT('Origin',(176.2125,-38.1,5.5));
#19165=CARTESIAN_POINT('',(177.4125,-38.1,5.5));
#19166=CARTESIAN_POINT('Origin',(176.2125,-38.1,5.5));
#19167=CARTESIAN_POINT('Origin',(176.2125,-38.1,7.5));
#19168=CARTESIAN_POINT('',(178.2125,-38.1,7.5));
#19169=CARTESIAN_POINT('Origin',(176.2125,-38.1,7.5));
#19170=CARTESIAN_POINT('',(178.2125,-38.1,6.));
#19171=CARTESIAN_POINT('',(178.2125,-38.1,7.5));
#19172=CARTESIAN_POINT('',(177.7375,-39.3939764294607,6.));
#19173=CARTESIAN_POINT('Origin',(176.2125,-38.1,6.));
#19174=CARTESIAN_POINT('',(177.7375,-39.3939764294607,7.5));
#19175=CARTESIAN_POINT('',(174.6875,-39.3939764294608,6.));
#19176=CARTESIAN_POINT('',(174.6875,-39.3939764294608,7.5));
#19177=CARTESIAN_POINT('',(174.6875,-36.8060235705392,6.));
#19178=CARTESIAN_POINT('Origin',(176.2125,-38.1,6.));
#19179=CARTESIAN_POINT('',(174.6875,-36.8060235705392,7.5));
#19180=CARTESIAN_POINT('',(177.7375,-36.8060235705393,6.));
#19181=CARTESIAN_POINT('',(177.7375,-36.8060235705393,7.5));
#19182=CARTESIAN_POINT('Origin',(176.2125,-38.1,6.));
#19183=CARTESIAN_POINT('Origin',(92.5694501252115,-76.0926091293762,7.5));
#19184=CARTESIAN_POINT('',(94.5694501252115,-76.0926091293762,7.5));
#19185=CARTESIAN_POINT('Origin',(92.5694501252115,-76.0926091293762,7.5));
#19186=CARTESIAN_POINT('',(94.5694501252115,-76.0926091293762,5.5));
#19187=CARTESIAN_POINT('',(94.5694501252115,-76.0926091293762,7.5));
#19188=CARTESIAN_POINT('Origin',(92.5694501252115,-76.0926091293762,5.5));
#19189=CARTESIAN_POINT('Origin',(133.350125,-38.099999910593,5.5));
#19190=CARTESIAN_POINT('',(93.7694501252115,-76.0926091293762,5.5));
#19191=CARTESIAN_POINT('Origin',(92.5694501252115,-76.0926091293762,5.5));
#19192=CARTESIAN_POINT('Origin',(204.7875,-76.2,7.5));
#19193=CARTESIAN_POINT('',(206.7875,-76.2,7.5));
#19194=CARTESIAN_POINT('Origin',(204.7875,-76.2,7.5));
#19195=CARTESIAN_POINT('',(206.7875,-76.2,5.5));
#19196=CARTESIAN_POINT('',(206.7875,-76.2,7.5));
#19197=CARTESIAN_POINT('Origin',(204.7875,-76.2,5.5));
#19198=CARTESIAN_POINT('Origin',(133.350125,-38.099999910593,5.5));
#19199=CARTESIAN_POINT('',(205.9875,-76.2,5.5));
#19200=CARTESIAN_POINT('Origin',(204.7875,-76.2,5.5));
#19201=CARTESIAN_POINT('Origin',(14.2875,-76.2,7.5));
#19202=CARTESIAN_POINT('',(16.2875,-76.2,7.5));
#19203=CARTESIAN_POINT('Origin',(14.2875,-76.2,7.5));
#19204=CARTESIAN_POINT('',(16.2875,-76.2,5.5));
#19205=CARTESIAN_POINT('',(16.2875,-76.2,7.5));
#19206=CARTESIAN_POINT('Origin',(14.2875,-76.2,5.5));
#19207=CARTESIAN_POINT('Origin',(133.350125,-38.099999910593,5.5));
#19208=CARTESIAN_POINT('',(15.4875,-76.2,5.5));
#19209=CARTESIAN_POINT('Origin',(14.2875,-76.2,5.5));
#19210=CARTESIAN_POINT('Origin',(227.740376096865,-57.8104444311897,7.5));
#19211=CARTESIAN_POINT('',(229.740376096865,-57.8104444311897,7.5));
#19212=CARTESIAN_POINT('Origin',(227.740376096865,-57.8104444311897,7.5));
#19213=CARTESIAN_POINT('',(229.740376096865,-57.8104444311897,5.5));
#19214=CARTESIAN_POINT('',(229.740376096865,-57.8104444311897,7.5));
#19215=CARTESIAN_POINT('Origin',(227.740376096865,-57.8104444311897,5.5));
#19216=CARTESIAN_POINT('Origin',(133.350125,-38.099999910593,5.5));
#19217=CARTESIAN_POINT('',(228.940376096865,-57.8104444311897,5.5));
#19218=CARTESIAN_POINT('Origin',(227.740376096865,-57.8104444311897,5.5));
#19219=CARTESIAN_POINT('Origin',(20.240625,-38.1,7.5));
#19220=CARTESIAN_POINT('',(22.240625,-38.1,7.5));
#19221=CARTESIAN_POINT('Origin',(20.240625,-38.1,7.5));
#19222=CARTESIAN_POINT('',(22.240625,-38.1,5.5));
#19223=CARTESIAN_POINT('',(22.240625,-38.1,7.5));
#19224=CARTESIAN_POINT('Origin',(20.240625,-38.1,5.5));
#19225=CARTESIAN_POINT('Origin',(133.350125,-38.099999910593,5.5));
#19226=CARTESIAN_POINT('',(21.440625,-38.1,5.5));
#19227=CARTESIAN_POINT('Origin',(20.240625,-38.1,5.5));
#19228=CARTESIAN_POINT('Origin',(250.03125,-19.05,7.5));
#19229=CARTESIAN_POINT('',(252.03125,-19.05,7.5));
#19230=CARTESIAN_POINT('Origin',(250.03125,-19.05,7.5));
#19231=CARTESIAN_POINT('',(252.03125,-19.05,5.5));
#19232=CARTESIAN_POINT('',(252.03125,-19.05,7.5));
#19233=CARTESIAN_POINT('Origin',(250.03125,-19.05,5.5));
#19234=CARTESIAN_POINT('Origin',(133.350125,-38.099999910593,5.5));
#19235=CARTESIAN_POINT('',(251.23125,-19.05,5.5));
#19236=CARTESIAN_POINT('Origin',(250.03125,-19.05,5.5));
#19237=CARTESIAN_POINT('Origin',(133.350125,-38.099999910593,5.5));
#19238=CARTESIAN_POINT('',(11.05,1.29397642946075,5.5));
#19239=CARTESIAN_POINT('',(11.05,-1.29397642946076,5.5));
#19240=CARTESIAN_POINT('',(11.05,-15.0499998956919,5.5));
#19241=CARTESIAN_POINT('',(8.,1.29397642946075,5.5));
#19242=CARTESIAN_POINT('Origin',(9.525,-1.11022302462516E-15,5.5));
#19243=CARTESIAN_POINT('',(8.,-1.29397642946075,5.5));
#19244=CARTESIAN_POINT('',(8.,-23.0499999552965,5.5));
#19245=CARTESIAN_POINT('Origin',(9.525,-1.11022302462516E-15,5.5));
#19246=CARTESIAN_POINT('',(10.725,-9.63265408727474E-16,5.5));
#19247=CARTESIAN_POINT('Origin',(9.525,-1.11022302462516E-15,5.5));
#19248=CARTESIAN_POINT('Origin',(9.525,-1.11022302462516E-15,7.5));
#19249=CARTESIAN_POINT('',(11.525,-8.65293664795686E-16,7.5));
#19250=CARTESIAN_POINT('Origin',(9.525,-1.11022302462516E-15,7.5));
#19251=CARTESIAN_POINT('',(11.525,-1.35515238445463E-15,6.));
#19252=CARTESIAN_POINT('',(11.525,-1.35515238445463E-15,7.5));
#19253=CARTESIAN_POINT('',(11.05,-1.29397642946075,6.));
#19254=CARTESIAN_POINT('Origin',(9.525,-1.11022302462516E-15,6.));
#19255=CARTESIAN_POINT('',(11.05,-1.29397642946076,7.5));
#19256=CARTESIAN_POINT('',(8.00000000000001,-1.29397642946076,6.));
#19257=CARTESIAN_POINT('',(8.,-1.29397642946075,7.5));
#19258=CARTESIAN_POINT('',(8.00000000000001,1.29397642946076,6.));
#19259=CARTESIAN_POINT('Origin',(9.525,-1.11022302462516E-15,6.));
#19260=CARTESIAN_POINT('',(8.,1.29397642946075,7.5));
#19261=CARTESIAN_POINT('',(11.05,1.29397642946075,6.));
#19262=CARTESIAN_POINT('',(11.05,1.29397642946075,7.5));
#19263=CARTESIAN_POINT('Origin',(9.525,-1.11022302462516E-15,6.));
#19264=CARTESIAN_POINT('Origin',(133.350125,-38.099999910593,5.5));
#19265=CARTESIAN_POINT('',(220.6,1.2939764294607,5.5));
#19266=CARTESIAN_POINT('',(220.6,-1.2939764294607,5.5));
#19267=CARTESIAN_POINT('',(220.6,-15.0499999552965,5.5));
#19268=CARTESIAN_POINT('',(217.55,1.29397642946079,5.5));
#19269=CARTESIAN_POINT('Origin',(219.075,0.,5.5));
#19270=CARTESIAN_POINT('',(217.55,-1.29397642946079,5.5));
#19271=CARTESIAN_POINT('',(217.55,-23.0499999552965,5.5));
#19272=CARTESIAN_POINT('Origin',(219.075,0.,5.5));
#19273=CARTESIAN_POINT('',(220.275,1.46957615897684E-16,5.5));
#19274=CARTESIAN_POINT('Origin',(219.075,0.,5.5));
#19275=CARTESIAN_POINT('Origin',(219.075,0.,7.5));
#19276=CARTESIAN_POINT('',(221.075,2.4492935982947E-16,7.5));
#19277=CARTESIAN_POINT('Origin',(219.075,0.,7.5));
#19278=CARTESIAN_POINT('',(221.075,-2.4492935982947E-16,6.));
#19279=CARTESIAN_POINT('',(221.075,-2.4492935982947E-16,7.5));
#19280=CARTESIAN_POINT('',(220.6,-1.2939764294607,6.));
#19281=CARTESIAN_POINT('Origin',(219.075,0.,6.));
#19282=CARTESIAN_POINT('',(220.6,-1.2939764294607,7.5));
#19283=CARTESIAN_POINT('',(217.55,-1.29397642946079,6.));
#19284=CARTESIAN_POINT('',(217.55,-1.29397642946079,7.5));
#19285=CARTESIAN_POINT('',(217.55,1.29397642946079,6.));
#19286=CARTESIAN_POINT('Origin',(219.075,0.,6.));
#19287=CARTESIAN_POINT('',(217.55,1.29397642946079,7.5));
#19288=CARTESIAN_POINT('',(220.6,1.2939764294607,6.));
#19289=CARTESIAN_POINT('',(220.6,1.2939764294607,7.5));
#19290=CARTESIAN_POINT('Origin',(219.075,0.,6.));
#19291=CARTESIAN_POINT('Origin',(133.350125,-38.099999910593,5.5));
#19292=CARTESIAN_POINT('',(58.675,-17.7560235705393,5.5));
#19293=CARTESIAN_POINT('',(58.675,-20.3439764294607,5.5));
#19294=CARTESIAN_POINT('',(58.675,-24.5749999552965,5.5));
#19295=CARTESIAN_POINT('',(55.625,-17.7560235705392,5.5));
#19296=CARTESIAN_POINT('Origin',(57.15,-19.05,5.5));
#19297=CARTESIAN_POINT('',(55.625,-20.3439764294608,5.5));
#19298=CARTESIAN_POINT('',(55.625,-32.5749999552965,5.5));
#19299=CARTESIAN_POINT('Origin',(57.15,-19.05,5.5));
#19300=CARTESIAN_POINT('',(58.35,-19.05,5.5));
#19301=CARTESIAN_POINT('Origin',(57.15,-19.05,5.5));
#19302=CARTESIAN_POINT('Origin',(57.15,-19.05,7.5));
#19303=CARTESIAN_POINT('',(59.15,-19.05,7.5));
#19304=CARTESIAN_POINT('Origin',(57.15,-19.05,7.5));
#19305=CARTESIAN_POINT('',(59.15,-19.05,6.));
#19306=CARTESIAN_POINT('',(59.15,-19.05,7.5));
#19307=CARTESIAN_POINT('',(58.675,-20.3439764294608,6.));
#19308=CARTESIAN_POINT('Origin',(57.15,-19.05,6.));
#19309=CARTESIAN_POINT('',(58.675,-20.3439764294607,7.5));
#19310=CARTESIAN_POINT('',(55.625,-20.3439764294608,6.));
#19311=CARTESIAN_POINT('',(55.625,-20.3439764294608,7.5));
#19312=CARTESIAN_POINT('',(55.625,-17.7560235705392,6.));
#19313=CARTESIAN_POINT('Origin',(57.15,-19.05,6.));
#19314=CARTESIAN_POINT('',(55.625,-17.7560235705392,7.5));
#19315=CARTESIAN_POINT('',(58.675,-17.7560235705392,6.));
#19316=CARTESIAN_POINT('',(58.675,-17.7560235705393,7.5));
#19317=CARTESIAN_POINT('Origin',(57.15,-19.05,6.));
#19318=CARTESIAN_POINT('Origin',(133.350125,-38.099999910593,5.5));
#19319=CARTESIAN_POINT('',(215.8375,-36.8060235705392,5.5));
#19320=CARTESIAN_POINT('',(215.8375,-39.3939764294608,5.5));
#19321=CARTESIAN_POINT('',(215.8375,-34.0999999552965,5.5));
#19322=CARTESIAN_POINT('',(212.7875,-36.8060235705393,5.5));
#19323=CARTESIAN_POINT('Origin',(214.3125,-38.1,5.5));
#19324=CARTESIAN_POINT('',(212.7875,-39.3939764294607,5.5));
#19325=CARTESIAN_POINT('',(212.7875,-42.0999999552965,5.5));
#19326=CARTESIAN_POINT('Origin',(214.3125,-38.1,5.5));
#19327=CARTESIAN_POINT('',(215.5125,-38.1,5.5));
#19328=CARTESIAN_POINT('Origin',(214.3125,-38.1,5.5));
#19329=CARTESIAN_POINT('Origin',(214.3125,-38.1,7.5));
#19330=CARTESIAN_POINT('',(216.3125,-38.1,7.5));
#19331=CARTESIAN_POINT('Origin',(214.3125,-38.1,7.5));
#19332=CARTESIAN_POINT('',(216.3125,-38.1,6.));
#19333=CARTESIAN_POINT('',(216.3125,-38.1,7.5));
#19334=CARTESIAN_POINT('',(215.8375,-39.3939764294607,6.));
#19335=CARTESIAN_POINT('Origin',(214.3125,-38.1,6.));
#19336=CARTESIAN_POINT('',(215.8375,-39.3939764294608,7.5));
#19337=CARTESIAN_POINT('',(212.7875,-39.3939764294607,6.));
#19338=CARTESIAN_POINT('',(212.7875,-39.3939764294607,7.5));
#19339=CARTESIAN_POINT('',(212.7875,-36.8060235705393,6.));
#19340=CARTESIAN_POINT('Origin',(214.3125,-38.1,6.));
#19341=CARTESIAN_POINT('',(212.7875,-36.8060235705393,7.5));
#19342=CARTESIAN_POINT('',(215.8375,-36.8060235705393,6.));
#19343=CARTESIAN_POINT('',(215.8375,-36.8060235705392,7.5));
#19344=CARTESIAN_POINT('Origin',(214.3125,-38.1,6.));
#19345=CARTESIAN_POINT('Origin',(71.4375,-57.15,7.5));
#19346=CARTESIAN_POINT('',(73.4375,-57.15,7.5));
#19347=CARTESIAN_POINT('Origin',(71.4375,-57.15,7.5));
#19348=CARTESIAN_POINT('',(73.4375,-57.15,6.));
#19349=CARTESIAN_POINT('',(73.4375,-57.15,7.5));
#19350=CARTESIAN_POINT('',(72.9625,-58.4439764294608,6.));
#19351=CARTESIAN_POINT('Origin',(71.4375,-57.15,6.));
#19352=CARTESIAN_POINT('',(72.9625,-58.4439764294608,5.5));
#19353=CARTESIAN_POINT('',(72.9625,-58.4439764294608,7.5));
#19354=CARTESIAN_POINT('',(69.9125,-58.4439764294608,5.5));
#19355=CARTESIAN_POINT('Origin',(71.4375,-57.15,5.5));
#19356=CARTESIAN_POINT('',(69.9125,-58.4439764294608,6.));
#19357=CARTESIAN_POINT('',(69.9125,-58.4439764294608,7.5));
#19358=CARTESIAN_POINT('',(69.9125,-55.8560235705393,6.));
#19359=CARTESIAN_POINT('Origin',(71.4375,-57.15,6.));
#19360=CARTESIAN_POINT('',(69.9125,-55.8560235705393,5.5));
#19361=CARTESIAN_POINT('',(69.9125,-55.8560235705393,7.5));
#19362=CARTESIAN_POINT('',(72.9625,-55.8560235705393,5.5));
#19363=CARTESIAN_POINT('Origin',(71.4375,-57.15,5.5));
#19364=CARTESIAN_POINT('',(72.9625,-55.8560235705393,6.));
#19365=CARTESIAN_POINT('',(72.9625,-55.8560235705393,7.5));
#19366=CARTESIAN_POINT('Origin',(71.4375,-57.15,6.));
#19367=CARTESIAN_POINT('Origin',(133.350125,-38.099999910593,5.5));
#19368=CARTESIAN_POINT('',(69.9125,-51.6249999552965,5.5));
#19369=CARTESIAN_POINT('',(72.9625,-43.6249999552965,5.5));
#19370=CARTESIAN_POINT('',(72.6375,-57.15,5.5));
#19371=CARTESIAN_POINT('Origin',(71.4375,-57.15,5.5));
#19372=CARTESIAN_POINT('Origin',(252.4125,-76.2,7.5));
#19373=CARTESIAN_POINT('',(254.4125,-76.2,7.5));
#19374=CARTESIAN_POINT('Origin',(252.4125,-76.2,7.5));
#19375=CARTESIAN_POINT('',(254.4125,-76.2,5.5));
#19376=CARTESIAN_POINT('',(254.4125,-76.2,7.5));
#19377=CARTESIAN_POINT('Origin',(252.4125,-76.2,5.5));
#19378=CARTESIAN_POINT('Origin',(133.350125,-38.099999910593,5.5));
#19379=CARTESIAN_POINT('',(253.6125,-76.2,5.5));
#19380=CARTESIAN_POINT('Origin',(252.4125,-76.2,5.5));
#19381=CARTESIAN_POINT('Origin',(133.350125,-38.099999910593,6.));
#19382=CARTESIAN_POINT('',(146.1125,-65.15,6.));
#19383=CARTESIAN_POINT('',(146.1125,-51.6249999552965,6.));
#19384=CARTESIAN_POINT('',(130.1125,-65.15,6.));
#19385=CARTESIAN_POINT('',(131.7313125,-65.15,6.));
#19386=CARTESIAN_POINT('',(130.1125,-49.15,6.));
#19387=CARTESIAN_POINT('',(130.1125,-43.6249999552965,6.));
#19388=CARTESIAN_POINT('',(146.1125,-49.15,6.));
#19389=CARTESIAN_POINT('',(139.7313125,-49.15,6.));
#19390=CARTESIAN_POINT('',(146.1125,-51.6249999552965,6.));
#19391=CARTESIAN_POINT('',(131.1125,-50.15,6.));
#19392=CARTESIAN_POINT('',(131.1125,-64.15,6.));
#19393=CARTESIAN_POINT('',(131.1125,-50.15,6.));
#19394=CARTESIAN_POINT('',(145.1125,-64.15,6.));
#19395=CARTESIAN_POINT('',(131.1125,-64.15,6.));
#19396=CARTESIAN_POINT('',(145.1125,-50.15,6.));
#19397=CARTESIAN_POINT('',(145.1125,-64.15,6.));
#19398=CARTESIAN_POINT('',(145.1125,-50.15,6.));
#19399=CARTESIAN_POINT('Origin',(149.1625,-49.15,6.));
#19400=CARTESIAN_POINT('',(149.1625,-65.15,6.));
#19401=CARTESIAN_POINT('',(149.1625,-43.6249999552965,6.));
#19402=CARTESIAN_POINT('',(149.1625,-65.15,3.));
#19403=CARTESIAN_POINT('',(149.1625,-65.15,6.));
#19404=CARTESIAN_POINT('',(149.1625,-49.15,3.));
#19405=CARTESIAN_POINT('',(149.1625,-49.15,3.));
#19406=CARTESIAN_POINT('',(149.1625,-49.15,6.));
#19407=CARTESIAN_POINT('',(149.1625,-49.15,6.));
#19408=CARTESIAN_POINT('',(149.1625,-43.6249999552965,6.));
#19409=CARTESIAN_POINT('Origin',(133.350125,-38.099999910593,6.));
#19410=CARTESIAN_POINT('',(98.4875,-46.1,6.));
#19411=CARTESIAN_POINT('',(98.4875,-42.0999999552965,6.));
#19412=CARTESIAN_POINT('',(82.4875,-46.1,6.));
#19413=CARTESIAN_POINT('',(107.9188125,-46.1,6.));
#19414=CARTESIAN_POINT('',(82.4875,-30.1,6.));
#19415=CARTESIAN_POINT('',(82.4875,-34.0999999552965,6.));
#19416=CARTESIAN_POINT('',(98.4875,-30.1,6.));
#19417=CARTESIAN_POINT('',(115.9188125,-30.1,6.));
#19418=CARTESIAN_POINT('',(98.4875,-42.0999999552965,6.));
#19419=CARTESIAN_POINT('',(83.4875,-31.1,6.));
#19420=CARTESIAN_POINT('',(83.4875,-45.1,6.));
#19421=CARTESIAN_POINT('',(83.4875,-31.1,6.));
#19422=CARTESIAN_POINT('',(97.4875,-45.1,6.));
#19423=CARTESIAN_POINT('',(83.4875,-45.1,6.));
#19424=CARTESIAN_POINT('',(97.4875,-31.1,6.));
#19425=CARTESIAN_POINT('',(97.4875,-45.1,6.));
#19426=CARTESIAN_POINT('',(97.4875,-31.1,6.));
#19427=CARTESIAN_POINT('Origin',(101.5375,-30.1,6.));
#19428=CARTESIAN_POINT('',(101.5375,-46.1,6.));
#19429=CARTESIAN_POINT('',(101.5375,-34.0999999552965,6.));
#19430=CARTESIAN_POINT('',(101.5375,-46.1,3.));
#19431=CARTESIAN_POINT('',(101.5375,-46.1,6.));
#19432=CARTESIAN_POINT('',(101.5375,-30.1,3.));
#19433=CARTESIAN_POINT('',(101.5375,-30.1,3.));
#19434=CARTESIAN_POINT('',(101.5375,-30.1,6.));
#19435=CARTESIAN_POINT('',(101.5375,-30.1,6.));
#19436=CARTESIAN_POINT('',(101.5375,-34.0999999552965,6.));
#19437=CARTESIAN_POINT('Origin',(192.025,-11.05,6.));
#19438=CARTESIAN_POINT('',(192.025,-27.05,6.));
#19439=CARTESIAN_POINT('',(192.025,-24.5749999552965,6.));
#19440=CARTESIAN_POINT('',(192.025,-27.05,3.));
#19441=CARTESIAN_POINT('',(192.025,-27.05,6.));
#19442=CARTESIAN_POINT('',(192.025,-11.05,3.));
#19443=CARTESIAN_POINT('',(192.025,-11.05,3.));
#19444=CARTESIAN_POINT('',(192.025,-11.05,6.));
#19445=CARTESIAN_POINT('',(192.025,-11.05,6.));
#19446=CARTESIAN_POINT('',(192.025,-24.5749999552965,6.));
#19447=CARTESIAN_POINT('Origin',(133.350125,-38.099999910593,6.));
#19448=CARTESIAN_POINT('',(188.975,-27.05,6.));
#19449=CARTESIAN_POINT('',(188.975,-32.5749999552965,6.));
#19450=CARTESIAN_POINT('',(172.975,-27.05,6.));
#19451=CARTESIAN_POINT('',(153.1625625,-27.05,6.));
#19452=CARTESIAN_POINT('',(172.975,-11.05,6.));
#19453=CARTESIAN_POINT('',(172.975,-24.5749999552965,6.));
#19454=CARTESIAN_POINT('',(188.975,-11.05,6.));
#19455=CARTESIAN_POINT('',(161.1625625,-11.05,6.));
#19456=CARTESIAN_POINT('',(188.975,-32.5749999552965,6.));
#19457=CARTESIAN_POINT('',(173.975,-12.05,6.));
#19458=CARTESIAN_POINT('',(173.975,-26.05,6.));
#19459=CARTESIAN_POINT('',(173.975,-12.05,6.));
#19460=CARTESIAN_POINT('',(187.975,-26.05,6.));
#19461=CARTESIAN_POINT('',(173.975,-26.05,6.));
#19462=CARTESIAN_POINT('',(187.975,-12.05,6.));
#19463=CARTESIAN_POINT('',(187.975,-26.05,6.));
#19464=CARTESIAN_POINT('',(187.975,-12.05,6.));
#19465=CARTESIAN_POINT('Origin',(87.25,8.,6.));
#19466=CARTESIAN_POINT('',(87.25,-8.,6.));
#19467=CARTESIAN_POINT('',(87.25,-15.0499999552965,6.));
#19468=CARTESIAN_POINT('',(87.25,-8.00000000000001,3.));
#19469=CARTESIAN_POINT('',(87.25,-8.,6.));
#19470=CARTESIAN_POINT('',(87.25,8.00000000000001,3.));
#19471=CARTESIAN_POINT('',(87.25,8.,3.));
#19472=CARTESIAN_POINT('',(87.25,8.,6.));
#19473=CARTESIAN_POINT('',(87.25,8.,6.));
#19474=CARTESIAN_POINT('',(87.25,-15.0499999552965,6.));
#19475=CARTESIAN_POINT('Origin',(133.350125,-38.099999910593,6.));
#19476=CARTESIAN_POINT('',(84.2,-8.,6.));
#19477=CARTESIAN_POINT('',(84.2,-23.0499999552965,6.));
#19478=CARTESIAN_POINT('',(68.2,-8.,6.));
#19479=CARTESIAN_POINT('',(100.7750625,-8.,6.));
#19480=CARTESIAN_POINT('',(68.2,8.,6.));
#19481=CARTESIAN_POINT('',(68.2,-15.0499999552965,6.));
#19482=CARTESIAN_POINT('',(84.2,8.,6.));
#19483=CARTESIAN_POINT('',(108.7750625,8.,6.));
#19484=CARTESIAN_POINT('',(84.2,-23.0499999552965,6.));
#19485=CARTESIAN_POINT('',(69.2,7.,6.));
#19486=CARTESIAN_POINT('',(69.2,-7.,6.));
#19487=CARTESIAN_POINT('',(69.2,7.,6.));
#19488=CARTESIAN_POINT('',(83.2,-7.,6.));
#19489=CARTESIAN_POINT('',(69.2,-7.,6.));
#19490=CARTESIAN_POINT('',(83.2,7.,6.));
#19491=CARTESIAN_POINT('',(83.2,-7.,6.));
#19492=CARTESIAN_POINT('',(83.2,7.,6.));
#19493=CARTESIAN_POINT('Origin',(163.45,8.,6.));
#19494=CARTESIAN_POINT('',(163.45,-8.,6.));
#19495=CARTESIAN_POINT('',(163.45,-15.0499999552965,6.));
#19496=CARTESIAN_POINT('',(163.45,-8.00000000000001,3.));
#19497=CARTESIAN_POINT('',(163.45,-8.,6.));
#19498=CARTESIAN_POINT('',(163.45,8.00000000000001,3.));
#19499=CARTESIAN_POINT('',(163.45,8.,3.));
#19500=CARTESIAN_POINT('',(163.45,8.,6.));
#19501=CARTESIAN_POINT('',(163.45,8.,6.));
#19502=CARTESIAN_POINT('',(163.45,-15.0499999552965,6.));
#19503=CARTESIAN_POINT('Origin',(133.350125,-38.099999910593,6.));
#19504=CARTESIAN_POINT('',(160.4,-8.,6.));
#19505=CARTESIAN_POINT('',(160.4,-23.0499999552965,6.));
#19506=CARTESIAN_POINT('',(144.4,-8.,6.));
#19507=CARTESIAN_POINT('',(138.8750625,-8.,6.));
#19508=CARTESIAN_POINT('',(144.4,8.,6.));
#19509=CARTESIAN_POINT('',(144.4,-15.0499999552965,6.));
#19510=CARTESIAN_POINT('',(160.4,8.,6.));
#19511=CARTESIAN_POINT('',(146.8750625,8.,6.));
#19512=CARTESIAN_POINT('',(160.4,-23.0499999552965,6.));
#19513=CARTESIAN_POINT('',(145.4,-7.,6.));
#19514=CARTESIAN_POINT('',(159.4,-7.,6.));
#19515=CARTESIAN_POINT('',(145.4,-7.,6.));
#19516=CARTESIAN_POINT('',(159.4,7.,6.));
#19517=CARTESIAN_POINT('',(159.4,-7.,6.));
#19518=CARTESIAN_POINT('',(145.4,7.,6.));
#19519=CARTESIAN_POINT('',(159.4,7.,6.));
#19520=CARTESIAN_POINT('',(145.4,7.,6.));
#19521=CARTESIAN_POINT('Origin',(134.875,-11.05,6.));
#19522=CARTESIAN_POINT('',(134.875,-27.05,6.));
#19523=CARTESIAN_POINT('',(134.875,-24.5749999552965,6.));
#19524=CARTESIAN_POINT('',(134.875,-27.05,3.));
#19525=CARTESIAN_POINT('',(134.875,-27.05,6.));
#19526=CARTESIAN_POINT('',(134.875,-11.05,3.));
#19527=CARTESIAN_POINT('',(134.875,-11.05,3.));
#19528=CARTESIAN_POINT('',(134.875,-11.05,6.));
#19529=CARTESIAN_POINT('',(134.875,-11.05,6.));
#19530=CARTESIAN_POINT('',(134.875,-24.5749999552965,6.));
#19531=CARTESIAN_POINT('Origin',(133.350125,-38.099999910593,6.));
#19532=CARTESIAN_POINT('',(131.825,-27.05,6.));
#19533=CARTESIAN_POINT('',(131.825,-32.5749999552965,6.));
#19534=CARTESIAN_POINT('',(115.825,-27.05,6.));
#19535=CARTESIAN_POINT('',(124.5875625,-27.05,6.));
#19536=CARTESIAN_POINT('',(115.825,-11.05,6.));
#19537=CARTESIAN_POINT('',(115.825,-24.5749999552965,6.));
#19538=CARTESIAN_POINT('',(131.825,-11.05,6.));
#19539=CARTESIAN_POINT('',(132.5875625,-11.05,6.));
#19540=CARTESIAN_POINT('',(131.825,-32.5749999552965,6.));
#19541=CARTESIAN_POINT('',(116.825,-26.05,6.));
#19542=CARTESIAN_POINT('',(130.825,-26.05,6.));
#19543=CARTESIAN_POINT('',(116.825,-26.05,6.));
#19544=CARTESIAN_POINT('',(130.825,-12.05,6.));
#19545=CARTESIAN_POINT('',(130.825,-26.05,6.));
#19546=CARTESIAN_POINT('',(116.825,-12.05,6.));
#19547=CARTESIAN_POINT('',(130.825,-12.05,6.));
#19548=CARTESIAN_POINT('',(116.825,-12.05,6.));
#19549=CARTESIAN_POINT('Origin',(177.7375,-30.1,6.));
#19550=CARTESIAN_POINT('',(177.7375,-46.1,6.));
#19551=CARTESIAN_POINT('',(177.7375,-34.0999999552965,6.));
#19552=CARTESIAN_POINT('',(177.7375,-46.1,3.));
#19553=CARTESIAN_POINT('',(177.7375,-46.1,6.));
#19554=CARTESIAN_POINT('',(177.7375,-30.1,3.));
#19555=CARTESIAN_POINT('',(177.7375,-30.1,3.));
#19556=CARTESIAN_POINT('',(177.7375,-30.1,6.));
#19557=CARTESIAN_POINT('',(177.7375,-30.1,6.));
#19558=CARTESIAN_POINT('',(177.7375,-34.0999999552965,6.));
#19559=CARTESIAN_POINT('Origin',(133.350125,-38.099999910593,6.));
#19560=CARTESIAN_POINT('',(174.6875,-46.1,6.));
#19561=CARTESIAN_POINT('',(174.6875,-42.0999999552965,6.));
#19562=CARTESIAN_POINT('',(158.6875,-46.1,6.));
#19563=CARTESIAN_POINT('',(146.0188125,-46.1,6.));
#19564=CARTESIAN_POINT('',(158.6875,-30.1,6.));
#19565=CARTESIAN_POINT('',(158.6875,-34.0999999552965,6.));
#19566=CARTESIAN_POINT('',(174.6875,-30.1,6.));
#19567=CARTESIAN_POINT('',(154.0188125,-30.1,6.));
#19568=CARTESIAN_POINT('',(174.6875,-42.0999999552965,6.));
#19569=CARTESIAN_POINT('',(159.6875,-45.1,6.));
#19570=CARTESIAN_POINT('',(173.6875,-45.1,6.));
#19571=CARTESIAN_POINT('',(159.6875,-45.1,6.));
#19572=CARTESIAN_POINT('',(173.6875,-31.1,6.));
#19573=CARTESIAN_POINT('',(173.6875,-45.1,6.));
#19574=CARTESIAN_POINT('',(159.6875,-31.1,6.));
#19575=CARTESIAN_POINT('',(173.6875,-31.1,6.));
#19576=CARTESIAN_POINT('',(159.6875,-31.1,6.));
#19577=CARTESIAN_POINT('Origin',(11.05,8.00000011920929,6.));
#19578=CARTESIAN_POINT('',(11.05,-8.,6.));
#19579=CARTESIAN_POINT('',(11.05,-15.0499998956919,6.));
#19580=CARTESIAN_POINT('',(11.05,-8.00000000000001,3.));
#19581=CARTESIAN_POINT('',(11.05,-8.,6.));
#19582=CARTESIAN_POINT('',(11.05,8.00000011920929,3.));
#19583=CARTESIAN_POINT('',(11.05,8.00000011920929,3.));
#19584=CARTESIAN_POINT('',(11.05,8.00000011920929,6.));
#19585=CARTESIAN_POINT('',(11.05,8.00000011920929,6.));
#19586=CARTESIAN_POINT('',(11.05,-15.0499998956919,6.));
#19587=CARTESIAN_POINT('Origin',(133.350125,-38.099999910593,6.));
#19588=CARTESIAN_POINT('',(8.,-8.,6.));
#19589=CARTESIAN_POINT('',(8.00000000000001,-23.0499999552965,6.));
#19590=CARTESIAN_POINT('',(-8.,-8.,6.));
#19591=CARTESIAN_POINT('',(62.6750625,-8.,6.));
#19592=CARTESIAN_POINT('',(-8.,8.,6.));
#19593=CARTESIAN_POINT('',(-8.00000000000001,-15.0499999552965,6.));
#19594=CARTESIAN_POINT('',(8.,8.,6.));
#19595=CARTESIAN_POINT('',(70.6750625,8.,6.));
#19596=CARTESIAN_POINT('',(8.00000000000001,-23.0499999552965,6.));
#19597=CARTESIAN_POINT('',(-7.,7.,6.));
#19598=CARTESIAN_POINT('',(-7.,-7.,6.));
#19599=CARTESIAN_POINT('',(-7.,7.,6.));
#19600=CARTESIAN_POINT('',(7.,-7.,6.));
#19601=CARTESIAN_POINT('',(-7.,-7.,6.));
#19602=CARTESIAN_POINT('',(7.,7.,6.));
#19603=CARTESIAN_POINT('',(7.,-7.,6.));
#19604=CARTESIAN_POINT('',(7.,7.,6.));
#19605=CARTESIAN_POINT('Origin',(220.6,8.,6.));
#19606=CARTESIAN_POINT('',(220.6,-8.,6.));
#19607=CARTESIAN_POINT('',(220.6,-15.0499999552965,6.));
#19608=CARTESIAN_POINT('',(220.6,-8.00000000000001,3.));
#19609=CARTESIAN_POINT('',(220.6,-8.,6.));
#19610=CARTESIAN_POINT('',(220.6,8.00000000000001,3.));
#19611=CARTESIAN_POINT('',(220.6,8.,3.));
#19612=CARTESIAN_POINT('',(220.6,8.,6.));
#19613=CARTESIAN_POINT('',(220.6,8.,6.));
#19614=CARTESIAN_POINT('',(220.6,-15.0499999552965,6.));
#19615=CARTESIAN_POINT('Origin',(133.350125,-38.099999910593,6.));
#19616=CARTESIAN_POINT('',(217.55,-8.,6.));
#19617=CARTESIAN_POINT('',(217.55,-23.0499999552965,6.));
#19618=CARTESIAN_POINT('',(201.55,-8.,6.));
#19619=CARTESIAN_POINT('',(167.4500625,-8.,6.));
#19620=CARTESIAN_POINT('',(201.55,8.,6.));
#19621=CARTESIAN_POINT('',(201.55,-15.0499999552965,6.));
#19622=CARTESIAN_POINT('',(217.55,8.,6.));
#19623=CARTESIAN_POINT('',(175.4500625,8.,6.));
#19624=CARTESIAN_POINT('',(217.55,-23.0499999552965,6.));
#19625=CARTESIAN_POINT('',(216.55,7.,6.));
#19626=CARTESIAN_POINT('',(202.55,7.,6.));
#19627=CARTESIAN_POINT('',(216.55,7.,6.));
#19628=CARTESIAN_POINT('',(202.55,-7.,6.));
#19629=CARTESIAN_POINT('',(202.55,7.,6.));
#19630=CARTESIAN_POINT('',(216.55,-7.,6.));
#19631=CARTESIAN_POINT('',(202.55,-7.,6.));
#19632=CARTESIAN_POINT('',(216.55,-7.,6.));
#19633=CARTESIAN_POINT('Origin',(58.675,-11.05,6.));
#19634=CARTESIAN_POINT('',(58.675,-27.05,6.));
#19635=CARTESIAN_POINT('',(58.675,-24.5749999552965,6.));
#19636=CARTESIAN_POINT('',(58.675,-27.05,3.));
#19637=CARTESIAN_POINT('',(58.675,-27.05,6.));
#19638=CARTESIAN_POINT('',(58.675,-11.05,3.));
#19639=CARTESIAN_POINT('',(58.675,-11.05,3.));
#19640=CARTESIAN_POINT('',(58.675,-11.05,6.));
#19641=CARTESIAN_POINT('',(58.675,-11.05,6.));
#19642=CARTESIAN_POINT('',(58.675,-24.5749999552965,6.));
#19643=CARTESIAN_POINT('Origin',(133.350125,-38.099999910593,6.));
#19644=CARTESIAN_POINT('',(55.625,-27.05,6.));
#19645=CARTESIAN_POINT('',(55.625,-32.5749999552965,6.));
#19646=CARTESIAN_POINT('',(39.625,-27.05,6.));
#19647=CARTESIAN_POINT('',(86.4875625,-27.05,6.));
#19648=CARTESIAN_POINT('',(39.625,-11.05,6.));
#19649=CARTESIAN_POINT('',(39.625,-24.5749999552965,6.));
#19650=CARTESIAN_POINT('',(55.625,-11.05,6.));
#19651=CARTESIAN_POINT('',(94.4875625,-11.05,6.));
#19652=CARTESIAN_POINT('',(55.625,-32.5749999552965,6.));
#19653=CARTESIAN_POINT('',(40.625,-12.05,6.));
#19654=CARTESIAN_POINT('',(40.625,-26.05,6.));
#19655=CARTESIAN_POINT('',(40.625,-12.05,6.));
#19656=CARTESIAN_POINT('',(54.625,-26.05,6.));
#19657=CARTESIAN_POINT('',(40.625,-26.05,6.));
#19658=CARTESIAN_POINT('',(54.625,-12.05,6.));
#19659=CARTESIAN_POINT('',(54.625,-26.05,6.));
#19660=CARTESIAN_POINT('',(54.625,-12.05,6.));
#19661=CARTESIAN_POINT('Origin',(215.8375,-30.1,6.));
#19662=CARTESIAN_POINT('',(215.8375,-46.1,6.));
#19663=CARTESIAN_POINT('',(215.8375,-34.0999999552965,6.));
#19664=CARTESIAN_POINT('',(215.8375,-46.1,3.));
#19665=CARTESIAN_POINT('',(215.8375,-46.1,6.));
#19666=CARTESIAN_POINT('',(215.8375,-30.1,3.));
#19667=CARTESIAN_POINT('',(215.8375,-30.1,3.));
#19668=CARTESIAN_POINT('',(215.8375,-30.1,6.));
#19669=CARTESIAN_POINT('',(215.8375,-30.1,6.));
#19670=CARTESIAN_POINT('',(215.8375,-34.0999999552965,6.));
#19671=CARTESIAN_POINT('Origin',(133.350125,-38.099999910593,6.));
#19672=CARTESIAN_POINT('',(212.7875,-46.1,6.));
#19673=CARTESIAN_POINT('',(212.7875,-42.0999999552965,6.));
#19674=CARTESIAN_POINT('',(196.7875,-46.1,6.));
#19675=CARTESIAN_POINT('',(165.0688125,-46.1,6.));
#19676=CARTESIAN_POINT('',(196.7875,-30.1,6.));
#19677=CARTESIAN_POINT('',(196.7875,-34.0999999552965,6.));
#19678=CARTESIAN_POINT('',(212.7875,-30.1,6.));
#19679=CARTESIAN_POINT('',(173.0688125,-30.1,6.));
#19680=CARTESIAN_POINT('',(212.7875,-42.0999999552965,6.));
#19681=CARTESIAN_POINT('',(197.7875,-31.1,6.));
#19682=CARTESIAN_POINT('',(197.7875,-45.1,6.));
#19683=CARTESIAN_POINT('',(197.7875,-31.1,6.));
#19684=CARTESIAN_POINT('',(211.7875,-45.1,6.));
#19685=CARTESIAN_POINT('',(197.7875,-45.1,6.));
#19686=CARTESIAN_POINT('',(211.7875,-31.1,6.));
#19687=CARTESIAN_POINT('',(211.7875,-45.1,6.));
#19688=CARTESIAN_POINT('',(211.7875,-31.1,6.));
#19689=CARTESIAN_POINT('Origin',(133.350125,-38.099999910593,6.));
#19690=CARTESIAN_POINT('',(69.9125,-65.15,6.));
#19691=CARTESIAN_POINT('',(69.9125,-51.6249999552965,6.));
#19692=CARTESIAN_POINT('',(53.9125,-65.15,6.));
#19693=CARTESIAN_POINT('',(93.6313125,-65.15,6.));
#19694=CARTESIAN_POINT('',(53.9125,-49.15,6.));
#19695=CARTESIAN_POINT('',(53.9125,-43.6249999552965,6.));
#19696=CARTESIAN_POINT('',(69.9125,-49.15,6.));
#19697=CARTESIAN_POINT('',(101.6313125,-49.15,6.));
#19698=CARTESIAN_POINT('',(69.9125,-51.6249999552965,6.));
#19699=CARTESIAN_POINT('',(68.9125,-64.15,6.));
#19700=CARTESIAN_POINT('',(68.9125,-50.15,6.));
#19701=CARTESIAN_POINT('',(68.9125,-64.15,6.));
#19702=CARTESIAN_POINT('',(54.9125,-50.15,6.));
#19703=CARTESIAN_POINT('',(68.9125,-50.15,6.));
#19704=CARTESIAN_POINT('',(54.9125,-64.15,6.));
#19705=CARTESIAN_POINT('',(54.9125,-50.15,6.));
#19706=CARTESIAN_POINT('',(54.9125,-64.15,6.));
#19707=CARTESIAN_POINT('Origin',(72.9625,-49.15,6.));
#19708=CARTESIAN_POINT('',(72.9625,-65.15,6.));
#19709=CARTESIAN_POINT('',(72.9625,-43.6249999552965,6.));
#19710=CARTESIAN_POINT('',(72.9625,-65.15,3.));
#19711=CARTESIAN_POINT('',(72.9625,-65.15,6.));
#19712=CARTESIAN_POINT('',(72.9625,-49.15,3.));
#19713=CARTESIAN_POINT('',(72.9625,-49.15,3.));
#19714=CARTESIAN_POINT('',(72.9625,-49.15,6.));
#19715=CARTESIAN_POINT('',(72.9625,-49.15,6.));
#19716=CARTESIAN_POINT('',(72.9625,-43.6249999552965,6.));
#19717=CARTESIAN_POINT('Origin',(150.318049874789,-76.0926091293762,7.5));
#19718=CARTESIAN_POINT('',(151.518049874789,-76.0926091293762,3.));
#19719=CARTESIAN_POINT('',(151.518049874789,-76.0926091293762,7.5));
#19720=CARTESIAN_POINT('Origin',(150.318049874789,-76.0926091293762,3.));
#19721=CARTESIAN_POINT('Origin',(147.6375,-57.15,7.5));
#19722=CARTESIAN_POINT('',(148.8375,-57.15,3.));
#19723=CARTESIAN_POINT('',(148.8375,-57.15,7.5));
#19724=CARTESIAN_POINT('Origin',(147.6375,-57.15,3.));
#19725=CARTESIAN_POINT('Origin',(100.0125,-38.1,7.5));
#19726=CARTESIAN_POINT('',(101.2125,-38.1,3.));
#19727=CARTESIAN_POINT('',(101.2125,-38.1,7.5));
#19728=CARTESIAN_POINT('Origin',(100.0125,-38.1,3.));
#19729=CARTESIAN_POINT('Origin',(250.03125,-19.05,7.5));
#19730=CARTESIAN_POINT('',(251.23125,-19.05,3.));
#19731=CARTESIAN_POINT('',(251.23125,-19.05,7.5));
#19732=CARTESIAN_POINT('Origin',(250.03125,-19.05,3.));
#19733=CARTESIAN_POINT('Origin',(190.5,-19.05,7.5));
#19734=CARTESIAN_POINT('',(191.7,-19.05,3.));
#19735=CARTESIAN_POINT('',(191.7,-19.05,7.5));
#19736=CARTESIAN_POINT('Origin',(190.5,-19.05,3.));
#19737=CARTESIAN_POINT('Origin',(9.525,-1.11022302462516E-15,7.5));
#19738=CARTESIAN_POINT('',(10.725,-9.63265408727474E-16,3.));
#19739=CARTESIAN_POINT('',(10.725,-1.25718064052284E-15,7.5));
#19740=CARTESIAN_POINT('Origin',(9.525,-1.11022302462516E-15,3.));
#19741=CARTESIAN_POINT('Origin',(133.35,-19.05,7.5));
#19742=CARTESIAN_POINT('',(134.55,-19.05,3.));
#19743=CARTESIAN_POINT('',(134.55,-19.05,7.5));
#19744=CARTESIAN_POINT('Origin',(133.35,-19.05,3.));
#19745=CARTESIAN_POINT('Origin',(176.2125,-38.1,7.5));
#19746=CARTESIAN_POINT('',(177.4125,-38.1,3.));
#19747=CARTESIAN_POINT('',(177.4125,-38.1,7.5));
#19748=CARTESIAN_POINT('Origin',(176.2125,-38.1,3.));
#19749=CARTESIAN_POINT('Origin',(71.4375,-57.15,7.5));
#19750=CARTESIAN_POINT('',(72.6375,-57.15,3.));
#19751=CARTESIAN_POINT('',(72.6375,-57.15,7.5));
#19752=CARTESIAN_POINT('Origin',(71.4375,-57.15,3.));
#19753=CARTESIAN_POINT('Origin',(204.7875,-76.2,7.5));
#19754=CARTESIAN_POINT('',(205.9875,-76.2,3.));
#19755=CARTESIAN_POINT('',(205.9875,-76.2,7.5));
#19756=CARTESIAN_POINT('Origin',(204.7875,-76.2,3.));
#19757=CARTESIAN_POINT('Origin',(92.5694501252115,-76.0926091293762,7.5));
#19758=CARTESIAN_POINT('',(93.7694501252115,-76.0926091293762,3.));
#19759=CARTESIAN_POINT('',(93.7694501252115,-76.0926091293762,7.5));
#19760=CARTESIAN_POINT('Origin',(92.5694501252115,-76.0926091293762,3.));
#19761=CARTESIAN_POINT('Origin',(227.740376096865,-57.8104444311897,7.5));
#19762=CARTESIAN_POINT('',(228.940376096865,-57.8104444311897,3.));
#19763=CARTESIAN_POINT('',(228.940376096865,-57.8104444311897,7.5));
#19764=CARTESIAN_POINT('Origin',(227.740376096865,-57.8104444311897,3.));
#19765=CARTESIAN_POINT('Origin',(20.240625,-38.1,7.5));
#19766=CARTESIAN_POINT('',(21.440625,-38.1,3.));
#19767=CARTESIAN_POINT('',(21.440625,-38.1,7.5));
#19768=CARTESIAN_POINT('Origin',(20.240625,-38.1,3.));
#19769=CARTESIAN_POINT('Origin',(161.925,-1.11022302462516E-15,7.5));
#19770=CARTESIAN_POINT('',(163.125,-9.63265408727473E-16,3.));
#19771=CARTESIAN_POINT('',(163.125,-1.25718064052284E-15,7.5));
#19772=CARTESIAN_POINT('Origin',(161.925,-1.11022302462516E-15,3.));
#19773=CARTESIAN_POINT('Origin',(219.075,0.,7.5));
#19774=CARTESIAN_POINT('',(220.275,1.46957615897684E-16,3.));
#19775=CARTESIAN_POINT('',(220.275,-1.46957615897684E-16,7.5));
#19776=CARTESIAN_POINT('Origin',(219.075,0.,3.));
#19777=CARTESIAN_POINT('Origin',(85.725,-1.11022302462516E-15,7.5));
#19778=CARTESIAN_POINT('',(86.925,-9.63265408727475E-16,3.));
#19779=CARTESIAN_POINT('',(86.925,-1.25718064052284E-15,7.5));
#19780=CARTESIAN_POINT('Origin',(85.725,-1.11022302462516E-15,3.));
#19781=CARTESIAN_POINT('Origin',(57.15,-19.05,7.5));
#19782=CARTESIAN_POINT('',(58.35,-19.05,3.));
#19783=CARTESIAN_POINT('',(58.35,-19.05,7.5));
#19784=CARTESIAN_POINT('Origin',(57.15,-19.05,3.));
#19785=CARTESIAN_POINT('Origin',(214.3125,-38.1,7.5));
#19786=CARTESIAN_POINT('',(215.5125,-38.1,3.));
#19787=CARTESIAN_POINT('',(215.5125,-38.1,7.5));
#19788=CARTESIAN_POINT('Origin',(214.3125,-38.1,3.));
#19789=CARTESIAN_POINT('Origin',(14.2875,-76.2,7.5));
#19790=CARTESIAN_POINT('',(15.4875,-76.2,3.));
#19791=CARTESIAN_POINT('',(15.4875,-76.2,7.5));
#19792=CARTESIAN_POINT('Origin',(14.2875,-76.2,3.));
#19793=CARTESIAN_POINT('Origin',(252.4125,-76.2,7.5));
#19794=CARTESIAN_POINT('',(253.6125,-76.2,3.));
#19795=CARTESIAN_POINT('',(253.6125,-76.2,7.5));
#19796=CARTESIAN_POINT('Origin',(252.4125,-76.2,3.));
#19797=CARTESIAN_POINT('Origin',(75.94375,-69.2,3.));
#19798=CARTESIAN_POINT('',(75.94375,-69.2,3.));
#19799=CARTESIAN_POINT('',(66.94375,-69.2,3.));
#19800=CARTESIAN_POINT('',(104.6469375,-69.2,3.));
#19801=CARTESIAN_POINT('',(75.94375,-69.2,6.3));
#19802=CARTESIAN_POINT('',(75.94375,-69.2,3.));
#19803=CARTESIAN_POINT('',(66.94375,-69.2,6.3));
#19804=CARTESIAN_POINT('',(66.94375,-69.2,6.3));
#19805=CARTESIAN_POINT('',(66.94375,-69.2,3.));
#19806=CARTESIAN_POINT('Origin',(75.94375,-86.2,3.));
#19807=CARTESIAN_POINT('',(75.94375,-86.2,3.));
#19808=CARTESIAN_POINT('',(75.94375,-62.1499999552965,3.));
#19809=CARTESIAN_POINT('',(75.94375,-86.2,6.3));
#19810=CARTESIAN_POINT('',(75.94375,-86.2,3.));
#19811=CARTESIAN_POINT('',(75.94375,-69.2,6.3));
#19812=CARTESIAN_POINT('Origin',(66.94375,-86.2,3.));
#19813=CARTESIAN_POINT('',(66.94375,-86.2,3.));
#19814=CARTESIAN_POINT('',(100.1469375,-86.2,3.));
#19815=CARTESIAN_POINT('',(66.94375,-86.2,6.3));
#19816=CARTESIAN_POINT('',(66.94375,-86.2,3.));
#19817=CARTESIAN_POINT('',(75.94375,-86.2,6.3));
#19818=CARTESIAN_POINT('Origin',(66.94375,-69.2,3.));
#19819=CARTESIAN_POINT('',(66.94375,-53.6499999552965,3.));
#19820=CARTESIAN_POINT('',(66.94375,-86.2,6.3));
#19821=CARTESIAN_POINT('Origin',(133.350125,-38.099999910593,6.3));
#19822=CARTESIAN_POINT('',(74.94375,-85.2,6.3));
#19823=CARTESIAN_POINT('',(67.94375,-85.2,6.3));
#19824=CARTESIAN_POINT('',(104.1469375,-85.2,6.3));
#19825=CARTESIAN_POINT('',(74.94375,-70.2,6.3));
#19826=CARTESIAN_POINT('',(74.94375,-54.1499999552965,6.3));
#19827=CARTESIAN_POINT('',(67.94375,-70.2,6.3));
#19828=CARTESIAN_POINT('',(100.6469375,-70.2,6.3));
#19829=CARTESIAN_POINT('',(67.94375,-61.6499999552965,6.3));
#19830=CARTESIAN_POINT('Origin',(238.35575,-48.1,3.));
#19831=CARTESIAN_POINT('',(238.35575,-48.1,3.));
#19832=CARTESIAN_POINT('',(247.35575,-48.1,3.));
#19833=CARTESIAN_POINT('',(185.8529375,-48.1,3.));
#19834=CARTESIAN_POINT('',(238.35575,-48.1,6.3));
#19835=CARTESIAN_POINT('',(238.35575,-48.1,3.));
#19836=CARTESIAN_POINT('',(247.35575,-48.1,6.3));
#19837=CARTESIAN_POINT('',(247.35575,-48.1,6.3));
#19838=CARTESIAN_POINT('',(247.35575,-48.1,3.));
#19839=CARTESIAN_POINT('Origin',(238.35575,-31.1,3.));
#19840=CARTESIAN_POINT('',(238.35575,-31.1,3.));
#19841=CARTESIAN_POINT('',(238.35575,-34.5999999552965,3.));
#19842=CARTESIAN_POINT('',(238.35575,-31.1,6.3));
#19843=CARTESIAN_POINT('',(238.35575,-31.1,3.));
#19844=CARTESIAN_POINT('',(238.35575,-48.1,6.3));
#19845=CARTESIAN_POINT('Origin',(247.35575,-31.1,3.));
#19846=CARTESIAN_POINT('',(246.79375,-31.1,6.));
#19847=CARTESIAN_POINT('',(246.79375,-31.1,3.));
#19848=CARTESIAN_POINT('',(246.79375,-31.1,4.5));
#19849=CARTESIAN_POINT('',(247.35575,-31.1,6.));
#19850=CARTESIAN_POINT('',(190.3529375,-31.1,6.));
#19851=CARTESIAN_POINT('',(247.35575,-31.1,6.3));
#19852=CARTESIAN_POINT('',(247.35575,-31.1,3.));
#19853=CARTESIAN_POINT('',(238.35575,-31.1,6.3));
#19854=CARTESIAN_POINT('',(190.3529375,-31.1,3.));
#19855=CARTESIAN_POINT('Origin',(247.35575,-48.1,3.));
#19856=CARTESIAN_POINT('',(247.35575,-46.1,6.));
#19857=CARTESIAN_POINT('',(247.35575,-43.0999999552965,6.));
#19858=CARTESIAN_POINT('',(247.35575,-46.1,3.));
#19859=CARTESIAN_POINT('',(247.35575,-46.1,4.5));
#19860=CARTESIAN_POINT('',(247.35575,-43.0999999552965,3.));
#19861=CARTESIAN_POINT('',(247.35575,-31.1,6.3));
#19862=CARTESIAN_POINT('Origin',(133.350125,-38.099999910593,6.3));
#19863=CARTESIAN_POINT('',(239.35575,-32.1,6.3));
#19864=CARTESIAN_POINT('',(246.35575,-32.1,6.3));
#19865=CARTESIAN_POINT('',(186.3529375,-32.1,6.3));
#19866=CARTESIAN_POINT('',(239.35575,-47.1,6.3));
#19867=CARTESIAN_POINT('',(239.35575,-42.5999999552965,6.3));
#19868=CARTESIAN_POINT('',(246.35575,-47.1,6.3));
#19869=CARTESIAN_POINT('',(189.8529375,-47.1,6.3));
#19870=CARTESIAN_POINT('',(246.35575,-35.0999999552965,6.3));
#19871=CARTESIAN_POINT('Origin',(273.613,7.,3.));
#19872=CARTESIAN_POINT('',(265.175,7.,3.));
#19873=CARTESIAN_POINT('',(265.175,7.,6.));
#19874=CARTESIAN_POINT('',(265.175,6.99999999999999,4.5));
#19875=CARTESIAN_POINT('',(273.613,7.,3.));
#19876=CARTESIAN_POINT('',(203.4815625,6.99999999999999,3.));
#19877=CARTESIAN_POINT('',(273.613,7.,6.3));
#19878=CARTESIAN_POINT('',(273.613,7.,3.));
#19879=CARTESIAN_POINT('',(264.613,7.,6.3));
#19880=CARTESIAN_POINT('',(273.613,7.,6.3));
#19881=CARTESIAN_POINT('',(264.613,7.,6.));
#19882=CARTESIAN_POINT('',(264.613,7.,3.));
#19883=CARTESIAN_POINT('',(203.4815625,6.99999999999999,6.));
#19884=CARTESIAN_POINT('Origin',(264.613,7.,3.));
#19885=CARTESIAN_POINT('',(264.613,-8.,6.));
#19886=CARTESIAN_POINT('',(264.613,-15.5499999552965,6.));
#19887=CARTESIAN_POINT('',(264.613,-10.,6.3));
#19888=CARTESIAN_POINT('',(264.613,7.,6.3));
#19889=CARTESIAN_POINT('',(264.613,-10.,3.));
#19890=CARTESIAN_POINT('',(264.613,-10.,3.));
#19891=CARTESIAN_POINT('',(264.613,-8.,3.));
#19892=CARTESIAN_POINT('',(264.613,-15.5499999552965,3.));
#19893=CARTESIAN_POINT('',(264.613,-8.,4.5));
#19894=CARTESIAN_POINT('Origin',(273.613,-10.,3.));
#19895=CARTESIAN_POINT('',(273.613,-10.,3.));
#19896=CARTESIAN_POINT('',(273.613,-24.0499999552965,3.));
#19897=CARTESIAN_POINT('',(273.613,-10.,6.3));
#19898=CARTESIAN_POINT('',(273.613,-10.,3.));
#19899=CARTESIAN_POINT('',(273.613,-10.,6.3));
#19900=CARTESIAN_POINT('Origin',(264.613,-10.,3.));
#19901=CARTESIAN_POINT('',(198.9815625,-10.,3.));
#19902=CARTESIAN_POINT('',(264.613,-10.,6.3));
#19903=CARTESIAN_POINT('Origin',(133.350125,-38.099999910593,6.3));
#19904=CARTESIAN_POINT('',(272.613,6.,6.3));
#19905=CARTESIAN_POINT('',(272.613,-9.00000000000001,6.3));
#19906=CARTESIAN_POINT('',(272.613,-16.0499999552965,6.3));
#19907=CARTESIAN_POINT('',(265.613,6.,6.3));
#19908=CARTESIAN_POINT('',(199.4815625,6.,6.3));
#19909=CARTESIAN_POINT('',(265.613,-9.00000000000001,6.3));
#19910=CARTESIAN_POINT('',(265.613,-23.5499999552965,6.3));
#19911=CARTESIAN_POINT('',(202.9815625,-8.99999999999999,6.3));
#19912=CARTESIAN_POINT('Origin',(266.46925,-50.15,3.));
#19913=CARTESIAN_POINT('',(258.03125,-50.15,3.));
#19914=CARTESIAN_POINT('',(258.03125,-50.15,6.));
#19915=CARTESIAN_POINT('',(258.03125,-50.15,4.5));
#19916=CARTESIAN_POINT('',(266.46925,-50.15,3.));
#19917=CARTESIAN_POINT('',(199.9096875,-50.15,3.));
#19918=CARTESIAN_POINT('',(266.46925,-50.15,6.3));
#19919=CARTESIAN_POINT('',(266.46925,-50.15,3.));
#19920=CARTESIAN_POINT('',(257.46925,-50.15,6.3));
#19921=CARTESIAN_POINT('',(266.46925,-50.15,6.3));
#19922=CARTESIAN_POINT('',(257.46925,-50.15,6.));
#19923=CARTESIAN_POINT('',(257.46925,-50.15,3.));
#19924=CARTESIAN_POINT('',(199.9096875,-50.15,6.));
#19925=CARTESIAN_POINT('Origin',(257.46925,-50.15,3.));
#19926=CARTESIAN_POINT('',(257.46925,-65.15,6.));
#19927=CARTESIAN_POINT('',(257.46925,-44.1249999552965,6.));
#19928=CARTESIAN_POINT('',(257.46925,-67.15,6.3));
#19929=CARTESIAN_POINT('',(257.46925,-50.15,6.3));
#19930=CARTESIAN_POINT('',(257.46925,-67.15,3.));
#19931=CARTESIAN_POINT('',(257.46925,-67.15,3.));
#19932=CARTESIAN_POINT('',(257.46925,-65.15,3.));
#19933=CARTESIAN_POINT('',(257.46925,-44.1249999552965,3.));
#19934=CARTESIAN_POINT('',(257.46925,-65.15,4.5));
#19935=CARTESIAN_POINT('Origin',(266.46925,-67.15,3.));
#19936=CARTESIAN_POINT('',(266.46925,-67.15,3.));
#19937=CARTESIAN_POINT('',(266.46925,-52.6249999552965,3.));
#19938=CARTESIAN_POINT('',(266.46925,-67.15,6.3));
#19939=CARTESIAN_POINT('',(266.46925,-67.15,3.));
#19940=CARTESIAN_POINT('',(266.46925,-67.15,6.3));
#19941=CARTESIAN_POINT('Origin',(257.46925,-67.15,3.));
#19942=CARTESIAN_POINT('',(195.4096875,-67.15,3.));
#19943=CARTESIAN_POINT('',(257.46925,-67.15,6.3));
#19944=CARTESIAN_POINT('Origin',(133.350125,-38.099999910593,6.3));
#19945=CARTESIAN_POINT('',(258.46925,-66.15,6.3));
#19946=CARTESIAN_POINT('',(258.46925,-51.15,6.3));
#19947=CARTESIAN_POINT('',(258.46925,-52.1249999552965,6.3));
#19948=CARTESIAN_POINT('',(265.46925,-66.15,6.3));
#19949=CARTESIAN_POINT('',(199.4096875,-66.15,6.3));
#19950=CARTESIAN_POINT('',(265.46925,-51.15,6.3));
#19951=CARTESIAN_POINT('',(265.46925,-44.6249999552965,6.3));
#19952=CARTESIAN_POINT('',(195.9096875,-51.15,6.3));
#19953=CARTESIAN_POINT('Origin',(28.34425,-50.15,3.));
#19954=CARTESIAN_POINT('',(19.90625,-50.15,3.));
#19955=CARTESIAN_POINT('',(19.90625,-50.15,6.));
#19956=CARTESIAN_POINT('',(19.90625,-50.15,4.5));
#19957=CARTESIAN_POINT('',(28.34425,-50.15,3.));
#19958=CARTESIAN_POINT('',(80.8471875,-50.15,3.));
#19959=CARTESIAN_POINT('',(28.34425,-50.15,6.3));
#19960=CARTESIAN_POINT('',(28.34425,-50.15,3.));
#19961=CARTESIAN_POINT('',(19.34425,-50.15,6.3));
#19962=CARTESIAN_POINT('',(28.34425,-50.15,6.3));
#19963=CARTESIAN_POINT('',(19.34425,-50.15,6.));
#19964=CARTESIAN_POINT('',(19.34425,-50.15,3.));
#19965=CARTESIAN_POINT('',(80.8471875,-50.15,6.));
#19966=CARTESIAN_POINT('Origin',(19.34425,-50.15,3.));
#19967=CARTESIAN_POINT('',(19.34425,-65.15,6.));
#19968=CARTESIAN_POINT('',(19.34425,-44.1249999552965,6.));
#19969=CARTESIAN_POINT('',(19.34425,-67.15,6.3));
#19970=CARTESIAN_POINT('',(19.34425,-50.15,6.3));
#19971=CARTESIAN_POINT('',(19.34425,-67.15,3.));
#19972=CARTESIAN_POINT('',(19.34425,-67.15,3.));
#19973=CARTESIAN_POINT('',(19.34425,-65.15,3.));
#19974=CARTESIAN_POINT('',(19.34425,-44.1249999552965,3.));
#19975=CARTESIAN_POINT('',(19.34425,-65.15,4.5));
#19976=CARTESIAN_POINT('Origin',(28.34425,-67.15,3.));
#19977=CARTESIAN_POINT('',(28.34425,-67.15,3.));
#19978=CARTESIAN_POINT('',(28.34425,-52.6249999552965,3.));
#19979=CARTESIAN_POINT('',(28.34425,-67.15,6.3));
#19980=CARTESIAN_POINT('',(28.34425,-67.15,3.));
#19981=CARTESIAN_POINT('',(28.34425,-67.15,6.3));
#19982=CARTESIAN_POINT('Origin',(19.34425,-67.15,3.));
#19983=CARTESIAN_POINT('',(76.3471875,-67.15,3.));
#19984=CARTESIAN_POINT('',(19.34425,-67.15,6.3));
#19985=CARTESIAN_POINT('Origin',(133.350125,-38.099999910593,6.3));
#19986=CARTESIAN_POINT('',(20.34425,-66.15,6.3));
#19987=CARTESIAN_POINT('',(20.34425,-51.15,6.3));
#19988=CARTESIAN_POINT('',(20.34425,-52.1249999552965,6.3));
#19989=CARTESIAN_POINT('',(27.34425,-66.15,6.3));
#19990=CARTESIAN_POINT('',(80.3471875,-66.15,6.3));
#19991=CARTESIAN_POINT('',(27.34425,-51.15,6.3));
#19992=CARTESIAN_POINT('',(27.34425,-44.6249999552965,6.3));
#19993=CARTESIAN_POINT('',(76.8471875,-51.15,6.3));
#19994=CARTESIAN_POINT('Origin',(166.94375,-69.2,3.));
#19995=CARTESIAN_POINT('',(166.94375,-69.2,3.));
#19996=CARTESIAN_POINT('',(166.94375,-86.2,3.));
#19997=CARTESIAN_POINT('',(166.94375,-53.6499999552965,3.));
#19998=CARTESIAN_POINT('',(166.94375,-69.2,6.3));
#19999=CARTESIAN_POINT('',(166.94375,-69.2,3.));
#20000=CARTESIAN_POINT('',(166.94375,-86.2,6.3));
#20001=CARTESIAN_POINT('',(166.94375,-69.2,6.3));
#20002=CARTESIAN_POINT('',(166.94375,-86.2,3.));
#20003=CARTESIAN_POINT('Origin',(175.94375,-69.2,3.));
#20004=CARTESIAN_POINT('',(175.94375,-69.2,3.));
#20005=CARTESIAN_POINT('',(154.6469375,-69.2,3.));
#20006=CARTESIAN_POINT('',(175.94375,-69.2,6.3));
#20007=CARTESIAN_POINT('',(175.94375,-69.2,3.));
#20008=CARTESIAN_POINT('',(175.94375,-69.2,6.3));
#20009=CARTESIAN_POINT('Origin',(175.94375,-86.2,3.));
#20010=CARTESIAN_POINT('',(175.94375,-86.2,3.));
#20011=CARTESIAN_POINT('',(175.94375,-62.1499999552965,3.));
#20012=CARTESIAN_POINT('',(175.94375,-86.2,6.3));
#20013=CARTESIAN_POINT('',(175.94375,-86.2,3.));
#20014=CARTESIAN_POINT('',(175.94375,-86.2,6.3));
#20015=CARTESIAN_POINT('Origin',(166.94375,-86.2,3.));
#20016=CARTESIAN_POINT('',(150.1469375,-86.2,3.));
#20017=CARTESIAN_POINT('',(166.94375,-86.2,6.3));
#20018=CARTESIAN_POINT('Origin',(133.350125,-38.099999910593,6.3));
#20019=CARTESIAN_POINT('',(167.94375,-85.2,6.3));
#20020=CARTESIAN_POINT('',(167.94375,-70.2,6.3));
#20021=CARTESIAN_POINT('',(167.94375,-61.6499999552965,6.3));
#20022=CARTESIAN_POINT('',(174.94375,-85.2,6.3));
#20023=CARTESIAN_POINT('',(154.1469375,-85.2,6.3));
#20024=CARTESIAN_POINT('',(174.94375,-70.2,6.3));
#20025=CARTESIAN_POINT('',(174.94375,-54.1499999552965,6.3));
#20026=CARTESIAN_POINT('',(150.6469375,-70.2,6.3));
#20027=CARTESIAN_POINT('Origin',(271.23175,-31.1,3.));
#20028=CARTESIAN_POINT('',(262.79375,-31.1,3.));
#20029=CARTESIAN_POINT('',(262.79375,-31.1,6.));
#20030=CARTESIAN_POINT('',(262.79375,-31.1,4.5));
#20031=CARTESIAN_POINT('',(271.23175,-31.1,3.));
#20032=CARTESIAN_POINT('',(202.2909375,-31.1,3.));
#20033=CARTESIAN_POINT('',(271.23175,-31.1,6.3));
#20034=CARTESIAN_POINT('',(271.23175,-31.1,3.));
#20035=CARTESIAN_POINT('',(262.23175,-31.1,6.3));
#20036=CARTESIAN_POINT('',(271.23175,-31.1,6.3));
#20037=CARTESIAN_POINT('',(262.23175,-31.1,6.));
#20038=CARTESIAN_POINT('',(262.23175,-31.1,3.));
#20039=CARTESIAN_POINT('',(202.2909375,-31.1,6.));
#20040=CARTESIAN_POINT('Origin',(262.23175,-31.1,3.));
#20041=CARTESIAN_POINT('',(262.23175,-46.1,6.));
#20042=CARTESIAN_POINT('',(262.23175,-34.5999999552965,6.));
#20043=CARTESIAN_POINT('',(262.23175,-48.1,6.3));
#20044=CARTESIAN_POINT('',(262.23175,-31.1,6.3));
#20045=CARTESIAN_POINT('',(262.23175,-48.1,3.));
#20046=CARTESIAN_POINT('',(262.23175,-48.1,3.));
#20047=CARTESIAN_POINT('',(262.23175,-46.1,3.));
#20048=CARTESIAN_POINT('',(262.23175,-34.5999999552965,3.));
#20049=CARTESIAN_POINT('',(262.23175,-46.1,4.5));
#20050=CARTESIAN_POINT('Origin',(271.23175,-48.1,3.));
#20051=CARTESIAN_POINT('',(271.23175,-48.1,3.));
#20052=CARTESIAN_POINT('',(271.23175,-43.0999999552965,3.));
#20053=CARTESIAN_POINT('',(271.23175,-48.1,6.3));
#20054=CARTESIAN_POINT('',(271.23175,-48.1,3.));
#20055=CARTESIAN_POINT('',(271.23175,-48.1,6.3));
#20056=CARTESIAN_POINT('Origin',(262.23175,-48.1,3.));
#20057=CARTESIAN_POINT('',(197.7909375,-48.1,3.));
#20058=CARTESIAN_POINT('',(262.23175,-48.1,6.3));
#20059=CARTESIAN_POINT('Origin',(133.350125,-38.099999910593,6.3));
#20060=CARTESIAN_POINT('',(270.23175,-32.1,6.3));
#20061=CARTESIAN_POINT('',(270.23175,-47.1,6.3));
#20062=CARTESIAN_POINT('',(270.23175,-35.0999999552965,6.3));
#20063=CARTESIAN_POINT('',(263.23175,-32.1,6.3));
#20064=CARTESIAN_POINT('',(198.2909375,-32.1,6.3));
#20065=CARTESIAN_POINT('',(263.23175,-47.1,6.3));
#20066=CARTESIAN_POINT('',(263.23175,-42.5999999552965,6.3));
#20067=CARTESIAN_POINT('',(201.7909375,-47.1,6.3));
#20068=CARTESIAN_POINT('Origin',(240.737,-10.,3.));
#20069=CARTESIAN_POINT('',(240.737,-10.,3.));
#20070=CARTESIAN_POINT('',(249.737,-10.,3.));
#20071=CARTESIAN_POINT('',(187.0435625,-10.,3.));
#20072=CARTESIAN_POINT('',(240.737,-10.,6.3));
#20073=CARTESIAN_POINT('',(240.737,-10.,3.));
#20074=CARTESIAN_POINT('',(249.737,-10.,6.3));
#20075=CARTESIAN_POINT('',(249.737,-10.,6.3));
#20076=CARTESIAN_POINT('',(249.737,-10.,3.));
#20077=CARTESIAN_POINT('Origin',(240.737,7.,3.));
#20078=CARTESIAN_POINT('',(240.737,7.,3.));
#20079=CARTESIAN_POINT('',(240.737,-15.5499999552965,3.));
#20080=CARTESIAN_POINT('',(240.737,7.,6.3));
#20081=CARTESIAN_POINT('',(240.737,7.,3.));
#20082=CARTESIAN_POINT('',(240.737,-10.,6.3));
#20083=CARTESIAN_POINT('Origin',(249.737,7.,3.));
#20084=CARTESIAN_POINT('',(249.175,7.,6.));
#20085=CARTESIAN_POINT('',(249.175,7.,3.));
#20086=CARTESIAN_POINT('',(249.175,6.99999999999999,4.5));
#20087=CARTESIAN_POINT('',(249.737,7.,6.));
#20088=CARTESIAN_POINT('',(191.5435625,6.99999999999999,6.));
#20089=CARTESIAN_POINT('',(249.737,7.,6.3));
#20090=CARTESIAN_POINT('',(249.737,7.,3.));
#20091=CARTESIAN_POINT('',(240.737,7.,6.3));
#20092=CARTESIAN_POINT('',(191.5435625,6.99999999999999,3.));
#20093=CARTESIAN_POINT('Origin',(249.737,-10.,3.));
#20094=CARTESIAN_POINT('',(249.737,-8.,6.));
#20095=CARTESIAN_POINT('',(249.737,-24.0499999552965,6.));
#20096=CARTESIAN_POINT('',(249.737,-8.,3.));
#20097=CARTESIAN_POINT('',(249.737,-8.,4.5));
#20098=CARTESIAN_POINT('',(249.737,-24.0499999552965,3.));
#20099=CARTESIAN_POINT('',(249.737,7.,6.3));
#20100=CARTESIAN_POINT('Origin',(133.350125,-38.099999910593,6.3));
#20101=CARTESIAN_POINT('',(241.737,-9.00000000000001,6.3));
#20102=CARTESIAN_POINT('',(241.737,6.,6.3));
#20103=CARTESIAN_POINT('',(241.737,-23.5499999552965,6.3));
#20104=CARTESIAN_POINT('',(248.737,-9.00000000000001,6.3));
#20105=CARTESIAN_POINT('',(191.0435625,-9.,6.3));
#20106=CARTESIAN_POINT('',(248.737,6.,6.3));
#20107=CARTESIAN_POINT('',(248.737,-16.0499999552965,6.3));
#20108=CARTESIAN_POINT('',(187.5435625,6.00000000000001,6.3));
#20109=CARTESIAN_POINT('Origin',(233.59325,-67.15,3.));
#20110=CARTESIAN_POINT('',(233.59325,-67.15,3.));
#20111=CARTESIAN_POINT('',(242.59325,-67.15,3.));
#20112=CARTESIAN_POINT('',(183.4716875,-67.15,3.));
#20113=CARTESIAN_POINT('',(233.59325,-67.15,6.3));
#20114=CARTESIAN_POINT('',(233.59325,-67.15,3.));
#20115=CARTESIAN_POINT('',(242.59325,-67.15,6.3));
#20116=CARTESIAN_POINT('',(242.59325,-67.15,6.3));
#20117=CARTESIAN_POINT('',(242.59325,-67.15,3.));
#20118=CARTESIAN_POINT('Origin',(233.59325,-50.15,3.));
#20119=CARTESIAN_POINT('',(233.59325,-50.15,3.));
#20120=CARTESIAN_POINT('',(233.59325,-44.1249999552965,3.));
#20121=CARTESIAN_POINT('',(233.59325,-50.15,6.3));
#20122=CARTESIAN_POINT('',(233.59325,-50.15,3.));
#20123=CARTESIAN_POINT('',(233.59325,-67.15,6.3));
#20124=CARTESIAN_POINT('Origin',(242.59325,-50.15,3.));
#20125=CARTESIAN_POINT('',(242.03125,-50.15,6.));
#20126=CARTESIAN_POINT('',(242.03125,-50.15,3.));
#20127=CARTESIAN_POINT('',(242.03125,-50.15,4.5));
#20128=CARTESIAN_POINT('',(242.59325,-50.15,6.));
#20129=CARTESIAN_POINT('',(187.9716875,-50.15,6.));
#20130=CARTESIAN_POINT('',(242.59325,-50.15,6.3));
#20131=CARTESIAN_POINT('',(242.59325,-50.15,3.));
#20132=CARTESIAN_POINT('',(233.59325,-50.15,6.3));
#20133=CARTESIAN_POINT('',(187.9716875,-50.15,3.));
#20134=CARTESIAN_POINT('Origin',(242.59325,-67.15,3.));
#20135=CARTESIAN_POINT('',(242.59325,-65.15,6.));
#20136=CARTESIAN_POINT('',(242.59325,-52.6249999552965,6.));
#20137=CARTESIAN_POINT('',(242.59325,-65.15,3.));
#20138=CARTESIAN_POINT('',(242.59325,-65.15,4.5));
#20139=CARTESIAN_POINT('',(242.59325,-52.6249999552965,3.));
#20140=CARTESIAN_POINT('',(242.59325,-50.15,6.3));
#20141=CARTESIAN_POINT('Origin',(133.350125,-38.099999910593,6.3));
#20142=CARTESIAN_POINT('',(241.59325,-51.15,6.3));
#20143=CARTESIAN_POINT('',(241.59325,-66.15,6.3));
#20144=CARTESIAN_POINT('',(241.59325,-44.6249999552965,6.3));
#20145=CARTESIAN_POINT('',(234.59325,-51.15,6.3));
#20146=CARTESIAN_POINT('',(183.9716875,-51.15,6.3));
#20147=CARTESIAN_POINT('',(234.59325,-66.15,6.3));
#20148=CARTESIAN_POINT('',(234.59325,-52.1249999552965,6.3));
#20149=CARTESIAN_POINT('',(187.4716875,-66.15,6.3));
#20150=CARTESIAN_POINT('Origin',(-4.53175000000001,-67.15,3.));
#20151=CARTESIAN_POINT('',(-4.53175000000001,-67.15,3.));
#20152=CARTESIAN_POINT('',(4.46824999999999,-67.15,3.));
#20153=CARTESIAN_POINT('',(64.4091875,-67.15,3.));
#20154=CARTESIAN_POINT('',(-4.53175000000001,-67.15,6.3));
#20155=CARTESIAN_POINT('',(-4.53175000000001,-67.15,3.));
#20156=CARTESIAN_POINT('',(4.46824999999999,-67.15,6.3));
#20157=CARTESIAN_POINT('',(-4.53175000000001,-67.15,6.3));
#20158=CARTESIAN_POINT('',(4.46824999999999,-67.15,3.));
#20159=CARTESIAN_POINT('Origin',(-4.53175000000001,-50.15,3.));
#20160=CARTESIAN_POINT('',(-4.53175000000001,-50.15,3.));
#20161=CARTESIAN_POINT('',(-4.53175000000002,-44.1249999552965,3.));
#20162=CARTESIAN_POINT('',(-4.53175000000001,-50.15,6.3));
#20163=CARTESIAN_POINT('',(-4.53175000000001,-50.15,3.));
#20164=CARTESIAN_POINT('',(-4.53175000000001,-66.15,6.3));
#20165=CARTESIAN_POINT('Origin',(4.46824999999999,-50.15,3.));
#20166=CARTESIAN_POINT('',(3.90625,-50.15,6.));
#20167=CARTESIAN_POINT('',(3.90625,-50.15,3.));
#20168=CARTESIAN_POINT('',(3.90625,-50.15,4.5));
#20169=CARTESIAN_POINT('',(4.46824999999999,-50.15,6.));
#20170=CARTESIAN_POINT('',(68.9091875,-50.15,6.));
#20171=CARTESIAN_POINT('',(4.46824999999999,-50.15,6.3));
#20172=CARTESIAN_POINT('',(4.46824999999999,-50.15,3.));
#20173=CARTESIAN_POINT('',(4.46824999999999,-50.15,6.3));
#20174=CARTESIAN_POINT('',(68.9091875,-50.15,3.));
#20175=CARTESIAN_POINT('Origin',(4.46824999999999,-67.15,3.));
#20176=CARTESIAN_POINT('',(4.46824999999999,-65.15,6.));
#20177=CARTESIAN_POINT('',(4.46824999999999,-52.6249999552965,6.));
#20178=CARTESIAN_POINT('',(4.46824999999999,-65.15,3.));
#20179=CARTESIAN_POINT('',(4.46824999999999,-65.15,4.5));
#20180=CARTESIAN_POINT('',(4.46824999999999,-52.6249999552965,3.));
#20181=CARTESIAN_POINT('',(4.46824999999999,-67.15,6.3));
#20182=CARTESIAN_POINT('Origin',(133.350125,-38.099999910593,6.3));
#20183=CARTESIAN_POINT('',(3.46824999999999,-66.15,6.3));
#20184=CARTESIAN_POINT('',(-3.53175,-66.15,6.3));
#20185=CARTESIAN_POINT('',(68.4091875,-66.15,6.3));
#20186=CARTESIAN_POINT('',(3.46824999999999,-51.15,6.3));
#20187=CARTESIAN_POINT('',(3.46825,-44.6249999552965,6.3));
#20188=CARTESIAN_POINT('',(-3.53175,-51.15,6.3));
#20189=CARTESIAN_POINT('',(64.9091875,-51.15,6.3));
#20190=CARTESIAN_POINT('',(-3.53175,-52.1249999552965,6.3));
#20191=CARTESIAN_POINT('Origin',(67.94375,-85.2,6.));
#20192=CARTESIAN_POINT('',(67.94375,-70.2,7.5));
#20193=CARTESIAN_POINT('',(67.94375,-70.2,6.));
#20194=CARTESIAN_POINT('',(67.94375,-85.2,7.5));
#20195=CARTESIAN_POINT('',(67.94375,-70.2,7.5));
#20196=CARTESIAN_POINT('',(67.94375,-85.2,6.));
#20197=CARTESIAN_POINT('Origin',(67.94375,-70.2,6.));
#20198=CARTESIAN_POINT('',(74.94375,-70.2,7.5));
#20199=CARTESIAN_POINT('',(74.94375,-70.2,6.));
#20200=CARTESIAN_POINT('',(74.94375,-70.2,7.5));
#20201=CARTESIAN_POINT('Origin',(246.35575,-32.1,6.));
#20202=CARTESIAN_POINT('',(246.35575,-47.1,7.5));
#20203=CARTESIAN_POINT('',(246.35575,-47.1,6.));
#20204=CARTESIAN_POINT('',(246.35575,-32.1,7.5));
#20205=CARTESIAN_POINT('',(246.35575,-47.1,7.5));
#20206=CARTESIAN_POINT('',(246.35575,-32.1,6.));
#20207=CARTESIAN_POINT('Origin',(246.35575,-47.1,6.));
#20208=CARTESIAN_POINT('',(239.35575,-47.1,7.5));
#20209=CARTESIAN_POINT('',(239.35575,-47.1,6.));
#20210=CARTESIAN_POINT('',(239.35575,-47.1,7.5));
#20211=CARTESIAN_POINT('Origin',(272.613,-9.,6.));
#20212=CARTESIAN_POINT('',(265.613,-9.,7.5));
#20213=CARTESIAN_POINT('',(265.613,-9.,6.));
#20214=CARTESIAN_POINT('',(272.613,-9.,7.5));
#20215=CARTESIAN_POINT('',(265.613,-9.,7.5));
#20216=CARTESIAN_POINT('',(272.613,-9.,6.));
#20217=CARTESIAN_POINT('Origin',(265.613,-9.,6.));
#20218=CARTESIAN_POINT('',(265.613,6.,7.5));
#20219=CARTESIAN_POINT('',(265.613,6.,6.));
#20220=CARTESIAN_POINT('',(265.613,6.,7.5));
#20221=CARTESIAN_POINT('Origin',(265.175,-8.,6.));
#20222=CARTESIAN_POINT('',(265.175,8.,6.));
#20223=CARTESIAN_POINT('',(265.175,-23.0499999552965,6.));
#20224=CARTESIAN_POINT('',(265.175,8.00000000000001,3.));
#20225=CARTESIAN_POINT('',(265.175,8.,6.));
#20226=CARTESIAN_POINT('',(265.175,-8.,3.));
#20227=CARTESIAN_POINT('Origin',(258.46925,-51.15,6.));
#20228=CARTESIAN_POINT('',(265.46925,-51.15,7.5));
#20229=CARTESIAN_POINT('',(265.46925,-51.15,6.));
#20230=CARTESIAN_POINT('',(258.46925,-51.15,7.5));
#20231=CARTESIAN_POINT('',(265.46925,-51.15,7.5));
#20232=CARTESIAN_POINT('',(258.46925,-51.15,6.));
#20233=CARTESIAN_POINT('Origin',(265.46925,-51.15,6.));
#20234=CARTESIAN_POINT('',(265.46925,-66.15,7.5));
#20235=CARTESIAN_POINT('',(265.46925,-66.15,6.));
#20236=CARTESIAN_POINT('',(265.46925,-66.15,7.5));
#20237=CARTESIAN_POINT('Origin',(258.03125,-65.15,6.));
#20238=CARTESIAN_POINT('',(258.03125,-49.15,6.));
#20239=CARTESIAN_POINT('',(258.03125,-51.6249999552965,6.));
#20240=CARTESIAN_POINT('',(258.03125,-49.15,3.));
#20241=CARTESIAN_POINT('',(258.03125,-49.15,6.));
#20242=CARTESIAN_POINT('',(258.03125,-65.15,3.));
#20243=CARTESIAN_POINT('Origin',(20.34425,-51.15,6.));
#20244=CARTESIAN_POINT('',(27.34425,-51.15,7.5));
#20245=CARTESIAN_POINT('',(27.34425,-51.15,6.));
#20246=CARTESIAN_POINT('',(20.34425,-51.15,7.5));
#20247=CARTESIAN_POINT('',(27.34425,-51.15,7.5));
#20248=CARTESIAN_POINT('',(20.34425,-51.15,6.));
#20249=CARTESIAN_POINT('Origin',(27.34425,-51.15,6.));
#20250=CARTESIAN_POINT('',(27.34425,-66.15,7.5));
#20251=CARTESIAN_POINT('',(27.34425,-66.15,6.));
#20252=CARTESIAN_POINT('',(27.34425,-66.15,7.5));
#20253=CARTESIAN_POINT('Origin',(19.90625,-65.15,6.));
#20254=CARTESIAN_POINT('',(19.90625,-49.15,6.));
#20255=CARTESIAN_POINT('',(19.90625,-51.6249999552965,6.));
#20256=CARTESIAN_POINT('',(19.90625,-49.15,3.));
#20257=CARTESIAN_POINT('',(19.90625,-49.15,6.));
#20258=CARTESIAN_POINT('',(19.90625,-65.15,3.));
#20259=CARTESIAN_POINT('Origin',(167.94375,-70.2,6.));
#20260=CARTESIAN_POINT('',(174.94375,-70.2,7.5));
#20261=CARTESIAN_POINT('',(174.94375,-70.2,6.));
#20262=CARTESIAN_POINT('',(167.94375,-70.2,7.5));
#20263=CARTESIAN_POINT('',(174.94375,-70.2,7.5));
#20264=CARTESIAN_POINT('',(167.94375,-70.2,6.));
#20265=CARTESIAN_POINT('Origin',(174.94375,-70.2,6.));
#20266=CARTESIAN_POINT('',(174.94375,-85.2,7.5));
#20267=CARTESIAN_POINT('',(174.94375,-85.2,6.));
#20268=CARTESIAN_POINT('',(174.94375,-85.2,7.5));
#20269=CARTESIAN_POINT('Origin',(270.23175,-47.1,6.));
#20270=CARTESIAN_POINT('',(263.23175,-47.1,7.5));
#20271=CARTESIAN_POINT('',(263.23175,-47.1,6.));
#20272=CARTESIAN_POINT('',(270.23175,-47.1,7.5));
#20273=CARTESIAN_POINT('',(263.23175,-47.1,7.5));
#20274=CARTESIAN_POINT('',(270.23175,-47.1,6.));
#20275=CARTESIAN_POINT('Origin',(263.23175,-47.1,6.));
#20276=CARTESIAN_POINT('',(263.23175,-32.1,7.5));
#20277=CARTESIAN_POINT('',(263.23175,-32.1,6.));
#20278=CARTESIAN_POINT('',(263.23175,-32.1,7.5));
#20279=CARTESIAN_POINT('Origin',(262.79375,-46.1,6.));
#20280=CARTESIAN_POINT('',(262.79375,-30.1,6.));
#20281=CARTESIAN_POINT('',(262.79375,-42.0999999552965,6.));
#20282=CARTESIAN_POINT('',(262.79375,-30.1,3.));
#20283=CARTESIAN_POINT('',(262.79375,-30.1,6.));
#20284=CARTESIAN_POINT('',(262.79375,-46.1,3.));
#20285=CARTESIAN_POINT('Origin',(241.737,6.,6.));
#20286=CARTESIAN_POINT('',(248.737,6.,7.5));
#20287=CARTESIAN_POINT('',(248.737,6.,6.));
#20288=CARTESIAN_POINT('',(241.737,6.,7.5));
#20289=CARTESIAN_POINT('',(248.737,6.,7.5));
#20290=CARTESIAN_POINT('',(241.737,6.,6.));
#20291=CARTESIAN_POINT('Origin',(248.737,6.,6.));
#20292=CARTESIAN_POINT('',(248.737,-9.,7.5));
#20293=CARTESIAN_POINT('',(248.737,-9.,6.));
#20294=CARTESIAN_POINT('',(248.737,-9.,7.5));
#20295=CARTESIAN_POINT('Origin',(133.350125,-38.099999910593,6.));
#20296=CARTESIAN_POINT('',(191.2625625,-8.,6.));
#20297=CARTESIAN_POINT('',(249.175,8.,6.));
#20298=CARTESIAN_POINT('',(249.175,-15.0499999552965,6.));
#20299=CARTESIAN_POINT('',(199.2625625,8.,6.));
#20300=CARTESIAN_POINT('',(250.175,-7.,6.));
#20301=CARTESIAN_POINT('',(264.175,-7.,6.));
#20302=CARTESIAN_POINT('',(250.175,-7.,6.));
#20303=CARTESIAN_POINT('',(264.175,7.,6.));
#20304=CARTESIAN_POINT('',(264.175,-7.,6.));
#20305=CARTESIAN_POINT('',(250.175,7.,6.));
#20306=CARTESIAN_POINT('',(264.175,7.,6.));
#20307=CARTESIAN_POINT('',(250.175,7.,6.));
#20308=CARTESIAN_POINT('Origin',(241.59325,-66.15,6.));
#20309=CARTESIAN_POINT('',(234.59325,-66.15,7.5));
#20310=CARTESIAN_POINT('',(234.59325,-66.15,6.));
#20311=CARTESIAN_POINT('',(241.59325,-66.15,7.5));
#20312=CARTESIAN_POINT('',(234.59325,-66.15,7.5));
#20313=CARTESIAN_POINT('',(241.59325,-66.15,6.));
#20314=CARTESIAN_POINT('Origin',(234.59325,-66.15,6.));
#20315=CARTESIAN_POINT('',(234.59325,-51.15,7.5));
#20316=CARTESIAN_POINT('',(234.59325,-51.15,6.));
#20317=CARTESIAN_POINT('',(234.59325,-51.15,7.5));
#20318=CARTESIAN_POINT('Origin',(133.350125,-38.099999910593,6.));
#20319=CARTESIAN_POINT('',(187.6906875,-65.15,6.));
#20320=CARTESIAN_POINT('',(242.03125,-49.15,6.));
#20321=CARTESIAN_POINT('',(242.03125,-43.6249999552965,6.));
#20322=CARTESIAN_POINT('',(195.6906875,-49.15,6.));
#20323=CARTESIAN_POINT('',(243.03125,-64.15,6.));
#20324=CARTESIAN_POINT('',(257.03125,-64.15,6.));
#20325=CARTESIAN_POINT('',(243.03125,-64.15,6.));
#20326=CARTESIAN_POINT('',(257.03125,-50.15,6.));
#20327=CARTESIAN_POINT('',(257.03125,-64.15,6.));
#20328=CARTESIAN_POINT('',(243.03125,-50.15,6.));
#20329=CARTESIAN_POINT('',(257.03125,-50.15,6.));
#20330=CARTESIAN_POINT('',(243.03125,-50.15,6.));
#20331=CARTESIAN_POINT('Origin',(-3.53175,-66.15,6.));
#20332=CARTESIAN_POINT('',(-3.53175,-51.15,7.5));
#20333=CARTESIAN_POINT('',(-3.53175,-51.15,6.));
#20334=CARTESIAN_POINT('',(-3.53175,-66.15,7.5));
#20335=CARTESIAN_POINT('',(-3.53175,-51.15,7.5));
#20336=CARTESIAN_POINT('',(-3.53175,-66.15,6.));
#20337=CARTESIAN_POINT('Origin',(-3.53175,-51.15,6.));
#20338=CARTESIAN_POINT('',(3.46825,-51.15,7.5));
#20339=CARTESIAN_POINT('',(3.46825,-51.15,6.));
#20340=CARTESIAN_POINT('',(3.46825,-51.15,7.5));
#20341=CARTESIAN_POINT('Origin',(133.350125,-38.099999910593,6.));
#20342=CARTESIAN_POINT('',(68.6281875,-65.15,6.));
#20343=CARTESIAN_POINT('',(3.90625,-49.15,6.));
#20344=CARTESIAN_POINT('',(3.90625,-43.6249999552965,6.));
#20345=CARTESIAN_POINT('',(76.6281875,-49.15,6.));
#20346=CARTESIAN_POINT('',(4.90625,-64.15,6.));
#20347=CARTESIAN_POINT('',(18.90625,-64.15,6.));
#20348=CARTESIAN_POINT('',(4.90625,-64.15,6.));
#20349=CARTESIAN_POINT('',(18.90625,-50.15,6.));
#20350=CARTESIAN_POINT('',(18.90625,-64.15,6.));
#20351=CARTESIAN_POINT('',(4.90625,-50.15,6.));
#20352=CARTESIAN_POINT('',(18.90625,-50.15,6.));
#20353=CARTESIAN_POINT('',(4.90625,-50.15,6.));
#20354=CARTESIAN_POINT('Origin',(129.44375,-84.2,6.));
#20355=CARTESIAN_POINT('',(129.44375,-68.2,6.));
#20356=CARTESIAN_POINT('',(129.44375,-84.2,6.));
#20357=CARTESIAN_POINT('',(129.44375,-61.1499999552965,6.));
#20358=CARTESIAN_POINT('',(129.44375,-68.2,3.));
#20359=CARTESIAN_POINT('',(129.44375,-68.2,6.));
#20360=CARTESIAN_POINT('',(129.44375,-84.2,3.));
#20361=CARTESIAN_POINT('',(129.44375,-84.2,3.));
#20362=CARTESIAN_POINT('',(129.44375,-84.2,6.));
#20363=CARTESIAN_POINT('Origin',(113.44375,-84.2,6.));
#20364=CARTESIAN_POINT('',(113.44375,-84.2,6.));
#20365=CARTESIAN_POINT('',(123.3969375,-84.2,6.));
#20366=CARTESIAN_POINT('',(113.44375,-84.2,3.));
#20367=CARTESIAN_POINT('',(113.44375,-84.2,3.));
#20368=CARTESIAN_POINT('',(113.44375,-84.2,6.));
#20369=CARTESIAN_POINT('Origin',(113.44375,-68.2,6.));
#20370=CARTESIAN_POINT('',(113.44375,-68.2,6.));
#20371=CARTESIAN_POINT('',(113.44375,-53.1499999552965,6.));
#20372=CARTESIAN_POINT('',(113.44375,-68.2,3.));
#20373=CARTESIAN_POINT('',(113.44375,-68.2,3.));
#20374=CARTESIAN_POINT('',(113.44375,-68.2,6.));
#20375=CARTESIAN_POINT('Origin',(129.44375,-68.2,6.));
#20376=CARTESIAN_POINT('',(131.3969375,-68.2,6.));
#20377=CARTESIAN_POINT('',(129.44375,-68.2,3.));
#20378=CARTESIAN_POINT('Origin',(19.90625,-49.15,6.));
#20379=CARTESIAN_POINT('',(3.90625,-49.15,3.));
#20380=CARTESIAN_POINT('',(3.90625,-49.15,6.));
#20381=CARTESIAN_POINT('',(19.90625,-49.15,3.));
#20382=CARTESIAN_POINT('Origin',(3.90625,-65.15,6.));
#20383=CARTESIAN_POINT('',(3.90625,-65.15,3.));
#20384=CARTESIAN_POINT('Origin',(3.90625,-49.15,6.));
#20385=CARTESIAN_POINT('',(3.90625,-49.15,3.));
#20386=CARTESIAN_POINT('Origin',(242.03125,-65.15,6.));
#20387=CARTESIAN_POINT('',(242.03125,-65.15,3.));
#20388=CARTESIAN_POINT('Origin',(242.03125,-49.15,6.));
#20389=CARTESIAN_POINT('',(242.03125,-49.15,3.));
#20390=CARTESIAN_POINT('',(242.03125,-49.15,3.));
#20391=CARTESIAN_POINT('',(242.03125,-49.15,6.));
#20392=CARTESIAN_POINT('Origin',(258.03125,-49.15,6.));
#20393=CARTESIAN_POINT('',(258.03125,-49.15,3.));
#20394=CARTESIAN_POINT('Origin',(246.79375,-46.1,6.));
#20395=CARTESIAN_POINT('',(190.0719375,-46.1,6.));
#20396=CARTESIAN_POINT('',(246.79375,-46.1,3.));
#20397=CARTESIAN_POINT('Origin',(246.79375,-30.1,6.));
#20398=CARTESIAN_POINT('',(246.79375,-30.1,3.));
#20399=CARTESIAN_POINT('',(246.79375,-30.1,3.));
#20400=CARTESIAN_POINT('',(246.79375,-30.1,6.));
#20401=CARTESIAN_POINT('',(246.79375,-30.1,6.));
#20402=CARTESIAN_POINT('',(246.79375,-34.0999999552965,6.));
#20403=CARTESIAN_POINT('Origin',(262.79375,-30.1,6.));
#20404=CARTESIAN_POINT('',(198.0719375,-30.1,6.));
#20405=CARTESIAN_POINT('',(262.79375,-30.1,3.));
#20406=CARTESIAN_POINT('Origin',(249.175,-8.,6.));
#20407=CARTESIAN_POINT('',(249.175,-8.,3.));
#20408=CARTESIAN_POINT('Origin',(249.175,8.,6.));
#20409=CARTESIAN_POINT('',(249.175,8.00000000000001,3.));
#20410=CARTESIAN_POINT('',(249.175,8.,3.));
#20411=CARTESIAN_POINT('',(249.175,8.,6.));
#20412=CARTESIAN_POINT('Origin',(265.175,8.,6.));
#20413=CARTESIAN_POINT('',(265.175,8.,3.));
#20414=CARTESIAN_POINT('Origin',(184.88125,-68.2,6.));
#20415=CARTESIAN_POINT('',(184.88125,-84.2,6.));
#20416=CARTESIAN_POINT('',(184.88125,-68.2,6.));
#20417=CARTESIAN_POINT('',(184.88125,-53.1499999552965,6.));
#20418=CARTESIAN_POINT('',(184.88125,-84.2,3.));
#20419=CARTESIAN_POINT('',(184.88125,-84.2,6.));
#20420=CARTESIAN_POINT('',(184.88125,-68.2,3.));
#20421=CARTESIAN_POINT('',(184.88125,-68.2,3.));
#20422=CARTESIAN_POINT('',(184.88125,-68.2,6.));
#20423=CARTESIAN_POINT('Origin',(200.88125,-68.2,6.));
#20424=CARTESIAN_POINT('',(200.88125,-68.2,6.));
#20425=CARTESIAN_POINT('',(167.1156875,-68.2,6.));
#20426=CARTESIAN_POINT('',(200.88125,-68.2,3.));
#20427=CARTESIAN_POINT('',(200.88125,-68.2,3.));
#20428=CARTESIAN_POINT('',(200.88125,-68.2,6.));
#20429=CARTESIAN_POINT('Origin',(200.88125,-84.2,6.));
#20430=CARTESIAN_POINT('',(200.88125,-84.2,6.));
#20431=CARTESIAN_POINT('',(200.88125,-61.1499999552965,6.));
#20432=CARTESIAN_POINT('',(200.88125,-84.2,3.));
#20433=CARTESIAN_POINT('',(200.88125,-84.2,3.));
#20434=CARTESIAN_POINT('',(200.88125,-84.2,6.));
#20435=CARTESIAN_POINT('Origin',(184.88125,-84.2,6.));
#20436=CARTESIAN_POINT('',(159.1156875,-84.2,6.));
#20437=CARTESIAN_POINT('',(184.88125,-84.2,3.));
#20438=CARTESIAN_POINT('Origin',(208.69375,-84.2,6.));
#20439=CARTESIAN_POINT('',(224.69375,-84.2,6.));
#20440=CARTESIAN_POINT('',(208.69375,-84.2,6.));
#20441=CARTESIAN_POINT('',(171.0219375,-84.2,6.));
#20442=CARTESIAN_POINT('',(224.69375,-84.2,3.));
#20443=CARTESIAN_POINT('',(224.69375,-84.2,6.));
#20444=CARTESIAN_POINT('',(208.69375,-84.2,3.));
#20445=CARTESIAN_POINT('',(208.69375,-84.2,3.));
#20446=CARTESIAN_POINT('',(208.69375,-84.2,6.));
#20447=CARTESIAN_POINT('Origin',(208.69375,-68.2,6.));
#20448=CARTESIAN_POINT('',(208.69375,-68.2,6.));
#20449=CARTESIAN_POINT('',(208.69375,-53.1499999552965,6.));
#20450=CARTESIAN_POINT('',(208.69375,-68.2,3.));
#20451=CARTESIAN_POINT('',(208.69375,-68.2,3.));
#20452=CARTESIAN_POINT('',(208.69375,-68.2,6.));
#20453=CARTESIAN_POINT('Origin',(224.69375,-68.2,6.));
#20454=CARTESIAN_POINT('',(224.69375,-68.2,6.));
#20455=CARTESIAN_POINT('',(179.0219375,-68.2,6.));
#20456=CARTESIAN_POINT('',(224.69375,-68.2,3.));
#20457=CARTESIAN_POINT('',(224.69375,-68.2,3.));
#20458=CARTESIAN_POINT('',(224.69375,-68.2,6.));
#20459=CARTESIAN_POINT('Origin',(224.69375,-84.2,6.));
#20460=CARTESIAN_POINT('',(224.69375,-61.1499999552965,6.));
#20461=CARTESIAN_POINT('',(224.69375,-84.2,3.));
#20462=CARTESIAN_POINT('Origin',(232.50625,-68.2,6.));
#20463=CARTESIAN_POINT('',(232.50625,-84.2,6.));
#20464=CARTESIAN_POINT('',(232.50625,-68.2,6.));
#20465=CARTESIAN_POINT('',(232.50625,-53.1499999552965,6.));
#20466=CARTESIAN_POINT('',(232.50625,-84.2,3.));
#20467=CARTESIAN_POINT('',(232.50625,-84.2,6.));
#20468=CARTESIAN_POINT('',(232.50625,-68.2,3.));
#20469=CARTESIAN_POINT('',(232.50625,-68.2,3.));
#20470=CARTESIAN_POINT('',(232.50625,-68.2,6.));
#20471=CARTESIAN_POINT('Origin',(248.50625,-68.2,6.));
#20472=CARTESIAN_POINT('',(248.50625,-68.2,6.));
#20473=CARTESIAN_POINT('',(190.9281875,-68.2,6.));
#20474=CARTESIAN_POINT('',(248.50625,-68.2,3.));
#20475=CARTESIAN_POINT('',(248.50625,-68.2,3.));
#20476=CARTESIAN_POINT('',(248.50625,-68.2,6.));
#20477=CARTESIAN_POINT('Origin',(248.50625,-84.2,6.));
#20478=CARTESIAN_POINT('',(248.50625,-84.2,6.));
#20479=CARTESIAN_POINT('',(248.50625,-61.1499999552965,6.));
#20480=CARTESIAN_POINT('',(248.50625,-84.2,3.));
#20481=CARTESIAN_POINT('',(248.50625,-84.2,3.));
#20482=CARTESIAN_POINT('',(248.50625,-84.2,6.));
#20483=CARTESIAN_POINT('Origin',(232.50625,-84.2,6.));
#20484=CARTESIAN_POINT('',(182.9281875,-84.2,6.));
#20485=CARTESIAN_POINT('',(232.50625,-84.2,3.));
#20486=CARTESIAN_POINT('Origin',(256.31875,-68.2,6.));
#20487=CARTESIAN_POINT('',(256.31875,-84.2,6.));
#20488=CARTESIAN_POINT('',(256.31875,-68.2,6.));
#20489=CARTESIAN_POINT('',(256.31875,-53.1499999552965,6.));
#20490=CARTESIAN_POINT('',(256.31875,-84.2,3.));
#20491=CARTESIAN_POINT('',(256.31875,-84.2,6.));
#20492=CARTESIAN_POINT('',(256.31875,-68.2,3.));
#20493=CARTESIAN_POINT('',(256.31875,-68.2,3.));
#20494=CARTESIAN_POINT('',(256.31875,-68.2,6.));
#20495=CARTESIAN_POINT('Origin',(272.31875,-68.2,6.));
#20496=CARTESIAN_POINT('',(272.31875,-68.2,6.));
#20497=CARTESIAN_POINT('',(202.8344375,-68.2,6.));
#20498=CARTESIAN_POINT('',(272.31875,-68.2,3.));
#20499=CARTESIAN_POINT('',(272.31875,-68.2,3.));
#20500=CARTESIAN_POINT('',(272.31875,-68.2,6.));
#20501=CARTESIAN_POINT('Origin',(272.31875,-84.2,6.));
#20502=CARTESIAN_POINT('',(272.31875,-84.2,6.));
#20503=CARTESIAN_POINT('',(272.31875,-61.1499999552965,6.));
#20504=CARTESIAN_POINT('',(272.31875,-84.2,3.));
#20505=CARTESIAN_POINT('',(272.31875,-84.2,3.));
#20506=CARTESIAN_POINT('',(272.31875,-84.2,6.));
#20507=CARTESIAN_POINT('Origin',(256.31875,-84.2,6.));
#20508=CARTESIAN_POINT('',(194.8344375,-84.2,6.));
#20509=CARTESIAN_POINT('',(256.31875,-84.2,3.));
#20510=CARTESIAN_POINT('Origin',(253.9375,-11.05,6.));
#20511=CARTESIAN_POINT('',(253.9375,-27.05,6.));
#20512=CARTESIAN_POINT('',(253.9375,-11.05,6.));
#20513=CARTESIAN_POINT('',(253.9375,-24.5749999552965,6.));
#20514=CARTESIAN_POINT('',(253.9375,-27.05,3.));
#20515=CARTESIAN_POINT('',(253.9375,-27.05,6.));
#20516=CARTESIAN_POINT('',(253.9375,-11.05,3.));
#20517=CARTESIAN_POINT('',(253.9375,-11.05,3.));
#20518=CARTESIAN_POINT('',(253.9375,-11.05,6.));
#20519=CARTESIAN_POINT('Origin',(269.9375,-11.05,6.));
#20520=CARTESIAN_POINT('',(269.9375,-11.05,6.));
#20521=CARTESIAN_POINT('',(201.6438125,-11.05,6.));
#20522=CARTESIAN_POINT('',(269.9375,-11.05,3.));
#20523=CARTESIAN_POINT('',(269.9375,-11.05,3.));
#20524=CARTESIAN_POINT('',(269.9375,-11.05,6.));
#20525=CARTESIAN_POINT('Origin',(269.9375,-27.05,6.));
#20526=CARTESIAN_POINT('',(269.9375,-27.05,6.));
#20527=CARTESIAN_POINT('',(269.9375,-32.5749999552965,6.));
#20528=CARTESIAN_POINT('',(269.9375,-27.05,3.));
#20529=CARTESIAN_POINT('',(269.9375,-27.05,3.));
#20530=CARTESIAN_POINT('',(269.9375,-27.05,6.));
#20531=CARTESIAN_POINT('Origin',(253.9375,-27.05,6.));
#20532=CARTESIAN_POINT('',(193.6438125,-27.05,6.));
#20533=CARTESIAN_POINT('',(253.9375,-27.05,3.));
#20534=CARTESIAN_POINT('Origin',(-3.2375,-27.05,6.));
#20535=CARTESIAN_POINT('',(12.7625,-27.05,6.));
#20536=CARTESIAN_POINT('',(-3.2375,-27.05,6.));
#20537=CARTESIAN_POINT('',(65.0563125,-27.05,6.));
#20538=CARTESIAN_POINT('',(12.7625,-27.05,3.));
#20539=CARTESIAN_POINT('',(12.7625,-27.05,6.));
#20540=CARTESIAN_POINT('',(-3.2375,-27.05,3.));
#20541=CARTESIAN_POINT('',(-3.2375,-27.05,3.));
#20542=CARTESIAN_POINT('',(-3.2375,-27.05,6.));
#20543=CARTESIAN_POINT('Origin',(-3.2375,-11.05,6.));
#20544=CARTESIAN_POINT('',(-3.2375,-11.05,6.));
#20545=CARTESIAN_POINT('',(-3.2375,-24.5749999552965,6.));
#20546=CARTESIAN_POINT('',(-3.2375,-11.05,3.));
#20547=CARTESIAN_POINT('',(-3.2375,-11.05,3.));
#20548=CARTESIAN_POINT('',(-3.2375,-11.05,6.));
#20549=CARTESIAN_POINT('Origin',(12.7625,-11.05,6.));
#20550=CARTESIAN_POINT('',(12.7625,-11.05,6.));
#20551=CARTESIAN_POINT('',(73.0563125,-11.05,6.));
#20552=CARTESIAN_POINT('',(12.7625,-11.05,3.));
#20553=CARTESIAN_POINT('',(12.7625,-11.05,3.));
#20554=CARTESIAN_POINT('',(12.7625,-11.05,6.));
#20555=CARTESIAN_POINT('Origin',(12.7625,-27.05,6.));
#20556=CARTESIAN_POINT('',(12.7625,-32.5749999552965,6.));
#20557=CARTESIAN_POINT('',(12.7625,-27.05,3.));
#20558=CARTESIAN_POINT('Origin',(-0.85625,-30.1,6.));
#20559=CARTESIAN_POINT('',(-0.85625,-46.1,6.));
#20560=CARTESIAN_POINT('',(-0.85625,-30.1,6.));
#20561=CARTESIAN_POINT('',(-0.856250000000003,-34.0999999552965,6.));
#20562=CARTESIAN_POINT('',(-0.856250000000003,-46.1,3.));
#20563=CARTESIAN_POINT('',(-0.85625,-46.1,6.));
#20564=CARTESIAN_POINT('',(-0.856250000000003,-30.1,3.));
#20565=CARTESIAN_POINT('',(-0.85625,-30.1,3.));
#20566=CARTESIAN_POINT('',(-0.85625,-30.1,6.));
#20567=CARTESIAN_POINT('Origin',(15.14375,-30.1,6.));
#20568=CARTESIAN_POINT('',(15.14375,-30.1,6.));
#20569=CARTESIAN_POINT('',(74.2469375,-30.1,6.));
#20570=CARTESIAN_POINT('',(15.14375,-30.1,3.));
#20571=CARTESIAN_POINT('',(15.14375,-30.1,3.));
#20572=CARTESIAN_POINT('',(15.14375,-30.1,6.));
#20573=CARTESIAN_POINT('Origin',(15.14375,-46.1,6.));
#20574=CARTESIAN_POINT('',(15.14375,-46.1,6.));
#20575=CARTESIAN_POINT('',(15.14375,-42.0999999552965,6.));
#20576=CARTESIAN_POINT('',(15.14375,-46.1,3.));
#20577=CARTESIAN_POINT('',(15.14375,-46.1,3.));
#20578=CARTESIAN_POINT('',(15.14375,-46.1,6.));
#20579=CARTESIAN_POINT('Origin',(-0.85625,-46.1,6.));
#20580=CARTESIAN_POINT('',(66.2469375,-46.1,6.));
#20581=CARTESIAN_POINT('',(-0.85625,-46.1,3.));
#20582=CARTESIAN_POINT('Origin',(42.00625,-68.2,6.));
#20583=CARTESIAN_POINT('',(42.00625,-84.2,6.));
#20584=CARTESIAN_POINT('',(42.00625,-68.2,6.));
#20585=CARTESIAN_POINT('',(42.00625,-53.1499999552965,6.));
#20586=CARTESIAN_POINT('',(42.00625,-84.2,3.));
#20587=CARTESIAN_POINT('',(42.00625,-84.2,6.));
#20588=CARTESIAN_POINT('',(42.00625,-68.2,3.));
#20589=CARTESIAN_POINT('',(42.00625,-68.2,3.));
#20590=CARTESIAN_POINT('',(42.00625,-68.2,6.));
#20591=CARTESIAN_POINT('Origin',(58.00625,-68.2,6.));
#20592=CARTESIAN_POINT('',(58.00625,-68.2,6.));
#20593=CARTESIAN_POINT('',(95.6781875,-68.2,6.));
#20594=CARTESIAN_POINT('',(58.00625,-68.2,3.));
#20595=CARTESIAN_POINT('',(58.00625,-68.2,3.));
#20596=CARTESIAN_POINT('',(58.00625,-68.2,6.));
#20597=CARTESIAN_POINT('Origin',(58.00625,-84.2,6.));
#20598=CARTESIAN_POINT('',(58.00625,-84.2,6.));
#20599=CARTESIAN_POINT('',(58.00625,-61.1499999552965,6.));
#20600=CARTESIAN_POINT('',(58.00625,-84.2,3.));
#20601=CARTESIAN_POINT('',(58.00625,-84.2,3.));
#20602=CARTESIAN_POINT('',(58.00625,-84.2,6.));
#20603=CARTESIAN_POINT('Origin',(42.00625,-84.2,6.));
#20604=CARTESIAN_POINT('',(87.6781875,-84.2,6.));
#20605=CARTESIAN_POINT('',(42.00625,-84.2,3.));
#20606=CARTESIAN_POINT('Origin',(18.19375,-68.2,6.));
#20607=CARTESIAN_POINT('',(18.19375,-84.2,6.));
#20608=CARTESIAN_POINT('',(18.19375,-68.2,6.));
#20609=CARTESIAN_POINT('',(18.19375,-53.1499999552965,6.));
#20610=CARTESIAN_POINT('',(18.19375,-84.2,3.));
#20611=CARTESIAN_POINT('',(18.19375,-84.2,6.));
#20612=CARTESIAN_POINT('',(18.19375,-68.2,3.));
#20613=CARTESIAN_POINT('',(18.19375,-68.2,3.));
#20614=CARTESIAN_POINT('',(18.19375,-68.2,6.));
#20615=CARTESIAN_POINT('Origin',(34.19375,-68.2,6.));
#20616=CARTESIAN_POINT('',(34.19375,-68.2,6.));
#20617=CARTESIAN_POINT('',(83.7719375,-68.2,6.));
#20618=CARTESIAN_POINT('',(34.19375,-68.2,3.));
#20619=CARTESIAN_POINT('',(34.19375,-68.2,3.));
#20620=CARTESIAN_POINT('',(34.19375,-68.2,6.));
#20621=CARTESIAN_POINT('Origin',(34.19375,-84.2,6.));
#20622=CARTESIAN_POINT('',(34.19375,-84.2,6.));
#20623=CARTESIAN_POINT('',(34.19375,-61.1499999552965,6.));
#20624=CARTESIAN_POINT('',(34.19375,-84.2,3.));
#20625=CARTESIAN_POINT('',(34.19375,-84.2,3.));
#20626=CARTESIAN_POINT('',(34.19375,-84.2,6.));
#20627=CARTESIAN_POINT('Origin',(18.19375,-84.2,6.));
#20628=CARTESIAN_POINT('',(75.7719375,-84.2,6.));
#20629=CARTESIAN_POINT('',(18.19375,-84.2,3.));
#20630=CARTESIAN_POINT('Origin',(-5.61875,-68.2,6.));
#20631=CARTESIAN_POINT('',(-5.61875,-84.2,6.));
#20632=CARTESIAN_POINT('',(-5.61875,-68.2,6.));
#20633=CARTESIAN_POINT('',(-5.61875000000001,-53.1499999552965,6.));
#20634=CARTESIAN_POINT('',(-5.61875000000001,-84.2,3.));
#20635=CARTESIAN_POINT('',(-5.61875,-84.2,6.));
#20636=CARTESIAN_POINT('',(-5.61875000000001,-68.2,3.));
#20637=CARTESIAN_POINT('',(-5.61875,-68.2,3.));
#20638=CARTESIAN_POINT('',(-5.61875,-68.2,6.));
#20639=CARTESIAN_POINT('Origin',(10.38125,-68.2,6.));
#20640=CARTESIAN_POINT('',(10.38125,-68.2,6.));
#20641=CARTESIAN_POINT('',(71.8656875,-68.2,6.));
#20642=CARTESIAN_POINT('',(10.38125,-68.2,3.));
#20643=CARTESIAN_POINT('',(10.38125,-68.2,3.));
#20644=CARTESIAN_POINT('',(10.38125,-68.2,6.));
#20645=CARTESIAN_POINT('Origin',(10.38125,-84.2,6.));
#20646=CARTESIAN_POINT('',(10.38125,-84.2,6.));
#20647=CARTESIAN_POINT('',(10.38125,-61.1499999552965,6.));
#20648=CARTESIAN_POINT('',(10.38125,-84.2,3.));
#20649=CARTESIAN_POINT('',(10.38125,-84.2,3.));
#20650=CARTESIAN_POINT('',(10.38125,-84.2,6.));
#20651=CARTESIAN_POINT('Origin',(-5.61875,-84.2,6.));
#20652=CARTESIAN_POINT('',(63.8656875,-84.2,6.));
#20653=CARTESIAN_POINT('',(-5.61875,-84.2,3.));
#20654=CARTESIAN_POINT('Origin',(222.3125,-65.15,6.));
#20655=CARTESIAN_POINT('',(222.3125,-49.15,6.));
#20656=CARTESIAN_POINT('',(222.3125,-65.15,6.));
#20657=CARTESIAN_POINT('',(222.3125,-51.6249999552965,6.));
#20658=CARTESIAN_POINT('',(222.3125,-49.15,3.));
#20659=CARTESIAN_POINT('',(222.3125,-49.15,6.));
#20660=CARTESIAN_POINT('',(222.3125,-65.15,3.));
#20661=CARTESIAN_POINT('',(222.3125,-65.15,3.));
#20662=CARTESIAN_POINT('',(222.3125,-65.15,6.));
#20663=CARTESIAN_POINT('Origin',(206.3125,-65.15,6.));
#20664=CARTESIAN_POINT('',(206.3125,-65.15,6.));
#20665=CARTESIAN_POINT('',(169.8313125,-65.15,6.));
#20666=CARTESIAN_POINT('',(206.3125,-65.15,3.));
#20667=CARTESIAN_POINT('',(206.3125,-65.15,3.));
#20668=CARTESIAN_POINT('',(206.3125,-65.15,6.));
#20669=CARTESIAN_POINT('Origin',(206.3125,-49.15,6.));
#20670=CARTESIAN_POINT('',(206.3125,-49.15,6.));
#20671=CARTESIAN_POINT('',(206.3125,-43.6249999552965,6.));
#20672=CARTESIAN_POINT('',(206.3125,-49.15,3.));
#20673=CARTESIAN_POINT('',(206.3125,-49.15,3.));
#20674=CARTESIAN_POINT('',(206.3125,-49.15,6.));
#20675=CARTESIAN_POINT('Origin',(222.3125,-49.15,6.));
#20676=CARTESIAN_POINT('',(177.8313125,-49.15,6.));
#20677=CARTESIAN_POINT('',(222.3125,-49.15,3.));
#20678=CARTESIAN_POINT('Origin',(184.2125,-65.15,6.));
#20679=CARTESIAN_POINT('',(184.2125,-49.15,6.));
#20680=CARTESIAN_POINT('',(184.2125,-65.15,6.));
#20681=CARTESIAN_POINT('',(184.2125,-51.6249999552965,6.));
#20682=CARTESIAN_POINT('',(184.2125,-49.15,3.));
#20683=CARTESIAN_POINT('',(184.2125,-49.15,6.));
#20684=CARTESIAN_POINT('',(184.2125,-65.15,3.));
#20685=CARTESIAN_POINT('',(184.2125,-65.15,3.));
#20686=CARTESIAN_POINT('',(184.2125,-65.15,6.));
#20687=CARTESIAN_POINT('Origin',(168.2125,-65.15,6.));
#20688=CARTESIAN_POINT('',(168.2125,-65.15,6.));
#20689=CARTESIAN_POINT('',(150.7813125,-65.15,6.));
#20690=CARTESIAN_POINT('',(168.2125,-65.15,3.));
#20691=CARTESIAN_POINT('',(168.2125,-65.15,3.));
#20692=CARTESIAN_POINT('',(168.2125,-65.15,6.));
#20693=CARTESIAN_POINT('Origin',(168.2125,-49.15,6.));
#20694=CARTESIAN_POINT('',(168.2125,-49.15,6.));
#20695=CARTESIAN_POINT('',(168.2125,-43.6249999552965,6.));
#20696=CARTESIAN_POINT('',(168.2125,-49.15,3.));
#20697=CARTESIAN_POINT('',(168.2125,-49.15,3.));
#20698=CARTESIAN_POINT('',(168.2125,-49.15,6.));
#20699=CARTESIAN_POINT('Origin',(184.2125,-49.15,6.));
#20700=CARTESIAN_POINT('',(158.7813125,-49.15,6.));
#20701=CARTESIAN_POINT('',(184.2125,-49.15,3.));
#20702=CARTESIAN_POINT('Origin',(203.2625,-65.15,6.));
#20703=CARTESIAN_POINT('',(203.2625,-49.15,6.));
#20704=CARTESIAN_POINT('',(203.2625,-65.15,6.));
#20705=CARTESIAN_POINT('',(203.2625,-51.6249999552965,6.));
#20706=CARTESIAN_POINT('',(203.2625,-49.15,3.));
#20707=CARTESIAN_POINT('',(203.2625,-49.15,6.));
#20708=CARTESIAN_POINT('',(203.2625,-65.15,3.));
#20709=CARTESIAN_POINT('',(203.2625,-65.15,3.));
#20710=CARTESIAN_POINT('',(203.2625,-65.15,6.));
#20711=CARTESIAN_POINT('Origin',(187.2625,-65.15,6.));
#20712=CARTESIAN_POINT('',(187.2625,-65.15,6.));
#20713=CARTESIAN_POINT('',(160.3063125,-65.15,6.));
#20714=CARTESIAN_POINT('',(187.2625,-65.15,3.));
#20715=CARTESIAN_POINT('',(187.2625,-65.15,3.));
#20716=CARTESIAN_POINT('',(187.2625,-65.15,6.));
#20717=CARTESIAN_POINT('Origin',(187.2625,-49.15,6.));
#20718=CARTESIAN_POINT('',(187.2625,-49.15,6.));
#20719=CARTESIAN_POINT('',(187.2625,-43.6249999552965,6.));
#20720=CARTESIAN_POINT('',(187.2625,-49.15,3.));
#20721=CARTESIAN_POINT('',(187.2625,-49.15,3.));
#20722=CARTESIAN_POINT('',(187.2625,-49.15,6.));
#20723=CARTESIAN_POINT('Origin',(203.2625,-49.15,6.));
#20724=CARTESIAN_POINT('',(168.3063125,-49.15,6.));
#20725=CARTESIAN_POINT('',(203.2625,-49.15,3.));
#20726=CARTESIAN_POINT('Origin',(146.1125,-65.15,6.));
#20727=CARTESIAN_POINT('',(146.1125,-49.15,3.));
#20728=CARTESIAN_POINT('',(146.1125,-49.15,6.));
#20729=CARTESIAN_POINT('',(146.1125,-65.15,3.));
#20730=CARTESIAN_POINT('',(146.1125,-65.15,3.));
#20731=CARTESIAN_POINT('',(146.1125,-65.15,6.));
#20732=CARTESIAN_POINT('Origin',(130.1125,-65.15,6.));
#20733=CARTESIAN_POINT('',(130.1125,-65.15,3.));
#20734=CARTESIAN_POINT('',(130.1125,-65.15,3.));
#20735=CARTESIAN_POINT('',(130.1125,-65.15,6.));
#20736=CARTESIAN_POINT('Origin',(130.1125,-49.15,6.));
#20737=CARTESIAN_POINT('',(130.1125,-49.15,3.));
#20738=CARTESIAN_POINT('',(130.1125,-49.15,3.));
#20739=CARTESIAN_POINT('',(130.1125,-49.15,6.));
#20740=CARTESIAN_POINT('Origin',(146.1125,-49.15,6.));
#20741=CARTESIAN_POINT('',(146.1125,-49.15,3.));
#20742=CARTESIAN_POINT('Origin',(165.1625,-65.15,6.));
#20743=CARTESIAN_POINT('',(165.1625,-49.15,6.));
#20744=CARTESIAN_POINT('',(165.1625,-65.15,6.));
#20745=CARTESIAN_POINT('',(165.1625,-51.6249999552965,6.));
#20746=CARTESIAN_POINT('',(165.1625,-49.15,3.));
#20747=CARTESIAN_POINT('',(165.1625,-49.15,6.));
#20748=CARTESIAN_POINT('',(165.1625,-65.15,3.));
#20749=CARTESIAN_POINT('',(165.1625,-65.15,3.));
#20750=CARTESIAN_POINT('',(165.1625,-65.15,6.));
#20751=CARTESIAN_POINT('Origin',(149.1625,-65.15,6.));
#20752=CARTESIAN_POINT('',(141.2563125,-65.15,6.));
#20753=CARTESIAN_POINT('',(149.1625,-65.15,3.));
#20754=CARTESIAN_POINT('Origin',(165.1625,-49.15,6.));
#20755=CARTESIAN_POINT('',(149.2563125,-49.15,6.));
#20756=CARTESIAN_POINT('',(165.1625,-49.15,3.));
#20757=CARTESIAN_POINT('Origin',(69.9125,-65.15,6.));
#20758=CARTESIAN_POINT('',(69.9125,-49.15,3.));
#20759=CARTESIAN_POINT('',(69.9125,-49.15,6.));
#20760=CARTESIAN_POINT('',(69.9125,-65.15,3.));
#20761=CARTESIAN_POINT('',(69.9125,-65.15,3.));
#20762=CARTESIAN_POINT('',(69.9125,-65.15,6.));
#20763=CARTESIAN_POINT('Origin',(53.9125,-65.15,6.));
#20764=CARTESIAN_POINT('',(53.9125,-65.15,3.));
#20765=CARTESIAN_POINT('',(53.9125,-65.15,3.));
#20766=CARTESIAN_POINT('',(53.9125,-65.15,6.));
#20767=CARTESIAN_POINT('Origin',(53.9125,-49.15,6.));
#20768=CARTESIAN_POINT('',(53.9125,-49.15,3.));
#20769=CARTESIAN_POINT('',(53.9125,-49.15,3.));
#20770=CARTESIAN_POINT('',(53.9125,-49.15,6.));
#20771=CARTESIAN_POINT('Origin',(69.9125,-49.15,6.));
#20772=CARTESIAN_POINT('',(69.9125,-49.15,3.));
#20773=CARTESIAN_POINT('Origin',(127.0625,-65.15,6.));
#20774=CARTESIAN_POINT('',(127.0625,-49.15,6.));
#20775=CARTESIAN_POINT('',(127.0625,-65.15,6.));
#20776=CARTESIAN_POINT('',(127.0625,-51.6249999552965,6.));
#20777=CARTESIAN_POINT('',(127.0625,-49.15,3.));
#20778=CARTESIAN_POINT('',(127.0625,-49.15,6.));
#20779=CARTESIAN_POINT('',(127.0625,-65.15,3.));
#20780=CARTESIAN_POINT('',(127.0625,-65.15,3.));
#20781=CARTESIAN_POINT('',(127.0625,-65.15,6.));
#20782=CARTESIAN_POINT('Origin',(111.0625,-65.15,6.));
#20783=CARTESIAN_POINT('',(111.0625,-65.15,6.));
#20784=CARTESIAN_POINT('',(122.2063125,-65.15,6.));
#20785=CARTESIAN_POINT('',(111.0625,-65.15,3.));
#20786=CARTESIAN_POINT('',(111.0625,-65.15,3.));
#20787=CARTESIAN_POINT('',(111.0625,-65.15,6.));
#20788=CARTESIAN_POINT('Origin',(111.0625,-49.15,6.));
#20789=CARTESIAN_POINT('',(111.0625,-49.15,6.));
#20790=CARTESIAN_POINT('',(111.0625,-43.6249999552965,6.));
#20791=CARTESIAN_POINT('',(111.0625,-49.15,3.));
#20792=CARTESIAN_POINT('',(111.0625,-49.15,3.));
#20793=CARTESIAN_POINT('',(111.0625,-49.15,6.));
#20794=CARTESIAN_POINT('Origin',(127.0625,-49.15,6.));
#20795=CARTESIAN_POINT('',(130.2063125,-49.15,6.));
#20796=CARTESIAN_POINT('',(127.0625,-49.15,3.));
#20797=CARTESIAN_POINT('Origin',(108.0125,-65.15,6.));
#20798=CARTESIAN_POINT('',(108.0125,-49.15,6.));
#20799=CARTESIAN_POINT('',(108.0125,-65.15,6.));
#20800=CARTESIAN_POINT('',(108.0125,-51.6249999552965,6.));
#20801=CARTESIAN_POINT('',(108.0125,-49.15,3.));
#20802=CARTESIAN_POINT('',(108.0125,-49.15,6.));
#20803=CARTESIAN_POINT('',(108.0125,-65.15,3.));
#20804=CARTESIAN_POINT('',(108.0125,-65.15,3.));
#20805=CARTESIAN_POINT('',(108.0125,-65.15,6.));
#20806=CARTESIAN_POINT('Origin',(92.0125,-65.15,6.));
#20807=CARTESIAN_POINT('',(92.0125,-65.15,6.));
#20808=CARTESIAN_POINT('',(112.6813125,-65.15,6.));
#20809=CARTESIAN_POINT('',(92.0125,-65.15,3.));
#20810=CARTESIAN_POINT('',(92.0125,-65.15,3.));
#20811=CARTESIAN_POINT('',(92.0125,-65.15,6.));
#20812=CARTESIAN_POINT('Origin',(92.0125,-49.15,6.));
#20813=CARTESIAN_POINT('',(92.0125,-49.15,6.));
#20814=CARTESIAN_POINT('',(92.0125,-43.6249999552965,6.));
#20815=CARTESIAN_POINT('',(92.0125,-49.15,3.));
#20816=CARTESIAN_POINT('',(92.0125,-49.15,3.));
#20817=CARTESIAN_POINT('',(92.0125,-49.15,6.));
#20818=CARTESIAN_POINT('Origin',(108.0125,-49.15,6.));
#20819=CARTESIAN_POINT('',(120.6813125,-49.15,6.));
#20820=CARTESIAN_POINT('',(108.0125,-49.15,3.));
#20821=CARTESIAN_POINT('Origin',(88.9625,-65.15,6.));
#20822=CARTESIAN_POINT('',(88.9625,-49.15,6.));
#20823=CARTESIAN_POINT('',(88.9625,-65.15,6.));
#20824=CARTESIAN_POINT('',(88.9625,-51.6249999552965,6.));
#20825=CARTESIAN_POINT('',(88.9625,-49.15,3.));
#20826=CARTESIAN_POINT('',(88.9625,-49.15,6.));
#20827=CARTESIAN_POINT('',(88.9625,-65.15,3.));
#20828=CARTESIAN_POINT('',(88.9625,-65.15,3.));
#20829=CARTESIAN_POINT('',(88.9625,-65.15,6.));
#20830=CARTESIAN_POINT('Origin',(72.9625,-65.15,6.));
#20831=CARTESIAN_POINT('',(103.1563125,-65.15,6.));
#20832=CARTESIAN_POINT('',(72.9625,-65.15,3.));
#20833=CARTESIAN_POINT('Origin',(88.9625,-49.15,6.));
#20834=CARTESIAN_POINT('',(111.1563125,-49.15,6.));
#20835=CARTESIAN_POINT('',(88.9625,-49.15,3.));
#20836=CARTESIAN_POINT('Origin',(34.8625,-65.15,6.));
#20837=CARTESIAN_POINT('',(50.8625,-65.15,6.));
#20838=CARTESIAN_POINT('',(34.8625,-65.15,6.));
#20839=CARTESIAN_POINT('',(84.1063125,-65.15,6.));
#20840=CARTESIAN_POINT('',(50.8625,-65.15,3.));
#20841=CARTESIAN_POINT('',(50.8625,-65.15,6.));
#20842=CARTESIAN_POINT('',(34.8625,-65.15,3.));
#20843=CARTESIAN_POINT('',(34.8625,-65.15,3.));
#20844=CARTESIAN_POINT('',(34.8625,-65.15,6.));
#20845=CARTESIAN_POINT('Origin',(34.8625,-49.15,6.));
#20846=CARTESIAN_POINT('',(34.8625,-49.15,6.));
#20847=CARTESIAN_POINT('',(34.8625,-43.6249999552965,6.));
#20848=CARTESIAN_POINT('',(34.8625,-49.15,3.));
#20849=CARTESIAN_POINT('',(34.8625,-49.15,3.));
#20850=CARTESIAN_POINT('',(34.8625,-49.15,6.));
#20851=CARTESIAN_POINT('Origin',(50.8625,-49.15,6.));
#20852=CARTESIAN_POINT('',(50.8625,-49.15,6.));
#20853=CARTESIAN_POINT('',(92.1063125,-49.15,6.));
#20854=CARTESIAN_POINT('',(50.8625,-49.15,3.));
#20855=CARTESIAN_POINT('',(50.8625,-49.15,3.));
#20856=CARTESIAN_POINT('',(50.8625,-49.15,6.));
#20857=CARTESIAN_POINT('Origin',(50.8625,-65.15,6.));
#20858=CARTESIAN_POINT('',(50.8625,-51.6249999552965,6.));
#20859=CARTESIAN_POINT('',(50.8625,-65.15,3.));
#20860=CARTESIAN_POINT('Origin',(177.7375,-46.1,6.));
#20861=CARTESIAN_POINT('',(193.7375,-46.1,6.));
#20862=CARTESIAN_POINT('',(155.5438125,-46.1,6.));
#20863=CARTESIAN_POINT('',(193.7375,-46.1,3.));
#20864=CARTESIAN_POINT('',(193.7375,-46.1,6.));
#20865=CARTESIAN_POINT('',(177.7375,-46.1,3.));
#20866=CARTESIAN_POINT('Origin',(193.7375,-30.1,6.));
#20867=CARTESIAN_POINT('',(193.7375,-30.1,6.));
#20868=CARTESIAN_POINT('',(163.5438125,-30.1,6.));
#20869=CARTESIAN_POINT('',(193.7375,-30.1,3.));
#20870=CARTESIAN_POINT('',(193.7375,-30.1,3.));
#20871=CARTESIAN_POINT('',(193.7375,-30.1,6.));
#20872=CARTESIAN_POINT('Origin',(193.7375,-46.1,6.));
#20873=CARTESIAN_POINT('',(193.7375,-42.0999999552965,6.));
#20874=CARTESIAN_POINT('',(193.7375,-46.1,3.));
#20875=CARTESIAN_POINT('Origin',(25.3375,-46.1,6.));
#20876=CARTESIAN_POINT('',(41.3375,-46.1,6.));
#20877=CARTESIAN_POINT('',(25.3375,-46.1,6.));
#20878=CARTESIAN_POINT('',(79.3438125,-46.1,6.));
#20879=CARTESIAN_POINT('',(41.3375,-46.1,3.));
#20880=CARTESIAN_POINT('',(41.3375,-46.1,6.));
#20881=CARTESIAN_POINT('',(25.3375,-46.1,3.));
#20882=CARTESIAN_POINT('',(25.3375,-46.1,3.));
#20883=CARTESIAN_POINT('',(25.3375,-46.1,6.));
#20884=CARTESIAN_POINT('Origin',(25.3375,-30.1,6.));
#20885=CARTESIAN_POINT('',(25.3375,-30.1,6.));
#20886=CARTESIAN_POINT('',(25.3375,-34.0999999552965,6.));
#20887=CARTESIAN_POINT('',(25.3375,-30.1,3.));
#20888=CARTESIAN_POINT('',(25.3375,-30.1,3.));
#20889=CARTESIAN_POINT('',(25.3375,-30.1,6.));
#20890=CARTESIAN_POINT('Origin',(41.3375,-30.1,6.));
#20891=CARTESIAN_POINT('',(41.3375,-30.1,6.));
#20892=CARTESIAN_POINT('',(87.3438125,-30.1,6.));
#20893=CARTESIAN_POINT('',(41.3375,-30.1,3.));
#20894=CARTESIAN_POINT('',(41.3375,-30.1,3.));
#20895=CARTESIAN_POINT('',(41.3375,-30.1,6.));
#20896=CARTESIAN_POINT('Origin',(41.3375,-46.1,6.));
#20897=CARTESIAN_POINT('',(41.3375,-42.0999999552965,6.));
#20898=CARTESIAN_POINT('',(41.3375,-46.1,3.));
#20899=CARTESIAN_POINT('Origin',(215.8375,-46.1,6.));
#20900=CARTESIAN_POINT('',(231.8375,-46.1,6.));
#20901=CARTESIAN_POINT('',(174.5938125,-46.1,6.));
#20902=CARTESIAN_POINT('',(231.8375,-46.1,3.));
#20903=CARTESIAN_POINT('',(231.8375,-46.1,6.));
#20904=CARTESIAN_POINT('',(215.8375,-46.1,3.));
#20905=CARTESIAN_POINT('Origin',(231.8375,-30.1,6.));
#20906=CARTESIAN_POINT('',(231.8375,-30.1,6.));
#20907=CARTESIAN_POINT('',(182.5938125,-30.1,6.));
#20908=CARTESIAN_POINT('',(231.8375,-30.1,3.));
#20909=CARTESIAN_POINT('',(231.8375,-30.1,3.));
#20910=CARTESIAN_POINT('',(231.8375,-30.1,6.));
#20911=CARTESIAN_POINT('Origin',(231.8375,-46.1,6.));
#20912=CARTESIAN_POINT('',(231.8375,-42.0999999552965,6.));
#20913=CARTESIAN_POINT('',(231.8375,-46.1,3.));
#20914=CARTESIAN_POINT('Origin',(196.7875,-46.1,6.));
#20915=CARTESIAN_POINT('',(212.7875,-46.1,3.));
#20916=CARTESIAN_POINT('',(212.7875,-46.1,6.));
#20917=CARTESIAN_POINT('',(196.7875,-46.1,3.));
#20918=CARTESIAN_POINT('',(196.7875,-46.1,3.));
#20919=CARTESIAN_POINT('',(196.7875,-46.1,6.));
#20920=CARTESIAN_POINT('Origin',(196.7875,-30.1,6.));
#20921=CARTESIAN_POINT('',(196.7875,-30.1,3.));
#20922=CARTESIAN_POINT('',(196.7875,-30.1,3.));
#20923=CARTESIAN_POINT('',(196.7875,-30.1,6.));
#20924=CARTESIAN_POINT('Origin',(212.7875,-30.1,6.));
#20925=CARTESIAN_POINT('',(212.7875,-30.1,3.));
#20926=CARTESIAN_POINT('',(212.7875,-30.1,3.));
#20927=CARTESIAN_POINT('',(212.7875,-30.1,6.));
#20928=CARTESIAN_POINT('Origin',(212.7875,-46.1,6.));
#20929=CARTESIAN_POINT('',(212.7875,-46.1,3.));
#20930=CARTESIAN_POINT('Origin',(158.6875,-46.1,6.));
#20931=CARTESIAN_POINT('',(174.6875,-46.1,3.));
#20932=CARTESIAN_POINT('',(174.6875,-46.1,6.));
#20933=CARTESIAN_POINT('',(158.6875,-46.1,3.));
#20934=CARTESIAN_POINT('',(158.6875,-46.1,3.));
#20935=CARTESIAN_POINT('',(158.6875,-46.1,6.));
#20936=CARTESIAN_POINT('Origin',(158.6875,-30.1,6.));
#20937=CARTESIAN_POINT('',(158.6875,-30.1,3.));
#20938=CARTESIAN_POINT('',(158.6875,-30.1,3.));
#20939=CARTESIAN_POINT('',(158.6875,-30.1,6.));
#20940=CARTESIAN_POINT('Origin',(174.6875,-30.1,6.));
#20941=CARTESIAN_POINT('',(174.6875,-30.1,3.));
#20942=CARTESIAN_POINT('',(174.6875,-30.1,3.));
#20943=CARTESIAN_POINT('',(174.6875,-30.1,6.));
#20944=CARTESIAN_POINT('Origin',(174.6875,-46.1,6.));
#20945=CARTESIAN_POINT('',(174.6875,-46.1,3.));
#20946=CARTESIAN_POINT('Origin',(139.6375,-46.1,6.));
#20947=CARTESIAN_POINT('',(155.6375,-46.1,6.));
#20948=CARTESIAN_POINT('',(139.6375,-46.1,6.));
#20949=CARTESIAN_POINT('',(136.4938125,-46.1,6.));
#20950=CARTESIAN_POINT('',(155.6375,-46.1,3.));
#20951=CARTESIAN_POINT('',(155.6375,-46.1,6.));
#20952=CARTESIAN_POINT('',(139.6375,-46.1,3.));
#20953=CARTESIAN_POINT('',(139.6375,-46.1,3.));
#20954=CARTESIAN_POINT('',(139.6375,-46.1,6.));
#20955=CARTESIAN_POINT('Origin',(139.6375,-30.1,6.));
#20956=CARTESIAN_POINT('',(139.6375,-30.1,6.));
#20957=CARTESIAN_POINT('',(139.6375,-34.0999999552965,6.));
#20958=CARTESIAN_POINT('',(139.6375,-30.1,3.));
#20959=CARTESIAN_POINT('',(139.6375,-30.1,3.));
#20960=CARTESIAN_POINT('',(139.6375,-30.1,6.));
#20961=CARTESIAN_POINT('Origin',(155.6375,-30.1,6.));
#20962=CARTESIAN_POINT('',(155.6375,-30.1,6.));
#20963=CARTESIAN_POINT('',(144.4938125,-30.1,6.));
#20964=CARTESIAN_POINT('',(155.6375,-30.1,3.));
#20965=CARTESIAN_POINT('',(155.6375,-30.1,3.));
#20966=CARTESIAN_POINT('',(155.6375,-30.1,6.));
#20967=CARTESIAN_POINT('Origin',(155.6375,-46.1,6.));
#20968=CARTESIAN_POINT('',(155.6375,-42.0999999552965,6.));
#20969=CARTESIAN_POINT('',(155.6375,-46.1,3.));
#20970=CARTESIAN_POINT('Origin',(82.4875,-46.1,6.));
#20971=CARTESIAN_POINT('',(98.4875,-46.1,3.));
#20972=CARTESIAN_POINT('',(98.4875,-46.1,6.));
#20973=CARTESIAN_POINT('',(82.4875,-46.1,3.));
#20974=CARTESIAN_POINT('',(82.4875,-46.1,3.));
#20975=CARTESIAN_POINT('',(82.4875,-46.1,6.));
#20976=CARTESIAN_POINT('Origin',(82.4875,-30.1,6.));
#20977=CARTESIAN_POINT('',(82.4875,-30.1,3.));
#20978=CARTESIAN_POINT('',(82.4875,-30.1,3.));
#20979=CARTESIAN_POINT('',(82.4875,-30.1,6.));
#20980=CARTESIAN_POINT('Origin',(98.4875,-30.1,6.));
#20981=CARTESIAN_POINT('',(98.4875,-30.1,3.));
#20982=CARTESIAN_POINT('',(98.4875,-30.1,3.));
#20983=CARTESIAN_POINT('',(98.4875,-30.1,6.));
#20984=CARTESIAN_POINT('Origin',(98.4875,-46.1,6.));
#20985=CARTESIAN_POINT('',(98.4875,-46.1,3.));
#20986=CARTESIAN_POINT('Origin',(101.5375,-46.1,6.));
#20987=CARTESIAN_POINT('',(117.5375,-46.1,6.));
#20988=CARTESIAN_POINT('',(117.4438125,-46.1,6.));
#20989=CARTESIAN_POINT('',(117.5375,-46.1,3.));
#20990=CARTESIAN_POINT('',(117.5375,-46.1,6.));
#20991=CARTESIAN_POINT('',(101.5375,-46.1,3.));
#20992=CARTESIAN_POINT('Origin',(117.5375,-30.1,6.));
#20993=CARTESIAN_POINT('',(117.5375,-30.1,6.));
#20994=CARTESIAN_POINT('',(125.4438125,-30.1,6.));
#20995=CARTESIAN_POINT('',(117.5375,-30.1,3.));
#20996=CARTESIAN_POINT('',(117.5375,-30.1,3.));
#20997=CARTESIAN_POINT('',(117.5375,-30.1,6.));
#20998=CARTESIAN_POINT('Origin',(117.5375,-46.1,6.));
#20999=CARTESIAN_POINT('',(117.5375,-42.0999999552965,6.));
#21000=CARTESIAN_POINT('',(117.5375,-46.1,3.));
#21001=CARTESIAN_POINT('Origin',(120.5875,-46.1,6.));
#21002=CARTESIAN_POINT('',(136.5875,-46.1,6.));
#21003=CARTESIAN_POINT('',(120.5875,-46.1,6.));
#21004=CARTESIAN_POINT('',(126.9688125,-46.1,6.));
#21005=CARTESIAN_POINT('',(136.5875,-46.1,3.));
#21006=CARTESIAN_POINT('',(136.5875,-46.1,6.));
#21007=CARTESIAN_POINT('',(120.5875,-46.1,3.));
#21008=CARTESIAN_POINT('',(120.5875,-46.1,3.));
#21009=CARTESIAN_POINT('',(120.5875,-46.1,6.));
#21010=CARTESIAN_POINT('Origin',(120.5875,-30.1,6.));
#21011=CARTESIAN_POINT('',(120.5875,-30.1,6.));
#21012=CARTESIAN_POINT('',(120.5875,-34.0999999552965,6.));
#21013=CARTESIAN_POINT('',(120.5875,-30.1,3.));
#21014=CARTESIAN_POINT('',(120.5875,-30.1,3.));
#21015=CARTESIAN_POINT('',(120.5875,-30.1,6.));
#21016=CARTESIAN_POINT('Origin',(136.5875,-30.1,6.));
#21017=CARTESIAN_POINT('',(136.5875,-30.1,6.));
#21018=CARTESIAN_POINT('',(134.9688125,-30.1,6.));
#21019=CARTESIAN_POINT('',(136.5875,-30.1,3.));
#21020=CARTESIAN_POINT('',(136.5875,-30.1,3.));
#21021=CARTESIAN_POINT('',(136.5875,-30.1,6.));
#21022=CARTESIAN_POINT('Origin',(136.5875,-46.1,6.));
#21023=CARTESIAN_POINT('',(136.5875,-42.0999999552965,6.));
#21024=CARTESIAN_POINT('',(136.5875,-46.1,3.));
#21025=CARTESIAN_POINT('Origin',(63.4375,-46.1,6.));
#21026=CARTESIAN_POINT('',(79.4375,-46.1,6.));
#21027=CARTESIAN_POINT('',(63.4375,-46.1,6.));
#21028=CARTESIAN_POINT('',(98.3938125,-46.1,6.));
#21029=CARTESIAN_POINT('',(79.4375,-46.1,3.));
#21030=CARTESIAN_POINT('',(79.4375,-46.1,6.));
#21031=CARTESIAN_POINT('',(63.4375,-46.1,3.));
#21032=CARTESIAN_POINT('',(63.4375,-46.1,3.));
#21033=CARTESIAN_POINT('',(63.4375,-46.1,6.));
#21034=CARTESIAN_POINT('Origin',(63.4375,-30.1,6.));
#21035=CARTESIAN_POINT('',(63.4375,-30.1,6.));
#21036=CARTESIAN_POINT('',(63.4375,-34.0999999552965,6.));
#21037=CARTESIAN_POINT('',(63.4375,-30.1,3.));
#21038=CARTESIAN_POINT('',(63.4375,-30.1,3.));
#21039=CARTESIAN_POINT('',(63.4375,-30.1,6.));
#21040=CARTESIAN_POINT('Origin',(79.4375,-30.1,6.));
#21041=CARTESIAN_POINT('',(79.4375,-30.1,6.));
#21042=CARTESIAN_POINT('',(106.3938125,-30.1,6.));
#21043=CARTESIAN_POINT('',(79.4375,-30.1,3.));
#21044=CARTESIAN_POINT('',(79.4375,-30.1,3.));
#21045=CARTESIAN_POINT('',(79.4375,-30.1,6.));
#21046=CARTESIAN_POINT('Origin',(79.4375,-46.1,6.));
#21047=CARTESIAN_POINT('',(79.4375,-42.0999999552965,6.));
#21048=CARTESIAN_POINT('',(79.4375,-46.1,3.));
#21049=CARTESIAN_POINT('Origin',(44.3875,-46.1,6.));
#21050=CARTESIAN_POINT('',(60.3875,-46.1,6.));
#21051=CARTESIAN_POINT('',(44.3875,-46.1,6.));
#21052=CARTESIAN_POINT('',(88.8688125,-46.1,6.));
#21053=CARTESIAN_POINT('',(60.3875,-46.1,3.));
#21054=CARTESIAN_POINT('',(60.3875,-46.1,6.));
#21055=CARTESIAN_POINT('',(44.3875,-46.1,3.));
#21056=CARTESIAN_POINT('',(44.3875,-46.1,3.));
#21057=CARTESIAN_POINT('',(44.3875,-46.1,6.));
#21058=CARTESIAN_POINT('Origin',(44.3875,-30.1,6.));
#21059=CARTESIAN_POINT('',(44.3875,-30.1,6.));
#21060=CARTESIAN_POINT('',(44.3875,-34.0999999552965,6.));
#21061=CARTESIAN_POINT('',(44.3875,-30.1,3.));
#21062=CARTESIAN_POINT('',(44.3875,-30.1,3.));
#21063=CARTESIAN_POINT('',(44.3875,-30.1,6.));
#21064=CARTESIAN_POINT('Origin',(60.3875,-30.1,6.));
#21065=CARTESIAN_POINT('',(60.3875,-30.1,6.));
#21066=CARTESIAN_POINT('',(96.8688125,-30.1,6.));
#21067=CARTESIAN_POINT('',(60.3875,-30.1,3.));
#21068=CARTESIAN_POINT('',(60.3875,-30.1,3.));
#21069=CARTESIAN_POINT('',(60.3875,-30.1,6.));
#21070=CARTESIAN_POINT('Origin',(60.3875,-46.1,6.));
#21071=CARTESIAN_POINT('',(60.3875,-42.0999999552965,6.));
#21072=CARTESIAN_POINT('',(60.3875,-46.1,3.));
#21073=CARTESIAN_POINT('Origin',(246.125,-27.05,6.));
#21074=CARTESIAN_POINT('',(246.125,-11.05,6.));
#21075=CARTESIAN_POINT('',(246.125,-27.05,6.));
#21076=CARTESIAN_POINT('',(246.125,-32.5749999552965,6.));
#21077=CARTESIAN_POINT('',(246.125,-11.05,3.));
#21078=CARTESIAN_POINT('',(246.125,-11.05,6.));
#21079=CARTESIAN_POINT('',(246.125,-27.05,3.));
#21080=CARTESIAN_POINT('',(246.125,-27.05,3.));
#21081=CARTESIAN_POINT('',(246.125,-27.05,6.));
#21082=CARTESIAN_POINT('Origin',(230.125,-27.05,6.));
#21083=CARTESIAN_POINT('',(230.125,-27.05,6.));
#21084=CARTESIAN_POINT('',(181.7375625,-27.05,6.));
#21085=CARTESIAN_POINT('',(230.125,-27.05,3.));
#21086=CARTESIAN_POINT('',(230.125,-27.05,3.));
#21087=CARTESIAN_POINT('',(230.125,-27.05,6.));
#21088=CARTESIAN_POINT('Origin',(230.125,-11.05,6.));
#21089=CARTESIAN_POINT('',(230.125,-11.05,6.));
#21090=CARTESIAN_POINT('',(230.125,-24.5749999552965,6.));
#21091=CARTESIAN_POINT('',(230.125,-11.05,3.));
#21092=CARTESIAN_POINT('',(230.125,-11.05,3.));
#21093=CARTESIAN_POINT('',(230.125,-11.05,6.));
#21094=CARTESIAN_POINT('Origin',(246.125,-11.05,6.));
#21095=CARTESIAN_POINT('',(189.7375625,-11.05,6.));
#21096=CARTESIAN_POINT('',(246.125,-11.05,3.));
#21097=CARTESIAN_POINT('Origin',(227.075,-27.05,6.));
#21098=CARTESIAN_POINT('',(227.075,-11.05,6.));
#21099=CARTESIAN_POINT('',(227.075,-27.05,6.));
#21100=CARTESIAN_POINT('',(227.075,-32.5749999552965,6.));
#21101=CARTESIAN_POINT('',(227.075,-11.05,3.));
#21102=CARTESIAN_POINT('',(227.075,-11.05,6.));
#21103=CARTESIAN_POINT('',(227.075,-27.05,3.));
#21104=CARTESIAN_POINT('',(227.075,-27.05,3.));
#21105=CARTESIAN_POINT('',(227.075,-27.05,6.));
#21106=CARTESIAN_POINT('Origin',(211.075,-27.05,6.));
#21107=CARTESIAN_POINT('',(211.075,-27.05,6.));
#21108=CARTESIAN_POINT('',(172.2125625,-27.05,6.));
#21109=CARTESIAN_POINT('',(211.075,-27.05,3.));
#21110=CARTESIAN_POINT('',(211.075,-27.05,3.));
#21111=CARTESIAN_POINT('',(211.075,-27.05,6.));
#21112=CARTESIAN_POINT('Origin',(211.075,-11.05,6.));
#21113=CARTESIAN_POINT('',(211.075,-11.05,6.));
#21114=CARTESIAN_POINT('',(211.075,-24.5749999552965,6.));
#21115=CARTESIAN_POINT('',(211.075,-11.05,3.));
#21116=CARTESIAN_POINT('',(211.075,-11.05,3.));
#21117=CARTESIAN_POINT('',(211.075,-11.05,6.));
#21118=CARTESIAN_POINT('Origin',(227.075,-11.05,6.));
#21119=CARTESIAN_POINT('',(180.2125625,-11.05,6.));
#21120=CARTESIAN_POINT('',(227.075,-11.05,3.));
#21121=CARTESIAN_POINT('Origin',(208.025,-27.05,6.));
#21122=CARTESIAN_POINT('',(208.025,-11.05,6.));
#21123=CARTESIAN_POINT('',(208.025,-27.05,6.));
#21124=CARTESIAN_POINT('',(208.025,-32.5749999552965,6.));
#21125=CARTESIAN_POINT('',(208.025,-11.05,3.));
#21126=CARTESIAN_POINT('',(208.025,-11.05,6.));
#21127=CARTESIAN_POINT('',(208.025,-27.05,3.));
#21128=CARTESIAN_POINT('',(208.025,-27.05,3.));
#21129=CARTESIAN_POINT('',(208.025,-27.05,6.));
#21130=CARTESIAN_POINT('Origin',(192.025,-27.05,6.));
#21131=CARTESIAN_POINT('',(162.6875625,-27.05,6.));
#21132=CARTESIAN_POINT('',(192.025,-27.05,3.));
#21133=CARTESIAN_POINT('Origin',(208.025,-11.05,6.));
#21134=CARTESIAN_POINT('',(170.6875625,-11.05,6.));
#21135=CARTESIAN_POINT('',(208.025,-11.05,3.));
#21136=CARTESIAN_POINT('Origin',(188.975,-27.05,6.));
#21137=CARTESIAN_POINT('',(188.975,-11.05,3.));
#21138=CARTESIAN_POINT('',(188.975,-11.05,6.));
#21139=CARTESIAN_POINT('',(188.975,-27.05,3.));
#21140=CARTESIAN_POINT('',(188.975,-27.05,3.));
#21141=CARTESIAN_POINT('',(188.975,-27.05,6.));
#21142=CARTESIAN_POINT('Origin',(172.975,-27.05,6.));
#21143=CARTESIAN_POINT('',(172.975,-27.05,3.));
#21144=CARTESIAN_POINT('',(172.975,-27.05,3.));
#21145=CARTESIAN_POINT('',(172.975,-27.05,6.));
#21146=CARTESIAN_POINT('Origin',(172.975,-11.05,6.));
#21147=CARTESIAN_POINT('',(172.975,-11.05,3.));
#21148=CARTESIAN_POINT('',(172.975,-11.05,3.));
#21149=CARTESIAN_POINT('',(172.975,-11.05,6.));
#21150=CARTESIAN_POINT('Origin',(188.975,-11.05,6.));
#21151=CARTESIAN_POINT('',(188.975,-11.05,3.));
#21152=CARTESIAN_POINT('Origin',(169.925,-27.05,6.));
#21153=CARTESIAN_POINT('',(169.925,-11.05,6.));
#21154=CARTESIAN_POINT('',(169.925,-27.05,6.));
#21155=CARTESIAN_POINT('',(169.925,-32.5749999552965,6.));
#21156=CARTESIAN_POINT('',(169.925,-11.05,3.));
#21157=CARTESIAN_POINT('',(169.925,-11.05,6.));
#21158=CARTESIAN_POINT('',(169.925,-27.05,3.));
#21159=CARTESIAN_POINT('',(169.925,-27.05,3.));
#21160=CARTESIAN_POINT('',(169.925,-27.05,6.));
#21161=CARTESIAN_POINT('Origin',(153.925,-27.05,6.));
#21162=CARTESIAN_POINT('',(153.925,-27.05,6.));
#21163=CARTESIAN_POINT('',(143.6375625,-27.05,6.));
#21164=CARTESIAN_POINT('',(153.925,-27.05,3.));
#21165=CARTESIAN_POINT('',(153.925,-27.05,3.));
#21166=CARTESIAN_POINT('',(153.925,-27.05,6.));
#21167=CARTESIAN_POINT('Origin',(153.925,-11.05,6.));
#21168=CARTESIAN_POINT('',(153.925,-11.05,6.));
#21169=CARTESIAN_POINT('',(153.925,-24.5749999552965,6.));
#21170=CARTESIAN_POINT('',(153.925,-11.05,3.));
#21171=CARTESIAN_POINT('',(153.925,-11.05,3.));
#21172=CARTESIAN_POINT('',(153.925,-11.05,6.));
#21173=CARTESIAN_POINT('Origin',(169.925,-11.05,6.));
#21174=CARTESIAN_POINT('',(151.6375625,-11.05,6.));
#21175=CARTESIAN_POINT('',(169.925,-11.05,3.));
#21176=CARTESIAN_POINT('Origin',(150.875,-27.05,6.));
#21177=CARTESIAN_POINT('',(150.875,-11.05,6.));
#21178=CARTESIAN_POINT('',(150.875,-27.05,6.));
#21179=CARTESIAN_POINT('',(150.875,-32.5749999552965,6.));
#21180=CARTESIAN_POINT('',(150.875,-11.05,3.));
#21181=CARTESIAN_POINT('',(150.875,-11.05,6.));
#21182=CARTESIAN_POINT('',(150.875,-27.05,3.));
#21183=CARTESIAN_POINT('',(150.875,-27.05,3.));
#21184=CARTESIAN_POINT('',(150.875,-27.05,6.));
#21185=CARTESIAN_POINT('Origin',(134.875,-27.05,6.));
#21186=CARTESIAN_POINT('',(134.1125625,-27.05,6.));
#21187=CARTESIAN_POINT('',(134.875,-27.05,3.));
#21188=CARTESIAN_POINT('Origin',(150.875,-11.05,6.));
#21189=CARTESIAN_POINT('',(142.1125625,-11.05,6.));
#21190=CARTESIAN_POINT('',(150.875,-11.05,3.));
#21191=CARTESIAN_POINT('Origin',(112.775,-27.05,6.));
#21192=CARTESIAN_POINT('',(112.775,-11.05,6.));
#21193=CARTESIAN_POINT('',(112.775,-27.05,6.));
#21194=CARTESIAN_POINT('',(112.775,-32.5749999552965,6.));
#21195=CARTESIAN_POINT('',(112.775,-11.05,3.));
#21196=CARTESIAN_POINT('',(112.775,-11.05,6.));
#21197=CARTESIAN_POINT('',(112.775,-27.05,3.));
#21198=CARTESIAN_POINT('',(112.775,-27.05,3.));
#21199=CARTESIAN_POINT('',(112.775,-27.05,6.));
#21200=CARTESIAN_POINT('Origin',(96.775,-27.05,6.));
#21201=CARTESIAN_POINT('',(96.775,-27.05,6.));
#21202=CARTESIAN_POINT('',(115.0625625,-27.05,6.));
#21203=CARTESIAN_POINT('',(96.775,-27.05,3.));
#21204=CARTESIAN_POINT('',(96.775,-27.05,3.));
#21205=CARTESIAN_POINT('',(96.775,-27.05,6.));
#21206=CARTESIAN_POINT('Origin',(96.775,-11.05,6.));
#21207=CARTESIAN_POINT('',(96.775,-11.05,6.));
#21208=CARTESIAN_POINT('',(96.775,-24.5749999552965,6.));
#21209=CARTESIAN_POINT('',(96.775,-11.05,3.));
#21210=CARTESIAN_POINT('',(96.775,-11.05,3.));
#21211=CARTESIAN_POINT('',(96.775,-11.05,6.));
#21212=CARTESIAN_POINT('Origin',(112.775,-11.05,6.));
#21213=CARTESIAN_POINT('',(123.0625625,-11.05,6.));
#21214=CARTESIAN_POINT('',(112.775,-11.05,3.));
#21215=CARTESIAN_POINT('Origin',(131.825,-27.05,6.));
#21216=CARTESIAN_POINT('',(131.825,-11.05,3.));
#21217=CARTESIAN_POINT('',(131.825,-11.05,6.));
#21218=CARTESIAN_POINT('',(131.825,-27.05,3.));
#21219=CARTESIAN_POINT('',(131.825,-27.05,3.));
#21220=CARTESIAN_POINT('',(131.825,-27.05,6.));
#21221=CARTESIAN_POINT('Origin',(115.825,-27.05,6.));
#21222=CARTESIAN_POINT('',(115.825,-27.05,3.));
#21223=CARTESIAN_POINT('',(115.825,-27.05,3.));
#21224=CARTESIAN_POINT('',(115.825,-27.05,6.));
#21225=CARTESIAN_POINT('Origin',(115.825,-11.05,6.));
#21226=CARTESIAN_POINT('',(115.825,-11.05,3.));
#21227=CARTESIAN_POINT('',(115.825,-11.05,3.));
#21228=CARTESIAN_POINT('',(115.825,-11.05,6.));
#21229=CARTESIAN_POINT('Origin',(131.825,-11.05,6.));
#21230=CARTESIAN_POINT('',(131.825,-11.05,3.));
#21231=CARTESIAN_POINT('Origin',(93.725,-27.05,6.));
#21232=CARTESIAN_POINT('',(93.725,-11.05,6.));
#21233=CARTESIAN_POINT('',(93.725,-27.05,6.));
#21234=CARTESIAN_POINT('',(93.725,-32.5749999552965,6.));
#21235=CARTESIAN_POINT('',(93.725,-11.05,3.));
#21236=CARTESIAN_POINT('',(93.725,-11.05,6.));
#21237=CARTESIAN_POINT('',(93.725,-27.05,3.));
#21238=CARTESIAN_POINT('',(93.725,-27.05,3.));
#21239=CARTESIAN_POINT('',(93.725,-27.05,6.));
#21240=CARTESIAN_POINT('Origin',(77.725,-27.05,6.));
#21241=CARTESIAN_POINT('',(77.725,-27.05,6.));
#21242=CARTESIAN_POINT('',(105.5375625,-27.05,6.));
#21243=CARTESIAN_POINT('',(77.725,-27.05,3.));
#21244=CARTESIAN_POINT('',(77.725,-27.05,3.));
#21245=CARTESIAN_POINT('',(77.725,-27.05,6.));
#21246=CARTESIAN_POINT('Origin',(77.725,-11.05,6.));
#21247=CARTESIAN_POINT('',(77.725,-11.05,6.));
#21248=CARTESIAN_POINT('',(77.725,-24.5749999552965,6.));
#21249=CARTESIAN_POINT('',(77.725,-11.05,3.));
#21250=CARTESIAN_POINT('',(77.725,-11.05,3.));
#21251=CARTESIAN_POINT('',(77.725,-11.05,6.));
#21252=CARTESIAN_POINT('Origin',(93.725,-11.05,6.));
#21253=CARTESIAN_POINT('',(113.5375625,-11.05,6.));
#21254=CARTESIAN_POINT('',(93.725,-11.05,3.));
#21255=CARTESIAN_POINT('Origin',(74.675,-27.05,6.));
#21256=CARTESIAN_POINT('',(74.675,-11.05,6.));
#21257=CARTESIAN_POINT('',(74.675,-27.05,6.));
#21258=CARTESIAN_POINT('',(74.675,-32.5749999552965,6.));
#21259=CARTESIAN_POINT('',(74.675,-11.05,3.));
#21260=CARTESIAN_POINT('',(74.675,-11.05,6.));
#21261=CARTESIAN_POINT('',(74.675,-27.05,3.));
#21262=CARTESIAN_POINT('',(74.675,-27.05,3.));
#21263=CARTESIAN_POINT('',(74.675,-27.05,6.));
#21264=CARTESIAN_POINT('Origin',(58.675,-27.05,6.));
#21265=CARTESIAN_POINT('',(96.0125625,-27.05,6.));
#21266=CARTESIAN_POINT('',(58.675,-27.05,3.));
#21267=CARTESIAN_POINT('Origin',(74.675,-11.05,6.));
#21268=CARTESIAN_POINT('',(104.0125625,-11.05,6.));
#21269=CARTESIAN_POINT('',(74.675,-11.05,3.));
#21270=CARTESIAN_POINT('Origin',(55.625,-27.05,6.));
#21271=CARTESIAN_POINT('',(55.625,-11.05,3.));
#21272=CARTESIAN_POINT('',(55.625,-11.05,6.));
#21273=CARTESIAN_POINT('',(55.625,-27.05,3.));
#21274=CARTESIAN_POINT('',(55.625,-27.05,3.));
#21275=CARTESIAN_POINT('',(55.625,-27.05,6.));
#21276=CARTESIAN_POINT('Origin',(39.625,-27.05,6.));
#21277=CARTESIAN_POINT('',(39.625,-27.05,3.));
#21278=CARTESIAN_POINT('',(39.625,-27.05,3.));
#21279=CARTESIAN_POINT('',(39.625,-27.05,6.));
#21280=CARTESIAN_POINT('Origin',(39.625,-11.05,6.));
#21281=CARTESIAN_POINT('',(39.625,-11.05,3.));
#21282=CARTESIAN_POINT('',(39.625,-11.05,3.));
#21283=CARTESIAN_POINT('',(39.625,-11.05,6.));
#21284=CARTESIAN_POINT('Origin',(55.625,-11.05,6.));
#21285=CARTESIAN_POINT('',(55.625,-11.05,3.));
#21286=CARTESIAN_POINT('Origin',(36.575,-11.05,6.));
#21287=CARTESIAN_POINT('',(20.575,-11.05,6.));
#21288=CARTESIAN_POINT('',(36.575,-11.05,6.));
#21289=CARTESIAN_POINT('',(84.9625625,-11.05,6.));
#21290=CARTESIAN_POINT('',(20.575,-11.05,3.));
#21291=CARTESIAN_POINT('',(20.575,-11.05,6.));
#21292=CARTESIAN_POINT('',(36.575,-11.05,3.));
#21293=CARTESIAN_POINT('',(36.575,-11.05,3.));
#21294=CARTESIAN_POINT('',(36.575,-11.05,6.));
#21295=CARTESIAN_POINT('Origin',(36.575,-27.05,6.));
#21296=CARTESIAN_POINT('',(36.575,-27.05,6.));
#21297=CARTESIAN_POINT('',(36.575,-32.5749999552965,6.));
#21298=CARTESIAN_POINT('',(36.575,-27.05,3.));
#21299=CARTESIAN_POINT('',(36.575,-27.05,3.));
#21300=CARTESIAN_POINT('',(36.575,-27.05,6.));
#21301=CARTESIAN_POINT('Origin',(20.575,-27.05,6.));
#21302=CARTESIAN_POINT('',(20.575,-27.05,6.));
#21303=CARTESIAN_POINT('',(76.9625625,-27.05,6.));
#21304=CARTESIAN_POINT('',(20.575,-27.05,3.));
#21305=CARTESIAN_POINT('',(20.575,-27.05,3.));
#21306=CARTESIAN_POINT('',(20.575,-27.05,6.));
#21307=CARTESIAN_POINT('Origin',(20.575,-11.05,6.));
#21308=CARTESIAN_POINT('',(20.575,-24.5749999552965,6.));
#21309=CARTESIAN_POINT('',(20.575,-11.05,3.));
#21310=CARTESIAN_POINT('Origin',(141.35,-8.,6.));
#21311=CARTESIAN_POINT('',(141.35,8.,6.));
#21312=CARTESIAN_POINT('',(141.35,-8.,6.));
#21313=CARTESIAN_POINT('',(141.35,-23.0499999552965,6.));
#21314=CARTESIAN_POINT('',(141.35,8.00000000000001,3.));
#21315=CARTESIAN_POINT('',(141.35,8.,6.));
#21316=CARTESIAN_POINT('',(141.35,-8.00000000000001,3.));
#21317=CARTESIAN_POINT('',(141.35,-8.,3.));
#21318=CARTESIAN_POINT('',(141.35,-8.,6.));
#21319=CARTESIAN_POINT('Origin',(125.35,-8.,6.));
#21320=CARTESIAN_POINT('',(125.35,-8.,6.));
#21321=CARTESIAN_POINT('',(129.3500625,-8.,6.));
#21322=CARTESIAN_POINT('',(125.35,-8.00000000000001,3.));
#21323=CARTESIAN_POINT('',(125.35,-8.,3.));
#21324=CARTESIAN_POINT('',(125.35,-8.,6.));
#21325=CARTESIAN_POINT('Origin',(125.35,8.,6.));
#21326=CARTESIAN_POINT('',(125.35,8.,6.));
#21327=CARTESIAN_POINT('',(125.35,-15.0499999552965,6.));
#21328=CARTESIAN_POINT('',(125.35,8.00000000000001,3.));
#21329=CARTESIAN_POINT('',(125.35,8.,3.));
#21330=CARTESIAN_POINT('',(125.35,8.,6.));
#21331=CARTESIAN_POINT('Origin',(141.35,8.,6.));
#21332=CARTESIAN_POINT('',(137.3500625,8.,6.));
#21333=CARTESIAN_POINT('',(141.35,8.,3.));
#21334=CARTESIAN_POINT('Origin',(106.3,8.,6.));
#21335=CARTESIAN_POINT('',(106.3,-8.,6.));
#21336=CARTESIAN_POINT('',(106.3,8.,6.));
#21337=CARTESIAN_POINT('',(106.3,-15.0499999552965,6.));
#21338=CARTESIAN_POINT('',(106.3,-8.00000000000001,3.));
#21339=CARTESIAN_POINT('',(106.3,-8.,6.));
#21340=CARTESIAN_POINT('',(106.3,8.00000000000001,3.));
#21341=CARTESIAN_POINT('',(106.3,8.,3.));
#21342=CARTESIAN_POINT('',(106.3,8.,6.));
#21343=CARTESIAN_POINT('Origin',(122.3,8.,6.));
#21344=CARTESIAN_POINT('',(122.3,8.,6.));
#21345=CARTESIAN_POINT('',(127.8250625,8.,6.));
#21346=CARTESIAN_POINT('',(122.3,8.00000000000001,3.));
#21347=CARTESIAN_POINT('',(122.3,8.,3.));
#21348=CARTESIAN_POINT('',(122.3,8.,6.));
#21349=CARTESIAN_POINT('Origin',(122.3,-8.,6.));
#21350=CARTESIAN_POINT('',(122.3,-8.,6.));
#21351=CARTESIAN_POINT('',(122.3,-23.0499999552965,6.));
#21352=CARTESIAN_POINT('',(122.3,-8.00000000000001,3.));
#21353=CARTESIAN_POINT('',(122.3,-8.,3.));
#21354=CARTESIAN_POINT('',(122.3,-8.,6.));
#21355=CARTESIAN_POINT('Origin',(106.3,-8.,6.));
#21356=CARTESIAN_POINT('',(119.8250625,-8.,6.));
#21357=CARTESIAN_POINT('',(106.3,-8.,3.));
#21358=CARTESIAN_POINT('Origin',(103.25,-8.,6.));
#21359=CARTESIAN_POINT('',(103.25,8.,6.));
#21360=CARTESIAN_POINT('',(103.25,-8.,6.));
#21361=CARTESIAN_POINT('',(103.25,-23.0499999552965,6.));
#21362=CARTESIAN_POINT('',(103.25,8.00000000000001,3.));
#21363=CARTESIAN_POINT('',(103.25,8.,6.));
#21364=CARTESIAN_POINT('',(103.25,-8.00000000000001,3.));
#21365=CARTESIAN_POINT('',(103.25,-8.,3.));
#21366=CARTESIAN_POINT('',(103.25,-8.,6.));
#21367=CARTESIAN_POINT('Origin',(87.25,-8.,6.));
#21368=CARTESIAN_POINT('',(110.3000625,-8.,6.));
#21369=CARTESIAN_POINT('',(87.25,-8.,3.));
#21370=CARTESIAN_POINT('Origin',(103.25,8.,6.));
#21371=CARTESIAN_POINT('',(118.3000625,8.,6.));
#21372=CARTESIAN_POINT('',(103.25,8.,3.));
#21373=CARTESIAN_POINT('Origin',(236.6,-8.,6.));
#21374=CARTESIAN_POINT('',(236.6,8.,6.));
#21375=CARTESIAN_POINT('',(236.6,-8.,6.));
#21376=CARTESIAN_POINT('',(236.6,-23.0499999552965,6.));
#21377=CARTESIAN_POINT('',(236.6,8.00000000000001,3.));
#21378=CARTESIAN_POINT('',(236.6,8.,6.));
#21379=CARTESIAN_POINT('',(236.6,-8.00000000000001,3.));
#21380=CARTESIAN_POINT('',(236.6,-8.,3.));
#21381=CARTESIAN_POINT('',(236.6,-8.,6.));
#21382=CARTESIAN_POINT('Origin',(220.6,-8.,6.));
#21383=CARTESIAN_POINT('',(176.9750625,-8.,6.));
#21384=CARTESIAN_POINT('',(220.6,-8.,3.));
#21385=CARTESIAN_POINT('Origin',(236.6,8.,6.));
#21386=CARTESIAN_POINT('',(184.9750625,8.,6.));
#21387=CARTESIAN_POINT('',(236.6,8.,3.));
#21388=CARTESIAN_POINT('Origin',(217.55,-8.,6.));
#21389=CARTESIAN_POINT('',(217.55,8.00000000000001,3.));
#21390=CARTESIAN_POINT('',(217.55,8.,6.));
#21391=CARTESIAN_POINT('',(217.55,-8.00000000000001,3.));
#21392=CARTESIAN_POINT('',(217.55,-8.,3.));
#21393=CARTESIAN_POINT('',(217.55,-8.,6.));
#21394=CARTESIAN_POINT('Origin',(201.55,-8.,6.));
#21395=CARTESIAN_POINT('',(201.55,-8.00000000000001,3.));
#21396=CARTESIAN_POINT('',(201.55,-8.,3.));
#21397=CARTESIAN_POINT('',(201.55,-8.,6.));
#21398=CARTESIAN_POINT('Origin',(201.55,8.,6.));
#21399=CARTESIAN_POINT('',(201.55,8.00000000000001,3.));
#21400=CARTESIAN_POINT('',(201.55,8.,3.));
#21401=CARTESIAN_POINT('',(201.55,8.,6.));
#21402=CARTESIAN_POINT('Origin',(217.55,8.,6.));
#21403=CARTESIAN_POINT('',(217.55,8.,3.));
#21404=CARTESIAN_POINT('Origin',(179.45,8.,6.));
#21405=CARTESIAN_POINT('',(179.45,8.,6.));
#21406=CARTESIAN_POINT('',(156.4000625,8.,6.));
#21407=CARTESIAN_POINT('',(179.45,8.00000000000001,3.));
#21408=CARTESIAN_POINT('',(179.45,8.,3.));
#21409=CARTESIAN_POINT('',(179.45,8.,6.));
#21410=CARTESIAN_POINT('Origin',(179.45,-8.,6.));
#21411=CARTESIAN_POINT('',(179.45,-8.,6.));
#21412=CARTESIAN_POINT('',(179.45,-23.0499999552965,6.));
#21413=CARTESIAN_POINT('',(179.45,-8.00000000000001,3.));
#21414=CARTESIAN_POINT('',(179.45,-8.,3.));
#21415=CARTESIAN_POINT('',(179.45,-8.,6.));
#21416=CARTESIAN_POINT('Origin',(163.45,-8.,6.));
#21417=CARTESIAN_POINT('',(148.4000625,-8.,6.));
#21418=CARTESIAN_POINT('',(163.45,-8.,3.));
#21419=CARTESIAN_POINT('Origin',(182.5,8.,6.));
#21420=CARTESIAN_POINT('',(182.5,-8.,6.));
#21421=CARTESIAN_POINT('',(182.5,8.,6.));
#21422=CARTESIAN_POINT('',(182.5,-15.0499999552965,6.));
#21423=CARTESIAN_POINT('',(182.5,-8.00000000000001,3.));
#21424=CARTESIAN_POINT('',(182.5,-8.,6.));
#21425=CARTESIAN_POINT('',(182.5,8.00000000000001,3.));
#21426=CARTESIAN_POINT('',(182.5,8.,3.));
#21427=CARTESIAN_POINT('',(182.5,8.,6.));
#21428=CARTESIAN_POINT('Origin',(198.5,8.,6.));
#21429=CARTESIAN_POINT('',(198.5,8.,6.));
#21430=CARTESIAN_POINT('',(165.9250625,8.,6.));
#21431=CARTESIAN_POINT('',(198.5,8.00000000000001,3.));
#21432=CARTESIAN_POINT('',(198.5,8.,3.));
#21433=CARTESIAN_POINT('',(198.5,8.,6.));
#21434=CARTESIAN_POINT('Origin',(198.5,-8.,6.));
#21435=CARTESIAN_POINT('',(198.5,-8.,6.));
#21436=CARTESIAN_POINT('',(198.5,-23.0499999552965,6.));
#21437=CARTESIAN_POINT('',(198.5,-8.00000000000001,3.));
#21438=CARTESIAN_POINT('',(198.5,-8.,3.));
#21439=CARTESIAN_POINT('',(198.5,-8.,6.));
#21440=CARTESIAN_POINT('Origin',(182.5,-8.,6.));
#21441=CARTESIAN_POINT('',(157.9250625,-8.,6.));
#21442=CARTESIAN_POINT('',(182.5,-8.,3.));
#21443=CARTESIAN_POINT('Origin',(144.4,8.,6.));
#21444=CARTESIAN_POINT('',(144.4,-8.00000000000001,3.));
#21445=CARTESIAN_POINT('',(144.4,-8.,6.));
#21446=CARTESIAN_POINT('',(144.4,8.00000000000001,3.));
#21447=CARTESIAN_POINT('',(144.4,8.,3.));
#21448=CARTESIAN_POINT('',(144.4,8.,6.));
#21449=CARTESIAN_POINT('Origin',(160.4,8.,6.));
#21450=CARTESIAN_POINT('',(160.4,8.00000000000001,3.));
#21451=CARTESIAN_POINT('',(160.4,8.,3.));
#21452=CARTESIAN_POINT('',(160.4,8.,6.));
#21453=CARTESIAN_POINT('Origin',(160.4,-8.,6.));
#21454=CARTESIAN_POINT('',(160.4,-8.00000000000001,3.));
#21455=CARTESIAN_POINT('',(160.4,-8.,3.));
#21456=CARTESIAN_POINT('',(160.4,-8.,6.));
#21457=CARTESIAN_POINT('Origin',(144.4,-8.,6.));
#21458=CARTESIAN_POINT('',(144.4,-8.,3.));
#21459=CARTESIAN_POINT('Origin',(49.15,-8.,6.));
#21460=CARTESIAN_POINT('',(65.15,-8.,6.));
#21461=CARTESIAN_POINT('',(49.15,-8.,6.));
#21462=CARTESIAN_POINT('',(91.2500625,-8.,6.));
#21463=CARTESIAN_POINT('',(65.15,-8.00000000000001,3.));
#21464=CARTESIAN_POINT('',(65.15,-8.,6.));
#21465=CARTESIAN_POINT('',(49.15,-8.00000000000001,3.));
#21466=CARTESIAN_POINT('',(49.15,-8.,3.));
#21467=CARTESIAN_POINT('',(49.15,-8.,6.));
#21468=CARTESIAN_POINT('Origin',(49.15,8.,6.));
#21469=CARTESIAN_POINT('',(49.15,8.,6.));
#21470=CARTESIAN_POINT('',(49.15,-15.0499999552965,6.));
#21471=CARTESIAN_POINT('',(49.15,8.00000000000001,3.));
#21472=CARTESIAN_POINT('',(49.15,8.,3.));
#21473=CARTESIAN_POINT('',(49.15,8.,6.));
#21474=CARTESIAN_POINT('Origin',(65.15,8.,6.));
#21475=CARTESIAN_POINT('',(65.15,8.,6.));
#21476=CARTESIAN_POINT('',(99.2500625,8.,6.));
#21477=CARTESIAN_POINT('',(65.15,8.00000000000001,3.));
#21478=CARTESIAN_POINT('',(65.15,8.,3.));
#21479=CARTESIAN_POINT('',(65.15,8.,6.));
#21480=CARTESIAN_POINT('Origin',(65.15,-8.,6.));
#21481=CARTESIAN_POINT('',(65.15,-23.0499999552965,6.));
#21482=CARTESIAN_POINT('',(65.15,-8.,3.));
#21483=CARTESIAN_POINT('Origin',(27.05,8.00000011920929,6.));
#21484=CARTESIAN_POINT('',(27.05,8.00000011920929,6.));
#21485=CARTESIAN_POINT('',(80.2000625,8.00000011920929,6.));
#21486=CARTESIAN_POINT('',(27.05,8.00000011920929,3.));
#21487=CARTESIAN_POINT('',(27.05,8.00000011920929,3.));
#21488=CARTESIAN_POINT('',(27.05,8.00000011920929,6.));
#21489=CARTESIAN_POINT('Origin',(27.05,-8.,6.));
#21490=CARTESIAN_POINT('',(27.05,-8.,6.));
#21491=CARTESIAN_POINT('',(27.05,-23.0499999552965,6.));
#21492=CARTESIAN_POINT('',(27.05,-8.00000000000001,3.));
#21493=CARTESIAN_POINT('',(27.05,-8.,3.));
#21494=CARTESIAN_POINT('',(27.05,-8.,6.));
#21495=CARTESIAN_POINT('Origin',(11.05,-8.,6.));
#21496=CARTESIAN_POINT('',(72.2000625,-8.,6.));
#21497=CARTESIAN_POINT('',(11.05,-8.,3.));
#21498=CARTESIAN_POINT('Origin',(46.1,-8.,6.));
#21499=CARTESIAN_POINT('',(46.1,8.,6.));
#21500=CARTESIAN_POINT('',(46.1,-8.,6.));
#21501=CARTESIAN_POINT('',(46.1,-23.0499999552965,6.));
#21502=CARTESIAN_POINT('',(46.1,8.00000000000001,3.));
#21503=CARTESIAN_POINT('',(46.1,8.,6.));
#21504=CARTESIAN_POINT('',(46.1,-8.00000000000001,3.));
#21505=CARTESIAN_POINT('',(46.1,-8.,3.));
#21506=CARTESIAN_POINT('',(46.1,-8.,6.));
#21507=CARTESIAN_POINT('Origin',(30.1,-8.,6.));
#21508=CARTESIAN_POINT('',(30.1,-8.,6.));
#21509=CARTESIAN_POINT('',(81.7250625,-8.,6.));
#21510=CARTESIAN_POINT('',(30.1,-8.00000000000001,3.));
#21511=CARTESIAN_POINT('',(30.1,-8.,3.));
#21512=CARTESIAN_POINT('',(30.1,-8.,6.));
#21513=CARTESIAN_POINT('Origin',(30.1,8.,6.));
#21514=CARTESIAN_POINT('',(30.1,8.,6.));
#21515=CARTESIAN_POINT('',(30.1,-15.0499999552965,6.));
#21516=CARTESIAN_POINT('',(30.1,8.00000000000001,3.));
#21517=CARTESIAN_POINT('',(30.1,8.,3.));
#21518=CARTESIAN_POINT('',(30.1,8.,6.));
#21519=CARTESIAN_POINT('Origin',(46.1,8.,6.));
#21520=CARTESIAN_POINT('',(89.7250625,8.,6.));
#21521=CARTESIAN_POINT('',(46.1,8.,3.));
#21522=CARTESIAN_POINT('Origin',(68.2,-8.,6.));
#21523=CARTESIAN_POINT('',(84.2,-8.00000000000001,3.));
#21524=CARTESIAN_POINT('',(84.2,-8.,6.));
#21525=CARTESIAN_POINT('',(68.2,-8.00000000000001,3.));
#21526=CARTESIAN_POINT('',(68.2,-8.,3.));
#21527=CARTESIAN_POINT('',(68.2,-8.,6.));
#21528=CARTESIAN_POINT('Origin',(68.2,8.,6.));
#21529=CARTESIAN_POINT('',(68.2,8.00000000000001,3.));
#21530=CARTESIAN_POINT('',(68.2,8.,3.));
#21531=CARTESIAN_POINT('',(68.2,8.,6.));
#21532=CARTESIAN_POINT('Origin',(84.2,8.,6.));
#21533=CARTESIAN_POINT('',(84.2,8.00000000000001,3.));
#21534=CARTESIAN_POINT('',(84.2,8.,3.));
#21535=CARTESIAN_POINT('',(84.2,8.,6.));
#21536=CARTESIAN_POINT('Origin',(84.2,-8.,6.));
#21537=CARTESIAN_POINT('',(84.2,-8.,3.));
#21538=CARTESIAN_POINT('Origin',(8.,8.,6.));
#21539=CARTESIAN_POINT('',(-8.00000000000001,8.00000000000001,3.));
#21540=CARTESIAN_POINT('',(-8.,8.,6.));
#21541=CARTESIAN_POINT('',(8.00000000000001,8.00000000000001,3.));
#21542=CARTESIAN_POINT('',(8.,8.,3.));
#21543=CARTESIAN_POINT('',(8.,8.,6.));
#21544=CARTESIAN_POINT('Origin',(8.,-8.,6.));
#21545=CARTESIAN_POINT('',(8.00000000000001,-8.00000000000001,3.));
#21546=CARTESIAN_POINT('',(8.,-8.,3.));
#21547=CARTESIAN_POINT('',(8.,-8.,6.));
#21548=CARTESIAN_POINT('Origin',(-8.,-8.,6.));
#21549=CARTESIAN_POINT('',(-8.00000000000001,-8.00000000000001,3.));
#21550=CARTESIAN_POINT('',(-8.,-8.,3.));
#21551=CARTESIAN_POINT('',(-8.,-8.,6.));
#21552=CARTESIAN_POINT('Origin',(-8.,8.,6.));
#21553=CARTESIAN_POINT('',(-8.,8.,3.));
#21554=CARTESIAN_POINT('Origin',(133.350125,-38.099999910593,3.));
#21555=CARTESIAN_POINT('',(278.7,-88.2,3.));
#21556=CARTESIAN_POINT('',(-11.99975,-88.2,3.));
#21557=CARTESIAN_POINT('',(278.7,-88.2,3.));
#21558=CARTESIAN_POINT('',(-11.99975,12.0000001788139,3.));
#21559=CARTESIAN_POINT('',(-11.99975,-88.2,3.));
#21560=CARTESIAN_POINT('',(278.7,12.0000001788139,3.));
#21561=CARTESIAN_POINT('',(-11.99975,12.0000001788139,3.));
#21562=CARTESIAN_POINT('',(278.7,12.0000001788139,3.));
#21563=CARTESIAN_POINT('Origin',(133.350125,-38.099999910593,6.));
#21564=CARTESIAN_POINT('',(31.1,-7.,6.));
#21565=CARTESIAN_POINT('',(45.1,-7.,6.));
#21566=CARTESIAN_POINT('',(31.1,-7.,6.));
#21567=CARTESIAN_POINT('',(45.1,7.,6.));
#21568=CARTESIAN_POINT('',(45.1,-7.,6.));
#21569=CARTESIAN_POINT('',(31.1,7.,6.));
#21570=CARTESIAN_POINT('',(45.1,7.,6.));
#21571=CARTESIAN_POINT('',(31.1,7.,6.));
#21572=CARTESIAN_POINT('Origin',(133.350125,-38.099999910593,6.));
#21573=CARTESIAN_POINT('',(26.05,-7.,6.));
#21574=CARTESIAN_POINT('',(26.05,7.,6.));
#21575=CARTESIAN_POINT('',(26.05,-7.,6.));
#21576=CARTESIAN_POINT('',(12.05,7.,6.));
#21577=CARTESIAN_POINT('',(26.05,7.,6.));
#21578=CARTESIAN_POINT('',(12.05,-7.,6.));
#21579=CARTESIAN_POINT('',(12.05,7.,6.));
#21580=CARTESIAN_POINT('',(12.05,-7.,6.));
#21581=CARTESIAN_POINT('Origin',(133.350125,-38.099999910593,6.));
#21582=CARTESIAN_POINT('',(50.15,-7.,6.));
#21583=CARTESIAN_POINT('',(64.15,-7.,6.));
#21584=CARTESIAN_POINT('',(50.15,-7.,6.));
#21585=CARTESIAN_POINT('',(64.15,7.,6.));
#21586=CARTESIAN_POINT('',(64.15,-7.,6.));
#21587=CARTESIAN_POINT('',(50.15,7.,6.));
#21588=CARTESIAN_POINT('',(64.15,7.,6.));
#21589=CARTESIAN_POINT('',(50.15,7.,6.));
#21590=CARTESIAN_POINT('Origin',(133.350125,-38.099999910593,6.));
#21591=CARTESIAN_POINT('',(197.5,7.,6.));
#21592=CARTESIAN_POINT('',(183.5,7.,6.));
#21593=CARTESIAN_POINT('',(197.5,7.,6.));
#21594=CARTESIAN_POINT('',(183.5,-7.,6.));
#21595=CARTESIAN_POINT('',(183.5,7.,6.));
#21596=CARTESIAN_POINT('',(197.5,-7.,6.));
#21597=CARTESIAN_POINT('',(183.5,-7.,6.));
#21598=CARTESIAN_POINT('',(197.5,-7.,6.));
#21599=CARTESIAN_POINT('Origin',(133.350125,-38.099999910593,6.));
#21600=CARTESIAN_POINT('',(178.45,7.,6.));
#21601=CARTESIAN_POINT('',(164.45,7.,6.));
#21602=CARTESIAN_POINT('',(178.45,7.,6.));
#21603=CARTESIAN_POINT('',(164.45,-7.,6.));
#21604=CARTESIAN_POINT('',(164.45,7.,6.));
#21605=CARTESIAN_POINT('',(178.45,-7.,6.));
#21606=CARTESIAN_POINT('',(164.45,-7.,6.));
#21607=CARTESIAN_POINT('',(178.45,-7.,6.));
#21608=CARTESIAN_POINT('Origin',(133.350125,-38.099999910593,6.));
#21609=CARTESIAN_POINT('',(221.6,-7.,6.));
#21610=CARTESIAN_POINT('',(235.6,-7.,6.));
#21611=CARTESIAN_POINT('',(221.6,-7.,6.));
#21612=CARTESIAN_POINT('',(235.6,7.,6.));
#21613=CARTESIAN_POINT('',(235.6,-7.,6.));
#21614=CARTESIAN_POINT('',(221.6,7.,6.));
#21615=CARTESIAN_POINT('',(235.6,7.,6.));
#21616=CARTESIAN_POINT('',(221.6,7.,6.));
#21617=CARTESIAN_POINT('Origin',(133.350125,-38.099999910593,6.));
#21618=CARTESIAN_POINT('',(102.25,-7.,6.));
#21619=CARTESIAN_POINT('',(102.25,7.,6.));
#21620=CARTESIAN_POINT('',(102.25,-7.,6.));
#21621=CARTESIAN_POINT('',(88.25,7.,6.));
#21622=CARTESIAN_POINT('',(102.25,7.,6.));
#21623=CARTESIAN_POINT('',(88.25,-7.,6.));
#21624=CARTESIAN_POINT('',(88.25,7.,6.));
#21625=CARTESIAN_POINT('',(88.25,-7.,6.));
#21626=CARTESIAN_POINT('Origin',(133.350125,-38.099999910593,6.));
#21627=CARTESIAN_POINT('',(107.3,-7.,6.));
#21628=CARTESIAN_POINT('',(121.3,-7.,6.));
#21629=CARTESIAN_POINT('',(107.3,-7.,6.));
#21630=CARTESIAN_POINT('',(121.3,7.,6.));
#21631=CARTESIAN_POINT('',(121.3,-7.,6.));
#21632=CARTESIAN_POINT('',(107.3,7.,6.));
#21633=CARTESIAN_POINT('',(121.3,7.,6.));
#21634=CARTESIAN_POINT('',(107.3,7.,6.));
#21635=CARTESIAN_POINT('Origin',(133.350125,-38.099999910593,6.));
#21636=CARTESIAN_POINT('',(126.35,-7.,6.));
#21637=CARTESIAN_POINT('',(140.35,-7.,6.));
#21638=CARTESIAN_POINT('',(126.35,-7.,6.));
#21639=CARTESIAN_POINT('',(140.35,7.,6.));
#21640=CARTESIAN_POINT('',(140.35,-7.,6.));
#21641=CARTESIAN_POINT('',(126.35,7.,6.));
#21642=CARTESIAN_POINT('',(140.35,7.,6.));
#21643=CARTESIAN_POINT('',(126.35,7.,6.));
#21644=CARTESIAN_POINT('Origin',(133.350125,-38.099999910593,6.));
#21645=CARTESIAN_POINT('',(35.575,-12.05,6.));
#21646=CARTESIAN_POINT('',(21.575,-12.05,6.));
#21647=CARTESIAN_POINT('',(35.575,-12.05,6.));
#21648=CARTESIAN_POINT('',(21.575,-26.05,6.));
#21649=CARTESIAN_POINT('',(21.575,-12.05,6.));
#21650=CARTESIAN_POINT('',(35.575,-26.05,6.));
#21651=CARTESIAN_POINT('',(21.575,-26.05,6.));
#21652=CARTESIAN_POINT('',(35.575,-26.05,6.));
#21653=CARTESIAN_POINT('Origin',(133.350125,-38.099999910593,6.));
#21654=CARTESIAN_POINT('',(73.675,-26.05,6.));
#21655=CARTESIAN_POINT('',(73.675,-12.05,6.));
#21656=CARTESIAN_POINT('',(73.675,-26.05,6.));
#21657=CARTESIAN_POINT('',(59.675,-12.05,6.));
#21658=CARTESIAN_POINT('',(73.675,-12.05,6.));
#21659=CARTESIAN_POINT('',(59.675,-26.05,6.));
#21660=CARTESIAN_POINT('',(59.675,-12.05,6.));
#21661=CARTESIAN_POINT('',(59.675,-26.05,6.));
#21662=CARTESIAN_POINT('Origin',(133.350125,-38.099999910593,6.));
#21663=CARTESIAN_POINT('',(92.725,-12.05,6.));
#21664=CARTESIAN_POINT('',(78.725,-12.05,6.));
#21665=CARTESIAN_POINT('',(92.725,-12.05,6.));
#21666=CARTESIAN_POINT('',(78.725,-26.05,6.));
#21667=CARTESIAN_POINT('',(78.725,-12.05,6.));
#21668=CARTESIAN_POINT('',(92.725,-26.05,6.));
#21669=CARTESIAN_POINT('',(78.725,-26.05,6.));
#21670=CARTESIAN_POINT('',(92.725,-26.05,6.));
#21671=CARTESIAN_POINT('Origin',(133.350125,-38.099999910593,6.));
#21672=CARTESIAN_POINT('',(111.775,-26.05,6.));
#21673=CARTESIAN_POINT('',(111.775,-12.05,6.));
#21674=CARTESIAN_POINT('',(111.775,-26.05,6.));
#21675=CARTESIAN_POINT('',(97.775,-12.05,6.));
#21676=CARTESIAN_POINT('',(111.775,-12.05,6.));
#21677=CARTESIAN_POINT('',(97.775,-26.05,6.));
#21678=CARTESIAN_POINT('',(97.775,-12.05,6.));
#21679=CARTESIAN_POINT('',(97.775,-26.05,6.));
#21680=CARTESIAN_POINT('Origin',(133.350125,-38.099999910593,6.));
#21681=CARTESIAN_POINT('',(135.875,-12.05,6.));
#21682=CARTESIAN_POINT('',(135.875,-26.05,6.));
#21683=CARTESIAN_POINT('',(135.875,-12.05,6.));
#21684=CARTESIAN_POINT('',(149.875,-26.05,6.));
#21685=CARTESIAN_POINT('',(135.875,-26.05,6.));
#21686=CARTESIAN_POINT('',(149.875,-12.05,6.));
#21687=CARTESIAN_POINT('',(149.875,-26.05,6.));
#21688=CARTESIAN_POINT('',(149.875,-12.05,6.));
#21689=CARTESIAN_POINT('Origin',(133.350125,-38.099999910593,6.));
#21690=CARTESIAN_POINT('',(154.925,-26.05,6.));
#21691=CARTESIAN_POINT('',(168.925,-26.05,6.));
#21692=CARTESIAN_POINT('',(154.925,-26.05,6.));
#21693=CARTESIAN_POINT('',(168.925,-12.05,6.));
#21694=CARTESIAN_POINT('',(168.925,-26.05,6.));
#21695=CARTESIAN_POINT('',(154.925,-12.05,6.));
#21696=CARTESIAN_POINT('',(168.925,-12.05,6.));
#21697=CARTESIAN_POINT('',(154.925,-12.05,6.));
#21698=CARTESIAN_POINT('Origin',(133.350125,-38.099999910593,6.));
#21699=CARTESIAN_POINT('',(207.025,-26.05,6.));
#21700=CARTESIAN_POINT('',(207.025,-12.05,6.));
#21701=CARTESIAN_POINT('',(207.025,-26.05,6.));
#21702=CARTESIAN_POINT('',(193.025,-12.05,6.));
#21703=CARTESIAN_POINT('',(207.025,-12.05,6.));
#21704=CARTESIAN_POINT('',(193.025,-26.05,6.));
#21705=CARTESIAN_POINT('',(193.025,-12.05,6.));
#21706=CARTESIAN_POINT('',(193.025,-26.05,6.));
#21707=CARTESIAN_POINT('Origin',(133.350125,-38.099999910593,6.));
#21708=CARTESIAN_POINT('',(226.075,-12.05,6.));
#21709=CARTESIAN_POINT('',(212.075,-12.05,6.));
#21710=CARTESIAN_POINT('',(226.075,-12.05,6.));
#21711=CARTESIAN_POINT('',(212.075,-26.05,6.));
#21712=CARTESIAN_POINT('',(212.075,-12.05,6.));
#21713=CARTESIAN_POINT('',(226.075,-26.05,6.));
#21714=CARTESIAN_POINT('',(212.075,-26.05,6.));
#21715=CARTESIAN_POINT('',(226.075,-26.05,6.));
#21716=CARTESIAN_POINT('Origin',(133.350125,-38.099999910593,6.));
#21717=CARTESIAN_POINT('',(245.125,-12.05,6.));
#21718=CARTESIAN_POINT('',(231.125,-12.05,6.));
#21719=CARTESIAN_POINT('',(245.125,-12.05,6.));
#21720=CARTESIAN_POINT('',(231.125,-26.05,6.));
#21721=CARTESIAN_POINT('',(231.125,-12.05,6.));
#21722=CARTESIAN_POINT('',(245.125,-26.05,6.));
#21723=CARTESIAN_POINT('',(231.125,-26.05,6.));
#21724=CARTESIAN_POINT('',(245.125,-26.05,6.));
#21725=CARTESIAN_POINT('Origin',(133.350125,-38.099999910593,6.));
#21726=CARTESIAN_POINT('',(59.3875,-45.1,6.));
#21727=CARTESIAN_POINT('',(59.3875,-31.1,6.));
#21728=CARTESIAN_POINT('',(59.3875,-45.1,6.));
#21729=CARTESIAN_POINT('',(45.3875,-31.1,6.));
#21730=CARTESIAN_POINT('',(59.3875,-31.1,6.));
#21731=CARTESIAN_POINT('',(45.3875,-45.1,6.));
#21732=CARTESIAN_POINT('',(45.3875,-31.1,6.));
#21733=CARTESIAN_POINT('',(45.3875,-45.1,6.));
#21734=CARTESIAN_POINT('Origin',(133.350125,-38.099999910593,6.));
#21735=CARTESIAN_POINT('',(78.4375,-31.1,6.));
#21736=CARTESIAN_POINT('',(64.4375,-31.1,6.));
#21737=CARTESIAN_POINT('',(78.4375,-31.1,6.));
#21738=CARTESIAN_POINT('',(64.4375,-45.1,6.));
#21739=CARTESIAN_POINT('',(64.4375,-31.1,6.));
#21740=CARTESIAN_POINT('',(78.4375,-45.1,6.));
#21741=CARTESIAN_POINT('',(64.4375,-45.1,6.));
#21742=CARTESIAN_POINT('',(78.4375,-45.1,6.));
#21743=CARTESIAN_POINT('Origin',(133.350125,-38.099999910593,6.));
#21744=CARTESIAN_POINT('',(121.5875,-31.1,6.));
#21745=CARTESIAN_POINT('',(121.5875,-45.1,6.));
#21746=CARTESIAN_POINT('',(121.5875,-31.1,6.));
#21747=CARTESIAN_POINT('',(135.5875,-45.1,6.));
#21748=CARTESIAN_POINT('',(121.5875,-45.1,6.));
#21749=CARTESIAN_POINT('',(135.5875,-31.1,6.));
#21750=CARTESIAN_POINT('',(135.5875,-45.1,6.));
#21751=CARTESIAN_POINT('',(135.5875,-31.1,6.));
#21752=CARTESIAN_POINT('Origin',(133.350125,-38.099999910593,6.));
#21753=CARTESIAN_POINT('',(116.5375,-45.1,6.));
#21754=CARTESIAN_POINT('',(116.5375,-31.1,6.));
#21755=CARTESIAN_POINT('',(116.5375,-45.1,6.));
#21756=CARTESIAN_POINT('',(102.5375,-31.1,6.));
#21757=CARTESIAN_POINT('',(116.5375,-31.1,6.));
#21758=CARTESIAN_POINT('',(102.5375,-45.1,6.));
#21759=CARTESIAN_POINT('',(102.5375,-31.1,6.));
#21760=CARTESIAN_POINT('',(102.5375,-45.1,6.));
#21761=CARTESIAN_POINT('Origin',(133.350125,-38.099999910593,6.));
#21762=CARTESIAN_POINT('',(140.6375,-45.1,6.));
#21763=CARTESIAN_POINT('',(154.6375,-45.1,6.));
#21764=CARTESIAN_POINT('',(140.6375,-45.1,6.));
#21765=CARTESIAN_POINT('',(154.6375,-31.1,6.));
#21766=CARTESIAN_POINT('',(154.6375,-45.1,6.));
#21767=CARTESIAN_POINT('',(140.6375,-31.1,6.));
#21768=CARTESIAN_POINT('',(154.6375,-31.1,6.));
#21769=CARTESIAN_POINT('',(140.6375,-31.1,6.));
#21770=CARTESIAN_POINT('Origin',(133.350125,-38.099999910593,6.));
#21771=CARTESIAN_POINT('',(230.8375,-45.1,6.));
#21772=CARTESIAN_POINT('',(230.8375,-31.1,6.));
#21773=CARTESIAN_POINT('',(230.8375,-45.1,6.));
#21774=CARTESIAN_POINT('',(216.8375,-31.1,6.));
#21775=CARTESIAN_POINT('',(230.8375,-31.1,6.));
#21776=CARTESIAN_POINT('',(216.8375,-45.1,6.));
#21777=CARTESIAN_POINT('',(216.8375,-31.1,6.));
#21778=CARTESIAN_POINT('',(216.8375,-45.1,6.));
#21779=CARTESIAN_POINT('Origin',(133.350125,-38.099999910593,6.));
#21780=CARTESIAN_POINT('',(26.3375,-45.1,6.));
#21781=CARTESIAN_POINT('',(40.3375,-45.1,6.));
#21782=CARTESIAN_POINT('',(26.3375,-45.1,6.));
#21783=CARTESIAN_POINT('',(40.3375,-31.1,6.));
#21784=CARTESIAN_POINT('',(40.3375,-45.1,6.));
#21785=CARTESIAN_POINT('',(26.3375,-31.1,6.));
#21786=CARTESIAN_POINT('',(40.3375,-31.1,6.));
#21787=CARTESIAN_POINT('',(26.3375,-31.1,6.));
#21788=CARTESIAN_POINT('Origin',(133.350125,-38.099999910593,6.));
#21789=CARTESIAN_POINT('',(192.7375,-31.1,6.));
#21790=CARTESIAN_POINT('',(178.7375,-31.1,6.));
#21791=CARTESIAN_POINT('',(192.7375,-31.1,6.));
#21792=CARTESIAN_POINT('',(178.7375,-45.1,6.));
#21793=CARTESIAN_POINT('',(178.7375,-31.1,6.));
#21794=CARTESIAN_POINT('',(192.7375,-45.1,6.));
#21795=CARTESIAN_POINT('',(178.7375,-45.1,6.));
#21796=CARTESIAN_POINT('',(192.7375,-45.1,6.));
#21797=CARTESIAN_POINT('Origin',(133.350125,-38.099999910593,6.));
#21798=CARTESIAN_POINT('',(49.8625,-50.15,6.));
#21799=CARTESIAN_POINT('',(35.8625,-50.15,6.));
#21800=CARTESIAN_POINT('',(49.8625,-50.15,6.));
#21801=CARTESIAN_POINT('',(35.8625,-64.15,6.));
#21802=CARTESIAN_POINT('',(35.8625,-50.15,6.));
#21803=CARTESIAN_POINT('',(49.8625,-64.15,6.));
#21804=CARTESIAN_POINT('',(35.8625,-64.15,6.));
#21805=CARTESIAN_POINT('',(49.8625,-64.15,6.));
#21806=CARTESIAN_POINT('Origin',(133.350125,-38.099999910593,6.));
#21807=CARTESIAN_POINT('',(87.9625,-50.15,6.));
#21808=CARTESIAN_POINT('',(73.9625,-50.15,6.));
#21809=CARTESIAN_POINT('',(87.9625,-50.15,6.));
#21810=CARTESIAN_POINT('',(73.9625,-64.15,6.));
#21811=CARTESIAN_POINT('',(73.9625,-50.15,6.));
#21812=CARTESIAN_POINT('',(87.9625,-64.15,6.));
#21813=CARTESIAN_POINT('',(73.9625,-64.15,6.));
#21814=CARTESIAN_POINT('',(87.9625,-64.15,6.));
#21815=CARTESIAN_POINT('Origin',(133.350125,-38.099999910593,6.));
#21816=CARTESIAN_POINT('',(107.0125,-64.15,6.));
#21817=CARTESIAN_POINT('',(107.0125,-50.15,6.));
#21818=CARTESIAN_POINT('',(107.0125,-64.15,6.));
#21819=CARTESIAN_POINT('',(93.0125,-50.15,6.));
#21820=CARTESIAN_POINT('',(107.0125,-50.15,6.));
#21821=CARTESIAN_POINT('',(93.0125,-64.15,6.));
#21822=CARTESIAN_POINT('',(93.0125,-50.15,6.));
#21823=CARTESIAN_POINT('',(93.0125,-64.15,6.));
#21824=CARTESIAN_POINT('Origin',(133.350125,-38.099999910593,6.));
#21825=CARTESIAN_POINT('',(126.0625,-50.15,6.));
#21826=CARTESIAN_POINT('',(112.0625,-50.15,6.));
#21827=CARTESIAN_POINT('',(126.0625,-50.15,6.));
#21828=CARTESIAN_POINT('',(112.0625,-64.15,6.));
#21829=CARTESIAN_POINT('',(112.0625,-50.15,6.));
#21830=CARTESIAN_POINT('',(126.0625,-64.15,6.));
#21831=CARTESIAN_POINT('',(112.0625,-64.15,6.));
#21832=CARTESIAN_POINT('',(126.0625,-64.15,6.));
#21833=CARTESIAN_POINT('Origin',(133.350125,-38.099999910593,6.));
#21834=CARTESIAN_POINT('',(164.1625,-50.15,6.));
#21835=CARTESIAN_POINT('',(150.1625,-50.15,6.));
#21836=CARTESIAN_POINT('',(164.1625,-50.15,6.));
#21837=CARTESIAN_POINT('',(150.1625,-64.15,6.));
#21838=CARTESIAN_POINT('',(150.1625,-50.15,6.));
#21839=CARTESIAN_POINT('',(164.1625,-64.15,6.));
#21840=CARTESIAN_POINT('',(150.1625,-64.15,6.));
#21841=CARTESIAN_POINT('',(164.1625,-64.15,6.));
#21842=CARTESIAN_POINT('Origin',(133.350125,-38.099999910593,6.));
#21843=CARTESIAN_POINT('',(202.2625,-50.15,6.));
#21844=CARTESIAN_POINT('',(188.2625,-50.15,6.));
#21845=CARTESIAN_POINT('',(202.2625,-50.15,6.));
#21846=CARTESIAN_POINT('',(188.2625,-64.15,6.));
#21847=CARTESIAN_POINT('',(188.2625,-50.15,6.));
#21848=CARTESIAN_POINT('',(202.2625,-64.15,6.));
#21849=CARTESIAN_POINT('',(188.2625,-64.15,6.));
#21850=CARTESIAN_POINT('',(202.2625,-64.15,6.));
#21851=CARTESIAN_POINT('Origin',(133.350125,-38.099999910593,6.));
#21852=CARTESIAN_POINT('',(183.2125,-50.15,6.));
#21853=CARTESIAN_POINT('',(169.2125,-50.15,6.));
#21854=CARTESIAN_POINT('',(183.2125,-50.15,6.));
#21855=CARTESIAN_POINT('',(169.2125,-64.15,6.));
#21856=CARTESIAN_POINT('',(169.2125,-50.15,6.));
#21857=CARTESIAN_POINT('',(183.2125,-64.15,6.));
#21858=CARTESIAN_POINT('',(169.2125,-64.15,6.));
#21859=CARTESIAN_POINT('',(183.2125,-64.15,6.));
#21860=CARTESIAN_POINT('Origin',(133.350125,-38.099999910593,6.));
#21861=CARTESIAN_POINT('',(221.3125,-50.15,6.));
#21862=CARTESIAN_POINT('',(207.3125,-50.15,6.));
#21863=CARTESIAN_POINT('',(221.3125,-50.15,6.));
#21864=CARTESIAN_POINT('',(207.3125,-64.15,6.));
#21865=CARTESIAN_POINT('',(207.3125,-50.15,6.));
#21866=CARTESIAN_POINT('',(221.3125,-64.15,6.));
#21867=CARTESIAN_POINT('',(207.3125,-64.15,6.));
#21868=CARTESIAN_POINT('',(221.3125,-64.15,6.));
#21869=CARTESIAN_POINT('Origin',(133.350125,-38.099999910593,6.));
#21870=CARTESIAN_POINT('',(9.38125,-69.2,6.));
#21871=CARTESIAN_POINT('',(-4.61875,-69.2,6.));
#21872=CARTESIAN_POINT('',(9.38125,-69.2,6.));
#21873=CARTESIAN_POINT('',(-4.61875,-83.2,6.));
#21874=CARTESIAN_POINT('',(-4.61875,-69.2,6.));
#21875=CARTESIAN_POINT('',(9.38125,-83.2,6.));
#21876=CARTESIAN_POINT('',(-4.61875,-83.2,6.));
#21877=CARTESIAN_POINT('',(9.38125,-83.2,6.));
#21878=CARTESIAN_POINT('Origin',(133.350125,-38.099999910593,6.));
#21879=CARTESIAN_POINT('',(33.19375,-69.2,6.));
#21880=CARTESIAN_POINT('',(19.19375,-69.2,6.));
#21881=CARTESIAN_POINT('',(33.19375,-69.2,6.));
#21882=CARTESIAN_POINT('',(19.19375,-83.2,6.));
#21883=CARTESIAN_POINT('',(19.19375,-69.2,6.));
#21884=CARTESIAN_POINT('',(33.19375,-83.2,6.));
#21885=CARTESIAN_POINT('',(19.19375,-83.2,6.));
#21886=CARTESIAN_POINT('',(33.19375,-83.2,6.));
#21887=CARTESIAN_POINT('Origin',(133.350125,-38.099999910593,6.));
#21888=CARTESIAN_POINT('',(43.00625,-69.2,6.));
#21889=CARTESIAN_POINT('',(43.00625,-83.2,6.));
#21890=CARTESIAN_POINT('',(43.00625,-69.2,6.));
#21891=CARTESIAN_POINT('',(57.00625,-83.2,6.));
#21892=CARTESIAN_POINT('',(43.00625,-83.2,6.));
#21893=CARTESIAN_POINT('',(57.00625,-69.2,6.));
#21894=CARTESIAN_POINT('',(57.00625,-83.2,6.));
#21895=CARTESIAN_POINT('',(57.00625,-69.2,6.));
#21896=CARTESIAN_POINT('Origin',(133.350125,-38.099999910593,6.));
#21897=CARTESIAN_POINT('',(14.14375,-45.1,6.));
#21898=CARTESIAN_POINT('',(14.14375,-31.1,6.));
#21899=CARTESIAN_POINT('',(14.14375,-45.1,6.));
#21900=CARTESIAN_POINT('',(0.14375,-31.1,6.));
#21901=CARTESIAN_POINT('',(14.14375,-31.1,6.));
#21902=CARTESIAN_POINT('',(0.14375,-45.1,6.));
#21903=CARTESIAN_POINT('',(0.14375,-31.1,6.));
#21904=CARTESIAN_POINT('',(0.14375,-45.1,6.));
#21905=CARTESIAN_POINT('Origin',(133.350125,-38.099999910593,6.));
#21906=CARTESIAN_POINT('',(-2.2375,-12.05,6.));
#21907=CARTESIAN_POINT('',(-2.2375,-26.05,6.));
#21908=CARTESIAN_POINT('',(-2.2375,-12.05,6.));
#21909=CARTESIAN_POINT('',(11.7625,-26.05,6.));
#21910=CARTESIAN_POINT('',(-2.2375,-26.05,6.));
#21911=CARTESIAN_POINT('',(11.7625,-12.05,6.));
#21912=CARTESIAN_POINT('',(11.7625,-26.05,6.));
#21913=CARTESIAN_POINT('',(11.7625,-12.05,6.));
#21914=CARTESIAN_POINT('Origin',(133.350125,-38.099999910593,6.));
#21915=CARTESIAN_POINT('',(268.9375,-26.05,6.));
#21916=CARTESIAN_POINT('',(268.9375,-12.05,6.));
#21917=CARTESIAN_POINT('',(268.9375,-26.05,6.));
#21918=CARTESIAN_POINT('',(254.9375,-12.05,6.));
#21919=CARTESIAN_POINT('',(268.9375,-12.05,6.));
#21920=CARTESIAN_POINT('',(254.9375,-26.05,6.));
#21921=CARTESIAN_POINT('',(254.9375,-12.05,6.));
#21922=CARTESIAN_POINT('',(254.9375,-26.05,6.));
#21923=CARTESIAN_POINT('Origin',(133.350125,-38.099999910593,6.));
#21924=CARTESIAN_POINT('',(257.31875,-69.2,6.));
#21925=CARTESIAN_POINT('',(257.31875,-83.2,6.));
#21926=CARTESIAN_POINT('',(257.31875,-69.2,6.));
#21927=CARTESIAN_POINT('',(271.31875,-83.2,6.));
#21928=CARTESIAN_POINT('',(257.31875,-83.2,6.));
#21929=CARTESIAN_POINT('',(271.31875,-69.2,6.));
#21930=CARTESIAN_POINT('',(271.31875,-83.2,6.));
#21931=CARTESIAN_POINT('',(271.31875,-69.2,6.));
#21932=CARTESIAN_POINT('Origin',(133.350125,-38.099999910593,6.));
#21933=CARTESIAN_POINT('',(233.50625,-83.2,6.));
#21934=CARTESIAN_POINT('',(247.50625,-83.2,6.));
#21935=CARTESIAN_POINT('',(233.50625,-83.2,6.));
#21936=CARTESIAN_POINT('',(247.50625,-69.2,6.));
#21937=CARTESIAN_POINT('',(247.50625,-83.2,6.));
#21938=CARTESIAN_POINT('',(233.50625,-69.2,6.));
#21939=CARTESIAN_POINT('',(247.50625,-69.2,6.));
#21940=CARTESIAN_POINT('',(233.50625,-69.2,6.));
#21941=CARTESIAN_POINT('Origin',(133.350125,-38.099999910593,6.));
#21942=CARTESIAN_POINT('',(223.69375,-69.2,6.));
#21943=CARTESIAN_POINT('',(209.69375,-69.2,6.));
#21944=CARTESIAN_POINT('',(223.69375,-69.2,6.));
#21945=CARTESIAN_POINT('',(209.69375,-83.2,6.));
#21946=CARTESIAN_POINT('',(209.69375,-69.2,6.));
#21947=CARTESIAN_POINT('',(223.69375,-83.2,6.));
#21948=CARTESIAN_POINT('',(209.69375,-83.2,6.));
#21949=CARTESIAN_POINT('',(223.69375,-83.2,6.));
#21950=CARTESIAN_POINT('Origin',(133.350125,-38.099999910593,6.));
#21951=CARTESIAN_POINT('',(199.88125,-69.2,6.));
#21952=CARTESIAN_POINT('',(185.88125,-69.2,6.));
#21953=CARTESIAN_POINT('',(199.88125,-69.2,6.));
#21954=CARTESIAN_POINT('',(185.88125,-83.2,6.));
#21955=CARTESIAN_POINT('',(185.88125,-69.2,6.));
#21956=CARTESIAN_POINT('',(199.88125,-83.2,6.));
#21957=CARTESIAN_POINT('',(185.88125,-83.2,6.));
#21958=CARTESIAN_POINT('',(199.88125,-83.2,6.));
#21959=CARTESIAN_POINT('Origin',(133.350125,-38.099999910593,6.));
#21960=CARTESIAN_POINT('',(247.79375,-31.1,6.));
#21961=CARTESIAN_POINT('',(247.79375,-45.1,6.));
#21962=CARTESIAN_POINT('',(247.79375,-31.1,6.));
#21963=CARTESIAN_POINT('',(261.79375,-45.1,6.));
#21964=CARTESIAN_POINT('',(247.79375,-45.1,6.));
#21965=CARTESIAN_POINT('',(261.79375,-31.1,6.));
#21966=CARTESIAN_POINT('',(261.79375,-45.1,6.));
#21967=CARTESIAN_POINT('',(261.79375,-31.1,6.));
#21968=CARTESIAN_POINT('Origin',(133.350125,-38.099999910593,6.));
#21969=CARTESIAN_POINT('',(114.44375,-69.2,6.));
#21970=CARTESIAN_POINT('',(114.44375,-83.2,6.));
#21971=CARTESIAN_POINT('',(114.44375,-69.2,6.));
#21972=CARTESIAN_POINT('',(128.44375,-83.2,6.));
#21973=CARTESIAN_POINT('',(114.44375,-83.2,6.));
#21974=CARTESIAN_POINT('',(128.44375,-69.2,6.));
#21975=CARTESIAN_POINT('',(128.44375,-83.2,6.));
#21976=CARTESIAN_POINT('',(128.44375,-69.2,6.));
#21977=CARTESIAN_POINT('Origin',(247.50625,-69.2,6.));
#21978=CARTESIAN_POINT('',(247.50625,-83.2,7.5));
#21979=CARTESIAN_POINT('',(247.50625,-83.2,6.));
#21980=CARTESIAN_POINT('',(247.50625,-69.2,7.5));
#21981=CARTESIAN_POINT('',(247.50625,-83.2,7.5));
#21982=CARTESIAN_POINT('',(247.50625,-69.2,6.));
#21983=CARTESIAN_POINT('Origin',(233.50625,-69.2,6.));
#21984=CARTESIAN_POINT('',(233.50625,-69.2,7.5));
#21985=CARTESIAN_POINT('',(247.50625,-69.2,7.5));
#21986=CARTESIAN_POINT('',(233.50625,-69.2,6.));
#21987=CARTESIAN_POINT('Origin',(233.50625,-83.2,6.));
#21988=CARTESIAN_POINT('',(233.50625,-83.2,7.5));
#21989=CARTESIAN_POINT('',(233.50625,-69.2,7.5));
#21990=CARTESIAN_POINT('',(233.50625,-83.2,6.));
#21991=CARTESIAN_POINT('Origin',(247.50625,-83.2,6.));
#21992=CARTESIAN_POINT('',(233.50625,-83.2,7.5));
#21993=CARTESIAN_POINT('Origin',(20.34425,-66.15,6.));
#21994=CARTESIAN_POINT('',(20.34425,-66.15,7.5));
#21995=CARTESIAN_POINT('',(20.34425,-51.15,7.5));
#21996=CARTESIAN_POINT('',(20.34425,-66.15,6.));
#21997=CARTESIAN_POINT('Origin',(27.34425,-66.15,6.));
#21998=CARTESIAN_POINT('',(20.34425,-66.15,7.5));
#21999=CARTESIAN_POINT('Origin',(241.59325,-51.15,6.));
#22000=CARTESIAN_POINT('',(241.59325,-51.15,7.5));
#22001=CARTESIAN_POINT('',(241.59325,-66.15,7.5));
#22002=CARTESIAN_POINT('',(241.59325,-51.15,6.));
#22003=CARTESIAN_POINT('Origin',(234.59325,-51.15,6.));
#22004=CARTESIAN_POINT('',(241.59325,-51.15,7.5));
#22005=CARTESIAN_POINT('Origin',(3.46825,-66.15,6.));
#22006=CARTESIAN_POINT('',(3.46825,-66.15,7.5));
#22007=CARTESIAN_POINT('',(-3.53175,-66.15,7.5));
#22008=CARTESIAN_POINT('',(3.46825,-66.15,6.));
#22009=CARTESIAN_POINT('Origin',(3.46825,-51.15,6.));
#22010=CARTESIAN_POINT('',(3.46825,-66.15,7.5));
#22011=CARTESIAN_POINT('Origin',(239.35575,-32.1,6.));
#22012=CARTESIAN_POINT('',(239.35575,-32.1,7.5));
#22013=CARTESIAN_POINT('',(246.35575,-32.1,7.5));
#22014=CARTESIAN_POINT('',(239.35575,-32.1,6.));
#22015=CARTESIAN_POINT('Origin',(239.35575,-47.1,6.));
#22016=CARTESIAN_POINT('',(239.35575,-32.1,7.5));
#22017=CARTESIAN_POINT('Origin',(167.94375,-85.2,6.));
#22018=CARTESIAN_POINT('',(167.94375,-85.2,7.5));
#22019=CARTESIAN_POINT('',(167.94375,-70.2,7.5));
#22020=CARTESIAN_POINT('',(167.94375,-85.2,6.));
#22021=CARTESIAN_POINT('Origin',(174.94375,-85.2,6.));
#22022=CARTESIAN_POINT('',(167.94375,-85.2,7.5));
#22023=CARTESIAN_POINT('Origin',(241.737,-9.,6.));
#22024=CARTESIAN_POINT('',(241.737,-9.,7.5));
#22025=CARTESIAN_POINT('',(241.737,6.,7.5));
#22026=CARTESIAN_POINT('',(241.737,-9.,6.));
#22027=CARTESIAN_POINT('Origin',(248.737,-9.,6.));
#22028=CARTESIAN_POINT('',(241.737,-9.,7.5));
#22029=CARTESIAN_POINT('Origin',(258.46925,-66.15,6.));
#22030=CARTESIAN_POINT('',(258.46925,-66.15,7.5));
#22031=CARTESIAN_POINT('',(258.46925,-51.15,7.5));
#22032=CARTESIAN_POINT('',(258.46925,-66.15,6.));
#22033=CARTESIAN_POINT('Origin',(265.46925,-66.15,6.));
#22034=CARTESIAN_POINT('',(258.46925,-66.15,7.5));
#22035=CARTESIAN_POINT('Origin',(272.613,6.,6.));
#22036=CARTESIAN_POINT('',(272.613,6.,7.5));
#22037=CARTESIAN_POINT('',(272.613,-9.,7.5));
#22038=CARTESIAN_POINT('',(272.613,6.,6.));
#22039=CARTESIAN_POINT('Origin',(265.613,6.,6.));
#22040=CARTESIAN_POINT('',(272.613,6.,7.5));
#22041=CARTESIAN_POINT('Origin',(271.31875,-83.2,6.));
#22042=CARTESIAN_POINT('',(257.31875,-83.2,7.5));
#22043=CARTESIAN_POINT('',(257.31875,-83.2,6.));
#22044=CARTESIAN_POINT('',(271.31875,-83.2,7.5));
#22045=CARTESIAN_POINT('',(257.31875,-83.2,7.5));
#22046=CARTESIAN_POINT('',(271.31875,-83.2,6.));
#22047=CARTESIAN_POINT('Origin',(271.31875,-69.2,6.));
#22048=CARTESIAN_POINT('',(271.31875,-69.2,7.5));
#22049=CARTESIAN_POINT('',(271.31875,-83.2,7.5));
#22050=CARTESIAN_POINT('',(271.31875,-69.2,6.));
#22051=CARTESIAN_POINT('Origin',(257.31875,-69.2,6.));
#22052=CARTESIAN_POINT('',(257.31875,-69.2,7.5));
#22053=CARTESIAN_POINT('',(271.31875,-69.2,7.5));
#22054=CARTESIAN_POINT('',(257.31875,-69.2,6.));
#22055=CARTESIAN_POINT('Origin',(257.31875,-83.2,6.));
#22056=CARTESIAN_POINT('',(257.31875,-69.2,7.5));
#22057=CARTESIAN_POINT('Origin',(270.23175,-32.1,6.));
#22058=CARTESIAN_POINT('',(270.23175,-32.1,7.5));
#22059=CARTESIAN_POINT('',(270.23175,-47.1,7.5));
#22060=CARTESIAN_POINT('',(270.23175,-32.1,6.));
#22061=CARTESIAN_POINT('Origin',(263.23175,-32.1,6.));
#22062=CARTESIAN_POINT('',(270.23175,-32.1,7.5));
#22063=CARTESIAN_POINT('Origin',(74.94375,-85.2,6.));
#22064=CARTESIAN_POINT('',(74.94375,-85.2,7.5));
#22065=CARTESIAN_POINT('',(67.94375,-85.2,7.5));
#22066=CARTESIAN_POINT('',(74.94375,-85.2,6.));
#22067=CARTESIAN_POINT('Origin',(74.94375,-70.2,6.));
#22068=CARTESIAN_POINT('',(74.94375,-85.2,7.5));
#22069=CARTESIAN_POINT('Origin',(209.69375,-83.2,6.));
#22070=CARTESIAN_POINT('',(209.69375,-69.2,7.5));
#22071=CARTESIAN_POINT('',(209.69375,-69.2,6.));
#22072=CARTESIAN_POINT('',(209.69375,-83.2,7.5));
#22073=CARTESIAN_POINT('',(209.69375,-69.2,7.5));
#22074=CARTESIAN_POINT('',(209.69375,-83.2,6.));
#22075=CARTESIAN_POINT('Origin',(223.69375,-83.2,6.));
#22076=CARTESIAN_POINT('',(223.69375,-83.2,7.5));
#22077=CARTESIAN_POINT('',(209.69375,-83.2,7.5));
#22078=CARTESIAN_POINT('',(223.69375,-83.2,6.));
#22079=CARTESIAN_POINT('Origin',(223.69375,-69.2,6.));
#22080=CARTESIAN_POINT('',(223.69375,-69.2,7.5));
#22081=CARTESIAN_POINT('',(223.69375,-83.2,7.5));
#22082=CARTESIAN_POINT('',(223.69375,-69.2,6.));
#22083=CARTESIAN_POINT('Origin',(209.69375,-69.2,6.));
#22084=CARTESIAN_POINT('',(223.69375,-69.2,7.5));
#22085=CARTESIAN_POINT('Origin',(-4.61875,-83.2,6.));
#22086=CARTESIAN_POINT('',(-4.61875,-69.2,7.5));
#22087=CARTESIAN_POINT('',(-4.61875,-69.2,6.));
#22088=CARTESIAN_POINT('',(-4.61875,-83.2,7.5));
#22089=CARTESIAN_POINT('',(-4.61875,-69.2,7.5));
#22090=CARTESIAN_POINT('',(-4.61875,-83.2,6.));
#22091=CARTESIAN_POINT('Origin',(9.38125,-83.2,6.));
#22092=CARTESIAN_POINT('',(9.38125,-83.2,7.5));
#22093=CARTESIAN_POINT('',(-4.61875,-83.2,7.5));
#22094=CARTESIAN_POINT('',(9.38125,-83.2,6.));
#22095=CARTESIAN_POINT('Origin',(9.38125,-69.2,6.));
#22096=CARTESIAN_POINT('',(9.38125,-69.2,7.5));
#22097=CARTESIAN_POINT('',(9.38125,-83.2,7.5));
#22098=CARTESIAN_POINT('',(9.38125,-69.2,6.));
#22099=CARTESIAN_POINT('Origin',(-4.61875,-69.2,6.));
#22100=CARTESIAN_POINT('',(9.38125,-69.2,7.5));
#22101=CARTESIAN_POINT('Origin',(57.00625,-83.2,6.));
#22102=CARTESIAN_POINT('',(43.00625,-83.2,7.5));
#22103=CARTESIAN_POINT('',(43.00625,-83.2,6.));
#22104=CARTESIAN_POINT('',(57.00625,-83.2,7.5));
#22105=CARTESIAN_POINT('',(43.00625,-83.2,7.5));
#22106=CARTESIAN_POINT('',(57.00625,-83.2,6.));
#22107=CARTESIAN_POINT('Origin',(57.00625,-69.2,6.));
#22108=CARTESIAN_POINT('',(57.00625,-69.2,7.5));
#22109=CARTESIAN_POINT('',(57.00625,-83.2,7.5));
#22110=CARTESIAN_POINT('',(57.00625,-69.2,6.));
#22111=CARTESIAN_POINT('Origin',(43.00625,-69.2,6.));
#22112=CARTESIAN_POINT('',(43.00625,-69.2,7.5));
#22113=CARTESIAN_POINT('',(57.00625,-69.2,7.5));
#22114=CARTESIAN_POINT('',(43.00625,-69.2,6.));
#22115=CARTESIAN_POINT('Origin',(43.00625,-83.2,6.));
#22116=CARTESIAN_POINT('',(43.00625,-69.2,7.5));
#22117=CARTESIAN_POINT('Origin',(257.03125,-50.15,6.));
#22118=CARTESIAN_POINT('',(257.03125,-64.15,7.5));
#22119=CARTESIAN_POINT('',(257.03125,-64.15,6.));
#22120=CARTESIAN_POINT('',(257.03125,-50.15,7.5));
#22121=CARTESIAN_POINT('',(257.03125,-64.15,7.5));
#22122=CARTESIAN_POINT('',(257.03125,-50.15,6.));
#22123=CARTESIAN_POINT('Origin',(243.03125,-50.15,6.));
#22124=CARTESIAN_POINT('',(243.03125,-50.15,7.5));
#22125=CARTESIAN_POINT('',(257.03125,-50.15,7.5));
#22126=CARTESIAN_POINT('',(243.03125,-50.15,6.));
#22127=CARTESIAN_POINT('Origin',(243.03125,-64.15,6.));
#22128=CARTESIAN_POINT('',(243.03125,-64.15,7.5));
#22129=CARTESIAN_POINT('',(243.03125,-50.15,7.5));
#22130=CARTESIAN_POINT('',(243.03125,-64.15,6.));
#22131=CARTESIAN_POINT('Origin',(257.03125,-64.15,6.));
#22132=CARTESIAN_POINT('',(243.03125,-64.15,7.5));
#22133=CARTESIAN_POINT('Origin',(73.9625,-64.15,6.));
#22134=CARTESIAN_POINT('',(73.9625,-50.15,7.5));
#22135=CARTESIAN_POINT('',(73.9625,-50.15,6.));
#22136=CARTESIAN_POINT('',(73.9625,-64.15,7.5));
#22137=CARTESIAN_POINT('',(73.9625,-50.15,7.5));
#22138=CARTESIAN_POINT('',(73.9625,-64.15,6.));
#22139=CARTESIAN_POINT('Origin',(87.9625,-64.15,6.));
#22140=CARTESIAN_POINT('',(87.9625,-64.15,7.5));
#22141=CARTESIAN_POINT('',(73.9625,-64.15,7.5));
#22142=CARTESIAN_POINT('',(87.9625,-64.15,6.));
#22143=CARTESIAN_POINT('Origin',(87.9625,-50.15,6.));
#22144=CARTESIAN_POINT('',(87.9625,-50.15,7.5));
#22145=CARTESIAN_POINT('',(87.9625,-64.15,7.5));
#22146=CARTESIAN_POINT('',(87.9625,-50.15,6.));
#22147=CARTESIAN_POINT('Origin',(73.9625,-50.15,6.));
#22148=CARTESIAN_POINT('',(87.9625,-50.15,7.5));
#22149=CARTESIAN_POINT('Origin',(188.2625,-64.15,6.));
#22150=CARTESIAN_POINT('',(188.2625,-50.15,7.5));
#22151=CARTESIAN_POINT('',(188.2625,-50.15,6.));
#22152=CARTESIAN_POINT('',(188.2625,-64.15,7.5));
#22153=CARTESIAN_POINT('',(188.2625,-50.15,7.5));
#22154=CARTESIAN_POINT('',(188.2625,-64.15,6.));
#22155=CARTESIAN_POINT('Origin',(202.2625,-64.15,6.));
#22156=CARTESIAN_POINT('',(202.2625,-64.15,7.5));
#22157=CARTESIAN_POINT('',(188.2625,-64.15,7.5));
#22158=CARTESIAN_POINT('',(202.2625,-64.15,6.));
#22159=CARTESIAN_POINT('Origin',(202.2625,-50.15,6.));
#22160=CARTESIAN_POINT('',(202.2625,-50.15,7.5));
#22161=CARTESIAN_POINT('',(202.2625,-64.15,7.5));
#22162=CARTESIAN_POINT('',(202.2625,-50.15,6.));
#22163=CARTESIAN_POINT('Origin',(188.2625,-50.15,6.));
#22164=CARTESIAN_POINT('',(202.2625,-50.15,7.5));
#22165=CARTESIAN_POINT('Origin',(93.0125,-50.15,6.));
#22166=CARTESIAN_POINT('',(107.0125,-50.15,7.5));
#22167=CARTESIAN_POINT('',(107.0125,-50.15,6.));
#22168=CARTESIAN_POINT('',(93.0125,-50.15,7.5));
#22169=CARTESIAN_POINT('',(107.0125,-50.15,7.5));
#22170=CARTESIAN_POINT('',(93.0125,-50.15,6.));
#22171=CARTESIAN_POINT('Origin',(93.0125,-64.15,6.));
#22172=CARTESIAN_POINT('',(93.0125,-64.15,7.5));
#22173=CARTESIAN_POINT('',(93.0125,-50.15,7.5));
#22174=CARTESIAN_POINT('',(93.0125,-64.15,6.));
#22175=CARTESIAN_POINT('Origin',(107.0125,-64.15,6.));
#22176=CARTESIAN_POINT('',(107.0125,-64.15,7.5));
#22177=CARTESIAN_POINT('',(93.0125,-64.15,7.5));
#22178=CARTESIAN_POINT('',(107.0125,-64.15,6.));
#22179=CARTESIAN_POINT('Origin',(107.0125,-50.15,6.));
#22180=CARTESIAN_POINT('',(107.0125,-64.15,7.5));
#22181=CARTESIAN_POINT('Origin',(145.1125,-64.15,6.));
#22182=CARTESIAN_POINT('',(131.1125,-64.15,7.5));
#22183=CARTESIAN_POINT('',(131.1125,-64.15,6.));
#22184=CARTESIAN_POINT('',(145.1125,-64.15,7.5));
#22185=CARTESIAN_POINT('',(131.1125,-64.15,7.5));
#22186=CARTESIAN_POINT('',(145.1125,-64.15,6.));
#22187=CARTESIAN_POINT('Origin',(145.1125,-50.15,6.));
#22188=CARTESIAN_POINT('',(145.1125,-50.15,7.5));
#22189=CARTESIAN_POINT('',(145.1125,-64.15,7.5));
#22190=CARTESIAN_POINT('',(145.1125,-50.15,6.));
#22191=CARTESIAN_POINT('Origin',(131.1125,-50.15,6.));
#22192=CARTESIAN_POINT('',(131.1125,-50.15,7.5));
#22193=CARTESIAN_POINT('',(145.1125,-50.15,7.5));
#22194=CARTESIAN_POINT('',(131.1125,-50.15,6.));
#22195=CARTESIAN_POINT('Origin',(131.1125,-64.15,6.));
#22196=CARTESIAN_POINT('',(131.1125,-50.15,7.5));
#22197=CARTESIAN_POINT('Origin',(112.0625,-64.15,6.));
#22198=CARTESIAN_POINT('',(112.0625,-50.15,7.5));
#22199=CARTESIAN_POINT('',(112.0625,-50.15,6.));
#22200=CARTESIAN_POINT('',(112.0625,-64.15,7.5));
#22201=CARTESIAN_POINT('',(112.0625,-50.15,7.5));
#22202=CARTESIAN_POINT('',(112.0625,-64.15,6.));
#22203=CARTESIAN_POINT('Origin',(126.0625,-64.15,6.));
#22204=CARTESIAN_POINT('',(126.0625,-64.15,7.5));
#22205=CARTESIAN_POINT('',(112.0625,-64.15,7.5));
#22206=CARTESIAN_POINT('',(126.0625,-64.15,6.));
#22207=CARTESIAN_POINT('Origin',(126.0625,-50.15,6.));
#22208=CARTESIAN_POINT('',(126.0625,-50.15,7.5));
#22209=CARTESIAN_POINT('',(126.0625,-64.15,7.5));
#22210=CARTESIAN_POINT('',(126.0625,-50.15,6.));
#22211=CARTESIAN_POINT('Origin',(112.0625,-50.15,6.));
#22212=CARTESIAN_POINT('',(126.0625,-50.15,7.5));
#22213=CARTESIAN_POINT('Origin',(54.9125,-50.15,6.));
#22214=CARTESIAN_POINT('',(68.9125,-50.15,7.5));
#22215=CARTESIAN_POINT('',(68.9125,-50.15,6.));
#22216=CARTESIAN_POINT('',(54.9125,-50.15,7.5));
#22217=CARTESIAN_POINT('',(68.9125,-50.15,7.5));
#22218=CARTESIAN_POINT('',(54.9125,-50.15,6.));
#22219=CARTESIAN_POINT('Origin',(54.9125,-64.15,6.));
#22220=CARTESIAN_POINT('',(54.9125,-64.15,7.5));
#22221=CARTESIAN_POINT('',(54.9125,-50.15,7.5));
#22222=CARTESIAN_POINT('',(54.9125,-64.15,6.));
#22223=CARTESIAN_POINT('Origin',(68.9125,-64.15,6.));
#22224=CARTESIAN_POINT('',(68.9125,-64.15,7.5));
#22225=CARTESIAN_POINT('',(54.9125,-64.15,7.5));
#22226=CARTESIAN_POINT('',(68.9125,-64.15,6.));
#22227=CARTESIAN_POINT('Origin',(68.9125,-50.15,6.));
#22228=CARTESIAN_POINT('',(68.9125,-64.15,7.5));
#22229=CARTESIAN_POINT('Origin',(185.88125,-83.2,6.));
#22230=CARTESIAN_POINT('',(185.88125,-69.2,7.5));
#22231=CARTESIAN_POINT('',(185.88125,-69.2,6.));
#22232=CARTESIAN_POINT('',(185.88125,-83.2,7.5));
#22233=CARTESIAN_POINT('',(185.88125,-69.2,7.5));
#22234=CARTESIAN_POINT('',(185.88125,-83.2,6.));
#22235=CARTESIAN_POINT('Origin',(199.88125,-83.2,6.));
#22236=CARTESIAN_POINT('',(199.88125,-83.2,7.5));
#22237=CARTESIAN_POINT('',(185.88125,-83.2,7.5));
#22238=CARTESIAN_POINT('',(199.88125,-83.2,6.));
#22239=CARTESIAN_POINT('Origin',(199.88125,-69.2,6.));
#22240=CARTESIAN_POINT('',(199.88125,-69.2,7.5));
#22241=CARTESIAN_POINT('',(199.88125,-83.2,7.5));
#22242=CARTESIAN_POINT('',(199.88125,-69.2,6.));
#22243=CARTESIAN_POINT('Origin',(185.88125,-69.2,6.));
#22244=CARTESIAN_POINT('',(199.88125,-69.2,7.5));
#22245=CARTESIAN_POINT('Origin',(128.44375,-83.2,6.));
#22246=CARTESIAN_POINT('',(114.44375,-83.2,7.5));
#22247=CARTESIAN_POINT('',(114.44375,-83.2,6.));
#22248=CARTESIAN_POINT('',(128.44375,-83.2,7.5));
#22249=CARTESIAN_POINT('',(114.44375,-83.2,7.5));
#22250=CARTESIAN_POINT('',(128.44375,-83.2,6.));
#22251=CARTESIAN_POINT('Origin',(128.44375,-69.2,6.));
#22252=CARTESIAN_POINT('',(128.44375,-69.2,7.5));
#22253=CARTESIAN_POINT('',(128.44375,-83.2,7.5));
#22254=CARTESIAN_POINT('',(128.44375,-69.2,6.));
#22255=CARTESIAN_POINT('Origin',(114.44375,-69.2,6.));
#22256=CARTESIAN_POINT('',(114.44375,-69.2,7.5));
#22257=CARTESIAN_POINT('',(128.44375,-69.2,7.5));
#22258=CARTESIAN_POINT('',(114.44375,-69.2,6.));
#22259=CARTESIAN_POINT('Origin',(114.44375,-83.2,6.));
#22260=CARTESIAN_POINT('',(114.44375,-69.2,7.5));
#22261=CARTESIAN_POINT('Origin',(19.19375,-83.2,6.));
#22262=CARTESIAN_POINT('',(19.19375,-69.2,7.5));
#22263=CARTESIAN_POINT('',(19.19375,-69.2,6.));
#22264=CARTESIAN_POINT('',(19.19375,-83.2,7.5));
#22265=CARTESIAN_POINT('',(19.19375,-69.2,7.5));
#22266=CARTESIAN_POINT('',(19.19375,-83.2,6.));
#22267=CARTESIAN_POINT('Origin',(33.19375,-83.2,6.));
#22268=CARTESIAN_POINT('',(33.19375,-83.2,7.5));
#22269=CARTESIAN_POINT('',(19.19375,-83.2,7.5));
#22270=CARTESIAN_POINT('',(33.19375,-83.2,6.));
#22271=CARTESIAN_POINT('Origin',(33.19375,-69.2,6.));
#22272=CARTESIAN_POINT('',(33.19375,-69.2,7.5));
#22273=CARTESIAN_POINT('',(33.19375,-83.2,7.5));
#22274=CARTESIAN_POINT('',(33.19375,-69.2,6.));
#22275=CARTESIAN_POINT('Origin',(19.19375,-69.2,6.));
#22276=CARTESIAN_POINT('',(33.19375,-69.2,7.5));
#22277=CARTESIAN_POINT('Origin',(150.1625,-64.15,6.));
#22278=CARTESIAN_POINT('',(150.1625,-50.15,7.5));
#22279=CARTESIAN_POINT('',(150.1625,-50.15,6.));
#22280=CARTESIAN_POINT('',(150.1625,-64.15,7.5));
#22281=CARTESIAN_POINT('',(150.1625,-50.15,7.5));
#22282=CARTESIAN_POINT('',(150.1625,-64.15,6.));
#22283=CARTESIAN_POINT('Origin',(164.1625,-64.15,6.));
#22284=CARTESIAN_POINT('',(164.1625,-64.15,7.5));
#22285=CARTESIAN_POINT('',(150.1625,-64.15,7.5));
#22286=CARTESIAN_POINT('',(164.1625,-64.15,6.));
#22287=CARTESIAN_POINT('Origin',(164.1625,-50.15,6.));
#22288=CARTESIAN_POINT('',(164.1625,-50.15,7.5));
#22289=CARTESIAN_POINT('',(164.1625,-64.15,7.5));
#22290=CARTESIAN_POINT('',(164.1625,-50.15,6.));
#22291=CARTESIAN_POINT('Origin',(150.1625,-50.15,6.));
#22292=CARTESIAN_POINT('',(164.1625,-50.15,7.5));
#22293=CARTESIAN_POINT('Origin',(207.3125,-64.15,6.));
#22294=CARTESIAN_POINT('',(207.3125,-50.15,7.5));
#22295=CARTESIAN_POINT('',(207.3125,-50.15,6.));
#22296=CARTESIAN_POINT('',(207.3125,-64.15,7.5));
#22297=CARTESIAN_POINT('',(207.3125,-50.15,7.5));
#22298=CARTESIAN_POINT('',(207.3125,-64.15,6.));
#22299=CARTESIAN_POINT('Origin',(221.3125,-64.15,6.));
#22300=CARTESIAN_POINT('',(221.3125,-64.15,7.5));
#22301=CARTESIAN_POINT('',(207.3125,-64.15,7.5));
#22302=CARTESIAN_POINT('',(221.3125,-64.15,6.));
#22303=CARTESIAN_POINT('Origin',(221.3125,-50.15,6.));
#22304=CARTESIAN_POINT('',(221.3125,-50.15,7.5));
#22305=CARTESIAN_POINT('',(221.3125,-64.15,7.5));
#22306=CARTESIAN_POINT('',(221.3125,-50.15,6.));
#22307=CARTESIAN_POINT('Origin',(207.3125,-50.15,6.));
#22308=CARTESIAN_POINT('',(221.3125,-50.15,7.5));
#22309=CARTESIAN_POINT('Origin',(169.2125,-64.15,6.));
#22310=CARTESIAN_POINT('',(169.2125,-50.15,7.5));
#22311=CARTESIAN_POINT('',(169.2125,-50.15,6.));
#22312=CARTESIAN_POINT('',(169.2125,-64.15,7.5));
#22313=CARTESIAN_POINT('',(169.2125,-50.15,7.5));
#22314=CARTESIAN_POINT('',(169.2125,-64.15,6.));
#22315=CARTESIAN_POINT('Origin',(183.2125,-64.15,6.));
#22316=CARTESIAN_POINT('',(183.2125,-64.15,7.5));
#22317=CARTESIAN_POINT('',(169.2125,-64.15,7.5));
#22318=CARTESIAN_POINT('',(183.2125,-64.15,6.));
#22319=CARTESIAN_POINT('Origin',(183.2125,-50.15,6.));
#22320=CARTESIAN_POINT('',(183.2125,-50.15,7.5));
#22321=CARTESIAN_POINT('',(183.2125,-64.15,7.5));
#22322=CARTESIAN_POINT('',(183.2125,-50.15,6.));
#22323=CARTESIAN_POINT('Origin',(169.2125,-50.15,6.));
#22324=CARTESIAN_POINT('',(183.2125,-50.15,7.5));
#22325=CARTESIAN_POINT('Origin',(35.8625,-64.15,6.));
#22326=CARTESIAN_POINT('',(35.8625,-50.15,7.5));
#22327=CARTESIAN_POINT('',(35.8625,-50.15,6.));
#22328=CARTESIAN_POINT('',(35.8625,-64.15,7.5));
#22329=CARTESIAN_POINT('',(35.8625,-50.15,7.5));
#22330=CARTESIAN_POINT('',(35.8625,-64.15,6.));
#22331=CARTESIAN_POINT('Origin',(49.8625,-64.15,6.));
#22332=CARTESIAN_POINT('',(49.8625,-64.15,7.5));
#22333=CARTESIAN_POINT('',(35.8625,-64.15,7.5));
#22334=CARTESIAN_POINT('',(49.8625,-64.15,6.));
#22335=CARTESIAN_POINT('Origin',(49.8625,-50.15,6.));
#22336=CARTESIAN_POINT('',(49.8625,-50.15,7.5));
#22337=CARTESIAN_POINT('',(49.8625,-64.15,7.5));
#22338=CARTESIAN_POINT('',(49.8625,-50.15,6.));
#22339=CARTESIAN_POINT('Origin',(35.8625,-50.15,6.));
#22340=CARTESIAN_POINT('',(49.8625,-50.15,7.5));
#22341=CARTESIAN_POINT('Origin',(216.8375,-31.1,6.));
#22342=CARTESIAN_POINT('',(230.8375,-31.1,7.5));
#22343=CARTESIAN_POINT('',(230.8375,-31.1,6.));
#22344=CARTESIAN_POINT('',(216.8375,-31.1,7.5));
#22345=CARTESIAN_POINT('',(230.8375,-31.1,7.5));
#22346=CARTESIAN_POINT('',(216.8375,-31.1,6.));
#22347=CARTESIAN_POINT('Origin',(216.8375,-45.1,6.));
#22348=CARTESIAN_POINT('',(216.8375,-45.1,7.5));
#22349=CARTESIAN_POINT('',(216.8375,-31.1,7.5));
#22350=CARTESIAN_POINT('',(216.8375,-45.1,6.));
#22351=CARTESIAN_POINT('Origin',(230.8375,-45.1,6.));
#22352=CARTESIAN_POINT('',(230.8375,-45.1,7.5));
#22353=CARTESIAN_POINT('',(216.8375,-45.1,7.5));
#22354=CARTESIAN_POINT('',(230.8375,-45.1,6.));
#22355=CARTESIAN_POINT('Origin',(230.8375,-31.1,6.));
#22356=CARTESIAN_POINT('',(230.8375,-45.1,7.5));
#22357=CARTESIAN_POINT('Origin',(211.7875,-45.1,6.));
#22358=CARTESIAN_POINT('',(197.7875,-45.1,7.5));
#22359=CARTESIAN_POINT('',(197.7875,-45.1,6.));
#22360=CARTESIAN_POINT('',(211.7875,-45.1,7.5));
#22361=CARTESIAN_POINT('',(197.7875,-45.1,7.5));
#22362=CARTESIAN_POINT('',(211.7875,-45.1,6.));
#22363=CARTESIAN_POINT('Origin',(211.7875,-31.1,6.));
#22364=CARTESIAN_POINT('',(211.7875,-31.1,7.5));
#22365=CARTESIAN_POINT('',(211.7875,-45.1,7.5));
#22366=CARTESIAN_POINT('',(211.7875,-31.1,6.));
#22367=CARTESIAN_POINT('Origin',(197.7875,-31.1,6.));
#22368=CARTESIAN_POINT('',(197.7875,-31.1,7.5));
#22369=CARTESIAN_POINT('',(211.7875,-31.1,7.5));
#22370=CARTESIAN_POINT('',(197.7875,-31.1,6.));
#22371=CARTESIAN_POINT('Origin',(197.7875,-45.1,6.));
#22372=CARTESIAN_POINT('',(197.7875,-31.1,7.5));
#22373=CARTESIAN_POINT('Origin',(173.6875,-31.1,6.));
#22374=CARTESIAN_POINT('',(173.6875,-45.1,7.5));
#22375=CARTESIAN_POINT('',(173.6875,-45.1,6.));
#22376=CARTESIAN_POINT('',(173.6875,-31.1,7.5));
#22377=CARTESIAN_POINT('',(173.6875,-45.1,7.5));
#22378=CARTESIAN_POINT('',(173.6875,-31.1,6.));
#22379=CARTESIAN_POINT('Origin',(159.6875,-31.1,6.));
#22380=CARTESIAN_POINT('',(159.6875,-31.1,7.5));
#22381=CARTESIAN_POINT('',(173.6875,-31.1,7.5));
#22382=CARTESIAN_POINT('',(159.6875,-31.1,6.));
#22383=CARTESIAN_POINT('Origin',(159.6875,-45.1,6.));
#22384=CARTESIAN_POINT('',(159.6875,-45.1,7.5));
#22385=CARTESIAN_POINT('',(159.6875,-31.1,7.5));
#22386=CARTESIAN_POINT('',(159.6875,-45.1,6.));
#22387=CARTESIAN_POINT('Origin',(173.6875,-45.1,6.));
#22388=CARTESIAN_POINT('',(159.6875,-45.1,7.5));
#22389=CARTESIAN_POINT('Origin',(45.3875,-31.1,6.));
#22390=CARTESIAN_POINT('',(59.3875,-31.1,7.5));
#22391=CARTESIAN_POINT('',(59.3875,-31.1,6.));
#22392=CARTESIAN_POINT('',(45.3875,-31.1,7.5));
#22393=CARTESIAN_POINT('',(59.3875,-31.1,7.5));
#22394=CARTESIAN_POINT('',(45.3875,-31.1,6.));
#22395=CARTESIAN_POINT('Origin',(45.3875,-45.1,6.));
#22396=CARTESIAN_POINT('',(45.3875,-45.1,7.5));
#22397=CARTESIAN_POINT('',(45.3875,-31.1,7.5));
#22398=CARTESIAN_POINT('',(45.3875,-45.1,6.));
#22399=CARTESIAN_POINT('Origin',(59.3875,-45.1,6.));
#22400=CARTESIAN_POINT('',(59.3875,-45.1,7.5));
#22401=CARTESIAN_POINT('',(45.3875,-45.1,7.5));
#22402=CARTESIAN_POINT('',(59.3875,-45.1,6.));
#22403=CARTESIAN_POINT('Origin',(59.3875,-31.1,6.));
#22404=CARTESIAN_POINT('',(59.3875,-45.1,7.5));
#22405=CARTESIAN_POINT('Origin',(0.14375,-31.1,6.));
#22406=CARTESIAN_POINT('',(14.14375,-31.1,7.5));
#22407=CARTESIAN_POINT('',(14.14375,-31.1,6.));
#22408=CARTESIAN_POINT('',(0.14375,-31.1,7.5));
#22409=CARTESIAN_POINT('',(14.14375,-31.1,7.5));
#22410=CARTESIAN_POINT('',(0.14375,-31.1,6.));
#22411=CARTESIAN_POINT('Origin',(0.14375,-45.1,6.));
#22412=CARTESIAN_POINT('',(0.14375,-45.1,7.5));
#22413=CARTESIAN_POINT('',(0.14375,-31.1,7.5));
#22414=CARTESIAN_POINT('',(0.14375,-45.1,6.));
#22415=CARTESIAN_POINT('Origin',(14.14375,-45.1,6.));
#22416=CARTESIAN_POINT('',(14.14375,-45.1,7.5));
#22417=CARTESIAN_POINT('',(0.14375,-45.1,7.5));
#22418=CARTESIAN_POINT('',(14.14375,-45.1,6.));
#22419=CARTESIAN_POINT('Origin',(14.14375,-31.1,6.));
#22420=CARTESIAN_POINT('',(14.14375,-45.1,7.5));
#22421=CARTESIAN_POINT('Origin',(135.5875,-45.1,6.));
#22422=CARTESIAN_POINT('',(121.5875,-45.1,7.5));
#22423=CARTESIAN_POINT('',(121.5875,-45.1,6.));
#22424=CARTESIAN_POINT('',(135.5875,-45.1,7.5));
#22425=CARTESIAN_POINT('',(121.5875,-45.1,7.5));
#22426=CARTESIAN_POINT('',(135.5875,-45.1,6.));
#22427=CARTESIAN_POINT('Origin',(135.5875,-31.1,6.));
#22428=CARTESIAN_POINT('',(135.5875,-31.1,7.5));
#22429=CARTESIAN_POINT('',(135.5875,-45.1,7.5));
#22430=CARTESIAN_POINT('',(135.5875,-31.1,6.));
#22431=CARTESIAN_POINT('Origin',(121.5875,-31.1,6.));
#22432=CARTESIAN_POINT('',(121.5875,-31.1,7.5));
#22433=CARTESIAN_POINT('',(135.5875,-31.1,7.5));
#22434=CARTESIAN_POINT('',(121.5875,-31.1,6.));
#22435=CARTESIAN_POINT('Origin',(121.5875,-45.1,6.));
#22436=CARTESIAN_POINT('',(121.5875,-31.1,7.5));
#22437=CARTESIAN_POINT('Origin',(254.9375,-12.05,6.));
#22438=CARTESIAN_POINT('',(268.9375,-12.05,7.5));
#22439=CARTESIAN_POINT('',(268.9375,-12.05,6.));
#22440=CARTESIAN_POINT('',(254.9375,-12.05,7.5));
#22441=CARTESIAN_POINT('',(268.9375,-12.05,7.5));
#22442=CARTESIAN_POINT('',(254.9375,-12.05,6.));
#22443=CARTESIAN_POINT('Origin',(254.9375,-26.05,6.));
#22444=CARTESIAN_POINT('',(254.9375,-26.05,7.5));
#22445=CARTESIAN_POINT('',(254.9375,-12.05,7.5));
#22446=CARTESIAN_POINT('',(254.9375,-26.05,6.));
#22447=CARTESIAN_POINT('Origin',(268.9375,-26.05,6.));
#22448=CARTESIAN_POINT('',(268.9375,-26.05,7.5));
#22449=CARTESIAN_POINT('',(254.9375,-26.05,7.5));
#22450=CARTESIAN_POINT('',(268.9375,-26.05,6.));
#22451=CARTESIAN_POINT('Origin',(268.9375,-12.05,6.));
#22452=CARTESIAN_POINT('',(268.9375,-26.05,7.5));
#22453=CARTESIAN_POINT('Origin',(178.7375,-45.1,6.));
#22454=CARTESIAN_POINT('',(178.7375,-31.1,7.5));
#22455=CARTESIAN_POINT('',(178.7375,-31.1,6.));
#22456=CARTESIAN_POINT('',(178.7375,-45.1,7.5));
#22457=CARTESIAN_POINT('',(178.7375,-31.1,7.5));
#22458=CARTESIAN_POINT('',(178.7375,-45.1,6.));
#22459=CARTESIAN_POINT('Origin',(192.7375,-45.1,6.));
#22460=CARTESIAN_POINT('',(192.7375,-45.1,7.5));
#22461=CARTESIAN_POINT('',(178.7375,-45.1,7.5));
#22462=CARTESIAN_POINT('',(192.7375,-45.1,6.));
#22463=CARTESIAN_POINT('Origin',(192.7375,-31.1,6.));
#22464=CARTESIAN_POINT('',(192.7375,-31.1,7.5));
#22465=CARTESIAN_POINT('',(192.7375,-45.1,7.5));
#22466=CARTESIAN_POINT('',(192.7375,-31.1,6.));
#22467=CARTESIAN_POINT('Origin',(178.7375,-31.1,6.));
#22468=CARTESIAN_POINT('',(192.7375,-31.1,7.5));
#22469=CARTESIAN_POINT('Origin',(40.3375,-31.1,6.));
#22470=CARTESIAN_POINT('',(40.3375,-45.1,7.5));
#22471=CARTESIAN_POINT('',(40.3375,-45.1,6.));
#22472=CARTESIAN_POINT('',(40.3375,-31.1,7.5));
#22473=CARTESIAN_POINT('',(40.3375,-45.1,7.5));
#22474=CARTESIAN_POINT('',(40.3375,-31.1,6.));
#22475=CARTESIAN_POINT('Origin',(26.3375,-31.1,6.));
#22476=CARTESIAN_POINT('',(26.3375,-31.1,7.5));
#22477=CARTESIAN_POINT('',(40.3375,-31.1,7.5));
#22478=CARTESIAN_POINT('',(26.3375,-31.1,6.));
#22479=CARTESIAN_POINT('Origin',(26.3375,-45.1,6.));
#22480=CARTESIAN_POINT('',(26.3375,-45.1,7.5));
#22481=CARTESIAN_POINT('',(26.3375,-31.1,7.5));
#22482=CARTESIAN_POINT('',(26.3375,-45.1,6.));
#22483=CARTESIAN_POINT('Origin',(40.3375,-45.1,6.));
#22484=CARTESIAN_POINT('',(26.3375,-45.1,7.5));
#22485=CARTESIAN_POINT('Origin',(97.4875,-45.1,6.));
#22486=CARTESIAN_POINT('',(83.4875,-45.1,7.5));
#22487=CARTESIAN_POINT('',(83.4875,-45.1,6.));
#22488=CARTESIAN_POINT('',(97.4875,-45.1,7.5));
#22489=CARTESIAN_POINT('',(83.4875,-45.1,7.5));
#22490=CARTESIAN_POINT('',(97.4875,-45.1,6.));
#22491=CARTESIAN_POINT('Origin',(97.4875,-31.1,6.));
#22492=CARTESIAN_POINT('',(97.4875,-31.1,7.5));
#22493=CARTESIAN_POINT('',(97.4875,-45.1,7.5));
#22494=CARTESIAN_POINT('',(97.4875,-31.1,6.));
#22495=CARTESIAN_POINT('Origin',(83.4875,-31.1,6.));
#22496=CARTESIAN_POINT('',(83.4875,-31.1,7.5));
#22497=CARTESIAN_POINT('',(97.4875,-31.1,7.5));
#22498=CARTESIAN_POINT('',(83.4875,-31.1,6.));
#22499=CARTESIAN_POINT('Origin',(83.4875,-45.1,6.));
#22500=CARTESIAN_POINT('',(83.4875,-31.1,7.5));
#22501=CARTESIAN_POINT('Origin',(102.5375,-31.1,6.));
#22502=CARTESIAN_POINT('',(116.5375,-31.1,7.5));
#22503=CARTESIAN_POINT('',(116.5375,-31.1,6.));
#22504=CARTESIAN_POINT('',(102.5375,-31.1,7.5));
#22505=CARTESIAN_POINT('',(116.5375,-31.1,7.5));
#22506=CARTESIAN_POINT('',(102.5375,-31.1,6.));
#22507=CARTESIAN_POINT('Origin',(102.5375,-45.1,6.));
#22508=CARTESIAN_POINT('',(102.5375,-45.1,7.5));
#22509=CARTESIAN_POINT('',(102.5375,-31.1,7.5));
#22510=CARTESIAN_POINT('',(102.5375,-45.1,6.));
#22511=CARTESIAN_POINT('Origin',(116.5375,-45.1,6.));
#22512=CARTESIAN_POINT('',(116.5375,-45.1,7.5));
#22513=CARTESIAN_POINT('',(102.5375,-45.1,7.5));
#22514=CARTESIAN_POINT('',(116.5375,-45.1,6.));
#22515=CARTESIAN_POINT('Origin',(116.5375,-31.1,6.));
#22516=CARTESIAN_POINT('',(116.5375,-45.1,7.5));
#22517=CARTESIAN_POINT('Origin',(64.4375,-45.1,6.));
#22518=CARTESIAN_POINT('',(64.4375,-31.1,7.5));
#22519=CARTESIAN_POINT('',(64.4375,-31.1,6.));
#22520=CARTESIAN_POINT('',(64.4375,-45.1,7.5));
#22521=CARTESIAN_POINT('',(64.4375,-31.1,7.5));
#22522=CARTESIAN_POINT('',(64.4375,-45.1,6.));
#22523=CARTESIAN_POINT('Origin',(78.4375,-45.1,6.));
#22524=CARTESIAN_POINT('',(78.4375,-45.1,7.5));
#22525=CARTESIAN_POINT('',(64.4375,-45.1,7.5));
#22526=CARTESIAN_POINT('',(78.4375,-45.1,6.));
#22527=CARTESIAN_POINT('Origin',(78.4375,-31.1,6.));
#22528=CARTESIAN_POINT('',(78.4375,-31.1,7.5));
#22529=CARTESIAN_POINT('',(78.4375,-45.1,7.5));
#22530=CARTESIAN_POINT('',(78.4375,-31.1,6.));
#22531=CARTESIAN_POINT('Origin',(64.4375,-31.1,6.));
#22532=CARTESIAN_POINT('',(78.4375,-31.1,7.5));
#22533=CARTESIAN_POINT('Origin',(231.125,-26.05,6.));
#22534=CARTESIAN_POINT('',(231.125,-12.05,7.5));
#22535=CARTESIAN_POINT('',(231.125,-12.05,6.));
#22536=CARTESIAN_POINT('',(231.125,-26.05,7.5));
#22537=CARTESIAN_POINT('',(231.125,-12.05,7.5));
#22538=CARTESIAN_POINT('',(231.125,-26.05,6.));
#22539=CARTESIAN_POINT('Origin',(245.125,-26.05,6.));
#22540=CARTESIAN_POINT('',(245.125,-26.05,7.5));
#22541=CARTESIAN_POINT('',(231.125,-26.05,7.5));
#22542=CARTESIAN_POINT('',(245.125,-26.05,6.));
#22543=CARTESIAN_POINT('Origin',(245.125,-12.05,6.));
#22544=CARTESIAN_POINT('',(245.125,-12.05,7.5));
#22545=CARTESIAN_POINT('',(245.125,-26.05,7.5));
#22546=CARTESIAN_POINT('',(245.125,-12.05,6.));
#22547=CARTESIAN_POINT('Origin',(231.125,-12.05,6.));
#22548=CARTESIAN_POINT('',(245.125,-12.05,7.5));
#22549=CARTESIAN_POINT('Origin',(154.6375,-31.1,6.));
#22550=CARTESIAN_POINT('',(154.6375,-45.1,7.5));
#22551=CARTESIAN_POINT('',(154.6375,-45.1,6.));
#22552=CARTESIAN_POINT('',(154.6375,-31.1,7.5));
#22553=CARTESIAN_POINT('',(154.6375,-45.1,7.5));
#22554=CARTESIAN_POINT('',(154.6375,-31.1,6.));
#22555=CARTESIAN_POINT('Origin',(140.6375,-31.1,6.));
#22556=CARTESIAN_POINT('',(140.6375,-31.1,7.5));
#22557=CARTESIAN_POINT('',(154.6375,-31.1,7.5));
#22558=CARTESIAN_POINT('',(140.6375,-31.1,6.));
#22559=CARTESIAN_POINT('Origin',(140.6375,-45.1,6.));
#22560=CARTESIAN_POINT('',(140.6375,-45.1,7.5));
#22561=CARTESIAN_POINT('',(140.6375,-31.1,7.5));
#22562=CARTESIAN_POINT('',(140.6375,-45.1,6.));
#22563=CARTESIAN_POINT('Origin',(154.6375,-45.1,6.));
#22564=CARTESIAN_POINT('',(140.6375,-45.1,7.5));
#22565=CARTESIAN_POINT('Origin',(18.90625,-50.15,6.));
#22566=CARTESIAN_POINT('',(18.90625,-64.15,7.5));
#22567=CARTESIAN_POINT('',(18.90625,-64.15,6.));
#22568=CARTESIAN_POINT('',(18.90625,-50.15,7.5));
#22569=CARTESIAN_POINT('',(18.90625,-64.15,7.5));
#22570=CARTESIAN_POINT('',(18.90625,-50.15,6.));
#22571=CARTESIAN_POINT('Origin',(4.90625,-50.15,6.));
#22572=CARTESIAN_POINT('',(4.90625,-50.15,7.5));
#22573=CARTESIAN_POINT('',(18.90625,-50.15,7.5));
#22574=CARTESIAN_POINT('',(4.90625,-50.15,6.));
#22575=CARTESIAN_POINT('Origin',(4.90625,-64.15,6.));
#22576=CARTESIAN_POINT('',(4.90625,-64.15,7.5));
#22577=CARTESIAN_POINT('',(4.90625,-50.15,7.5));
#22578=CARTESIAN_POINT('',(4.90625,-64.15,6.));
#22579=CARTESIAN_POINT('Origin',(18.90625,-64.15,6.));
#22580=CARTESIAN_POINT('',(4.90625,-64.15,7.5));
#22581=CARTESIAN_POINT('Origin',(261.79375,-45.1,6.));
#22582=CARTESIAN_POINT('',(247.79375,-45.1,7.5));
#22583=CARTESIAN_POINT('',(247.79375,-45.1,6.));
#22584=CARTESIAN_POINT('',(261.79375,-45.1,7.5));
#22585=CARTESIAN_POINT('',(247.79375,-45.1,7.5));
#22586=CARTESIAN_POINT('',(261.79375,-45.1,6.));
#22587=CARTESIAN_POINT('Origin',(261.79375,-31.1,6.));
#22588=CARTESIAN_POINT('',(261.79375,-31.1,7.5));
#22589=CARTESIAN_POINT('',(261.79375,-45.1,7.5));
#22590=CARTESIAN_POINT('',(261.79375,-31.1,6.));
#22591=CARTESIAN_POINT('Origin',(247.79375,-31.1,6.));
#22592=CARTESIAN_POINT('',(247.79375,-31.1,7.5));
#22593=CARTESIAN_POINT('',(261.79375,-31.1,7.5));
#22594=CARTESIAN_POINT('',(247.79375,-31.1,6.));
#22595=CARTESIAN_POINT('Origin',(247.79375,-45.1,6.));
#22596=CARTESIAN_POINT('',(247.79375,-31.1,7.5));
#22597=CARTESIAN_POINT('Origin',(235.6,7.,6.));
#22598=CARTESIAN_POINT('',(235.6,-7.,7.5));
#22599=CARTESIAN_POINT('',(235.6,-7.,6.));
#22600=CARTESIAN_POINT('',(235.6,7.,7.5));
#22601=CARTESIAN_POINT('',(235.6,-7.,7.5));
#22602=CARTESIAN_POINT('',(235.6,7.,6.));
#22603=CARTESIAN_POINT('Origin',(221.6,7.,6.));
#22604=CARTESIAN_POINT('',(221.6,7.,7.5));
#22605=CARTESIAN_POINT('',(235.6,7.,7.5));
#22606=CARTESIAN_POINT('',(221.6,7.,6.));
#22607=CARTESIAN_POINT('Origin',(221.6,-7.,6.));
#22608=CARTESIAN_POINT('',(221.6,-7.,7.5));
#22609=CARTESIAN_POINT('',(221.6,7.,7.5));
#22610=CARTESIAN_POINT('',(221.6,-7.,6.));
#22611=CARTESIAN_POINT('Origin',(235.6,-7.,6.));
#22612=CARTESIAN_POINT('',(221.6,-7.,7.5));
#22613=CARTESIAN_POINT('Origin',(97.775,-12.05,6.));
#22614=CARTESIAN_POINT('',(111.775,-12.05,7.5));
#22615=CARTESIAN_POINT('',(111.775,-12.05,6.));
#22616=CARTESIAN_POINT('',(97.775,-12.05,7.5));
#22617=CARTESIAN_POINT('',(111.775,-12.05,7.5));
#22618=CARTESIAN_POINT('',(97.775,-12.05,6.));
#22619=CARTESIAN_POINT('Origin',(97.775,-26.05,6.));
#22620=CARTESIAN_POINT('',(97.775,-26.05,7.5));
#22621=CARTESIAN_POINT('',(97.775,-12.05,7.5));
#22622=CARTESIAN_POINT('',(97.775,-26.05,6.));
#22623=CARTESIAN_POINT('Origin',(111.775,-26.05,6.));
#22624=CARTESIAN_POINT('',(111.775,-26.05,7.5));
#22625=CARTESIAN_POINT('',(97.775,-26.05,7.5));
#22626=CARTESIAN_POINT('',(111.775,-26.05,6.));
#22627=CARTESIAN_POINT('Origin',(111.775,-12.05,6.));
#22628=CARTESIAN_POINT('',(111.775,-26.05,7.5));
#22629=CARTESIAN_POINT('Origin',(78.725,-26.05,6.));
#22630=CARTESIAN_POINT('',(78.725,-12.05,7.5));
#22631=CARTESIAN_POINT('',(78.725,-12.05,6.));
#22632=CARTESIAN_POINT('',(78.725,-26.05,7.5));
#22633=CARTESIAN_POINT('',(78.725,-12.05,7.5));
#22634=CARTESIAN_POINT('',(78.725,-26.05,6.));
#22635=CARTESIAN_POINT('Origin',(92.725,-26.05,6.));
#22636=CARTESIAN_POINT('',(92.725,-26.05,7.5));
#22637=CARTESIAN_POINT('',(78.725,-26.05,7.5));
#22638=CARTESIAN_POINT('',(92.725,-26.05,6.));
#22639=CARTESIAN_POINT('Origin',(92.725,-12.05,6.));
#22640=CARTESIAN_POINT('',(92.725,-12.05,7.5));
#22641=CARTESIAN_POINT('',(92.725,-26.05,7.5));
#22642=CARTESIAN_POINT('',(92.725,-12.05,6.));
#22643=CARTESIAN_POINT('Origin',(78.725,-12.05,6.));
#22644=CARTESIAN_POINT('',(92.725,-12.05,7.5));
#22645=CARTESIAN_POINT('Origin',(59.675,-12.05,6.));
#22646=CARTESIAN_POINT('',(73.675,-12.05,7.5));
#22647=CARTESIAN_POINT('',(73.675,-12.05,6.));
#22648=CARTESIAN_POINT('',(59.675,-12.05,7.5));
#22649=CARTESIAN_POINT('',(73.675,-12.05,7.5));
#22650=CARTESIAN_POINT('',(59.675,-12.05,6.));
#22651=CARTESIAN_POINT('Origin',(59.675,-26.05,6.));
#22652=CARTESIAN_POINT('',(59.675,-26.05,7.5));
#22653=CARTESIAN_POINT('',(59.675,-12.05,7.5));
#22654=CARTESIAN_POINT('',(59.675,-26.05,6.));
#22655=CARTESIAN_POINT('Origin',(73.675,-26.05,6.));
#22656=CARTESIAN_POINT('',(73.675,-26.05,7.5));
#22657=CARTESIAN_POINT('',(59.675,-26.05,7.5));
#22658=CARTESIAN_POINT('',(73.675,-26.05,6.));
#22659=CARTESIAN_POINT('Origin',(73.675,-12.05,6.));
#22660=CARTESIAN_POINT('',(73.675,-26.05,7.5));
#22661=CARTESIAN_POINT('Origin',(54.625,-26.05,6.));
#22662=CARTESIAN_POINT('',(40.625,-26.05,7.5));
#22663=CARTESIAN_POINT('',(40.625,-26.05,6.));
#22664=CARTESIAN_POINT('',(54.625,-26.05,7.5));
#22665=CARTESIAN_POINT('',(40.625,-26.05,7.5));
#22666=CARTESIAN_POINT('',(54.625,-26.05,6.));
#22667=CARTESIAN_POINT('Origin',(54.625,-12.05,6.));
#22668=CARTESIAN_POINT('',(54.625,-12.05,7.5));
#22669=CARTESIAN_POINT('',(54.625,-26.05,7.5));
#22670=CARTESIAN_POINT('',(54.625,-12.05,6.));
#22671=CARTESIAN_POINT('Origin',(40.625,-12.05,6.));
#22672=CARTESIAN_POINT('',(40.625,-12.05,7.5));
#22673=CARTESIAN_POINT('',(54.625,-12.05,7.5));
#22674=CARTESIAN_POINT('',(40.625,-12.05,6.));
#22675=CARTESIAN_POINT('Origin',(40.625,-26.05,6.));
#22676=CARTESIAN_POINT('',(40.625,-12.05,7.5));
#22677=CARTESIAN_POINT('Origin',(11.7625,-26.05,6.));
#22678=CARTESIAN_POINT('',(-2.2375,-26.05,7.5));
#22679=CARTESIAN_POINT('',(-2.2375,-26.05,6.));
#22680=CARTESIAN_POINT('',(11.7625,-26.05,7.5));
#22681=CARTESIAN_POINT('',(-2.2375,-26.05,7.5));
#22682=CARTESIAN_POINT('',(11.7625,-26.05,6.));
#22683=CARTESIAN_POINT('Origin',(11.7625,-12.05,6.));
#22684=CARTESIAN_POINT('',(11.7625,-12.05,7.5));
#22685=CARTESIAN_POINT('',(11.7625,-26.05,7.5));
#22686=CARTESIAN_POINT('',(11.7625,-12.05,6.));
#22687=CARTESIAN_POINT('Origin',(-2.2375,-12.05,6.));
#22688=CARTESIAN_POINT('',(-2.2375,-12.05,7.5));
#22689=CARTESIAN_POINT('',(11.7625,-12.05,7.5));
#22690=CARTESIAN_POINT('',(-2.2375,-12.05,6.));
#22691=CARTESIAN_POINT('Origin',(-2.2375,-26.05,6.));
#22692=CARTESIAN_POINT('',(-2.2375,-12.05,7.5));
#22693=CARTESIAN_POINT('Origin',(21.575,-26.05,6.));
#22694=CARTESIAN_POINT('',(21.575,-12.05,7.5));
#22695=CARTESIAN_POINT('',(21.575,-12.05,6.));
#22696=CARTESIAN_POINT('',(21.575,-26.05,7.5));
#22697=CARTESIAN_POINT('',(21.575,-12.05,7.5));
#22698=CARTESIAN_POINT('',(21.575,-26.05,6.));
#22699=CARTESIAN_POINT('Origin',(35.575,-26.05,6.));
#22700=CARTESIAN_POINT('',(35.575,-26.05,7.5));
#22701=CARTESIAN_POINT('',(21.575,-26.05,7.5));
#22702=CARTESIAN_POINT('',(35.575,-26.05,6.));
#22703=CARTESIAN_POINT('Origin',(35.575,-12.05,6.));
#22704=CARTESIAN_POINT('',(35.575,-12.05,7.5));
#22705=CARTESIAN_POINT('',(35.575,-26.05,7.5));
#22706=CARTESIAN_POINT('',(35.575,-12.05,6.));
#22707=CARTESIAN_POINT('Origin',(21.575,-12.05,6.));
#22708=CARTESIAN_POINT('',(35.575,-12.05,7.5));
#22709=CARTESIAN_POINT('Origin',(202.55,-7.,6.));
#22710=CARTESIAN_POINT('',(202.55,7.,7.5));
#22711=CARTESIAN_POINT('',(202.55,7.,6.));
#22712=CARTESIAN_POINT('',(202.55,-7.,7.5));
#22713=CARTESIAN_POINT('',(202.55,7.,7.5));
#22714=CARTESIAN_POINT('',(202.55,-7.,6.));
#22715=CARTESIAN_POINT('Origin',(216.55,-7.,6.));
#22716=CARTESIAN_POINT('',(216.55,-7.,7.5));
#22717=CARTESIAN_POINT('',(202.55,-7.,7.5));
#22718=CARTESIAN_POINT('',(216.55,-7.,6.));
#22719=CARTESIAN_POINT('Origin',(216.55,7.,6.));
#22720=CARTESIAN_POINT('',(216.55,7.,7.5));
#22721=CARTESIAN_POINT('',(216.55,-7.,7.5));
#22722=CARTESIAN_POINT('',(216.55,7.,6.));
#22723=CARTESIAN_POINT('Origin',(202.55,7.,6.));
#22724=CARTESIAN_POINT('',(216.55,7.,7.5));
#22725=CARTESIAN_POINT('Origin',(264.175,7.,6.));
#22726=CARTESIAN_POINT('',(264.175,-7.,7.5));
#22727=CARTESIAN_POINT('',(264.175,-7.,6.));
#22728=CARTESIAN_POINT('',(264.175,7.,7.5));
#22729=CARTESIAN_POINT('',(264.175,-7.,7.5));
#22730=CARTESIAN_POINT('',(264.175,7.,6.));
#22731=CARTESIAN_POINT('Origin',(250.175,7.,6.));
#22732=CARTESIAN_POINT('',(250.175,7.,7.5));
#22733=CARTESIAN_POINT('',(264.175,7.,7.5));
#22734=CARTESIAN_POINT('',(250.175,7.,6.));
#22735=CARTESIAN_POINT('Origin',(250.175,-7.,6.));
#22736=CARTESIAN_POINT('',(250.175,-7.,7.5));
#22737=CARTESIAN_POINT('',(250.175,7.,7.5));
#22738=CARTESIAN_POINT('',(250.175,-7.,6.));
#22739=CARTESIAN_POINT('Origin',(264.175,-7.,6.));
#22740=CARTESIAN_POINT('',(250.175,-7.,7.5));
#22741=CARTESIAN_POINT('Origin',(193.025,-12.05,6.));
#22742=CARTESIAN_POINT('',(207.025,-12.05,7.5));
#22743=CARTESIAN_POINT('',(207.025,-12.05,6.));
#22744=CARTESIAN_POINT('',(193.025,-12.05,7.5));
#22745=CARTESIAN_POINT('',(207.025,-12.05,7.5));
#22746=CARTESIAN_POINT('',(193.025,-12.05,6.));
#22747=CARTESIAN_POINT('Origin',(193.025,-26.05,6.));
#22748=CARTESIAN_POINT('',(193.025,-26.05,7.5));
#22749=CARTESIAN_POINT('',(193.025,-12.05,7.5));
#22750=CARTESIAN_POINT('',(193.025,-26.05,6.));
#22751=CARTESIAN_POINT('Origin',(207.025,-26.05,6.));
#22752=CARTESIAN_POINT('',(207.025,-26.05,7.5));
#22753=CARTESIAN_POINT('',(193.025,-26.05,7.5));
#22754=CARTESIAN_POINT('',(207.025,-26.05,6.));
#22755=CARTESIAN_POINT('Origin',(207.025,-12.05,6.));
#22756=CARTESIAN_POINT('',(207.025,-26.05,7.5));
#22757=CARTESIAN_POINT('Origin',(187.975,-26.05,6.));
#22758=CARTESIAN_POINT('',(173.975,-26.05,7.5));
#22759=CARTESIAN_POINT('',(173.975,-26.05,6.));
#22760=CARTESIAN_POINT('',(187.975,-26.05,7.5));
#22761=CARTESIAN_POINT('',(173.975,-26.05,7.5));
#22762=CARTESIAN_POINT('',(187.975,-26.05,6.));
#22763=CARTESIAN_POINT('Origin',(187.975,-12.05,6.));
#22764=CARTESIAN_POINT('',(187.975,-12.05,7.5));
#22765=CARTESIAN_POINT('',(187.975,-26.05,7.5));
#22766=CARTESIAN_POINT('',(187.975,-12.05,6.));
#22767=CARTESIAN_POINT('Origin',(173.975,-12.05,6.));
#22768=CARTESIAN_POINT('',(173.975,-12.05,7.5));
#22769=CARTESIAN_POINT('',(187.975,-12.05,7.5));
#22770=CARTESIAN_POINT('',(173.975,-12.05,6.));
#22771=CARTESIAN_POINT('Origin',(173.975,-26.05,6.));
#22772=CARTESIAN_POINT('',(173.975,-12.05,7.5));
#22773=CARTESIAN_POINT('Origin',(130.825,-12.05,6.));
#22774=CARTESIAN_POINT('',(130.825,-26.05,7.5));
#22775=CARTESIAN_POINT('',(130.825,-26.05,6.));
#22776=CARTESIAN_POINT('',(130.825,-12.05,7.5));
#22777=CARTESIAN_POINT('',(130.825,-26.05,7.5));
#22778=CARTESIAN_POINT('',(130.825,-12.05,6.));
#22779=CARTESIAN_POINT('Origin',(116.825,-12.05,6.));
#22780=CARTESIAN_POINT('',(116.825,-12.05,7.5));
#22781=CARTESIAN_POINT('',(130.825,-12.05,7.5));
#22782=CARTESIAN_POINT('',(116.825,-12.05,6.));
#22783=CARTESIAN_POINT('Origin',(116.825,-26.05,6.));
#22784=CARTESIAN_POINT('',(116.825,-26.05,7.5));
#22785=CARTESIAN_POINT('',(116.825,-12.05,7.5));
#22786=CARTESIAN_POINT('',(116.825,-26.05,6.));
#22787=CARTESIAN_POINT('Origin',(130.825,-26.05,6.));
#22788=CARTESIAN_POINT('',(116.825,-26.05,7.5));
#22789=CARTESIAN_POINT('Origin',(168.925,-12.05,6.));
#22790=CARTESIAN_POINT('',(168.925,-26.05,7.5));
#22791=CARTESIAN_POINT('',(168.925,-26.05,6.));
#22792=CARTESIAN_POINT('',(168.925,-12.05,7.5));
#22793=CARTESIAN_POINT('',(168.925,-26.05,7.5));
#22794=CARTESIAN_POINT('',(168.925,-12.05,6.));
#22795=CARTESIAN_POINT('Origin',(154.925,-12.05,6.));
#22796=CARTESIAN_POINT('',(154.925,-12.05,7.5));
#22797=CARTESIAN_POINT('',(168.925,-12.05,7.5));
#22798=CARTESIAN_POINT('',(154.925,-12.05,6.));
#22799=CARTESIAN_POINT('Origin',(154.925,-26.05,6.));
#22800=CARTESIAN_POINT('',(154.925,-26.05,7.5));
#22801=CARTESIAN_POINT('',(154.925,-12.05,7.5));
#22802=CARTESIAN_POINT('',(154.925,-26.05,6.));
#22803=CARTESIAN_POINT('Origin',(168.925,-26.05,6.));
#22804=CARTESIAN_POINT('',(154.925,-26.05,7.5));
#22805=CARTESIAN_POINT('Origin',(149.875,-26.05,6.));
#22806=CARTESIAN_POINT('',(135.875,-26.05,7.5));
#22807=CARTESIAN_POINT('',(135.875,-26.05,6.));
#22808=CARTESIAN_POINT('',(149.875,-26.05,7.5));
#22809=CARTESIAN_POINT('',(135.875,-26.05,7.5));
#22810=CARTESIAN_POINT('',(149.875,-26.05,6.));
#22811=CARTESIAN_POINT('Origin',(149.875,-12.05,6.));
#22812=CARTESIAN_POINT('',(149.875,-12.05,7.5));
#22813=CARTESIAN_POINT('',(149.875,-26.05,7.5));
#22814=CARTESIAN_POINT('',(149.875,-12.05,6.));
#22815=CARTESIAN_POINT('Origin',(135.875,-12.05,6.));
#22816=CARTESIAN_POINT('',(135.875,-12.05,7.5));
#22817=CARTESIAN_POINT('',(149.875,-12.05,7.5));
#22818=CARTESIAN_POINT('',(135.875,-12.05,6.));
#22819=CARTESIAN_POINT('Origin',(135.875,-26.05,6.));
#22820=CARTESIAN_POINT('',(135.875,-12.05,7.5));
#22821=CARTESIAN_POINT('Origin',(212.075,-26.05,6.));
#22822=CARTESIAN_POINT('',(212.075,-12.05,7.5));
#22823=CARTESIAN_POINT('',(212.075,-12.05,6.));
#22824=CARTESIAN_POINT('',(212.075,-26.05,7.5));
#22825=CARTESIAN_POINT('',(212.075,-12.05,7.5));
#22826=CARTESIAN_POINT('',(212.075,-26.05,6.));
#22827=CARTESIAN_POINT('Origin',(226.075,-26.05,6.));
#22828=CARTESIAN_POINT('',(226.075,-26.05,7.5));
#22829=CARTESIAN_POINT('',(212.075,-26.05,7.5));
#22830=CARTESIAN_POINT('',(226.075,-26.05,6.));
#22831=CARTESIAN_POINT('Origin',(226.075,-12.05,6.));
#22832=CARTESIAN_POINT('',(226.075,-12.05,7.5));
#22833=CARTESIAN_POINT('',(226.075,-26.05,7.5));
#22834=CARTESIAN_POINT('',(226.075,-12.05,6.));
#22835=CARTESIAN_POINT('Origin',(212.075,-12.05,6.));
#22836=CARTESIAN_POINT('',(226.075,-12.05,7.5));
#22837=CARTESIAN_POINT('Origin',(183.5,-7.,6.));
#22838=CARTESIAN_POINT('',(183.5,7.,7.5));
#22839=CARTESIAN_POINT('',(183.5,7.,6.));
#22840=CARTESIAN_POINT('',(183.5,-7.,7.5));
#22841=CARTESIAN_POINT('',(183.5,7.,7.5));
#22842=CARTESIAN_POINT('',(183.5,-7.,6.));
#22843=CARTESIAN_POINT('Origin',(197.5,-7.,6.));
#22844=CARTESIAN_POINT('',(197.5,-7.,7.5));
#22845=CARTESIAN_POINT('',(183.5,-7.,7.5));
#22846=CARTESIAN_POINT('',(197.5,-7.,6.));
#22847=CARTESIAN_POINT('Origin',(197.5,7.,6.));
#22848=CARTESIAN_POINT('',(197.5,7.,7.5));
#22849=CARTESIAN_POINT('',(197.5,-7.,7.5));
#22850=CARTESIAN_POINT('',(197.5,7.,6.));
#22851=CARTESIAN_POINT('Origin',(183.5,7.,6.));
#22852=CARTESIAN_POINT('',(197.5,7.,7.5));
#22853=CARTESIAN_POINT('Origin',(64.15,7.,6.));
#22854=CARTESIAN_POINT('',(64.15,-7.,7.5));
#22855=CARTESIAN_POINT('',(64.15,-7.,6.));
#22856=CARTESIAN_POINT('',(64.15,7.,7.5));
#22857=CARTESIAN_POINT('',(64.15,-7.,7.5));
#22858=CARTESIAN_POINT('',(64.15,7.,6.));
#22859=CARTESIAN_POINT('Origin',(50.15,7.,6.));
#22860=CARTESIAN_POINT('',(50.15,7.,7.5));
#22861=CARTESIAN_POINT('',(64.15,7.,7.5));
#22862=CARTESIAN_POINT('',(50.15,7.,6.));
#22863=CARTESIAN_POINT('Origin',(50.15,-7.,6.));
#22864=CARTESIAN_POINT('',(50.15,-7.,7.5));
#22865=CARTESIAN_POINT('',(50.15,7.,7.5));
#22866=CARTESIAN_POINT('',(50.15,-7.,6.));
#22867=CARTESIAN_POINT('Origin',(64.15,-7.,6.));
#22868=CARTESIAN_POINT('',(50.15,-7.,7.5));
#22869=CARTESIAN_POINT('Origin',(164.45,-7.,6.));
#22870=CARTESIAN_POINT('',(164.45,7.,7.5));
#22871=CARTESIAN_POINT('',(164.45,7.,6.));
#22872=CARTESIAN_POINT('',(164.45,-7.,7.5));
#22873=CARTESIAN_POINT('',(164.45,7.,7.5));
#22874=CARTESIAN_POINT('',(164.45,-7.,6.));
#22875=CARTESIAN_POINT('Origin',(178.45,-7.,6.));
#22876=CARTESIAN_POINT('',(178.45,-7.,7.5));
#22877=CARTESIAN_POINT('',(164.45,-7.,7.5));
#22878=CARTESIAN_POINT('',(178.45,-7.,6.));
#22879=CARTESIAN_POINT('Origin',(178.45,7.,6.));
#22880=CARTESIAN_POINT('',(178.45,7.,7.5));
#22881=CARTESIAN_POINT('',(178.45,-7.,7.5));
#22882=CARTESIAN_POINT('',(178.45,7.,6.));
#22883=CARTESIAN_POINT('Origin',(164.45,7.,6.));
#22884=CARTESIAN_POINT('',(178.45,7.,7.5));
#22885=CARTESIAN_POINT('Origin',(159.4,7.,6.));
#22886=CARTESIAN_POINT('',(159.4,-7.,7.5));
#22887=CARTESIAN_POINT('',(159.4,-7.,6.));
#22888=CARTESIAN_POINT('',(159.4,7.,7.5));
#22889=CARTESIAN_POINT('',(159.4,-7.,7.5));
#22890=CARTESIAN_POINT('',(159.4,7.,6.));
#22891=CARTESIAN_POINT('Origin',(145.4,7.,6.));
#22892=CARTESIAN_POINT('',(145.4,7.,7.5));
#22893=CARTESIAN_POINT('',(159.4,7.,7.5));
#22894=CARTESIAN_POINT('',(145.4,7.,6.));
#22895=CARTESIAN_POINT('Origin',(145.4,-7.,6.));
#22896=CARTESIAN_POINT('',(145.4,-7.,7.5));
#22897=CARTESIAN_POINT('',(145.4,7.,7.5));
#22898=CARTESIAN_POINT('',(145.4,-7.,6.));
#22899=CARTESIAN_POINT('Origin',(159.4,-7.,6.));
#22900=CARTESIAN_POINT('',(145.4,-7.,7.5));
#22901=CARTESIAN_POINT('Origin',(140.35,7.,6.));
#22902=CARTESIAN_POINT('',(140.35,-7.,7.5));
#22903=CARTESIAN_POINT('',(140.35,-7.,6.));
#22904=CARTESIAN_POINT('',(140.35,7.,7.5));
#22905=CARTESIAN_POINT('',(140.35,-7.,7.5));
#22906=CARTESIAN_POINT('',(140.35,7.,6.));
#22907=CARTESIAN_POINT('Origin',(126.35,7.,6.));
#22908=CARTESIAN_POINT('',(126.35,7.,7.5));
#22909=CARTESIAN_POINT('',(140.35,7.,7.5));
#22910=CARTESIAN_POINT('',(126.35,7.,6.));
#22911=CARTESIAN_POINT('Origin',(126.35,-7.,6.));
#22912=CARTESIAN_POINT('',(126.35,-7.,7.5));
#22913=CARTESIAN_POINT('',(126.35,7.,7.5));
#22914=CARTESIAN_POINT('',(126.35,-7.,6.));
#22915=CARTESIAN_POINT('Origin',(140.35,-7.,6.));
#22916=CARTESIAN_POINT('',(126.35,-7.,7.5));
#22917=CARTESIAN_POINT('Origin',(45.1,7.,6.));
#22918=CARTESIAN_POINT('',(45.1,-7.,7.5));
#22919=CARTESIAN_POINT('',(45.1,-7.,6.));
#22920=CARTESIAN_POINT('',(45.1,7.,7.5));
#22921=CARTESIAN_POINT('',(45.1,-7.,7.5));
#22922=CARTESIAN_POINT('',(45.1,7.,6.));
#22923=CARTESIAN_POINT('Origin',(31.1,7.,6.));
#22924=CARTESIAN_POINT('',(31.1,7.,7.5));
#22925=CARTESIAN_POINT('',(45.1,7.,7.5));
#22926=CARTESIAN_POINT('',(31.1,7.,6.));
#22927=CARTESIAN_POINT('Origin',(31.1,-7.,6.));
#22928=CARTESIAN_POINT('',(31.1,-7.,7.5));
#22929=CARTESIAN_POINT('',(31.1,7.,7.5));
#22930=CARTESIAN_POINT('',(31.1,-7.,6.));
#22931=CARTESIAN_POINT('Origin',(45.1,-7.,6.));
#22932=CARTESIAN_POINT('',(31.1,-7.,7.5));
#22933=CARTESIAN_POINT('Origin',(88.25,7.,6.));
#22934=CARTESIAN_POINT('',(102.25,7.,7.5));
#22935=CARTESIAN_POINT('',(102.25,7.,6.));
#22936=CARTESIAN_POINT('',(88.25,7.,7.5));
#22937=CARTESIAN_POINT('',(102.25,7.,7.5));
#22938=CARTESIAN_POINT('',(88.25,7.,6.));
#22939=CARTESIAN_POINT('Origin',(88.25,-7.,6.));
#22940=CARTESIAN_POINT('',(88.25,-7.,7.5));
#22941=CARTESIAN_POINT('',(88.25,7.,7.5));
#22942=CARTESIAN_POINT('',(88.25,-7.,6.));
#22943=CARTESIAN_POINT('Origin',(102.25,-7.,6.));
#22944=CARTESIAN_POINT('',(102.25,-7.,7.5));
#22945=CARTESIAN_POINT('',(88.25,-7.,7.5));
#22946=CARTESIAN_POINT('',(102.25,-7.,6.));
#22947=CARTESIAN_POINT('Origin',(102.25,7.,6.));
#22948=CARTESIAN_POINT('',(102.25,-7.,7.5));
#22949=CARTESIAN_POINT('Origin',(121.3,7.,6.));
#22950=CARTESIAN_POINT('',(121.3,-7.,7.5));
#22951=CARTESIAN_POINT('',(121.3,-7.,6.));
#22952=CARTESIAN_POINT('',(121.3,7.,7.5));
#22953=CARTESIAN_POINT('',(121.3,-7.,7.5));
#22954=CARTESIAN_POINT('',(121.3,7.,6.));
#22955=CARTESIAN_POINT('Origin',(107.3,7.,6.));
#22956=CARTESIAN_POINT('',(107.3,7.,7.5));
#22957=CARTESIAN_POINT('',(121.3,7.,7.5));
#22958=CARTESIAN_POINT('',(107.3,7.,6.));
#22959=CARTESIAN_POINT('Origin',(107.3,-7.,6.));
#22960=CARTESIAN_POINT('',(107.3,-7.,7.5));
#22961=CARTESIAN_POINT('',(107.3,7.,7.5));
#22962=CARTESIAN_POINT('',(107.3,-7.,6.));
#22963=CARTESIAN_POINT('Origin',(121.3,-7.,6.));
#22964=CARTESIAN_POINT('',(107.3,-7.,7.5));
#22965=CARTESIAN_POINT('Origin',(83.2,-7.,6.));
#22966=CARTESIAN_POINT('',(69.2,-7.,7.5));
#22967=CARTESIAN_POINT('',(69.2,-7.,6.));
#22968=CARTESIAN_POINT('',(83.2,-7.,7.5));
#22969=CARTESIAN_POINT('',(69.2,-7.,7.5));
#22970=CARTESIAN_POINT('',(83.2,-7.,6.));
#22971=CARTESIAN_POINT('Origin',(83.2,7.,6.));
#22972=CARTESIAN_POINT('',(83.2,7.,7.5));
#22973=CARTESIAN_POINT('',(83.2,-7.,7.5));
#22974=CARTESIAN_POINT('',(83.2,7.,6.));
#22975=CARTESIAN_POINT('Origin',(69.2,7.,6.));
#22976=CARTESIAN_POINT('',(69.2,7.,7.5));
#22977=CARTESIAN_POINT('',(83.2,7.,7.5));
#22978=CARTESIAN_POINT('',(69.2,7.,6.));
#22979=CARTESIAN_POINT('Origin',(69.2,-7.,6.));
#22980=CARTESIAN_POINT('',(69.2,7.,7.5));
#22981=CARTESIAN_POINT('Origin',(7.,-7.,6.));
#22982=CARTESIAN_POINT('',(-7.,-7.,7.5));
#22983=CARTESIAN_POINT('',(-7.,-7.,6.));
#22984=CARTESIAN_POINT('',(7.,-7.,7.5));
#22985=CARTESIAN_POINT('',(-7.,-7.,7.5));
#22986=CARTESIAN_POINT('',(7.,-7.,6.));
#22987=CARTESIAN_POINT('Origin',(7.,7.,6.));
#22988=CARTESIAN_POINT('',(7.,7.,7.5));
#22989=CARTESIAN_POINT('',(7.,-7.,7.5));
#22990=CARTESIAN_POINT('',(7.,7.,6.));
#22991=CARTESIAN_POINT('Origin',(-7.,7.,6.));
#22992=CARTESIAN_POINT('',(-7.,7.,7.5));
#22993=CARTESIAN_POINT('',(7.,7.,7.5));
#22994=CARTESIAN_POINT('',(-7.,7.,6.));
#22995=CARTESIAN_POINT('Origin',(-7.,-7.,6.));
#22996=CARTESIAN_POINT('',(-7.,7.,7.5));
#22997=CARTESIAN_POINT('Origin',(12.05,7.,6.));
#22998=CARTESIAN_POINT('',(26.05,7.,7.5));
#22999=CARTESIAN_POINT('',(26.05,7.,6.));
#23000=CARTESIAN_POINT('',(12.05,7.,7.5));
#23001=CARTESIAN_POINT('',(26.05,7.,7.5));
#23002=CARTESIAN_POINT('',(12.05,7.,6.));
#23003=CARTESIAN_POINT('Origin',(12.05,-7.,6.));
#23004=CARTESIAN_POINT('',(12.05,-7.,7.5));
#23005=CARTESIAN_POINT('',(12.05,7.,7.5));
#23006=CARTESIAN_POINT('',(12.05,-7.,6.));
#23007=CARTESIAN_POINT('Origin',(26.05,-7.,6.));
#23008=CARTESIAN_POINT('',(26.05,-7.,7.5));
#23009=CARTESIAN_POINT('',(12.05,-7.,7.5));
#23010=CARTESIAN_POINT('',(26.05,-7.,6.));
#23011=CARTESIAN_POINT('Origin',(26.05,7.,6.));
#23012=CARTESIAN_POINT('',(26.05,-7.,7.5));
#23013=CARTESIAN_POINT('Origin',(278.7,12.0000001788139,6.));
#23014=CARTESIAN_POINT('',(-11.99975,12.0000001788139,7.5));
#23015=CARTESIAN_POINT('',(-11.99975,12.0000001788139,6.));
#23016=CARTESIAN_POINT('',(278.7,12.0000001788139,7.5));
#23017=CARTESIAN_POINT('',(278.7,12.0000001788139,7.5));
#23018=CARTESIAN_POINT('',(278.7,12.0000001788139,6.));
#23019=CARTESIAN_POINT('Origin',(278.7,-88.2,6.));
#23020=CARTESIAN_POINT('',(278.7,-88.2,7.5));
#23021=CARTESIAN_POINT('',(278.7,-88.2,7.5));
#23022=CARTESIAN_POINT('',(278.7,-88.2,6.));
#23023=CARTESIAN_POINT('Origin',(-11.99975,-88.2,6.));
#23024=CARTESIAN_POINT('',(-11.99975,-88.2,7.5));
#23025=CARTESIAN_POINT('',(-11.99975,-88.2,7.5));
#23026=CARTESIAN_POINT('',(-11.99975,-88.2,6.));
#23027=CARTESIAN_POINT('Origin',(-11.99975,12.0000001788139,6.));
#23028=CARTESIAN_POINT('',(-11.99975,12.0000001788139,7.5));
#23029=CARTESIAN_POINT('Origin',(133.350125,-38.099999910593,7.5));
#23030=UNCERTAINTY_MEASURE_WITH_UNIT(LENGTH_MEASURE(0.01),#23034,
'DISTANCE_ACCURACY_VALUE',
'Maximum model space distance between geometric entities at asserted c
onnectivities');
#23031=UNCERTAINTY_MEASURE_WITH_UNIT(LENGTH_MEASURE(0.01),#23034,
'DISTANCE_ACCURACY_VALUE',
'Maximum model space distance between geometric entities at asserted c
onnectivities');
#23032=(
GEOMETRIC_REPRESENTATION_CONTEXT(3)
GLOBAL_UNCERTAINTY_ASSIGNED_CONTEXT((#23030))
GLOBAL_UNIT_ASSIGNED_CONTEXT((#23034,#23036,#23037))
REPRESENTATION_CONTEXT('','3D')
);
#23033=(
GEOMETRIC_REPRESENTATION_CONTEXT(3)
GLOBAL_UNCERTAINTY_ASSIGNED_CONTEXT((#23031))
GLOBAL_UNIT_ASSIGNED_CONTEXT((#23034,#23036,#23037))
REPRESENTATION_CONTEXT('','3D')
);
#23034=(
LENGTH_UNIT()
NAMED_UNIT(*)
SI_UNIT(.MILLI.,.METRE.)
);
#23035=(
LENGTH_UNIT()
NAMED_UNIT(*)
SI_UNIT($,.METRE.)
);
#23036=(
NAMED_UNIT(*)
PLANE_ANGLE_UNIT()
SI_UNIT($,.RADIAN.)
);
#23037=(
NAMED_UNIT(*)
SI_UNIT($,.STERADIAN.)
SOLID_ANGLE_UNIT()
);
#23038=SHAPE_DEFINITION_REPRESENTATION(#23039,#23040);
#23039=PRODUCT_DEFINITION_SHAPE('',$,#23042);
#23040=SHAPE_REPRESENTATION('',(#14606),#23032);
#23041=PRODUCT_DEFINITION_CONTEXT('part definition',#23046,'design');
#23042=PRODUCT_DEFINITION('2026-08-22-14-33-27-371','snow60 plate',#23043,
#23041);
#23043=PRODUCT_DEFINITION_FORMATION('',$,#23048);
#23044=PRODUCT_RELATED_PRODUCT_CATEGORY('snow60 plate','snow60 plate',(#23048));
#23045=APPLICATION_PROTOCOL_DEFINITION('international standard',
'automotive_design',2009,#23046);
#23046=APPLICATION_CONTEXT(
'Core Data for Automotive Mechanical Design Process');
#23047=PRODUCT_CONTEXT('part definition',#23046,'mechanical');
#23048=PRODUCT('2026-08-22-14-33-27-371','snow60 plate',$,(#23047));
#23049=PRESENTATION_STYLE_ASSIGNMENT((#23050));
#23050=SURFACE_STYLE_USAGE(.BOTH.,#23051);
#23051=SURFACE_SIDE_STYLE('',(#23052));
#23052=SURFACE_STYLE_FILL_AREA(#23053);
#23053=FILL_AREA_STYLE('Steel - Satin',(#23054));
#23054=FILL_AREA_STYLE_COLOUR('Steel - Satin',#23055);
#23055=COLOUR_RGB('Steel - Satin',0.627450980392157,0.627450980392157,0.627450980392157);
ENDSEC;
END-ISO-10303-21;
